uuid,parent_uuid,uid,page_index,chunk_index,data_block_index,line_index,data_block_bbox,data_block_label,markdown,entity,tagged_text,subject_count,description_count,address_count,ner_confidence,ner_suspect,prediction_curated,prediction,provenance,probability,timestamp
0e0e36e2-5f8c-5658-8860-0284b815cfac,00000000-0000-0000-0000-000000000000,187.1.0,187,0,1,0,"[118.0, 38.0, 174.0, 57.0]",Page-Header,858,OUT OF SCOPE,,,,,,,OUT OF SCOPE,OUT OF SCOPE,human,1.0,2026-09-24 14:05:02
55194f70-0d90-5de6-bd96-156e41a296d0,00000000-0000-0000-0000-000000000000,187.2.0,187,1,2,0,"[476.0, 37.0, 611.0, 56.0]",Page-Header,Docteurs,OUT OF SCOPE,,,,,,,OUT OF SCOPE,OUT OF SCOPE,human,1.0,2026-09-24 14:05:02
f9dca3f2-796f-5d3c-9b99-517675bf236e,00000000-0000-0000-0000-000000000000,187.3.0,187,2,3,0,"[344.0, 72.0, 740.0, 92.0]",Section-Header,# DOCTEURS EN MÉDECINE.,TITLE,,,,,,,B-TITLE,B-TITLE,human,1.0,2026-09-24 14:05:26
d12bfe2b-9fa1-5278-b2aa-55e59912e628,f9dca3f2-796f-5d3c-9b99-517675bf236e,187.4.0,187,3,4,0,"[118.0, 102.0, 987.0, 882.0]",List-Group,"Abraham , rue Neuve-de-l'Abbaye , 4.  ",ENTRY,"<SUBJ>Abraham</SUBJ> , <ADDR>rue Neuve-de-l'Abbaye , 4.</ADDR>",1,0,1,1.0000,,B-ENTRY,B-ENTRY,human,1.0,2026-09-24 14:05:26
c9304dcc-d270-597d-b081-9c3a1942dc1a,f9dca3f2-796f-5d3c-9b99-517675bf236e,187.4.1,187,3,4,1,"[118.0, 102.0, 987.0, 882.0]",List-Group,"Albert , rue du Cherche-Midi , 25.  ",ENTRY,"<SUBJ>Albert</SUBJ> , <ADDR>rue du Cherche-Midi , 25.</ADDR>",1,0,1,1.0000,,B-ENTRY,B-ENTRY,model,0.9972,2026-09-24 14:07:28
a52f9d2c-5e9d-509f-b4e6-b82ab2a9be94,f9dca3f2-796f-5d3c-9b99-517675bf236e,187.4.2,187,3,4,2,"[118.0, 102.0, 987.0, 882.0]",List-Group,"Albert , rue Hautefeuille , 19.  ",ENTRY,"<SUBJ>Albert</SUBJ> , <ADDR>rue Hautefeuille , 19.</ADDR>",1,0,1,1.0000,,B-ENTRY,B-ENTRY,model,0.9963,2026-09-24 14:07:28
b6dfc037-4eaa-5c0a-ba4d-cb22df9ab204,f9dca3f2-796f-5d3c-9b99-517675bf236e,187.4.3,187,3,4,3,"[118.0, 102.0, 987.0, 882.0]",List-Group,"Allard , rue Hautefeuille , 19.  ",ENTRY,"<SUBJ>Allard</SUBJ> , <ADDR>rue Hautefeuille , 19.</ADDR>",1,0,1,1.0000,,B-ENTRY,B-ENTRY,model,0.9963,2026-09-24 14:07:28
14298a9a-7b05-5921-ab93-91fca635ba56,f9dca3f2-796f-5d3c-9b99-517675bf236e,187.4.4,187,3,4,4,"[118.0, 102.0, 987.0, 882.0]",List-Group,"Allard , rue Saint-Jacques , 297.  ",ENTRY,"<SUBJ>Allard</SUBJ> , <ADDR>rue Saint-Jacques , 297.</ADDR>",1,0,1,1.0000,,B-ENTRY,B-ENTRY,model,0.9963,2026-09-24 14:07:28
a3bc5362-0795-5000-bd97-8be544cf900d,f9dca3f2-796f-5d3c-9b99-517675bf236e,187.4.5,187,3,4,5,"[118.0, 102.0, 987.0, 882.0]",List-Group,"Andral , à l'hôtel des Invalides.  ",ENTRY,"<SUBJ>Andral</SUBJ> , <ADDR>à l'hôtel des Invalides.</ADDR>",1,0,1,1.0000,,B-ENTRY,B-ENTRY,model,0.9918,2026-09-24 14:07:28
57a90df6-a497-5dd1-aade-ddc544a1b60f,f9dca3f2-796f-5d3c-9b99-517675bf236e,187.4.6,187,3,4,6,"[118.0, 102.0, 987.0, 882.0]",List-Group,"Andry , rue des Ecouffes , 16.  ",ENTRY,"<SUBJ>Andry</SUBJ> , <ADDR>rue des Ecouffes , 16.</ADDR>",1,0,1,1.0000,,B-ENTRY,B-ENTRY,model,0.9959,2026-09-24 14:07:28
dc44858c-8f8c-52b4-85c1-32025171c593,f9dca3f2-796f-5d3c-9b99-517675bf236e,187.4.7,187,3,4,7,"[118.0, 102.0, 987.0, 882.0]",List-Group,"Asquier , rue du Cherche-Midi , 21.  ",ENTRY,"<SUBJ>Asquier</SUBJ> , <ADDR>rue du Cherche-Midi , 21.</ADDR>",1,0,1,1.0000,,B-ENTRY,B-ENTRY,model,0.9972,2026-09-24 14:07:28
4842ec1d-221c-5f44-91b8-52f1ee3f434f,f9dca3f2-796f-5d3c-9b99-517675bf236e,187.4.8,187,3,4,8,"[118.0, 102.0, 987.0, 882.0]",List-Group,"Asselin , rue Neuve-St.-Méry , 52.  ",ENTRY,"<SUBJ>Asselin</SUBJ> , <ADDR>rue Neuve-St.-Méry , 52.</ADDR>",1,0,1,1.0000,,B-ENTRY,B-ENTRY,model,0.9963,2026-09-24 14:07:28
e37a1be2-16b3-5828-ad8f-68ba918d8147,f9dca3f2-796f-5d3c-9b99-517675bf236e,187.4.9,187,3,4,9,"[118.0, 102.0, 987.0, 882.0]",List-Group,"Bajet , rue Michel-le-Pelletier , 14.  ",ENTRY,"<SUBJ>Bajet</SUBJ> , <ADDR>rue Michel-le-Pelletier , 14.</ADDR>",1,0,1,1.0000,,B-ENTRY,B-ENTRY,model,0.9963,2026-09-24 14:07:28
95f47119-c8bb-5591-ba9a-fbb6a014602b,f9dca3f2-796f-5d3c-9b99-517675bf236e,187.4.10,187,3,4,10,"[118.0, 102.0, 987.0, 882.0]",List-Group,"Baillergeau , rue de Vaugirard , 9.  ",ENTRY,"<SUBJ>Baillergeau</SUBJ> , <ADDR>rue de Vaugirard , 9.</ADDR>",1,0,1,1.0000,,B-ENTRY,B-ENTRY,model,0.9959,2026-09-24 14:07:28
f94af49f-4618-5bf3-836d-2c192db3a8d7,f9dca3f2-796f-5d3c-9b99-517675bf236e,187.4.11,187,3,4,11,"[118.0, 102.0, 987.0, 882.0]",List-Group,"Balleroi , rue Montorgueil , 51.  ",ENTRY,"<SUBJ>Balleroi</SUBJ> , <ADDR>rue Montorgueil , 51.</ADDR>",1,0,1,1.0000,,B-ENTRY,B-ENTRY,model,0.9963,2026-09-24 14:07:28
5733f357-6afb-5d0d-9c73-61190903aea9,f9dca3f2-796f-5d3c-9b99-517675bf236e,187.4.12,187,3,4,12,"[118.0, 102.0, 987.0, 882.0]",List-Group,"Barras , rue du Harlay , 29.  ",ENTRY,"<SUBJ>Barras</SUBJ> , <ADDR>rue du Harlay , 29.</ADDR>",1,0,1,1.0000,,B-ENTRY,B-ENTRY,model,0.9959,2026-09-24 14:07:28
a218db20-1a8f-51f2-9800-c5487c5cc4ab,f9dca3f2-796f-5d3c-9b99-517675bf236e,187.4.13,187,3,4,13,"[118.0, 102.0, 987.0, 882.0]",List-Group,"Bayle , rue du Jardinet , 1.  ",ENTRY,"<SUBJ>Bayle</SUBJ> , <ADDR>rue du Jardinet , 1.</ADDR>",1,0,1,1.0000,,B-ENTRY,B-ENTRY,human,1.0,2026-09-24 14:06:20
cbaf6728-bf58-5b90-bc34-5e7d6c141e8b,f9dca3f2-796f-5d3c-9b99-517675bf236e,187.4.14,187,3,4,14,"[118.0, 102.0, 987.0, 882.0]",List-Group,"Bazin de la Repenellière , rue Notre-Dame-des-Victoires , 21.  ",ENTRY,"<SUBJ>Bazin de la Repenellière</SUBJ> , <ADDR>rue Notre-Dame-des-Victoires , 21.</ADDR>",1,0,1,1.0000,,B-ENTRY,B-ENTRY,human,1.0,2026-09-24 14:06:20
1964f98d-8a35-53fe-8acd-5c6948bb4b7b,f9dca3f2-796f-5d3c-9b99-517675bf236e,187.4.15,187,3,4,15,"[118.0, 102.0, 987.0, 882.0]",List-Group,"Beauchens , rue de l'Université , 6.  ",ENTRY,"<SUBJ>Beauchens</SUBJ> , <ADDR>rue de l'Université , 6.</ADDR>",1,0,1,1.0000,,B-ENTRY,B-ENTRY,model,0.9972,2026-09-24 14:07:28
22b8eb71-2c41-592a-8298-b0c9b7978a3c,f9dca3f2-796f-5d3c-9b99-517675bf236e,187.4.16,187,3,4,16,"[118.0, 102.0, 987.0, 882.0]",List-Group,"Bellemain , rue d'Aboukir , 30.  ",ENTRY,"<SUBJ>Bellemain</SUBJ> , <ADDR>rue d'Aboukir , 30.</ADDR>",1,0,1,1.0000,,B-ENTRY,B-ENTRY,model,0.9959,2026-09-24 14:07:28
f1067a3d-f69d-5e18-8f42-b99bc00550db,f9dca3f2-796f-5d3c-9b99-517675bf236e,187.4.17,187,3,4,17,"[118.0, 102.0, 987.0, 882.0]",List-Group,"Belloste , rue de Sèvres , 2.  ",ENTRY,"<SUBJ>Belloste</SUBJ> , <ADDR>rue de Sèvres , 2.</ADDR>",1,0,1,1.0000,,B-ENTRY,B-ENTRY,model,0.9959,2026-09-24 14:07:28
77e25813-19b4-5dbf-9b61-3f72136886f1,f9dca3f2-796f-5d3c-9b99-517675bf236e,187.4.18,187,3,4,18,"[118.0, 102.0, 987.0, 882.0]",List-Group,"Berlioz , rue Montmartre , près le passage du Saumon.  ",ENTRY,"<SUBJ>Berlioz</SUBJ> , <ADDR>rue Montmartre , près le passage du Saumon.</ADDR>",1,0,1,1.0000,,B-ENTRY,B-ENTRY,model,0.9926,2026-09-24 14:07:28
5ff1bc3c-5c08-58df-addd-a2078c599ea2,f9dca3f2-796f-5d3c-9b99-517675bf236e,187.4.19,187,3,4,19,"[118.0, 102.0, 987.0, 882.0]",List-Group,"Bernardiu , rue J.-J. Rousseau.  ",ENTRY,"<SUBJ>Bernardiu</SUBJ> , <ADDR>rue J.-J. Rousseau.</ADDR>",1,0,1,1.0000,,B-ENTRY,B-ENTRY,model,0.9969,2026-09-24 14:07:28
15d47d27-88c7-533f-a1bd-089fd98668ef,f9dca3f2-796f-5d3c-9b99-517675bf236e,187.4.20,187,3,4,20,"[118.0, 102.0, 987.0, 882.0]",List-Group,"Berthez , rue du Faub.-Poissonnière , 7.  ",ENTRY,"<SUBJ>Berthez</SUBJ> , <ADDR>rue du Faub.-Poissonnière , 7.</ADDR>",1,0,1,1.0000,,B-ENTRY,B-ENTRY,model,0.9959,2026-09-24 14:07:28
30050afd-ecaf-5887-a6c7-01234d53cf9a,f9dca3f2-796f-5d3c-9b99-517675bf236e,187.4.21,187,3,4,21,"[118.0, 102.0, 987.0, 882.0]",List-Group,"Bertholet , place Maubert.  ",ENTRY,"<SUBJ>Bertholet</SUBJ> , <ADDR>place Maubert.</ADDR>",1,0,1,1.0000,,B-ENTRY,B-ENTRY,model,0.9929,2026-09-24 14:07:28
e552be0b-4ca7-54e1-b898-86b38baa9bd6,f9dca3f2-796f-5d3c-9b99-517675bf236e,187.4.22,187,3,4,22,"[118.0, 102.0, 987.0, 882.0]",List-Group,"Bertin , rue Saint-Méry , 25.  ",ENTRY,"<SUBJ>Bertin</SUBJ> , <ADDR>rue Saint-Méry , 25.</ADDR>",1,0,1,1.0000,,B-ENTRY,B-ENTRY,model,0.9963,2026-09-24 14:07:28
0cd91d4a-bede-5906-a207-28d96521815f,f9dca3f2-796f-5d3c-9b99-517675bf236e,187.4.23,187,3,4,23,"[118.0, 102.0, 987.0, 882.0]",List-Group,"Besnard , rue Batave , 13.  ",ENTRY,"<SUBJ>Besnard</SUBJ> , <ADDR>rue Batave , 13.</ADDR>",1,0,1,1.0000,,B-ENTRY,B-ENTRY,model,0.9963,2026-09-24 14:07:28
c0dd0c1f-4757-538c-8db9-7382c9e80b5c,f9dca3f2-796f-5d3c-9b99-517675bf236e,187.4.24,187,3,4,24,"[118.0, 102.0, 987.0, 882.0]",List-Group,"Bezard , rue de Thorigny , 14.  ",ENTRY,"<SUBJ>Bezard</SUBJ> , <ADDR>rue de Thorigny , 14.</ADDR>",1,0,1,1.0000,,B-ENTRY,B-ENTRY,human,1.0,2026-09-24 14:07:16
73202661-ca06-55e3-8cdb-ff5f74b8f97d,f9dca3f2-796f-5d3c-9b99-517675bf236e,187.4.25,187,3,4,25,"[118.0, 102.0, 987.0, 882.0]",List-Group,"Bianchi-de-Blanchet , rue Neuve-Saint-Marc.  ",ENTRY,"<SUBJ>Bianchi-de-Blanchet</SUBJ> , <ADDR>rue Neuve-Saint-Marc.</ADDR>",1,0,1,1.0000,,B-ENTRY,B-ENTRY,human,1.0,2026-09-24 14:07:16
361694a3-3fcf-5de5-ae8a-c437b7828b92,f9dca3f2-796f-5d3c-9b99-517675bf236e,187.4.26,187,3,4,26,"[118.0, 102.0, 987.0, 882.0]",List-Group,"Bidou , rue Neuve-S.te-Croix , 9.  ",ENTRY,"<SUBJ>Bidou</SUBJ> , <ADDR>rue Neuve-S.te-Croix , 9.</ADDR>",1,0,1,1.0000,,B-ENTRY,B-ENTRY,model,0.9963,2026-09-24 14:07:28
73ba0610-e1e2-5676-bcff-0ddddd42580b,f9dca3f2-796f-5d3c-9b99-517675bf236e,187.4.27,187,3,4,27,"[118.0, 102.0, 987.0, 882.0]",List-Group,"Biron , rue de Verneuil , 37.  ",ENTRY,"<SUBJ>Biron</SUBJ> , <ADDR>rue de Verneuil , 37.</ADDR>",1,0,1,1.0000,,B-ENTRY,B-ENTRY,model,0.9959,2026-09-24 14:07:28
dac198d2-ae38-53be-8ccb-445a5149d68f,f9dca3f2-796f-5d3c-9b99-517675bf236e,187.4.28,187,3,4,28,"[118.0, 102.0, 987.0, 882.0]",List-Group,"Bobillier , rue S.te-Apolline , 2.  ",ENTRY,"<SUBJ>Bobillier</SUBJ> , <ADDR>rue S.te-Apolline , 2.</ADDR>",1,0,1,1.0000,,B-ENTRY,B-ENTRY,model,0.9953,2026-09-24 14:07:28
5a3fc04a-4c38-5517-8bf7-b0a6641083f4,f9dca3f2-796f-5d3c-9b99-517675bf236e,187.4.29,187,3,4,29,"[118.0, 102.0, 987.0, 882.0]",List-Group,"Bodard , boulevard Saint-Denis , 5.  ",ENTRY,"<SUBJ>Bodard</SUBJ> , <ADDR>boulevard Saint-Denis , 5.</ADDR>",1,0,1,1.0000,,B-ENTRY,B-ENTRY,model,0.9963,2026-09-24 14:07:28
068e5621-9e50-5f47-917f-05e7fba5fbe5,f9dca3f2-796f-5d3c-9b99-517675bf236e,187.4.30,187,3,4,30,"[118.0, 102.0, 987.0, 882.0]",List-Group,"Bonafox , rue Saint-Avoie , 8.  ",ENTRY,"<SUBJ>Bonafox</SUBJ> , <ADDR>rue Saint-Avoie , 8.</ADDR>",1,0,1,1.0000,,B-ENTRY,B-ENTRY,model,0.9963,2026-09-24 14:07:28
df0a523e-2319-5f84-904d-89aa6f082c7b,f9dca3f2-796f-5d3c-9b99-517675bf236e,187.4.31,187,3,4,31,"[118.0, 102.0, 987.0, 882.0]",List-Group,"Borel , rue de Savoie , 3.  ",ENTRY,"<SUBJ>Borel</SUBJ> , <ADDR>rue de Savoie , 3.</ADDR>",1,0,1,1.0000,,B-ENTRY,B-ENTRY,model,0.9959,2026-09-24 14:07:28
31230448-cee6-5f1f-b46b-8b8735a5a9d0,f9dca3f2-796f-5d3c-9b99-517675bf236e,187.4.32,187,3,4,32,"[118.0, 102.0, 987.0, 882.0]",List-Group,"Borie , rue des Fossés-Montmartre , 15.  ",ENTRY,"<SUBJ>Borie</SUBJ> , <ADDR>rue des Fossés-Montmartre , 15.</ADDR>",1,0,1,1.0000,,B-ENTRY,B-ENTRY,model,0.9972,2026-09-24 14:07:28
552f388c-453b-58a5-bab8-12033cefe168,f9dca3f2-796f-5d3c-9b99-517675bf236e,187.4.33,187,3,4,33,"[118.0, 102.0, 987.0, 882.0]",List-Group,"Bosquillon , place Cambray , 1.  ",ENTRY,"<SUBJ>Bosquillon</SUBJ> , <ADDR>place Cambray , 1.</ADDR>",1,0,1,1.0000,,B-ENTRY,B-ENTRY,model,0.9963,2026-09-24 14:07:28
31119a45-bbeb-576d-9919-ddccddcf2b25,f9dca3f2-796f-5d3c-9b99-517675bf236e,187.4.34,187,3,4,34,"[118.0, 102.0, 987.0, 882.0]",List-Group,"Bouillon Lagrange , rue St.-Jacques , 121.  ",ENTRY,"<SUBJ>Bouillon Lagrange</SUBJ> , <ADDR>rue St.-Jacques , 121.</ADDR>",1,0,1,1.0000,,B-ENTRY,B-ENTRY,model,0.9941,2026-09-24 14:07:28
9dc5d2cc-ac25-5420-b5a3-28654e7be4ae,f9dca3f2-796f-5d3c-9b99-517675bf236e,187.4.35,187,3,4,35,"[118.0, 102.0, 987.0, 882.0]",List-Group,"Bourdier , quai de l'Ecole.  ",ENTRY,"<SUBJ>Bourdier</SUBJ> , <ADDR>quai de l'Ecole.</ADDR>",1,0,1,1.0000,,B-ENTRY,B-ENTRY,model,0.9918,2026-09-24 14:07:28
a39133a6-c8e3-5da3-9f62-8ab79d6c7123,f9dca3f2-796f-5d3c-9b99-517675bf236e,187.4.36,187,3,4,36,"[118.0, 102.0, 987.0, 882.0]",List-Group,"Bourdis Delamotte , rue Saint-Honoré , 568.  ",ENTRY,"<SUBJ>Bourdis Delamotte</SUBJ> , <ADDR>rue Saint-Honoré , 568.</ADDR>",1,0,1,1.0000,,B-ENTRY,B-ENTRY,model,0.996,2026-09-24 14:07:28
3bcbad62-6f39-5f41-822d-6581f414f583,f9dca3f2-796f-5d3c-9b99-517675bf236e,187.4.37,187,3,4,37,"[118.0, 102.0, 987.0, 882.0]",List-Group,"Bourru , rue des Maçons , 15.  ",ENTRY,"<SUBJ>Bourru</SUBJ> , <ADDR>rue des Maçons , 15.</ADDR>",1,0,1,1.0000,,B-ENTRY,B-ENTRY,model,0.9959,2026-09-24 14:07:28
03d759bd-bdcb-5050-ac22-cb1bf7ee7aae,f9dca3f2-796f-5d3c-9b99-517675bf236e,187.4.38,187,3,4,38,"[118.0, 102.0, 987.0, 882.0]",List-Group,"Bouvenot , rue Saint-Dominique , 87.  ",ENTRY,"<SUBJ>Bouvenot</SUBJ> , <ADDR>rue Saint-Dominique , 87.</ADDR>",1,0,1,1.0000,,B-ENTRY,B-ENTRY,model,0.9963,2026-09-24 14:07:28
cc15e07c-8ec9-5124-9be8-28bb56f791cd,f9dca3f2-796f-5d3c-9b99-517675bf236e,187.4.39,187,3,4,39,"[118.0, 102.0, 987.0, 882.0]",List-Group,"Bouvier , place Desaix , 24.  ",ENTRY,"<SUBJ>Bouvier</SUBJ> , <ADDR>place Desaix , 24.</ADDR>",1,0,1,1.0000,,B-ENTRY,B-ENTRY,model,0.9963,2026-09-24 14:07:28
e9dd3ae3-8506-5a89-8bc8-af5fb9f0fe5d,f9dca3f2-796f-5d3c-9b99-517675bf236e,187.4.40,187,3,4,40,"[118.0, 102.0, 987.0, 882.0]",List-Group,"Boyveau-Laflecteur , rue de Varennes , 10.  ",ENTRY,"<SUBJ>Boyveau-Laflecteur</SUBJ> , <ADDR>rue de Varennes , 10.</ADDR>",1,0,1,1.0000,,B-ENTRY,B-ENTRY,model,0.998,2026-09-24 14:07:28
cfca1a2b-1e38-5b95-bd57-43b487f4c3de,f9dca3f2-796f-5d3c-9b99-517675bf236e,187.4.41,187,3,4,41,"[118.0, 102.0, 987.0, 882.0]",List-Group,"Braun , rue Culture-Sainte-Catherine , 8.  ",ENTRY,"<SUBJ>Braun</SUBJ> , <ADDR>rue Culture-Sainte-Catherine , 8.</ADDR>",1,0,1,1.0000,,B-ENTRY,B-ENTRY,model,0.9963,2026-09-24 14:07:28
269afe6e-a6b4-563b-bff0-aa2cce33e92f,f9dca3f2-796f-5d3c-9b99-517675bf236e,187.4.42,187,3,4,42,"[118.0, 102.0, 987.0, 882.0]",List-Group,"Braw , rue de Jony.  ",ENTRY,"<SUBJ>Braw</SUBJ> , <ADDR>rue de Jony.</ADDR>",1,0,1,1.0000,,B-ENTRY,B-ENTRY,model,0.9918,2026-09-24 14:07:28
7b7cc903-8b46-5d59-97c4-83dbb2f9a77f,f9dca3f2-796f-5d3c-9b99-517675bf236e,187.4.43,187,3,4,43,"[118.0, 102.0, 987.0, 882.0]",List-Group,"Brechot , rue Saint-Honoré , 313.  ",ENTRY,"<SUBJ>Brechot</SUBJ> , <ADDR>rue Saint-Honoré , 313.</ADDR>",1,0,1,1.0000,,B-ENTRY,B-ENTRY,model,0.9963,2026-09-24 14:07:28
472f27bd-78c4-5e5a-b733-33c09ea279a1,f9dca3f2-796f-5d3c-9b99-517675bf236e,187.4.44,187,3,4,44,"[118.0, 102.0, 987.0, 882.0]",List-Group,"Briende , rue Vivienne , 22.  ",ENTRY,"<SUBJ>Briende</SUBJ> , <ADDR>rue Vivienne , 22.</ADDR>",1,0,1,1.0000,,B-ENTRY,B-ENTRY,model,0.9963,2026-09-24 14:07:28
a3aacde6-69b3-50f4-a4af-8fae4e65d4d0,f9dca3f2-796f-5d3c-9b99-517675bf236e,187.4.45,187,3,4,45,"[118.0, 102.0, 987.0, 882.0]",List-Group,"Brillouet , place du Corps-Législatif , 101.  ",ENTRY,"<SUBJ>Brillouet</SUBJ> , <ADDR>place du Corps-Législatif , 101.</ADDR>",1,0,1,1.0000,,B-ENTRY,B-ENTRY,model,0.9972,2026-09-24 14:07:28
2041a90b-e639-5b06-86ca-c442ac05b3b5,f9dca3f2-796f-5d3c-9b99-517675bf236e,187.4.46,187,3,4,46,"[118.0, 102.0, 987.0, 882.0]",List-Group,"Brnlois , rue de Grenelle-Saint-Germain , 114.  ",ENTRY,"<SUBJ>Brnlois</SUBJ> , <ADDR>rue de Grenelle-Saint-Germain , 114.</ADDR>",1,0,1,1.0000,,B-ENTRY,B-ENTRY,model,0.9959,2026-09-24 14:07:28
13e3e4d6-b0cf-5b96-a2dd-e512905f4056,f9dca3f2-796f-5d3c-9b99-517675bf236e,187.4.47,187,3,4,47,"[118.0, 102.0, 987.0, 882.0]",List-Group,"Bruneau , rue du Vieux-Colombier , 24.  ",ENTRY,"<SUBJ>Bruneau</SUBJ> , <ADDR>rue du Vieux-Colombier , 24.</ADDR>",1,0,1,1.0000,,B-ENTRY,B-ENTRY,model,0.9972,2026-09-24 14:07:28
ee792412-eb95-5add-befa-ade1fe2d87ea,f9dca3f2-796f-5d3c-9b99-517675bf236e,187.4.48,187,3,4,48,"[118.0, 102.0, 987.0, 882.0]",List-Group,"Brunet (J.-B.) , rue des Petits-Augustins , 21.  ",ENTRY,"<SUBJ>Brunet (J.-B.)</SUBJ> , <ADDR>rue des Petits-Augustins , 21.</ADDR>",1,0,1,1.0000,,B-ENTRY,B-ENTRY,model,0.9929,2026-09-24 14:07:28
7174aaee-69b9-55ea-a9f5-139922ecc7e5,f9dca3f2-796f-5d3c-9b99-517675bf236e,187.4.49,187,3,4,49,"[118.0, 102.0, 987.0, 882.0]",List-Group,"Brunet , rue N.-des-Petits-Champs , 26.  ",ENTRY,"<SUBJ>Brunet</SUBJ> , <ADDR>rue N.-des-Petits-Champs , 26.</ADDR>",1,0,1,1.0000,,B-ENTRY,B-ENTRY,model,0.9953,2026-09-24 14:07:28
19ce9434-11e5-5b8e-a7d4-941d3072b209,f9dca3f2-796f-5d3c-9b99-517675bf236e,187.4.50,187,3,4,50,"[118.0, 102.0, 987.0, 882.0]",List-Group,"Brunie , rue Coquillière , 42.  ",ENTRY,"<SUBJ>Brunie</SUBJ> , <ADDR>rue Coquillière , 42.</ADDR>",1,0,1,1.0000,,B-ENTRY,B-ENTRY,model,0.9963,2026-09-24 14:07:28
c70ed7fd-59c6-5be4-99cd-3c050a74dbf7,f9dca3f2-796f-5d3c-9b99-517675bf236e,187.4.51,187,3,4,51,"[118.0, 102.0, 987.0, 882.0]",List-Group,"Bruslé , rue Cassette , 20.  ",ENTRY,"<SUBJ>Bruslé</SUBJ> , <ADDR>rue Cassette , 20.</ADDR>",1,0,1,1.0000,,B-ENTRY,B-ENTRY,model,0.9963,2026-09-24 14:07:28
ab4f6a7b-b2fa-516a-97bb-9592a8ef0da4,f9dca3f2-796f-5d3c-9b99-517675bf236e,187.4.52,187,3,4,52,"[118.0, 102.0, 987.0, 882.0]",List-Group,"Budan , rue Basse-Porte-St.-Denis , 4.  ",ENTRY,"<SUBJ>Budan</SUBJ> , <ADDR>rue Basse-Porte-St.-Denis , 4.</ADDR>",1,0,1,1.0000,,B-ENTRY,B-ENTRY,model,0.9963,2026-09-24 14:07:28
d1391dc8-62ca-5395-98e8-2a73893ae605,f9dca3f2-796f-5d3c-9b99-517675bf236e,187.4.53,187,3,4,53,"[118.0, 102.0, 987.0, 882.0]",List-Group,"Burard , rue de Condé , 4.  ",ENTRY,"<SUBJ>Burard</SUBJ> , <ADDR>rue de Condé , 4.</ADDR>",1,0,1,1.0000,,B-ENTRY,B-ENTRY,model,0.9959,2026-09-24 14:07:28
ffc6a9f4-af73-5cf2-89ee-e13208545f9a,f9dca3f2-796f-5d3c-9b99-517675bf236e,187.4.54,187,3,4,54,"[118.0, 102.0, 987.0, 882.0]",List-Group,"Buidin , place Saint-Antoine , 9.  ",ENTRY,"<SUBJ>Buidin</SUBJ> , <ADDR>place Saint-Antoine , 9.</ADDR>",1,0,1,1.0000,,B-ENTRY,B-ENTRY,model,0.9963,2026-09-24 14:07:28
3671195f-6d62-5aaa-a709-231949331fb2,f9dca3f2-796f-5d3c-9b99-517675bf236e,187.4.55,187,3,4,55,"[118.0, 102.0, 987.0, 882.0]",List-Group,"Caille , rue du Cimetière-Saint-André-des-Arcs , 5.  ",ENTRY,"<SUBJ>Caille</SUBJ> , <ADDR>rue du Cimetière-Saint-André-des-Arcs , 5.</ADDR>",1,0,1,1.0000,,B-ENTRY,B-ENTRY,model,0.9959,2026-09-24 14:07:28
7ab6b0d1-8a93-56b5-bd69-0d0f1794dfb7,f9dca3f2-796f-5d3c-9b99-517675bf236e,187.4.56,187,3,4,56,"[118.0, 102.0, 987.0, 882.0]",List-Group,"Caille (A. F.) , rue Hautefeuille , 22.  ",ENTRY,"<SUBJ>Caille (A. F.)</SUBJ> , <ADDR>rue Hautefeuille , 22.</ADDR>",1,0,1,1.0000,,B-ENTRY,B-ENTRY,model,0.9929,2026-09-24 14:07:28
25316bd9-54b1-5c80-ad1c-59c6227b1e62,f9dca3f2-796f-5d3c-9b99-517675bf236e,187.4.57,187,3,4,57,"[118.0, 102.0, 987.0, 882.0]",List-Group,"Canuet , rue de Chaillot , 10.  ",ENTRY,"<SUBJ>Canuet</SUBJ> , <ADDR>rue de Chaillot , 10.</ADDR>",1,0,1,1.0000,,B-ENTRY,B-ENTRY,model,0.9959,2026-09-24 14:07:28
3f77caed-6844-59dc-be5a-33407f452c46,f9dca3f2-796f-5d3c-9b99-517675bf236e,187.4.58,187,3,4,58,"[118.0, 102.0, 987.0, 882.0]",List-Group,"Capuron , rue Saint-André-des-Arcs , 52.  ",ENTRY,"<SUBJ>Capuron</SUBJ> , <ADDR>rue Saint-André-des-Arcs , 52.</ADDR>",1,0,1,1.0000,,B-ENTRY,B-ENTRY,model,0.9963,2026-09-24 14:07:28
96202e1a-7ecc-5f6c-a246-6dbed16e1cfa,f9dca3f2-796f-5d3c-9b99-517675bf236e,187.4.59,187,3,4,59,"[118.0, 102.0, 987.0, 882.0]",List-Group,"Carette , rue du Faub.-St.-Jacques , 215.  ",ENTRY,"<SUBJ>Carette</SUBJ> , <ADDR>rue du Faub.-St.-Jacques , 215.</ADDR>",1,0,1,1.0000,,B-ENTRY,B-ENTRY,model,0.9959,2026-09-24 14:07:28
e79aba5a-375c-560f-8fcb-95ff8fc853e2,f9dca3f2-796f-5d3c-9b99-517675bf236e,187.4.60,187,3,4,60,"[118.0, 102.0, 987.0, 882.0]",List-Group,"Carré , rue Thévenot , 7.  ",ENTRY,"<SUBJ>Carré</SUBJ> , <ADDR>rue Thévenot , 7.</ADDR>",1,0,1,1.0000,,B-ENTRY,B-ENTRY,model,0.9963,2026-09-24 14:07:28
a1fb3ec6-cc09-5734-b611-7ecaec152777,f9dca3f2-796f-5d3c-9b99-517675bf236e,187.4.61,187,3,4,61,"[118.0, 102.0, 987.0, 882.0]",List-Group,"Casenave , rue Amelot , 52.  ",ENTRY,"<SUBJ>Casenave</SUBJ> , <ADDR>rue Amelot , 52.</ADDR>",1,0,1,1.0000,,B-ENTRY,B-ENTRY,model,0.9963,2026-09-24 14:07:28
8c302384-3701-5b67-90c5-a5f0dc0c9ca7,f9dca3f2-796f-5d3c-9b99-517675bf236e,187.4.62,187,3,4,62,"[118.0, 102.0, 987.0, 882.0]",List-Group,"Castel , rue du Bacq , 50.  ",ENTRY,"<SUBJ>Castel</SUBJ> , <ADDR>rue du Bacq , 50.</ADDR>",1,0,1,1.0000,,B-ENTRY,B-ENTRY,model,0.9959,2026-09-24 14:07:28
93e7bbd1-448b-5233-9537-f17304426538,f9dca3f2-796f-5d3c-9b99-517675bf236e,187.4.63,187,3,4,63,"[118.0, 102.0, 987.0, 882.0]",List-Group,"Cattet , rue Saint-Honoré , 125.  ",ENTRY,"<SUBJ>Cattet</SUBJ> , <ADDR>rue Saint-Honoré , 125.</ADDR>",1,0,1,1.0000,,B-ENTRY,B-ENTRY,model,0.9963,2026-09-24 14:07:28
b19e185b-3a78-5982-99fc-109e627d485b,f9dca3f2-796f-5d3c-9b99-517675bf236e,187.4.64,187,3,4,64,"[118.0, 102.0, 987.0, 882.0]",List-Group,"Caultet , rue du Grand-Chantier , 7.  ",ENTRY,"<SUBJ>Caultet</SUBJ> , <ADDR>rue du Grand-Chantier , 7.</ADDR>",1,0,1,1.0000,,B-ENTRY,B-ENTRY,model,0.9972,2026-09-24 14:07:28
ee18dbb8-9a21-59eb-b4f2-7861877301a2,f9dca3f2-796f-5d3c-9b99-517675bf236e,187.4.65,187,3,4,65,"[118.0, 102.0, 987.0, 882.0]",List-Group,"Cavafan , rue de Lille , 19.  ",ENTRY,"<SUBJ>Cavafan</SUBJ> , <ADDR>rue de Lille , 19.</ADDR>",1,0,1,1.0000,,B-ENTRY,B-ENTRY,model,0.9959,2026-09-24 14:07:28
c0ea2f76-0abe-5b88-a9b6-d7a749847792,f9dca3f2-796f-5d3c-9b99-517675bf236e,187.4.66,187,3,4,66,"[118.0, 102.0, 987.0, 882.0]",List-Group,"Cellier , rue du Hasard , 1.  ",ENTRY,"<SUBJ>Cellier</SUBJ> , <ADDR>rue du Hasard , 1.</ADDR>",1,0,1,1.0000,,B-ENTRY,B-ENTRY,model,0.9959,2026-09-24 14:07:28
0d25036c-0bac-5c15-8f95-d0dcb45ea3db,f9dca3f2-796f-5d3c-9b99-517675bf236e,187.4.67,187,3,4,67,"[118.0, 102.0, 987.0, 882.0]",List-Group,"Chailly , rue de la Calandre , 19.  ",ENTRY,"<SUBJ>Chailly</SUBJ> , <ADDR>rue de la Calandre , 19.</ADDR>",1,0,1,1.0000,,B-ENTRY,B-ENTRY,model,0.9959,2026-09-24 14:07:28
9ae25408-3d3e-53d3-811e-8d301482fbee,f9dca3f2-796f-5d3c-9b99-517675bf236e,187.4.68,187,3,4,68,"[118.0, 102.0, 987.0, 882.0]",List-Group,"Chamant , rue Meslé , 52.  ",ENTRY,"<SUBJ>Chamant</SUBJ> , <ADDR>rue Meslé , 52.</ADDR>",1,0,1,1.0000,,B-ENTRY,B-ENTRY,model,0.9963,2026-09-24 14:07:28
54b220d3-d0bb-5e86-b33c-5d811dd0a4da,f9dca3f2-796f-5d3c-9b99-517675bf236e,187.4.69,187,3,4,69,"[118.0, 102.0, 987.0, 882.0]",List-Group,"Chambon-de-Montaut , rue du Cherche-Midi , 24.  ",ENTRY,"<SUBJ>Chambon-de-Montaut</SUBJ> , <ADDR>rue du Cherche-Midi , 24.</ADDR>",1,0,1,1.0000,,B-ENTRY,B-ENTRY,model,0.9947,2026-09-24 14:07:28
3a5b06ba-41d7-5938-ae5c-23e478247891,f9dca3f2-796f-5d3c-9b99-517675bf236e,187.4.70,187,3,4,70,"[118.0, 102.0, 987.0, 882.0]",List-Group,"Chapon , rue du Cherche-Midi , 26.  ",ENTRY,"<SUBJ>Chapon</SUBJ> , <ADDR>rue du Cherche-Midi , 26.</ADDR>",1,0,1,1.0000,,B-ENTRY,B-ENTRY,model,0.9972,2026-09-24 14:07:28
9125f925-aced-5353-9378-d9821527e2b2,f9dca3f2-796f-5d3c-9b99-517675bf236e,187.4.71,187,3,4,71,"[118.0, 102.0, 987.0, 882.0]",List-Group,"Chauchard , rue Quincampoix.  ",ENTRY,"<SUBJ>Chauchard</SUBJ> , <ADDR>rue Quincampoix.</ADDR>",1,0,1,1.0000,,B-ENTRY,B-ENTRY,human,1.0,2026-09-24 14:06:39
db13453f-7347-5d0e-afb8-95839a62e53e,f9dca3f2-796f-5d3c-9b99-517675bf236e,187.4.72,187,3,4,72,"[118.0, 102.0, 987.0, 882.0]",List-Group,"Chaussier , rue de la Montagne Sainte-Genièvre , à l'Ecole polytechnique.  ",ENTRY,"<SUBJ>Chaussier</SUBJ> , <ADDR>rue de la Montagne Sainte-Genièvre , à l'Ecole polytechnique.</ADDR>",1,0,1,1.0000,,B-ENTRY,B-ENTRY,human,1.0,2026-09-24 14:06:39
845facb9-787e-5c62-b90e-136fdeea322f,f9dca3f2-796f-5d3c-9b99-517675bf236e,187.4.73,187,3,4,73,"[118.0, 102.0, 987.0, 882.0]",List-Group,"Chardel , place Saint-Sulpice , 15.  ",ENTRY,"<SUBJ>Chardel</SUBJ> , <ADDR>place Saint-Sulpice , 15.</ADDR>",1,0,1,1.0000,,B-ENTRY,B-ENTRY,model,0.9963,2026-09-24 14:07:28
e919151b-c704-58f4-96a1-80a104f39535,f9dca3f2-796f-5d3c-9b99-517675bf236e,187.4.74,187,3,4,74,"[118.0, 102.0, 987.0, 882.0]",List-Group,"Chauvot-de-Beauchêne , rue de l'Université , 102.  ",ENTRY,"<SUBJ>Chauvot-de-Beauchêne</SUBJ> , <ADDR>rue de l'Université , 102.</ADDR>",1,0,1,1.0000,,B-ENTRY,B-ENTRY,model,0.9947,2026-09-24 14:07:28
876648b9-0c83-58bb-83ee-e1ec59678eb1,f9dca3f2-796f-5d3c-9b99-517675bf236e,187.4.75,187,3,4,75,"[118.0, 102.0, 987.0, 882.0]",List-Group,"Chevallier-Demolle , enl.-de-sac du Doyenné , 1.  ",ENTRY,"<SUBJ>Chevallier-Demolle</SUBJ> , <ADDR>enl.-de-sac du Doyenné , 1.</ADDR>",1,0,1,0.6962,score bas,B-ENTRY,B-ENTRY,model,0.9972,2026-09-24 14:07:28
b53f3d8a-6972-50e6-b145-c0acf2ad7ceb,f9dca3f2-796f-5d3c-9b99-517675bf236e,187.4.76,187,3,4,76,"[118.0, 102.0, 987.0, 882.0]",List-Group,"Chigot , rue de la Marche , 9.  ",ENTRY,"<SUBJ>Chigot</SUBJ> , <ADDR>rue de la Marche , 9.</ADDR>",1,0,1,1.0000,,B-ENTRY,B-ENTRY,model,0.9959,2026-09-24 14:07:28
dbaf7329-fc0d-5f6d-889e-8f295f3fd998,f9dca3f2-796f-5d3c-9b99-517675bf236e,187.4.77,187,3,4,77,"[118.0, 102.0, 987.0, 882.0]",List-Group,"Chirac , rue du Sépulchre , 21.  ",ENTRY,"<SUBJ>Chirac</SUBJ> , <ADDR>rue du Sépulchre , 21.</ADDR>",1,0,1,1.0000,,B-ENTRY,B-ENTRY,model,0.9959,2026-09-24 14:07:28
9008cf60-d73c-5666-86b6-35b390d20c0d,f9dca3f2-796f-5d3c-9b99-517675bf236e,187.4.78,187,3,4,78,"[118.0, 102.0, 987.0, 882.0]",List-Group,"Chrétien (P. M.) , rue des Blancs-Manteaux , 16.  ",ENTRY,"<SUBJ>Chrétien (P. M.)</SUBJ> , <ADDR>rue des Blancs-Manteaux , 16.</ADDR>",1,0,1,1.0000,,B-ENTRY,B-ENTRY,model,0.9929,2026-09-24 14:07:28
3fcc686a-0d30-5721-a3a7-11144f1df86d,f9dca3f2-796f-5d3c-9b99-517675bf236e,187.4.79,187,3,4,79,"[118.0, 102.0, 987.0, 882.0]",List-Group,"Chrétien-Lalanne , r. Vieille-du-Temple 75.  ",ENTRY,"<SUBJ>Chrétien-Lalanne</SUBJ> , <ADDR>r. Vieille-du-Temple 75.</ADDR>",1,0,1,1.0000,,B-ENTRY,B-ENTRY,model,0.9965,2026-09-24 14:07:28
a7ceabdb-a717-593f-82aa-74140471f0b1,f9dca3f2-796f-5d3c-9b99-517675bf236e,187.4.80,187,3,4,80,"[118.0, 102.0, 987.0, 882.0]",List-Group,"Collinet , rue Saint-André-des-Arcs , 10.  ",ENTRY,"<SUBJ>Collinet</SUBJ> , <ADDR>rue Saint-André-des-Arcs , 10.</ADDR>",1,0,1,1.0000,,B-ENTRY,B-ENTRY,model,0.9963,2026-09-24 14:07:28
7b295835-e0f8-5954-9e5a-189782c2d191,f9dca3f2-796f-5d3c-9b99-517675bf236e,187.4.81,187,3,4,81,"[118.0, 102.0, 987.0, 882.0]",List-Group,"Colon , rue des Fossés-Montmartre , 14.  ",ENTRY,"<SUBJ>Colon</SUBJ> , <ADDR>rue des Fossés-Montmartre , 14.</ADDR>",1,0,1,1.0000,,B-ENTRY,B-ENTRY,model,0.9972,2026-09-24 14:07:28
00798618-7209-5ba9-a98d-3468a81560ce,f9dca3f2-796f-5d3c-9b99-517675bf236e,187.4.82,187,3,4,82,"[118.0, 102.0, 987.0, 882.0]",List-Group,"Corbe , rue du Coq-Saint-Jean , 119.  ",ENTRY,"<SUBJ>Corbe</SUBJ> , <ADDR>rue du Coq-Saint-Jean , 119.</ADDR>",1,0,1,1.0000,,B-ENTRY,B-ENTRY,model,0.9959,2026-09-24 14:07:28
0544cfdb-a862-5ad7-9128-ec3d897b09d4,f9dca3f2-796f-5d3c-9b99-517675bf236e,187.4.83,187,3,4,83,"[118.0, 102.0, 987.0, 882.0]",List-Group,"Corvisard , *premier Médecin de l'Empereur* , rue Saint-Dominique-Saint-Germain , 87.  ",ENTRY,"<SUBJ>Corvisard</SUBJ> , *<DESC>premier Médecin de l'Empereur</DESC>* , <ADDR>rue Saint-Dominique-Saint-Germain , 87.</ADDR>",1,1,1,1.0000,,B-ENTRY,B-ENTRY,model,0.9971,2026-09-24 14:07:28
21b8d74e-4d10-5224-8901-585bb6ede8c0,f9dca3f2-796f-5d3c-9b99-517675bf236e,187.4.84,187,3,4,84,"[118.0, 102.0, 987.0, 882.0]",List-Group,"Coste , hôtel des Invalides.  ",ENTRY,"<SUBJ>Coste</SUBJ> , <ADDR>hôtel des Invalides.</ADDR>",1,0,1,1.0000,,B-ENTRY,B-ENTRY,model,0.9918,2026-09-24 14:07:28
8b8a66fc-4087-586c-8a1a-cb863b23ca86,f9dca3f2-796f-5d3c-9b99-517675bf236e,187.4.85,187,3,4,85,"[118.0, 102.0, 987.0, 882.0]",List-Group,"Couécou , rue Saint-Marc , 21.  ",ENTRY,"<SUBJ>Couécou</SUBJ> , <ADDR>rue Saint-Marc , 21.</ADDR>",1,0,1,1.0000,,B-ENTRY,B-ENTRY,model,0.9963,2026-09-24 14:07:28
b9ad0061-0c18-5e96-96f1-35696140372d,f9dca3f2-796f-5d3c-9b99-517675bf236e,187.4.86,187,3,4,86,"[118.0, 102.0, 987.0, 882.0]",List-Group,"Coutard , rue Saint-Honoré , 108.  ",ENTRY,"<SUBJ>Coutard</SUBJ> , <ADDR>rue Saint-Honoré , 108.</ADDR>",1,0,1,1.0000,,B-ENTRY,B-ENTRY,model,0.9963,2026-09-24 14:07:28
a8013781-3174-5563-a4be-564ca352ff06,f9dca3f2-796f-5d3c-9b99-517675bf236e,187.4.87,187,3,4,87,"[118.0, 102.0, 987.0, 882.0]",List-Group,"Couad , rue Joubert , 50.  ",ENTRY,"<SUBJ>Couad</SUBJ> , <ADDR>rue Joubert , 50.</ADDR>",1,0,1,1.0000,,B-ENTRY,B-ENTRY,human,1.0,2026-09-24 14:06:05
dea17e74-60fa-50b5-a691-2e505b3cf43a,f9dca3f2-796f-5d3c-9b99-517675bf236e,187.4.88,187,3,4,88,"[118.0, 102.0, 987.0, 882.0]",List-Group,"Coutele , rue Saint-Honoré.  ",ENTRY,"<SUBJ>Coutele</SUBJ> , <ADDR>rue Saint-Honoré.</ADDR>",1,0,1,1.0000,,B-ENTRY,B-ENTRY,human,1.0,2026-09-24 14:06:05
6b16d390-bc94-5a30-98c5-ececbacaaf32,f9dca3f2-796f-5d3c-9b99-517675bf236e,187.4.89,187,3,4,89,"[118.0, 102.0, 987.0, 882.0]",List-Group,"Creciat , place de l'Estrapade , 9.  ",ENTRY,"<SUBJ>Creciat</SUBJ> , <ADDR>place de l'Estrapade , 9.</ADDR>",1,0,1,1.0000,,B-ENTRY,B-ENTRY,model,0.9972,2026-09-24 14:07:28
f0555258-959d-5108-9018-43bd473e69e3,f9dca3f2-796f-5d3c-9b99-517675bf236e,187.4.90,187,3,4,90,"[118.0, 102.0, 987.0, 882.0]",List-Group,"Cullerier , rue des Capucins , 59.  ",ENTRY,"<SUBJ>Cullerier</SUBJ> , <ADDR>rue des Capucins , 59.</ADDR>",1,0,1,1.0000,,B-ENTRY,B-ENTRY,model,0.9959,2026-09-24 14:07:28
40c12852-8681-5f70-80cd-0df1f03bc657,f9dca3f2-796f-5d3c-9b99-517675bf236e,187.4.91,187,3,4,91,"[118.0, 102.0, 987.0, 882.0]",List-Group,"Daignan , rue du Helder , 12.  ",ENTRY,"<SUBJ>Daignan</SUBJ> , <ADDR>rue du Helder , 12.</ADDR>",1,0,1,1.0000,,B-ENTRY,B-ENTRY,model,0.9959,2026-09-24 14:07:28
d357a33d-203b-5263-86f3-cad50bb7b278,f9dca3f2-796f-5d3c-9b99-517675bf236e,187.4.92,187,3,4,92,"[118.0, 102.0, 987.0, 882.0]",List-Group,"Danyau , rue Hautefeuille , 4.  ",ENTRY,"<SUBJ>Danyau</SUBJ> , <ADDR>rue Hautefeuille , 4.</ADDR>",1,0,1,1.0000,,B-ENTRY,B-ENTRY,model,0.9963,2026-09-24 14:07:28
8c936774-4645-5777-ace2-94f9b83acb19,f9dca3f2-796f-5d3c-9b99-517675bf236e,187.4.93,187,3,4,93,"[118.0, 102.0, 987.0, 882.0]",List-Group,"Dazille , rue Bergère , 12.  ",ENTRY,"<SUBJ>Dazille</SUBJ> , <ADDR>rue Bergère , 12.</ADDR>",1,0,1,1.0000,,B-ENTRY,B-ENTRY,model,0.9963,2026-09-24 14:07:28
b0d1f92c-bb40-506c-a5f9-19b2b3c9c26b,f9dca3f2-796f-5d3c-9b99-517675bf236e,187.4.94,187,3,4,94,"[118.0, 102.0, 987.0, 882.0]",List-Group,"Decandolle , boulevard Montmartre , 10.  ",ENTRY,"<SUBJ>Decandolle</SUBJ> , <ADDR>boulevard Montmartre , 10.</ADDR>",1,0,1,1.0000,,B-ENTRY,B-ENTRY,model,0.9963,2026-09-24 14:07:28
89d7c53e-dea7-5b85-bd9d-4e324dd6bd7e,f9dca3f2-796f-5d3c-9b99-517675bf236e,187.4.95,187,3,4,95,"[118.0, 102.0, 987.0, 882.0]",List-Group,"Defrasne , rue Meslée , 52.  ",ENTRY,"<SUBJ>Defrasne</SUBJ> , <ADDR>rue Meslée , 52.</ADDR>",1,0,1,1.0000,,B-ENTRY,B-ENTRY,model,0.9963,2026-09-24 14:07:28
5bfc316c-4b9b-5418-b71e-7e4fc97838b7,f9dca3f2-796f-5d3c-9b99-517675bf236e,187.4.96,187,3,4,96,"[118.0, 102.0, 987.0, 882.0]",List-Group,"Deguise , rue des Francs-Bourgeois-Saint-Michel , 16.  ",ENTRY,"<SUBJ>Deguise</SUBJ> , <ADDR>rue des Francs-Bourgeois-Saint-Michel , 16.</ADDR>",1,0,1,1.0000,,B-ENTRY,B-ENTRY,model,0.9959,2026-09-24 14:07:28
e93a0d4c-bdbd-5bfb-a163-8659167f40f1,f9dca3f2-796f-5d3c-9b99-517675bf236e,187.4.97,187,3,4,97,"[118.0, 102.0, 987.0, 882.0]",List-Group,"Dehaussy Robecourt , rue des Poitevins , 5.  ",ENTRY,"<SUBJ>Dehaussy Robecourt</SUBJ> , <ADDR>rue des Poitevins , 5.</ADDR>",1,0,1,1.0000,,B-ENTRY,B-ENTRY,human,1.0,2026-09-24 14:06:01
7d9b9a3c-9429-5608-b7ec-db6b116e5051,f9dca3f2-796f-5d3c-9b99-517675bf236e,187.4.98,187,3,4,98,"[118.0, 102.0, 987.0, 882.0]",List-Group,"De Jussieu (A. L.) , au Jardin des Plantes.  ",ENTRY,"<SUBJ>De Jussieu (A. L.)</SUBJ> , <ADDR>au Jardin des Plantes.</ADDR>",1,0,1,1.0000,,B-ENTRY,B-ENTRY,human,1.0,2026-09-24 14:06:01
7ede4c91-e015-58c0-859a-9d8b9e957719,f9dca3f2-796f-5d3c-9b99-517675bf236e,187.4.99,187,3,4,99,"[118.0, 102.0, 987.0, 882.0]",List-Group,"De Jussieu (Chr. Nic.) , rue d'Enfer-Saint-Michel , 15.  ",ENTRY,"<SUBJ>De Jussieu (Chr. Nic.)</SUBJ> , <ADDR>rue d'Enfer-Saint-Michel , 15.</ADDR>",1,0,1,1.0000,,B-ENTRY,B-ENTRY,model,0.9947,2026-09-24 14:07:28
dfcab278-b654-5242-96e0-5cefc208383e,f9dca3f2-796f-5d3c-9b99-517675bf236e,187.4.100,187,3,4,100,"[118.0, 102.0, 987.0, 882.0]",List-Group,"Delacoudraye , rue du Petit-Carreau , 45.  ",ENTRY,"<SUBJ>Delacoudraye</SUBJ> , <ADDR>rue du Petit-Carreau , 45.</ADDR>",1,0,1,1.0000,,B-ENTRY,B-ENTRY,model,0.9972,2026-09-24 14:07:28
14e6d37b-656b-5258-bd75-f2f25ec076b4,f9dca3f2-796f-5d3c-9b99-517675bf236e,187.4.101,187,3,4,101,"[118.0, 102.0, 987.0, 882.0]",List-Group,"Delagrange , rue du Contrat-Social , 7.  ",ENTRY,"<SUBJ>Delagrange</SUBJ> , <ADDR>rue du Contrat-Social , 7.</ADDR>",1,0,1,1.0000,,B-ENTRY,B-ENTRY,model,0.9972,2026-09-24 14:07:28
daf505f2-aa4d-5ff9-966d-7bfd431c4bd4,f9dca3f2-796f-5d3c-9b99-517675bf236e,187.4.102,187,3,4,102,"[118.0, 102.0, 987.0, 882.0]",List-Group,"Delamontagne , rue Saint-Antoine , 57.  ",ENTRY,"<SUBJ>Delamontagne</SUBJ> , <ADDR>rue Saint-Antoine , 57.</ADDR>",1,0,1,1.0000,,B-ENTRY,B-ENTRY,model,0.9963,2026-09-24 14:07:28
a826a620-a2b0-52bd-b0de-54c2a4312499,f9dca3f2-796f-5d3c-9b99-517675bf236e,187.4.103,187,3,4,103,"[118.0, 102.0, 987.0, 882.0]",List-Group,"Delaporte , rue Neuve-des-Petits-Champs , 77.  ",ENTRY,"<SUBJ>Delaporte</SUBJ> , <ADDR>rue Neuve-des-Petits-Champs , 77.</ADDR>",1,0,1,1.0000,,B-ENTRY,B-ENTRY,model,0.9963,2026-09-24 14:07:28
2a901dce-ba20-5c4b-bda4-0be61203cb70,f9dca3f2-796f-5d3c-9b99-517675bf236e,187.4.104,187,3,4,104,"[118.0, 102.0, 987.0, 882.0]",List-Group,"Delaroche , rue Favart , 2.",ENTRY,"<SUBJ>Delaroche</SUBJ> , <ADDR>rue Favart , 2.</ADDR>",1,0,1,1.0000,,B-ENTRY,B-ENTRY,human,1.0,2026-09-24 14:05:12
f1938463-3469-51ea-916c-14109fa8b775,f9dca3f2-796f-5d3c-9b99-517675bf236e,188.1.0,188,0,1,0,"[315.0, 35.0, 623.0, 58.0]",Page-Header,en médecine.-PARIS.,OUT OF SCOPE,,,,,,,OUT OF SCOPE,OUT OF SCOPE,human,1.0,2026-09-24 14:05:12
f01f5528-a3f5-5033-a8ea-18a71352a711,f9dca3f2-796f-5d3c-9b99-517675bf236e,188.2.0,188,1,2,0,"[829.0, 37.0, 885.0, 59.0]",Page-Header,859,OUT OF SCOPE,,,,,,,OUT OF SCOPE,OUT OF SCOPE,model,0.9976,2026-09-24 14:07:28
c8088099-8191-5d29-955b-1e94e3001c73,f9dca3f2-796f-5d3c-9b99-517675bf236e,188.3.0,188,2,3,0,"[46.0, 61.0, 470.0, 879.0]",Text,"Delaroche, rue Helvétius, 40.  ",ENTRY,"<SUBJ>Delaroche</SUBJ>, <ADDR>rue Helvétius, 40.</ADDR>",1,0,1,1.0000,,B-ENTRY,B-ENTRY,human,1.0,2026-09-24 14:07:11
f186278c-24d3-5246-a57c-ce375bafb745,f9dca3f2-796f-5d3c-9b99-517675bf236e,188.3.1,188,2,3,1,"[46.0, 61.0, 470.0, 879.0]",Text,"Demercy, rue Barbette.  ",ENTRY,"<SUBJ>Demercy</SUBJ>, <ADDR>rue Barbette.</ADDR>",1,0,1,1.0000,,B-ENTRY,B-ENTRY,human,1.0,2026-09-24 14:07:11
4da9a146-5162-56a3-a9df-f8be9fd02433,f9dca3f2-796f-5d3c-9b99-517675bf236e,188.3.2,188,2,3,2,"[46.0, 61.0, 470.0, 879.0]",Text,"Demours, *oculiste*, rue de l'Université, 19.  ",ENTRY,"<SUBJ>Demours</SUBJ>, *<DESC>oculiste</DESC>*, <ADDR>rue de l'Université, 19.</ADDR>",1,1,1,1.0000,,B-ENTRY,B-ENTRY,model,0.9964,2026-09-24 14:07:28
dc19f805-c862-57e7-8035-864ddcc6dd72,f9dca3f2-796f-5d3c-9b99-517675bf236e,188.3.3,188,2,3,3,"[46.0, 61.0, 470.0, 879.0]",Text,"Descemet, rue Saint-Jacques, au Lycée, 123.  ",ENTRY,"<SUBJ>Descemet</SUBJ>, <ADDR>rue Saint-Jacques, au Lycée, 123.</ADDR>",1,0,1,1.0000,,B-ENTRY,B-ENTRY,human,1.0,2026-09-24 14:06:25
8124a3cd-3475-512b-b98f-c0a62ca5404c,f9dca3f2-796f-5d3c-9b99-517675bf236e,188.3.4,188,2,3,4,"[46.0, 61.0, 470.0, 879.0]",Text,"Deschamps fils, rue des Saints-Pères, 45.  ",ENTRY,"<SUBJ>Deschamps fils</SUBJ>, <ADDR>rue des Saints-Pères, 45.</ADDR>",1,0,1,1.0000,,B-ENTRY,B-ENTRY,human,1.0,2026-09-24 14:06:25
36997143-d236-59f1-8098-d38866094ac8,f9dca3f2-796f-5d3c-9b99-517675bf236e,188.3.5,188,2,3,5,"[46.0, 61.0, 470.0, 879.0]",Text,"Des Essaris, cul-de-sac Sourdis, 1.  ",ENTRY,"<SUBJ>Des Essaris</SUBJ>, <ADDR>cul-de-sac Sourdis, 1.</ADDR>",1,0,1,1.0000,,B-ENTRY,B-ENTRY,model,0.9929,2026-09-24 14:07:28
3580f421-55a4-54a8-a6c6-8cc2f4f8829a,f9dca3f2-796f-5d3c-9b99-517675bf236e,188.3.6,188,2,3,6,"[46.0, 61.0, 470.0, 879.0]",Text,"Develly, rue de la Tixeranderie, 45.  ",ENTRY,"<SUBJ>Develly</SUBJ>, <ADDR>rue de la Tixeranderie, 45.</ADDR>",1,0,1,1.0000,,B-ENTRY,B-ENTRY,model,0.9949,2026-09-24 14:07:28
fb602410-456c-5d56-bc76-bbc8e9a301cc,f9dca3f2-796f-5d3c-9b99-517675bf236e,188.3.7,188,2,3,7,"[46.0, 61.0, 470.0, 879.0]",Text,"Deyeux, rue de Tournon, 8.  ",ENTRY,"<SUBJ>Deyeux</SUBJ>, <ADDR>rue de Tournon, 8.</ADDR>",1,0,1,1.0000,,B-ENTRY,B-ENTRY,human,1.0,2026-09-24 14:05:36
5e9d9d1b-6dfc-5845-8834-5748436d365c,f9dca3f2-796f-5d3c-9b99-517675bf236e,188.3.8,188,2,3,8,"[46.0, 61.0, 470.0, 879.0]",Text,"D'Hotel, rue des Bourdonnois, 7.  ",ENTRY,"<SUBJ>D'Hotel</SUBJ>, <ADDR>rue des Bourdonnois, 7.</ADDR>",1,0,1,1.0000,,B-ENTRY,B-ENTRY,human,1.0,2026-09-24 14:05:36
68b607f0-05d7-5ecc-97ef-d7a99abc08f2,f9dca3f2-796f-5d3c-9b99-517675bf236e,188.3.9,188,2,3,9,"[46.0, 61.0, 470.0, 879.0]",Text,"Delivera, rue Saint-Martin, 149.  ",ENTRY,"<SUBJ>Delivera</SUBJ>, <ADDR>rue Saint-Martin, 149.</ADDR>",1,0,1,1.0000,,B-ENTRY,B-ENTRY,model,0.9955,2026-09-24 14:07:28
2f6128f1-cf45-59c8-aba2-00bafedf1447,f9dca3f2-796f-5d3c-9b99-517675bf236e,188.3.10,188,2,3,10,"[46.0, 61.0, 470.0, 879.0]",Text,"Double, rue Favart, 6.  ",ENTRY,"<SUBJ>Double</SUBJ>, <ADDR>rue Favart, 6.</ADDR>",1,0,1,1.0000,,B-ENTRY,B-ENTRY,model,0.9954,2026-09-24 14:07:28
348a35e5-0fcf-51aa-ac36-bf1e84345cd4,f9dca3f2-796f-5d3c-9b99-517675bf236e,188.3.11,188,2,3,11,"[46.0, 61.0, 470.0, 879.0]",Text,"Double, rue Jacob, 15.  ",ENTRY,"<SUBJ>Double</SUBJ>, <ADDR>rue Jacob, 15.</ADDR>",1,0,1,1.0000,,B-ENTRY,B-ENTRY,model,0.9954,2026-09-24 14:07:28
21d71012-8031-5bdc-ab2f-f8ee69b7af58,f9dca3f2-796f-5d3c-9b99-517675bf236e,188.3.12,188,2,3,12,"[46.0, 61.0, 470.0, 879.0]",Text,"Doussin-Dubreuil, rue du Jardinet, 3.  ",ENTRY,"<SUBJ>Doussin-Dubreuil</SUBJ>, <ADDR>rue du Jardinet, 3.</ADDR>",1,0,1,1.0000,,B-ENTRY,B-ENTRY,model,0.9976,2026-09-24 14:07:28
a984b07d-25ee-5467-a7ca-63a81bebded7,f9dca3f2-796f-5d3c-9b99-517675bf236e,188.3.13,188,2,3,13,"[46.0, 61.0, 470.0, 879.0]",Text,"Dubois, rue de l'Observance, 1.  ",ENTRY,"<SUBJ>Dubois</SUBJ>, <ADDR>rue de l'Observance, 1.</ADDR>",1,0,1,1.0000,,B-ENTRY,B-ENTRY,model,0.9965,2026-09-24 14:07:28
5a23db7c-8b01-5ef4-b973-a96e0dd549d5,f9dca3f2-796f-5d3c-9b99-517675bf236e,188.3.14,188,2,3,14,"[46.0, 61.0, 470.0, 879.0]",Text,"Duchesne-Montaubien, rue Poissonnière, 44.  ",ENTRY,"<SUBJ>Duchesne-Montaubien</SUBJ>, <ADDR>rue Poissonnière, 44.</ADDR>",1,0,1,1.0000,,B-ENTRY,B-ENTRY,model,0.9964,2026-09-24 14:07:28
b27e3505-4478-50a3-b741-d2501d6f211d,f9dca3f2-796f-5d3c-9b99-517675bf236e,188.3.15,188,2,3,15,"[46.0, 61.0, 470.0, 879.0]",Text,"Dudonjon, rue du Doyenné, 5.  ",ENTRY,"<SUBJ>Dudonjon</SUBJ>, <ADDR>rue du Doyenné, 5.</ADDR>",1,0,1,1.0000,,B-ENTRY,B-ENTRY,model,0.9949,2026-09-24 14:07:28
6f526bed-2084-5e33-bcf2-853947c2a5f3,f9dca3f2-796f-5d3c-9b99-517675bf236e,188.3.16,188,2,3,16,"[46.0, 61.0, 470.0, 879.0]",Text,"Duffour, rue de Bondy, 6.  ",ENTRY,"<SUBJ>Duffour</SUBJ>, <ADDR>rue de Bondy, 6.</ADDR>",1,0,1,1.0000,,B-ENTRY,B-ENTRY,model,0.9949,2026-09-24 14:07:28
68b48638-cd79-5692-a2ba-65d38b306886,f9dca3f2-796f-5d3c-9b99-517675bf236e,188.3.17,188,2,3,17,"[46.0, 61.0, 470.0, 879.0]",Text,"Dufriche-Desgenettes, rue de Tournon, 6.  ",ENTRY,"<SUBJ>Dufriche-Desgenettes</SUBJ>, <ADDR>rue de Tournon, 6.</ADDR>",1,0,1,1.0000,,B-ENTRY,B-ENTRY,model,0.9976,2026-09-24 14:07:28
be7a812a-6177-5cce-86c2-bdd5a833db18,f9dca3f2-796f-5d3c-9b99-517675bf236e,188.3.18,188,2,3,18,"[46.0, 61.0, 470.0, 879.0]",Text,"Dumangin, rue Traversière-Saint-Honoré, 25.  ",ENTRY,"<SUBJ>Dumangin</SUBJ>, <ADDR>rue Traversière-Saint-Honoré, 25.</ADDR>",1,0,1,1.0000,,B-ENTRY,B-ENTRY,model,0.9954,2026-09-24 14:07:28
2825d3fa-40ad-5487-8a3b-8c81b3a7c8f9,f9dca3f2-796f-5d3c-9b99-517675bf236e,188.3.19,188,2,3,19,"[46.0, 61.0, 470.0, 879.0]",Text,"Dumas, rue de Sèvres, 54.  ",ENTRY,"<SUBJ>Dumas</SUBJ>, <ADDR>rue de Sèvres, 54.</ADDR>",1,0,1,1.0000,,B-ENTRY,B-ENTRY,model,0.9949,2026-09-24 14:07:28
ed1d4ca2-bd59-59ad-8fc3-364262d68983,f9dca3f2-796f-5d3c-9b99-517675bf236e,188.3.20,188,2,3,20,"[46.0, 61.0, 470.0, 879.0]",Text,"Duméril, rue de l'Estrapade, 25.  ",ENTRY,"<SUBJ>Duméril</SUBJ>, <ADDR>rue de l'Estrapade, 25.</ADDR>",1,0,1,1.0000,,B-ENTRY,B-ENTRY,model,0.9965,2026-09-24 14:07:28
b7921e6e-b31b-54cc-9e94-f2f3546cc5f6,f9dca3f2-796f-5d3c-9b99-517675bf236e,188.3.21,188,2,3,21,"[46.0, 61.0, 470.0, 879.0]",Text,"Dupont, rue Neuve-St.-Roch, 37.  ",ENTRY,"<SUBJ>Dupont</SUBJ>, <ADDR>rue Neuve-St.-Roch, 37.</ADDR>",1,0,1,1.0000,,B-ENTRY,B-ENTRY,human,1.0,2026-09-24 14:06:45
6ce6d32c-5a9b-5a06-a023-6ed67b1de88f,f9dca3f2-796f-5d3c-9b99-517675bf236e,188.3.22,188,2,3,22,"[46.0, 61.0, 470.0, 879.0]",Text,"Dupont de la Motte, rue Charlot, 12.  ",ENTRY,"<SUBJ>Dupont de la Motte</SUBJ>, <ADDR>rue Charlot, 12.</ADDR>",1,0,1,1.0000,,B-ENTRY,B-ENTRY,human,1.0,2026-09-24 14:06:45
833dc590-c2e0-50a4-a82a-483a8763c2e7,f9dca3f2-796f-5d3c-9b99-517675bf236e,188.3.23,188,2,3,23,"[46.0, 61.0, 470.0, 879.0]",Text,"Dutertre, rue du Mont-Blanc, 58.  ",ENTRY,"<SUBJ>Dutertre</SUBJ>, <ADDR>rue du Mont-Blanc, 58.</ADDR>",1,0,1,1.0000,,B-ENTRY,B-ENTRY,model,0.9965,2026-09-24 14:07:28
f3f12770-9156-5360-9079-9e9df71021bb,f9dca3f2-796f-5d3c-9b99-517675bf236e,188.3.24,188,2,3,24,"[46.0, 61.0, 470.0, 879.0]",Text,"Emonnot, rue Notre-Dame-des-Victoires, 12.  ",ENTRY,"<SUBJ>Emonnot</SUBJ>, <ADDR>rue Notre-Dame-des-Victoires, 12.</ADDR>",1,0,1,1.0000,,B-ENTRY,B-ENTRY,model,0.9954,2026-09-24 14:07:28
f653ffbc-0fe9-5b15-b386-45b274549e1d,f9dca3f2-796f-5d3c-9b99-517675bf236e,188.3.25,188,2,3,25,"[46.0, 61.0, 470.0, 879.0]",Text,"Enguehard, rue Sainte-Apolline, 10.  ",ENTRY,"<SUBJ>Enguehard</SUBJ>, <ADDR>rue Sainte-Apolline, 10.</ADDR>",1,0,1,1.0000,,B-ENTRY,B-ENTRY,model,0.9954,2026-09-24 14:07:28
3c6feb83-907d-5d98-b84f-99c6769f3d41,f9dca3f2-796f-5d3c-9b99-517675bf236e,188.3.26,188,2,3,26,"[46.0, 61.0, 470.0, 879.0]",Text,"Esquirol, boulevard de l'Hôpital, 16.  ",ENTRY,"<SUBJ>Esquirol</SUBJ>, <ADDR>boulevard de l'Hôpital, 16.</ADDR>",1,0,1,1.0000,,B-ENTRY,B-ENTRY,model,0.9965,2026-09-24 14:07:28
c5ff5442-26da-5901-8b05-b756b91bc7d2,f9dca3f2-796f-5d3c-9b99-517675bf236e,188.3.27,188,2,3,27,"[46.0, 61.0, 470.0, 879.0]",Text,"Evesque, *et accoucheur*, rue Neuve-St.-Eustache, 40.  ",ENTRY,"<SUBJ>Evesque</SUBJ>, *<DESC>et accoucheur</DESC>*, <ADDR>rue Neuve-St.-Eustache, 40.</ADDR>",1,1,1,1.0000,,B-ENTRY,B-ENTRY,model,0.9964,2026-09-24 14:07:28
f7d82669-67f8-5011-9a65-85bf8ab0d5db,f9dca3f2-796f-5d3c-9b99-517675bf236e,188.3.28,188,2,3,28,"[46.0, 61.0, 470.0, 879.0]",Text,"Fabré, *et accoucheur*, rue de l'Arbre-Sec, 35.  ",ENTRY,"<SUBJ>Fabré</SUBJ>, *<DESC>et accoucheur</DESC>*, <ADDR>rue de l'Arbre-Sec, 35.</ADDR>",1,1,1,1.0000,,B-ENTRY,B-ENTRY,model,0.9964,2026-09-24 14:07:28
f3459837-310b-52e1-ac53-5a6b2f2f7af4,f9dca3f2-796f-5d3c-9b99-517675bf236e,188.3.29,188,2,3,29,"[46.0, 61.0, 470.0, 879.0]",Text,"Fautrelle, rue de Fourey, 1.  ",ENTRY,"<SUBJ>Fautrelle</SUBJ>, <ADDR>rue de Fourey, 1.</ADDR>",1,0,1,1.0000,,B-ENTRY,B-ENTRY,model,0.9949,2026-09-24 14:07:28
b0cdc365-57f4-55e0-8c72-2f3fe4d9d5e5,f9dca3f2-796f-5d3c-9b99-517675bf236e,188.3.30,188,2,3,30,"[46.0, 61.0, 470.0, 879.0]",Text,"Favareille-Placial (P.), quai de la Tournelle, 55.  ",ENTRY,"<SUBJ>Favareille-Placial (P.)</SUBJ>, <ADDR>quai de la Tournelle, 55.</ADDR>",1,0,1,1.0000,,B-ENTRY,B-ENTRY,model,0.9965,2026-09-24 14:07:28
3c9849e0-3b95-5704-b50c-a3463b6a62d3,f9dca3f2-796f-5d3c-9b99-517675bf236e,188.3.31,188,2,3,31,"[46.0, 61.0, 470.0, 879.0]",Text,"Fels, rue de Sèvres, 21.  ",ENTRY,"<SUBJ>Fels</SUBJ>, <ADDR>rue de Sèvres, 21.</ADDR>",1,0,1,1.0000,,B-ENTRY,B-ENTRY,model,0.9949,2026-09-24 14:07:28
ab489064-021c-5cfc-bb20-4ce4ccad3e73,f9dca3f2-796f-5d3c-9b99-517675bf236e,188.3.32,188,2,3,32,"[46.0, 61.0, 470.0, 879.0]",Text,"Fizeau, rue Baillette, 5.  ",ENTRY,"<SUBJ>Fizeau</SUBJ>, <ADDR>rue Baillette, 5.</ADDR>",1,0,1,1.0000,,B-ENTRY,B-ENTRY,model,0.9954,2026-09-24 14:07:28
9a655eb9-1415-5091-b93a-83ff9fb06a6b,f9dca3f2-796f-5d3c-9b99-517675bf236e,188.3.33,188,2,3,33,"[46.0, 61.0, 470.0, 879.0]",Text,"Foix, rue de Grenelle-St.-Honoré, 35.  ",ENTRY,"<SUBJ>Foix</SUBJ>, <ADDR>rue de Grenelle-St.-Honoré, 35.</ADDR>",1,0,1,1.0000,,B-ENTRY,B-ENTRY,model,0.9949,2026-09-24 14:07:28
9b23ddd8-da4b-5e18-b9ff-6ad2900d7541,f9dca3f2-796f-5d3c-9b99-517675bf236e,188.3.34,188,2,3,34,"[46.0, 61.0, 470.0, 879.0]",Text,"Force, grande rue du Faubourg-Saint-Antoine, 274.  ",ENTRY,"<SUBJ>Force</SUBJ>, <ADDR>grande rue du Faubourg-Saint-Antoine, 274.</ADDR>",1,0,1,1.0000,,B-ENTRY,B-ENTRY,model,0.9949,2026-09-24 14:07:28
45d16712-cc66-5814-89f5-7057b9f34b0b,f9dca3f2-796f-5d3c-9b99-517675bf236e,188.3.35,188,2,3,35,"[46.0, 61.0, 470.0, 879.0]",Text,"Forestier, rue de Richelieu, 7.  ",ENTRY,"<SUBJ>Forestier</SUBJ>, <ADDR>rue de Richelieu, 7.</ADDR>",1,0,1,1.0000,,B-ENTRY,B-ENTRY,model,0.9949,2026-09-24 14:07:28
378cc11e-d83e-504a-9eaa-f058fb71bb85,f9dca3f2-796f-5d3c-9b99-517675bf236e,188.3.36,188,2,3,36,"[46.0, 61.0, 470.0, 879.0]",Text,"Foubert, rue du Regard, 18.  ",ENTRY,"<SUBJ>Foubert</SUBJ>, <ADDR>rue du Regard, 18.</ADDR>",1,0,1,1.0000,,B-ENTRY,B-ENTRY,model,0.9949,2026-09-24 14:07:28
7bc18000-6c00-57b6-869b-36b54bc1394a,f9dca3f2-796f-5d3c-9b99-517675bf236e,188.3.37,188,2,3,37,"[46.0, 61.0, 470.0, 879.0]",Text,"Fouquier, rue Jacob, 14.  ",ENTRY,"<SUBJ>Fouquier</SUBJ>, <ADDR>rue Jacob, 14.</ADDR>",1,0,1,1.0000,,B-ENTRY,B-ENTRY,model,0.9954,2026-09-24 14:07:28
2167bf0d-57fb-5ddd-b40c-eee1205e8ce8,f9dca3f2-796f-5d3c-9b99-517675bf236e,188.3.38,188,2,3,38,"[46.0, 61.0, 470.0, 879.0]",Text,"Fourcade, rue des Gravilliers, 48.  ",ENTRY,"<SUBJ>Fourcade</SUBJ>, <ADDR>rue des Gravilliers, 48.</ADDR>",1,0,1,1.0000,,B-ENTRY,B-ENTRY,human,1.0,2026-09-24 14:07:08
13e15779-901c-5659-a9d0-6be391319f84,f9dca3f2-796f-5d3c-9b99-517675bf236e,188.3.39,188,2,3,39,"[46.0, 61.0, 470.0, 879.0]",Text,"Fourcroy, *conseiller d'état*, au Jardin des Plantes.  ",ENTRY,"<SUBJ>Fourcroy</SUBJ>, *<DESC>conseiller d'état</DESC>*, <ADDR>au Jardin des Plantes.</ADDR>",1,1,1,1.0000,,B-ENTRY,B-ENTRY,human,1.0,2026-09-24 14:07:08
cd30ae5a-e687-5cfe-bf50-81016450668e,f9dca3f2-796f-5d3c-9b99-517675bf236e,188.3.40,188,2,3,40,"[46.0, 61.0, 470.0, 879.0]",Text,"Fourreau-Beauregard, rue des Deux-Ecus, 5.  ",ENTRY,"<SUBJ>Fourreau-Beauregard</SUBJ>, <ADDR>rue des Deux-Ecus, 5.</ADDR>",1,0,1,1.0000,,B-ENTRY,B-ENTRY,model,0.9965,2026-09-24 14:07:28
e5042e1c-11e2-5c97-995f-5216c1c30226,f9dca3f2-796f-5d3c-9b99-517675bf236e,188.3.41,188,2,3,41,"[46.0, 61.0, 470.0, 879.0]",Text,"Fourier-Duportail, rue St.-Denis, 374.  ",ENTRY,"<SUBJ>Fourier-Duportail</SUBJ>, <ADDR>rue St.-Denis, 374.</ADDR>",1,0,1,1.0000,,B-ENTRY,B-ENTRY,model,0.9964,2026-09-24 14:07:28
0758e1ff-eec3-591b-9d96-a991e879ffe9,f9dca3f2-796f-5d3c-9b99-517675bf236e,188.3.42,188,2,3,42,"[46.0, 61.0, 470.0, 879.0]",Text,"Gardien, rue Montmartre, 137.  ",ENTRY,"<SUBJ>Gardien</SUBJ>, <ADDR>rue Montmartre, 137.</ADDR>",1,0,1,1.0000,,B-ENTRY,B-ENTRY,model,0.9954,2026-09-24 14:07:28
10ef3080-1238-5f46-a83b-10f7552ff276,f9dca3f2-796f-5d3c-9b99-517675bf236e,188.3.43,188,2,3,43,"[46.0, 61.0, 470.0, 879.0]",Text,"Gaux, rue Saint-Jacques.  ",ENTRY,"<SUBJ>Gaux</SUBJ>, <ADDR>rue Saint-Jacques.</ADDR>",1,0,1,1.0000,,B-ENTRY,B-ENTRY,model,0.994,2026-09-24 14:07:28
32045ae4-0679-5276-bec7-98cd3f7a776f,f9dca3f2-796f-5d3c-9b99-517675bf236e,188.3.44,188,2,3,44,"[46.0, 61.0, 470.0, 879.0]",Text,"Gay, rue du Doyenné, 3.  ",ENTRY,"<SUBJ>Gay</SUBJ>, <ADDR>rue du Doyenné, 3.</ADDR>",1,0,1,1.0000,,B-ENTRY,B-ENTRY,model,0.9949,2026-09-24 14:07:28
42e3c8be-89a6-55b3-9e60-fe2c55d31177,f9dca3f2-796f-5d3c-9b99-517675bf236e,188.3.45,188,2,3,45,"[46.0, 61.0, 470.0, 879.0]",Text,"Geoffroy, rue Saint-Jacques, aux Fenillantes.  ",ENTRY,"<SUBJ>Geoffroy</SUBJ>, <ADDR>rue Saint-Jacques, aux Fenillantes.</ADDR>",1,0,1,1.0000,,B-ENTRY,B-ENTRY,model,0.9943,2026-09-24 14:07:28
26d3cb8c-4fa0-5725-ab1d-48b4557afac8,f9dca3f2-796f-5d3c-9b99-517675bf236e,188.3.46,188,2,3,46,"[46.0, 61.0, 470.0, 879.0]",Text,"Geoffroy, rue Sainte-Croix-de-la-Bretonnerie, 2.  ",ENTRY,"<SUBJ>Geoffroy</SUBJ>, <ADDR>rue Sainte-Croix-de-la-Bretonnerie, 2.</ADDR>",1,0,1,1.0000,,B-ENTRY,B-ENTRY,model,0.9954,2026-09-24 14:07:28
9450a3ac-458d-50f0-8e13-142b062c514c,f9dca3f2-796f-5d3c-9b99-517675bf236e,188.3.47,188,2,3,47,"[46.0, 61.0, 470.0, 879.0]",Text,"Géraud, rue de la Harpe, 81.  ",ENTRY,"<SUBJ>Géraud</SUBJ>, <ADDR>rue de la Harpe, 81.</ADDR>",1,0,1,1.0000,,B-ENTRY,B-ENTRY,human,1.0,2026-09-24 14:06:18
606a6213-aeea-5078-91d5-84bdd0107a24,f9dca3f2-796f-5d3c-9b99-517675bf236e,188.3.48,188,2,3,48,"[46.0, 61.0, 470.0, 879.0]",Text,"Gilbert neveu, rue du Faubourg-Saint-Jacques, 39.  ",ENTRY,"<SUBJ>Gilbert neveu</SUBJ>, <ADDR>rue du Faubourg-Saint-Jacques, 39.</ADDR>",1,0,1,1.0000,,B-ENTRY,B-ENTRY,human,1.0,2026-09-24 14:06:18
a3f74c9b-8f38-5fb0-8a72-84ce2d16208e,f9dca3f2-796f-5d3c-9b99-517675bf236e,188.3.49,188,2,3,49,"[46.0, 61.0, 470.0, 879.0]",Text,"Girard, rue Montmartre, 109.",ENTRY,"<SUBJ>Girard</SUBJ>, <ADDR>rue Montmartre, 109.</ADDR>",1,0,1,1.0000,,B-ENTRY,B-ENTRY,model,0.9955,2026-09-24 14:07:28
fb928752-8650-5880-84ab-1d3fb936e3ab,f9dca3f2-796f-5d3c-9b99-517675bf236e,188.4.0,188,3,4,0,"[488.0, 61.0, 887.0, 877.0]",Text,"Giraudy, rue d'Argenteuil, 37.  ",ENTRY,"<SUBJ>Giraudy</SUBJ>, <ADDR>rue d'Argenteuil, 37.</ADDR>",1,0,1,1.0000,,B-ENTRY,B-ENTRY,model,0.9949,2026-09-24 14:07:28
ec10a677-6128-525d-8559-a5cf70dd7f95,f9dca3f2-796f-5d3c-9b99-517675bf236e,188.4.1,188,3,4,1,"[488.0, 61.0, 887.0, 877.0]",Text,"Gissot, rue Neuve-des-Petits-Champs, 31.  ",ENTRY,"<SUBJ>Gissot</SUBJ>, <ADDR>rue Neuve-des-Petits-Champs, 31.</ADDR>",1,0,1,1.0000,,B-ENTRY,B-ENTRY,model,0.9954,2026-09-24 14:07:28
8abbc2e3-8944-5e59-af31-9521252826a3,f9dca3f2-796f-5d3c-9b99-517675bf236e,188.4.2,188,3,4,2,"[488.0, 61.0, 887.0, 877.0]",Text,"Goetz, rue de la Bienfaisance, 5.  ",ENTRY,"<SUBJ>Goetz</SUBJ>, <ADDR>rue de la Bienfaisance, 5.</ADDR>",1,0,1,1.0000,,B-ENTRY,B-ENTRY,model,0.9949,2026-09-24 14:07:28
0ad4ae57-d0bc-503a-9bab-8aa957f19486,f9dca3f2-796f-5d3c-9b99-517675bf236e,188.4.3,188,3,4,3,"[488.0, 61.0, 887.0, 877.0]",Text,"Gondret, rue Saint-Honoré, 355.  ",ENTRY,"<SUBJ>Gondret</SUBJ>, <ADDR>rue Saint-Honoré, 355.</ADDR>",1,0,1,1.0000,,B-ENTRY,B-ENTRY,model,0.9954,2026-09-24 14:07:28
d55a54f7-26fc-5d22-b489-b706e98c9bd6,f9dca3f2-796f-5d3c-9b99-517675bf236e,188.4.4,188,3,4,4,"[488.0, 61.0, 887.0, 877.0]",Text,"Goutte, rue du Sépulcre, 2.  ",ENTRY,"<SUBJ>Goutte</SUBJ>, <ADDR>rue du Sépulcre, 2.</ADDR>",1,0,1,1.0000,,B-ENTRY,B-ENTRY,model,0.9949,2026-09-24 14:07:28
0af65c9c-7ff7-513f-8425-9026a99d190d,f9dca3f2-796f-5d3c-9b99-517675bf236e,188.4.5,188,3,4,5,"[488.0, 61.0, 887.0, 877.0]",Text,"Graperon, rue Montorgueil, 71.  ",ENTRY,"<SUBJ>Graperon</SUBJ>, <ADDR>rue Montorgueil, 71.</ADDR>",1,0,1,1.0000,,B-ENTRY,B-ENTRY,model,0.9954,2026-09-24 14:07:28
1ca2f167-3538-5761-aff3-c7c9390800e9,f9dca3f2-796f-5d3c-9b99-517675bf236e,188.4.6,188,3,4,6,"[488.0, 61.0, 887.0, 877.0]",Text,"Gras, *accoucheur*, rue Saint-Avoye, 60.  ",ENTRY,"<SUBJ>Gras</SUBJ>, *<DESC>accoucheur</DESC>*, <ADDR>rue Saint-Avoye, 60.</ADDR>",1,1,1,1.0000,,B-ENTRY,B-ENTRY,model,0.9964,2026-09-24 14:07:28
a3d2092d-5f10-5a24-ac3a-c048c4340f43,f9dca3f2-796f-5d3c-9b99-517675bf236e,188.4.7,188,3,4,7,"[488.0, 61.0, 887.0, 877.0]",Text,"Gueneau, rue Cassette, 23.  ",ENTRY,"<SUBJ>Gueneau</SUBJ>, <ADDR>rue Cassette, 23.</ADDR>",1,0,1,1.0000,,B-ENTRY,B-ENTRY,human,1.0,2026-09-24 14:06:48
f2bf6664-272a-522d-b92c-18e7cb827fb0,f9dca3f2-796f-5d3c-9b99-517675bf236e,188.4.8,188,3,4,8,"[488.0, 61.0, 887.0, 877.0]",Text,"Guérinet, rue de Sorbonne.  ",ENTRY,"<SUBJ>Guérinet</SUBJ>, <ADDR>rue de Sorbonne.</ADDR>",1,0,1,1.0000,,B-ENTRY,B-ENTRY,human,1.0,2026-09-24 14:06:48
f4b7325b-6521-5b1e-a78a-9202472fc416,f9dca3f2-796f-5d3c-9b99-517675bf236e,188.4.9,188,3,4,9,"[488.0, 61.0, 887.0, 877.0]",Text,"Guersent, rue Beaubourg, 52.  ",ENTRY,"<SUBJ>Guersent</SUBJ>, <ADDR>rue Beaubourg, 52.</ADDR>",1,0,1,1.0000,,B-ENTRY,B-ENTRY,model,0.9954,2026-09-24 14:07:28
72082649-a918-5a21-a1db-159b5032fcbc,f9dca3f2-796f-5d3c-9b99-517675bf236e,188.4.10,188,3,4,10,"[488.0, 61.0, 887.0, 877.0]",Text,"Guignard, rue du Sentier, 6.  ",ENTRY,"<SUBJ>Guignard</SUBJ>, <ADDR>rue du Sentier, 6.</ADDR>",1,0,1,1.0000,,B-ENTRY,B-ENTRY,model,0.9949,2026-09-24 14:07:28
de76bb00-e83b-5466-91f5-db105c7767a7,f9dca3f2-796f-5d3c-9b99-517675bf236e,188.4.11,188,3,4,11,"[488.0, 61.0, 887.0, 877.0]",Text,"Guilbert, rue Pierre-Sarrazin, 10.  ",ENTRY,"<SUBJ>Guilbert</SUBJ>, <ADDR>rue Pierre-Sarrazin, 10.</ADDR>",1,0,1,1.0000,,B-ENTRY,B-ENTRY,model,0.9954,2026-09-24 14:07:28
afd8808c-583e-5ca0-a9bb-f541c8efbe62,f9dca3f2-796f-5d3c-9b99-517675bf236e,188.4.12,188,3,4,12,"[488.0, 61.0, 887.0, 877.0]",Text,"Guillotin, rue Neuve-Saint-Roch, 57.  ",ENTRY,"<SUBJ>Guillotin</SUBJ>, <ADDR>rue Neuve-Saint-Roch, 57.</ADDR>",1,0,1,1.0000,,B-ENTRY,B-ENTRY,model,0.9954,2026-09-24 14:07:28
bca54323-e1a6-5878-831c-7c171714ebf4,f9dca3f2-796f-5d3c-9b99-517675bf236e,188.4.13,188,3,4,13,"[488.0, 61.0, 887.0, 877.0]",Text,"Guinot, rue des Fontaines-Nationales, 10.  ",ENTRY,"<SUBJ>Guinot</SUBJ>, <ADDR>rue des Fontaines-Nationales, 10.</ADDR>",1,0,1,1.0000,,B-ENTRY,B-ENTRY,model,0.9965,2026-09-24 14:07:28
a6cc265a-2f28-5b1d-8f3c-3dc3c4c6812c,f9dca3f2-796f-5d3c-9b99-517675bf236e,188.4.14,188,3,4,14,"[488.0, 61.0, 887.0, 877.0]",Text,"Hallé, *premier médecin ordinaire de l'Empereur*, rue Pierre-Sarrazin, 19.  ",ENTRY,"<SUBJ>Hallé</SUBJ>, *<DESC>premier médecin ordinaire de l'Empereur</DESC>*, <ADDR>rue Pierre-Sarrazin, 19.</ADDR>",1,1,1,1.0000,,B-ENTRY,B-ENTRY,model,0.9964,2026-09-24 14:07:28
0280b151-d07b-50a0-8349-2ba879209d57,f9dca3f2-796f-5d3c-9b99-517675bf236e,188.4.15,188,3,4,15,"[488.0, 61.0, 887.0, 877.0]",Text,"Hamel, rue des Fossés-Montmartre, 15.  ",ENTRY,"<SUBJ>Hamel</SUBJ>, <ADDR>rue des Fossés-Montmartre, 15.</ADDR>",1,0,1,1.0000,,B-ENTRY,B-ENTRY,model,0.9965,2026-09-24 14:07:28
02c29afc-6ed7-5c6b-a99c-85ab3ff200a4,f9dca3f2-796f-5d3c-9b99-517675bf236e,188.4.16,188,3,4,16,"[488.0, 61.0, 887.0, 877.0]",Text,"Heurteloup, rue Favart, 8.  ",ENTRY,"<SUBJ>Heurteloup</SUBJ>, <ADDR>rue Favart, 8.</ADDR>",1,0,1,1.0000,,B-ENTRY,B-ENTRY,model,0.9954,2026-09-24 14:07:28
96739186-1451-55f1-b1c6-6ce7583ffa7e,f9dca3f2-796f-5d3c-9b99-517675bf236e,188.4.17,188,3,4,17,"[488.0, 61.0, 887.0, 877.0]",Text,"Hoffmann, dit Laffecteur, rue des Petits-Augustins, 11.  ",ENTRY,"<SUBJ>Hoffmann, dit Laffecteur</SUBJ>, <ADDR>rue des Petits-Augustins, 11.</ADDR>",1,0,1,0.9999,,B-ENTRY,B-ENTRY,model,0.9954,2026-09-24 14:07:28
d122305c-20aa-586d-b6d9-04867234e169,f9dca3f2-796f-5d3c-9b99-517675bf236e,188.4.18,188,3,4,18,"[488.0, 61.0, 887.0, 877.0]",Text,"Horeau, rue de Grenelle-Saint-Germain, 35.  ",ENTRY,"<SUBJ>Horeau</SUBJ>, <ADDR>rue de Grenelle-Saint-Germain, 35.</ADDR>",1,0,1,1.0000,,B-ENTRY,B-ENTRY,human,1.0,2026-09-24 14:06:30
fb8b144c-fe03-573b-a360-2d2413e5510b,f9dca3f2-796f-5d3c-9b99-517675bf236e,188.4.19,188,3,4,19,"[488.0, 61.0, 887.0, 877.0]",Text,"Husson, à l'Ecole de Médecine.  ",ENTRY,"<SUBJ>Husson</SUBJ>, <ADDR>à l'Ecole de Médecine.</ADDR>",1,0,1,1.0000,,B-ENTRY,B-ENTRY,human,1.0,2026-09-24 14:06:30
0c4cdd9a-8d1a-5058-9760-e2c252e91e22,f9dca3f2-796f-5d3c-9b99-517675bf236e,188.4.20,188,3,4,20,"[488.0, 61.0, 887.0, 877.0]",Text,"Ilard, rue du Faub.-Saint-Jacques, 256.  ",ENTRY,"<SUBJ>Ilard</SUBJ>, <ADDR>rue du Faub.-Saint-Jacques, 256.</ADDR>",1,0,1,1.0000,,B-ENTRY,B-ENTRY,model,0.995,2026-09-24 14:07:28
d39dcde4-f478-538a-af6a-be24ef5fd577,f9dca3f2-796f-5d3c-9b99-517675bf236e,188.4.21,188,3,4,21,"[488.0, 61.0, 887.0, 877.0]",Text,"Jabalot, rue Neuve-Saint-Méry, 12.  ",ENTRY,"<SUBJ>Jabalot</SUBJ>, <ADDR>rue Neuve-Saint-Méry, 12.</ADDR>",1,0,1,1.0000,,B-ENTRY,B-ENTRY,model,0.9954,2026-09-24 14:07:28
f065ec62-fe35-50e5-8052-91d5e07792fa,f9dca3f2-796f-5d3c-9b99-517675bf236e,188.4.22,188,3,4,22,"[488.0, 61.0, 887.0, 877.0]",Text,"Jacquemin, rue Saint-Avoye, 9.  ",ENTRY,"<SUBJ>Jacquemin</SUBJ>, <ADDR>rue Saint-Avoye, 9.</ADDR>",1,0,1,1.0000,,B-ENTRY,B-ENTRY,model,0.9954,2026-09-24 14:07:28
c443a856-3672-56f1-b34b-2f9d1f9fe52d,f9dca3f2-796f-5d3c-9b99-517675bf236e,188.4.23,188,3,4,23,"[488.0, 61.0, 887.0, 877.0]",Text,"Jacques, rue Etienne, 5.  ",ENTRY,"<SUBJ>Jacques</SUBJ>, <ADDR>rue Etienne, 5.</ADDR>",1,0,1,1.0000,,B-ENTRY,B-ENTRY,model,0.9954,2026-09-24 14:07:28
110100ba-f3c3-5b31-bc12-5d382fb1792e,f9dca3f2-796f-5d3c-9b99-517675bf236e,188.4.24,188,3,4,24,"[488.0, 61.0, 887.0, 877.0]",Text,"Jadelot, rue du Bacq, 86.  ",ENTRY,"<SUBJ>Jadelot</SUBJ>, <ADDR>rue du Bacq, 86.</ADDR>",1,0,1,1.0000,,B-ENTRY,B-ENTRY,model,0.9949,2026-09-24 14:07:28
271b053b-b7a0-5677-b0be-d14f8eec14db,f9dca3f2-796f-5d3c-9b99-517675bf236e,188.4.25,188,3,4,25,"[488.0, 61.0, 887.0, 877.0]",Text,"Jaade-Lafond, rue de Richelieu, 46.  ",ENTRY,"<SUBJ>Jaade-Lafond</SUBJ>, <ADDR>rue de Richelieu, 46.</ADDR>",1,0,1,1.0000,,B-ENTRY,B-ENTRY,model,0.9975,2026-09-24 14:07:28
8effa0b2-52ae-5e6c-a2c6-c756343b043c,f9dca3f2-796f-5d3c-9b99-517675bf236e,188.4.26,188,3,4,26,"[488.0, 61.0, 887.0, 877.0]",Text,"Jeannet des Longrois, rue la Vrillière, 2.  ",ENTRY,"<SUBJ>Jeannet des Longrois</SUBJ>, <ADDR>rue la Vrillière, 2.</ADDR>",1,0,1,1.0000,,B-ENTRY,B-ENTRY,model,0.9923,2026-09-24 14:07:28
8e8155e9-86a4-5bef-a13e-bf8fa91db777,f9dca3f2-796f-5d3c-9b99-517675bf236e,188.4.27,188,3,4,27,"[488.0, 61.0, 887.0, 877.0]",Text,"Jeanroy (Dieudonné), rue Saint-Martin, 261.  ",ENTRY,"<SUBJ>Jeanroy (Dieudonné)</SUBJ>, <ADDR>rue Saint-Martin, 261.</ADDR>",1,0,1,1.0000,,B-ENTRY,B-ENTRY,human,1.0,2026-09-24 14:07:10
f40cbd0c-d94b-5719-b6ec-90fe95a08c83,f9dca3f2-796f-5d3c-9b99-517675bf236e,188.4.28,188,3,4,28,"[488.0, 61.0, 887.0, 877.0]",Text,"Jeanroy (N.), rue du Doyenné, 5.  ",ENTRY,"<SUBJ>Jeanroy (N.)</SUBJ>, <ADDR>rue du Doyenné, 5.</ADDR>",1,0,1,1.0000,,B-ENTRY,B-ENTRY,human,1.0,2026-09-24 14:07:10
5c6eae66-449d-5b6e-955b-bd78e3427347,f9dca3f2-796f-5d3c-9b99-517675bf236e,188.4.29,188,3,4,29,"[488.0, 61.0, 887.0, 877.0]",Text,"Jouarme, rue Saint-Florentin, 17.  ",ENTRY,"<SUBJ>Jouarme</SUBJ>, <ADDR>rue Saint-Florentin, 17.</ADDR>",1,0,1,1.0000,,B-ENTRY,B-ENTRY,model,0.9954,2026-09-24 14:07:28
ca5130a2-e7be-5320-bd6c-1cf6266fe9ab,f9dca3f2-796f-5d3c-9b99-517675bf236e,188.4.30,188,3,4,30,"[488.0, 61.0, 887.0, 877.0]",Text,"Jouard, marché d'Aguesseau, 302.  ",ENTRY,"<SUBJ>Jouard</SUBJ>, <ADDR>marché d'Aguesseau, 302.</ADDR>",1,0,1,0.9986,,B-ENTRY,B-ENTRY,model,0.9949,2026-09-24 14:07:28
709e8ee0-9c74-5409-b33e-8f242ab95225,f9dca3f2-796f-5d3c-9b99-517675bf236e,188.4.31,188,3,4,31,"[488.0, 61.0, 887.0, 877.0]",Text,"Joubert (Elie), rue du Faubourg-Poissonnière, 2.  ",ENTRY,"<SUBJ>Joubert (Elie)</SUBJ>, <ADDR>rue du Faubourg-Poissonnière, 2.</ADDR>",1,0,1,1.0000,,B-ENTRY,B-ENTRY,human,1.0,2026-09-24 14:05:23
24910762-9967-57a4-bd35-404b42aa4583,f9dca3f2-796f-5d3c-9b99-517675bf236e,188.4.32,188,3,4,32,"[488.0, 61.0, 887.0, 877.0]",Text,"Joubert (Louis), rue de Bussy, 15.  ",ENTRY,"<SUBJ>Joubert (Louis)</SUBJ>, <ADDR>rue de Bussy, 15.</ADDR>",1,0,1,1.0000,,B-ENTRY,B-ENTRY,human,1.0,2026-09-24 14:05:23
37f91881-4163-5330-ad23-c5309beb7098,f9dca3f2-796f-5d3c-9b99-517675bf236e,188.4.33,188,3,4,33,"[488.0, 61.0, 887.0, 877.0]",Text,"Juge, rue des Trois-Pavillons, 18.  ",ENTRY,"<SUBJ>Juge</SUBJ>, <ADDR>rue des Trois-Pavillons, 18.</ADDR>",1,0,1,1.0000,,B-ENTRY,B-ENTRY,model,0.9965,2026-09-24 14:07:28
0d574b28-c1ab-590c-926d-ee09a9b4bd99,f9dca3f2-796f-5d3c-9b99-517675bf236e,188.4.34,188,3,4,34,"[488.0, 61.0, 887.0, 877.0]",Text,"Juglar, rue Saint-Jacques, 167.  ",ENTRY,"<SUBJ>Juglar</SUBJ>, <ADDR>rue Saint-Jacques, 167.</ADDR>",1,0,1,1.0000,,B-ENTRY,B-ENTRY,model,0.9954,2026-09-24 14:07:28
4656f600-0009-5ba8-84f9-3b97b88aa0d8,f9dca3f2-796f-5d3c-9b99-517675bf236e,188.4.35,188,3,4,35,"[488.0, 61.0, 887.0, 877.0]",Text,"Keraudren, *médecin de la marine*, rue de la Place-Vendôme, 16.  ",ENTRY,"<SUBJ>Keraudren</SUBJ>, *<DESC>médecin de la marine</DESC>*, <ADDR>rue de la Place-Vendôme, 16.</ADDR>",1,1,1,1.0000,,B-ENTRY,B-ENTRY,model,0.9964,2026-09-24 14:07:28
ee0af74d-dd7f-576e-87d2-4d6866adfd11,f9dca3f2-796f-5d3c-9b99-517675bf236e,188.4.36,188,3,4,36,"[488.0, 61.0, 887.0, 877.0]",Text,"Kerjean, rue Croix-des-Petits-Champs, 35.  ",ENTRY,"<SUBJ>Kerjean</SUBJ>, <ADDR>rue Croix-des-Petits-Champs, 35.</ADDR>",1,0,1,1.0000,,B-ENTRY,B-ENTRY,human,1.0,2026-09-24 14:07:14
1048ed90-aec9-539d-a185-316360ccad42,f9dca3f2-796f-5d3c-9b99-517675bf236e,188.4.37,188,3,4,37,"[488.0, 61.0, 887.0, 877.0]",Text,"Laborie (P.), rue Saint-Denis, cour Batave, 21.  ",ENTRY,"<SUBJ>Laborie (P.)</SUBJ>, <ADDR>rue Saint-Denis, cour Batave, 21.</ADDR>",1,0,1,1.0000,,B-ENTRY,B-ENTRY,human,1.0,2026-09-24 14:07:14
d6fa6872-2edb-53d6-afc0-c1c15fd1636f,f9dca3f2-796f-5d3c-9b99-517675bf236e,188.4.38,188,3,4,38,"[488.0, 61.0, 887.0, 877.0]",Text,"Lacombe, place du Tribunal, 229.  ",ENTRY,"<SUBJ>Lacombe</SUBJ>, <ADDR>place du Tribunal, 229.</ADDR>",1,0,1,1.0000,,B-ENTRY,B-ENTRY,model,0.9949,2026-09-24 14:07:28
cd4fa30b-e8eb-5510-ab37-f297f1a39834,f9dca3f2-796f-5d3c-9b99-517675bf236e,188.4.39,188,3,4,39,"[488.0, 61.0, 887.0, 877.0]",Text,"Laenne, rue du Jardinet, 5.  ",ENTRY,"<SUBJ>Laenne</SUBJ>, <ADDR>rue du Jardinet, 5.</ADDR>",1,0,1,1.0000,,B-ENTRY,B-ENTRY,model,0.9949,2026-09-24 14:07:28
0cf44e65-9f3d-5830-b6a6-282b446aad24,f9dca3f2-796f-5d3c-9b99-517675bf236e,188.4.40,188,3,4,40,"[488.0, 61.0, 887.0, 877.0]",Text,"Lafon (*à l'hospice des Orphelins*), rue Copeau, 1.  ",ENTRY,"<SUBJ>Lafon</SUBJ> <DESC>(*à l'hospice des Orphelins*)</DESC>, <ADDR>rue Copeau, 1.</ADDR>",1,1,1,1.0000,,B-ENTRY,B-ENTRY,model,0.9949,2026-09-24 14:07:28
67ed5736-26da-5947-a358-293396d25327,f9dca3f2-796f-5d3c-9b99-517675bf236e,188.4.41,188,3,4,41,"[488.0, 61.0, 887.0, 877.0]",Text,"Lalé, rue Beaurepaire, 24.  ",ENTRY,"<SUBJ>Lalé</SUBJ>, <ADDR>rue Beaurepaire, 24.</ADDR>",1,0,1,1.0000,,B-ENTRY,B-ENTRY,model,0.9954,2026-09-24 14:07:28
49a756c8-5298-53e6-8fef-7ad811d5f69f,f9dca3f2-796f-5d3c-9b99-517675bf236e,188.4.42,188,3,4,42,"[488.0, 61.0, 887.0, 877.0]",Text,"Lallemand, petite rue St.-Roch, 6.  ",ENTRY,"<SUBJ>Lallemand</SUBJ>, <ADDR>petite rue St.-Roch, 6.</ADDR>",1,0,1,1.0000,,B-ENTRY,B-ENTRY,model,0.9949,2026-09-24 14:07:28
9c72af59-20da-51fb-92f6-c0b39716ad36,f9dca3f2-796f-5d3c-9b99-517675bf236e,188.4.43,188,3,4,43,"[488.0, 61.0, 887.0, 877.0]",Text,"Lalouette, rue Jacob, 7.  ",ENTRY,"<SUBJ>Lalouette</SUBJ>, <ADDR>rue Jacob, 7.</ADDR>",1,0,1,1.0000,,B-ENTRY,B-ENTRY,model,0.9954,2026-09-24 14:07:28
352ef8d5-7514-5943-9b66-d2169c766eb5,f9dca3f2-796f-5d3c-9b99-517675bf236e,188.4.44,188,3,4,44,"[488.0, 61.0, 887.0, 877.0]",Text,"Lamotte, rue Thibautodé, 7.  ",ENTRY,"<SUBJ>Lamotte</SUBJ>, <ADDR>rue Thibautodé, 7.</ADDR>",1,0,1,1.0000,,B-ENTRY,B-ENTRY,model,0.9954,2026-09-24 14:07:28
a70423be-4406-5a6c-9984-a79aff1534a1,f9dca3f2-796f-5d3c-9b99-517675bf236e,188.4.45,188,3,4,45,"[488.0, 61.0, 887.0, 877.0]",Text,"Landré-Beauvais, à la Salpêtrière.  ",ENTRY,"<SUBJ>Landré-Beauvais</SUBJ>, <ADDR>à la Salpêtrière.</ADDR>",1,0,1,1.0000,,B-ENTRY,B-ENTRY,model,0.9936,2026-09-24 14:07:28
262b2c0a-360d-5a49-a7cd-aab7a40aeb3c,f9dca3f2-796f-5d3c-9b99-517675bf236e,188.4.46,188,3,4,46,"[488.0, 61.0, 887.0, 877.0]",Text,"Lannefrange, rue Christine, 3.  ",ENTRY,"<SUBJ>Lannefrange</SUBJ>, <ADDR>rue Christine, 3.</ADDR>",1,0,1,1.0000,,B-ENTRY,B-ENTRY,model,0.9954,2026-09-24 14:07:28
eb43215d-bac7-59ca-92b4-1e24f170c24d,f9dca3f2-796f-5d3c-9b99-517675bf236e,188.4.47,188,3,4,47,"[488.0, 61.0, 887.0, 877.0]",Text,"Laracine, rue du Petit-Lion-S.-Germ., 5.  ",ENTRY,"<SUBJ>Laracine</SUBJ>, <ADDR>rue du Petit-Lion-S.-Germ., 5.</ADDR>",1,0,1,1.0000,,B-ENTRY,B-ENTRY,model,0.9969,2026-09-24 14:07:28
e26d84ab-4b61-5134-92b0-efe9cf73e5d1,f9dca3f2-796f-5d3c-9b99-517675bf236e,188.4.48,188,3,4,48,"[488.0, 61.0, 887.0, 877.0]",Text,"Larbaud, rue Montmartre, 129.  ",ENTRY,"<SUBJ>Larbaud</SUBJ>, <ADDR>rue Montmartre, 129.</ADDR>",1,0,1,1.0000,,B-ENTRY,B-ENTRY,model,0.9954,2026-09-24 14:07:28
8913f565-4b53-5bd5-93b9-5f7630c20176,f9dca3f2-796f-5d3c-9b99-517675bf236e,188.4.49,188,3,4,49,"[488.0, 61.0, 887.0, 877.0]",Text,"Largueze, rue Favenne, 7.  ",ENTRY,"<SUBJ>Largueze</SUBJ>, <ADDR>rue Favenne, 7.</ADDR>",1,0,1,1.0000,,B-ENTRY,B-ENTRY,model,0.9954,2026-09-24 14:07:28
029a11bb-14bf-5b9c-8126-b0cebcdc1257,f9dca3f2-796f-5d3c-9b99-517675bf236e,188.4.50,188,3,4,50,"[488.0, 61.0, 887.0, 877.0]",Text,"Larmet, rue des Maçons, 7.  ",ENTRY,"<SUBJ>Larmet</SUBJ>, <ADDR>rue des Maçons, 7.</ADDR>",1,0,1,1.0000,,B-ENTRY,B-ENTRY,human,1.0,2026-09-24 14:07:24
8884a5c5-53e2-5890-88d3-56af5d2dcbd4,f9dca3f2-796f-5d3c-9b99-517675bf236e,188.4.51,188,3,4,51,"[488.0, 61.0, 887.0, 877.0]",Text,"Laservolle, rue de la Harpe.  ",ENTRY,"<SUBJ>Laservolle</SUBJ>, <ADDR>rue de la Harpe.</ADDR>",1,0,1,1.0000,,B-ENTRY,B-ENTRY,human,1.0,2026-09-24 14:07:24
eb51c07c-44b8-5f1b-afed-d33ec4985150,f9dca3f2-796f-5d3c-9b99-517675bf236e,188.4.52,188,3,4,52,"[488.0, 61.0, 887.0, 877.0]",Text,"Lasne, rue Française, 4.  ",ENTRY,"<SUBJ>Lasne</SUBJ>, <ADDR>rue Française, 4.</ADDR>",1,0,1,1.0000,,B-ENTRY,B-ENTRY,model,0.9954,2026-09-24 14:07:28
662871ad-4d01-5696-b8c8-76eb50c24d84,f9dca3f2-796f-5d3c-9b99-517675bf236e,188.4.53,188,3,4,53,"[488.0, 61.0, 887.0, 877.0]",Text,"Lasserre, rue du Mont-Blanc, 50.  ",ENTRY,"<SUBJ>Lasserre</SUBJ>, <ADDR>rue du Mont-Blanc, 50.</ADDR>",1,0,1,1.0000,,B-ENTRY,B-ENTRY,human,1.0,2026-09-24 14:06:23
7038e344-c8df-5360-b5e6-700ba7414588,f9dca3f2-796f-5d3c-9b99-517675bf236e,188.4.54,188,3,4,54,"[488.0, 61.0, 887.0, 877.0]",Text,"Lebegue de Presle, rue S.-Jacques.",ENTRY,"<SUBJ>Lebegue de Presle</SUBJ>, <ADDR>rue S.-Jacques.</ADDR>",1,0,1,1.0000,,B-ENTRY,B-ENTRY,human,1.0,2026-09-24 14:06:23
0d941d00-aaab-59b9-bbb0-0a5f56415011,f9dca3f2-796f-5d3c-9b99-517675bf236e,189.1.0,189,0,1,0,"[125.0, 48.0, 180.0, 67.0]",Page-Header,860,OUT OF SCOPE,,,,,,,OUT OF SCOPE,OUT OF SCOPE,human,1.0,2026-09-24 14:07:03
ab132cce-c7b5-5d18-b5e2-eadcfe371899,f9dca3f2-796f-5d3c-9b99-517675bf236e,189.2.0,189,1,2,0,"[478.0, 44.0, 614.0, 63.0]",Page-Header,Docteurs,OUT OF SCOPE,,,,,,,OUT OF SCOPE,OUT OF SCOPE,human,1.0,2026-09-24 14:06:00
7f9f7213-24be-5d4d-8631-6b8894172ae6,f9dca3f2-796f-5d3c-9b99-517675bf236e,189.3.0,189,2,3,0,"[117.0, 69.0, 986.0, 904.0]",List-Group,"Leblanc, rue du Faub.-St.-Jacques, 59, à l'hospice des Vénériens.  ",ENTRY,"<SUBJ>Leblanc</SUBJ>, <ADDR>rue du Faub.-St.-Jacques, 59, à l'hospice des Vénériens.</ADDR>",1,0,1,1.0000,,B-ENTRY,B-ENTRY,human,1.0,2026-09-24 14:06:00
810e3122-8afa-5a5f-9b05-7744ce5fe32e,f9dca3f2-796f-5d3c-9b99-517675bf236e,189.3.1,189,2,3,1,"[117.0, 69.0, 986.0, 904.0]",List-Group,"Leclerc, rue des Fossés-M.-le-Prince, 12.  ",ENTRY,"<SUBJ>Leclerc</SUBJ>, <ADDR>rue des Fossés-M.-le-Prince, 12.</ADDR>",1,0,1,1.0000,,B-ENTRY,B-ENTRY,model,0.9959,2026-09-24 14:07:28
4a8d2cb9-2021-5105-9a97-8d545cc9fc18,f9dca3f2-796f-5d3c-9b99-517675bf236e,189.3.2,189,2,3,2,"[117.0, 69.0, 986.0, 904.0]",List-Group,"Ledru, rue Neuve-St.-Paul, 2.  ",ENTRY,"<SUBJ>Ledru</SUBJ>, <ADDR>rue Neuve-St.-Paul, 2.</ADDR>",1,0,1,1.0000,,B-ENTRY,B-ENTRY,model,0.9963,2026-09-24 14:07:28
89df5ace-3cd4-536b-950a-f6c9ec6b7ffb,f9dca3f2-796f-5d3c-9b99-517675bf236e,189.3.3,189,2,3,3,"[117.0, 69.0, 986.0, 904.0]",List-Group,"Legallois, rue de la Harpe, 29.  ",ENTRY,"<SUBJ>Legallois</SUBJ>, <ADDR>rue de la Harpe, 29.</ADDR>",1,0,1,1.0000,,B-ENTRY,B-ENTRY,model,0.9959,2026-09-24 14:07:28
9512e264-9796-5a6d-945e-d038318ee9d8,f9dca3f2-796f-5d3c-9b99-517675bf236e,189.3.4,189,2,3,4,"[117.0, 69.0, 986.0, 904.0]",List-Group,"Lemaire, porte St.-Denis.  ",ENTRY,"<SUBJ>Lemaire</SUBJ>, <ADDR>porte St.-Denis.</ADDR>",1,0,1,1.0000,,B-ENTRY,B-ENTRY,model,0.9965,2026-09-24 14:07:28
4f5d84ab-ee8d-5a58-8ad5-a9d120204f83,f9dca3f2-796f-5d3c-9b99-517675bf236e,189.3.5,189,2,3,5,"[117.0, 69.0, 986.0, 904.0]",List-Group,"Lemoine, rue des Vieux-Augustins, 18.  ",ENTRY,"<SUBJ>Lemoine</SUBJ>, <ADDR>rue des Vieux-Augustins, 18.</ADDR>",1,0,1,1.0000,,B-ENTRY,B-ENTRY,human,1.0,2026-09-24 14:07:23
29bd5f78-3d93-539d-a79c-2aa8bfb05574,f9dca3f2-796f-5d3c-9b99-517675bf236e,189.3.6,189,2,3,6,"[117.0, 69.0, 986.0, 904.0]",List-Group,"Lepage de Lingerville, rue St-Georges, 6.  ",ENTRY,"<SUBJ>Lepage de Lingerville</SUBJ>, <ADDR>rue St-Georges, 6.</ADDR>",1,0,1,1.0000,,B-ENTRY,B-ENTRY,human,1.0,2026-09-24 14:07:23
9d0c7d17-1c74-5fa2-a32a-325d2b543cc3,f9dca3f2-796f-5d3c-9b99-517675bf236e,189.3.7,189,2,3,7,"[117.0, 69.0, 986.0, 904.0]",List-Group,"Lepreux, rue Chanoinesse, 10.  ",ENTRY,"<SUBJ>Lepreux</SUBJ>, <ADDR>rue Chanoinesse, 10.</ADDR>",1,0,1,1.0000,,B-ENTRY,B-ENTRY,model,0.9963,2026-09-24 14:07:28
979ba4c7-57d0-51b6-899a-27436e2ab9c0,f9dca3f2-796f-5d3c-9b99-517675bf236e,189.3.8,189,2,3,8,"[117.0, 69.0, 986.0, 904.0]",List-Group,"Leroi (Alphonse), rue de Vaugirard, 84.  ",ENTRY,"<SUBJ>Leroi (Alphonse)</SUBJ>, <ADDR>rue de Vaugirard, 84.</ADDR>",1,0,1,1.0000,,B-ENTRY,B-ENTRY,model,0.9957,2026-09-24 14:07:28
358e933b-0743-5bc7-803c-ff41b185dd9d,f9dca3f2-796f-5d3c-9b99-517675bf236e,189.3.9,189,2,3,9,"[117.0, 69.0, 986.0, 904.0]",List-Group,"Leroux (J. J.), rue de Verneuil, 20.  ",ENTRY,"<SUBJ>Leroux (J. J.)</SUBJ>, <ADDR>rue de Verneuil, 20.</ADDR>",1,0,1,1.0000,,B-ENTRY,B-ENTRY,model,0.9929,2026-09-24 14:07:28
61e4070f-a080-5c4e-a3b0-af9c8762b5ba,f9dca3f2-796f-5d3c-9b99-517675bf236e,189.3.10,189,2,3,10,"[117.0, 69.0, 986.0, 904.0]",List-Group,"Leroy (Jacq. Agathange), rue Baillette, 5.  ",ENTRY,"<SUBJ>Leroy (Jacq. Agathange)</SUBJ>, <ADDR>rue Baillette, 5.</ADDR>",1,0,1,1.0000,,B-ENTRY,B-ENTRY,model,0.996,2026-09-24 14:07:28
2fc5a95c-692d-59ee-8cfc-47c3aeaac3e0,f9dca3f2-796f-5d3c-9b99-517675bf236e,189.3.11,189,2,3,11,"[117.0, 69.0, 986.0, 904.0]",List-Group,"Lesage, rue Coquillièr, 20.  ",ENTRY,"<SUBJ>Lesage</SUBJ>, <ADDR>rue Coquillièr, 20.</ADDR>",1,0,1,1.0000,,B-ENTRY,B-ENTRY,model,0.9963,2026-09-24 14:07:28
a50d884b-c736-594d-a453-b15bd3fecbbf,f9dca3f2-796f-5d3c-9b99-517675bf236e,189.3.12,189,2,3,12,"[117.0, 69.0, 986.0, 904.0]",List-Group,"Lesueur, rue de Paradis, 4.  ",ENTRY,"<SUBJ>Lesueur</SUBJ>, <ADDR>rue de Paradis, 4.</ADDR>",1,0,1,1.0000,,B-ENTRY,B-ENTRY,model,0.9959,2026-09-24 14:07:28
9f95708d-12de-52cc-be04-6eea2c597516,f9dca3f2-796f-5d3c-9b99-517675bf236e,189.3.13,189,2,3,13,"[117.0, 69.0, 986.0, 904.0]",List-Group,"Lesvignes, rue du Faub.-S.-Martin, 148.  ",ENTRY,"<SUBJ>Lesvignes</SUBJ>, <ADDR>rue du Faub.-S.-Martin, 148.</ADDR>",1,0,1,1.0000,,B-ENTRY,B-ENTRY,model,0.9959,2026-09-24 14:07:28
6f6c4fe7-66d7-56ce-866c-60940a29b937,f9dca3f2-796f-5d3c-9b99-517675bf236e,189.3.14,189,2,3,14,"[117.0, 69.0, 986.0, 904.0]",List-Group,"Leteneur, rue des Coutres-S.-Gervais, 24.  ",ENTRY,"<SUBJ>Leteneur</SUBJ>, <ADDR>rue des Coutres-S.-Gervais, 24.</ADDR>",1,0,1,1.0000,,B-ENTRY,B-ENTRY,model,0.9959,2026-09-24 14:07:28
522ca9d7-d47b-56c1-8267-703669ff89ca,f9dca3f2-796f-5d3c-9b99-517675bf236e,189.3.15,189,2,3,15,"[117.0, 69.0, 986.0, 904.0]",List-Group,"Levacher, rue St.-Lazare.  ",ENTRY,"<SUBJ>Levacher</SUBJ>, <ADDR>rue St.-Lazare.</ADDR>",1,0,1,1.0000,,B-ENTRY,B-ENTRY,model,0.9965,2026-09-24 14:07:28
4f0b472d-33c8-50f0-847d-6060ab4f4f7c,f9dca3f2-796f-5d3c-9b99-517675bf236e,189.3.16,189,2,3,16,"[117.0, 69.0, 986.0, 904.0]",List-Group,"Léveillé, rue N.-des-Petits-Champs, 55.  ",ENTRY,"<SUBJ>Léveillé</SUBJ>, <ADDR>rue N.-des-Petits-Champs, 55.</ADDR>",1,0,1,1.0000,,B-ENTRY,B-ENTRY,model,0.9953,2026-09-24 14:07:28
a998b6c3-7582-5cf7-a177-7dd3a243e8b2,f9dca3f2-796f-5d3c-9b99-517675bf236e,189.3.17,189,2,3,17,"[117.0, 69.0, 986.0, 904.0]",List-Group,"Leviers, rue de Richelieu, 15.  ",ENTRY,"<SUBJ>Leviers</SUBJ>, <ADDR>rue de Richelieu, 15.</ADDR>",1,0,1,1.0000,,B-ENTRY,B-ENTRY,human,1.0,2026-09-24 14:07:18
fe80a64d-5c57-5d72-ae7e-ae4b32ef3dd4,f9dca3f2-796f-5d3c-9b99-517675bf236e,189.3.18,189,2,3,18,"[117.0, 69.0, 986.0, 904.0]",List-Group,"Levraud jeune, rue d'Argenteuil, 7.  ",ENTRY,"<SUBJ>Levraud jeune</SUBJ>, <ADDR>rue d'Argenteuil, 7.</ADDR>",1,0,1,1.0000,,B-ENTRY,B-ENTRY,human,1.0,2026-09-24 14:07:18
bc1a9c82-2fe0-5b3a-8fa8-e102b5208015,f9dca3f2-796f-5d3c-9b99-517675bf236e,189.3.19,189,2,3,19,"[117.0, 69.0, 986.0, 904.0]",List-Group,"Leys, rue Poupée, 22.  ",ENTRY,"<SUBJ>Leys</SUBJ>, <ADDR>rue Poupée, 22.</ADDR>",1,0,1,1.0000,,B-ENTRY,B-ENTRY,model,0.9963,2026-09-24 14:07:28
bc2a219b-ce14-5987-96a4-30b99e9da287,f9dca3f2-796f-5d3c-9b99-517675bf236e,189.3.20,189,2,3,20,"[117.0, 69.0, 986.0, 904.0]",List-Group,"Lherminier, rue Caumartin, 14.  ",ENTRY,"<SUBJ>Lherminier</SUBJ>, <ADDR>rue Caumartin, 14.</ADDR>",1,0,1,1.0000,,B-ENTRY,B-ENTRY,model,0.9963,2026-09-24 14:07:28
ce53fd92-bb49-5647-af73-e96f7f3a0e8e,f9dca3f2-796f-5d3c-9b99-517675bf236e,189.3.21,189,2,3,21,"[117.0, 69.0, 986.0, 904.0]",List-Group,"Lobinhes, rue N.-St.-Augustin, 25.  ",ENTRY,"<SUBJ>Lobinhes</SUBJ>, <ADDR>rue N.-St.-Augustin, 25.</ADDR>",1,0,1,1.0000,,B-ENTRY,B-ENTRY,model,0.9953,2026-09-24 14:07:28
973fb37b-b11b-51e2-abfc-27974ab1f322,f9dca3f2-796f-5d3c-9b99-517675bf236e,189.3.22,189,2,3,22,"[117.0, 69.0, 986.0, 904.0]",List-Group,"Loniche-Desfontaines, rue de Seine-Saint-Victor, 55.  ",ENTRY,"<SUBJ>Loniche-Desfontaines</SUBJ>, <ADDR>rue de Seine-Saint-Victor, 55.</ADDR>",1,0,1,1.0000,,B-ENTRY,B-ENTRY,model,0.9971,2026-09-24 14:07:28
93d416d5-a3be-5a9b-a27c-4ebdc1171138,f9dca3f2-796f-5d3c-9b99-517675bf236e,189.3.23,189,2,3,23,"[117.0, 69.0, 986.0, 904.0]",List-Group,"Loiseleur des Longchamps, rue de Jouy, 8.  ",ENTRY,"<SUBJ>Loiseleur des Longchamps</SUBJ>, <ADDR>rue de Jouy, 8.</ADDR>",1,0,1,1.0000,,B-ENTRY,B-ENTRY,model,0.9933,2026-09-24 14:07:28
df1c0229-42e8-5184-b03c-134f6f289708,f9dca3f2-796f-5d3c-9b99-517675bf236e,189.3.24,189,2,3,24,"[117.0, 69.0, 986.0, 904.0]",List-Group,"Louis, rue St.-Honoré, 69.  ",ENTRY,"<SUBJ>Louis</SUBJ>, <ADDR>rue St.-Honoré, 69.</ADDR>",1,0,1,1.0000,,B-ENTRY,B-ENTRY,model,0.9975,2026-09-24 14:07:28
1094b30d-24bd-5b79-8c31-66bf8919d940,f9dca3f2-796f-5d3c-9b99-517675bf236e,189.3.25,189,2,3,25,"[117.0, 69.0, 986.0, 904.0]",List-Group,"Louyer-Villeray, rue du Temple, 105.  ",ENTRY,"<SUBJ>Louyer-Villeray</SUBJ>, <ADDR>rue du Temple, 105.</ADDR>",1,0,1,1.0000,,B-ENTRY,B-ENTRY,model,0.998,2026-09-24 14:07:28
c230a9f5-7cea-5856-b69b-ef46f59bc1dc,f9dca3f2-796f-5d3c-9b99-517675bf236e,189.3.26,189,2,3,26,"[117.0, 69.0, 986.0, 904.0]",List-Group,"Lullier, rue St.-Antoine, 71.  ",ENTRY,"<SUBJ>Lullier</SUBJ>, <ADDR>rue St.-Antoine, 71.</ADDR>",1,0,1,1.0000,,B-ENTRY,B-ENTRY,model,0.9975,2026-09-24 14:07:28
2e26feea-04a1-51dc-8bca-504fd36285c5,f9dca3f2-796f-5d3c-9b99-517675bf236e,189.3.27,189,2,3,27,"[117.0, 69.0, 986.0, 904.0]",List-Group,"Macartan, rue du Faub.-Poissonnière, 5.  ",ENTRY,"<SUBJ>Macartan</SUBJ>, <ADDR>rue du Faub.-Poissonnière, 5.</ADDR>",1,0,1,1.0000,,B-ENTRY,B-ENTRY,model,0.9959,2026-09-24 14:07:28
9062d96d-2bd1-50aa-bf81-3251f77b5a2e,f9dca3f2-796f-5d3c-9b99-517675bf236e,189.3.28,189,2,3,28,"[117.0, 69.0, 986.0, 904.0]",List-Group,"Mac-Mahom, rue des Postes, 55.  ",ENTRY,"<SUBJ>Mac-Mahom</SUBJ>, <ADDR>rue des Postes, 55.</ADDR>",1,0,1,1.0000,,B-ENTRY,B-ENTRY,model,0.998,2026-09-24 14:07:28
d7501f34-94ce-586c-ab76-e3d60ba5aa8d,f9dca3f2-796f-5d3c-9b99-517675bf236e,189.3.29,189,2,3,29,"[117.0, 69.0, 986.0, 904.0]",List-Group,"Madoré (J.), rue Neuve-S.-Martin, 28.  ",ENTRY,"<SUBJ>Madoré (J.)</SUBJ>, <ADDR>rue Neuve-S.-Martin, 28.</ADDR>",1,0,1,1.0000,,B-ENTRY,B-ENTRY,model,0.9929,2026-09-24 14:07:28
db62ff42-6752-56b6-be20-3ebada4836ee,f9dca3f2-796f-5d3c-9b99-517675bf236e,189.3.30,189,2,3,30,"[117.0, 69.0, 986.0, 904.0]",List-Group,"Maigrier, rue des Deux-Ecus, 58.  ",ENTRY,"<SUBJ>Maigrier</SUBJ>, <ADDR>rue des Deux-Ecus, 58.</ADDR>",1,0,1,1.0000,,B-ENTRY,B-ENTRY,model,0.9972,2026-09-24 14:07:28
c1aeab45-24ca-527a-a1e2-d2eb60fa2a27,f9dca3f2-796f-5d3c-9b99-517675bf236e,189.3.31,189,2,3,31,"[117.0, 69.0, 986.0, 904.0]",List-Group,"Maigrot, rue du Faub.-S.-Denis, 41.  ",ENTRY,"<SUBJ>Maigrot</SUBJ>, <ADDR>rue du Faub.-S.-Denis, 41.</ADDR>",1,0,1,1.0000,,B-ENTRY,B-ENTRY,human,1.0,2026-09-24 14:05:49
11f65f98-5fd6-5dfa-bb15-9c8dfed3ae5c,f9dca3f2-796f-5d3c-9b99-517675bf236e,189.3.32,189,2,3,32,"[117.0, 69.0, 986.0, 904.0]",List-Group,"Mailhol, rue des Mauvais-Garçons-Saint-Germain.  ",ENTRY,"<SUBJ>Mailhol</SUBJ>, <ADDR>rue des Mauvais-Garçons-Saint-Germain.</ADDR>",1,0,1,1.0000,,B-ENTRY,B-ENTRY,human,1.0,2026-09-24 14:05:49
7e6e08cb-22a4-5965-bd42-7f30d2076fee,f9dca3f2-796f-5d3c-9b99-517675bf236e,189.3.33,189,2,3,33,"[117.0, 69.0, 986.0, 904.0]",List-Group,"Maison, rue S.-Christophe, 1.  ",ENTRY,"<SUBJ>Maison</SUBJ>, <ADDR>rue S.-Christophe, 1.</ADDR>",1,0,1,1.0000,,B-ENTRY,B-ENTRY,model,0.9968,2026-09-24 14:07:28
fcbd3bf1-02c6-5783-aee3-8bc069744f82,f9dca3f2-796f-5d3c-9b99-517675bf236e,189.3.34,189,2,3,34,"[117.0, 69.0, 986.0, 904.0]",List-Group,"Mallet, rue de Jouy, 8.  ",ENTRY,"<SUBJ>Mallet</SUBJ>, <ADDR>rue de Jouy, 8.</ADDR>",1,0,1,1.0000,,B-ENTRY,B-ENTRY,model,0.9959,2026-09-24 14:07:28
f294e26d-0b24-5d00-90fe-ce27d4749706,f9dca3f2-796f-5d3c-9b99-517675bf236e,189.3.35,189,2,3,35,"[117.0, 69.0, 986.0, 904.0]",List-Group,"Maloet, rue Neuve-St.-Augustin, 37.  ",ENTRY,"<SUBJ>Maloet</SUBJ>, <ADDR>rue Neuve-St.-Augustin, 37.</ADDR>",1,0,1,1.0000,,B-ENTRY,B-ENTRY,model,0.9963,2026-09-24 14:07:28
ab4e43be-0b0c-5ba9-9b8d-904cd2a56585,f9dca3f2-796f-5d3c-9b99-517675bf236e,189.3.36,189,2,3,36,"[117.0, 69.0, 986.0, 904.0]",List-Group,"Marcescheau, rue du Hazard, 15.  ",ENTRY,"<SUBJ>Marcescheau</SUBJ>, <ADDR>rue du Hazard, 15.</ADDR>",1,0,1,1.0000,,B-ENTRY,B-ENTRY,model,0.9959,2026-09-24 14:07:28
b73247de-8182-504e-ac18-c34c770176e2,f9dca3f2-796f-5d3c-9b99-517675bf236e,189.3.37,189,2,3,37,"[117.0, 69.0, 986.0, 904.0]",List-Group,"Marie, rue N.-D.-des-Victoires, 40.  ",ENTRY,"<SUBJ>Marie</SUBJ>, <ADDR>rue N.-D.-des-Victoires, 40.</ADDR>",1,0,1,1.0000,,B-ENTRY,B-ENTRY,model,0.9953,2026-09-24 14:07:28
0c31b774-66fe-52ff-9ee0-a5c810b1123a,f9dca3f2-796f-5d3c-9b99-517675bf236e,189.3.38,189,2,3,38,"[117.0, 69.0, 986.0, 904.0]",List-Group,"Marie-S.-Ursin, rue des SS.-Pères, 5.  ",ENTRY,"<SUBJ>Marie-S.-Ursin</SUBJ>, <ADDR>rue des SS.-Pères, 5.</ADDR>",1,0,1,1.0000,,B-ENTRY,B-ENTRY,model,0.9949,2026-09-24 14:07:28
f0c722b9-8ebb-553f-b9f7-ffd6920f2e36,f9dca3f2-796f-5d3c-9b99-517675bf236e,189.3.39,189,2,3,39,"[117.0, 69.0, 986.0, 904.0]",List-Group,"Marinier, rue du Théâtre-Français, 11.  ",ENTRY,"<SUBJ>Marinier</SUBJ>, <ADDR>rue du Théâtre-Français, 11.</ADDR>",1,0,1,1.0000,,B-ENTRY,B-ENTRY,model,0.9972,2026-09-24 14:07:28
9b40f24b-4542-5a1e-a823-8849d4bb5457,f9dca3f2-796f-5d3c-9b99-517675bf236e,189.3.40,189,2,3,40,"[117.0, 69.0, 986.0, 904.0]",List-Group,"Markoswki, rue N.-S.-Roch, 59.  ",ENTRY,"<SUBJ>Markoswki</SUBJ>, <ADDR>rue N.-S.-Roch, 59.</ADDR>",1,0,1,1.0000,,B-ENTRY,B-ENTRY,model,0.9953,2026-09-24 14:07:28
a87ddcc3-68c6-5265-8db8-792bd5592f9a,f9dca3f2-796f-5d3c-9b99-517675bf236e,189.3.41,189,2,3,41,"[117.0, 69.0, 986.0, 904.0]",List-Group,"Marquis, rue N.-des-Petits-Champs, 14.  ",ENTRY,"<SUBJ>Marquis</SUBJ>, <ADDR>rue N.-des-Petits-Champs, 14.</ADDR>",1,0,1,1.0000,,B-ENTRY,B-ENTRY,model,0.9953,2026-09-24 14:07:28
b9972e75-e29e-515a-8543-65df6ce2d895,f9dca3f2-796f-5d3c-9b99-517675bf236e,189.3.42,189,2,3,42,"[117.0, 69.0, 986.0, 904.0]",List-Group,"Marre, rue de la Poterie.  ",ENTRY,"<SUBJ>Marre</SUBJ>, <ADDR>rue de la Poterie.</ADDR>",1,0,1,1.0000,,B-ENTRY,B-ENTRY,model,0.9918,2026-09-24 14:07:28
7b6c285f-f1f6-5be4-ae21-e3d1a7e2ecfa,f9dca3f2-796f-5d3c-9b99-517675bf236e,189.3.43,189,2,3,43,"[117.0, 69.0, 986.0, 904.0]",List-Group,"Marye, rue des Noyers, 52.  ",ENTRY,"<SUBJ>Marye</SUBJ>, <ADDR>rue des Noyers, 52.</ADDR>",1,0,1,1.0000,,B-ENTRY,B-ENTRY,model,0.9959,2026-09-24 14:07:28
4f8f88f9-e5dc-5c8c-9eb8-fd2bb04ade68,f9dca3f2-796f-5d3c-9b99-517675bf236e,189.3.44,189,2,3,44,"[117.0, 69.0, 986.0, 904.0]",List-Group,"Menuret, rue du Bacq, 40.  ",ENTRY,"<SUBJ>Menuret</SUBJ>, <ADDR>rue du Bacq, 40.</ADDR>",1,0,1,1.0000,,B-ENTRY,B-ENTRY,model,0.9959,2026-09-24 14:07:28
88303436-13a3-5401-834f-fdee8fac3d04,f9dca3f2-796f-5d3c-9b99-517675bf236e,189.3.45,189,2,3,45,"[117.0, 69.0, 986.0, 904.0]",List-Group,"Mercier, rue Montorgueil, 34.  ",ENTRY,"<SUBJ>Mercier</SUBJ>, <ADDR>rue Montorgueil, 34.</ADDR>",1,0,1,1.0000,,B-ENTRY,B-ENTRY,model,0.9963,2026-09-24 14:07:28
48b0c7d1-8eb0-5427-9519-6fb1283f50a4,f9dca3f2-796f-5d3c-9b99-517675bf236e,189.3.46,189,2,3,46,"[117.0, 69.0, 986.0, 904.0]",List-Group,"Mestais, rue des Fossés-S.-Victor, 20.  ",ENTRY,"<SUBJ>Mestais</SUBJ>, <ADDR>rue des Fossés-S.-Victor, 20.</ADDR>",1,0,1,1.0000,,B-ENTRY,B-ENTRY,model,0.9959,2026-09-24 14:07:28
f2cd3cba-6bb3-5e02-8231-c528f71b2dad,f9dca3f2-796f-5d3c-9b99-517675bf236e,189.3.47,189,2,3,47,"[117.0, 69.0, 986.0, 904.0]",List-Group,"Milon-Redemayer (L. A.), rue St.-Sébastien, 52.  ",ENTRY,"<SUBJ>Milon-Redemayer (L. A.)</SUBJ>, <ADDR>rue St.-Sébastien, 52.</ADDR>",1,0,1,1.0000,,B-ENTRY,B-ENTRY,model,0.9972,2026-09-24 14:07:28
a7392e50-239e-52a5-8b76-1d1d8247945d,f9dca3f2-796f-5d3c-9b99-517675bf236e,189.3.48,189,2,3,48,"[117.0, 69.0, 986.0, 904.0]",List-Group,"Miquel Neuville, place d'Iena, 12.  ",ENTRY,"<SUBJ>Miquel Neuville</SUBJ>, <ADDR>place d'Iena, 12.</ADDR>",1,0,1,1.0000,,B-ENTRY,B-ENTRY,model,0.996,2026-09-24 14:07:28
2974cea8-644e-5643-970f-9825de098136,f9dca3f2-796f-5d3c-9b99-517675bf236e,189.3.49,189,2,3,49,"[117.0, 69.0, 986.0, 904.0]",List-Group,"Molet, rue N.-du-Luxembourg, 25.  ",ENTRY,"<SUBJ>Molet</SUBJ>, <ADDR>rue N.-du-Luxembourg, 25.</ADDR>",1,0,1,1.0000,,B-ENTRY,B-ENTRY,model,0.9953,2026-09-24 14:07:28
20cb7a74-e427-5fa2-a858-f6c141cca531,f9dca3f2-796f-5d3c-9b99-517675bf236e,189.3.50,189,2,3,50,"[117.0, 69.0, 986.0, 904.0]",List-Group,"Mongenot, rue du Four-S.-Germain, 47.  ",ENTRY,"<SUBJ>Mongenot</SUBJ>, <ADDR>rue du Four-S.-Germain, 47.</ADDR>",1,0,1,1.0000,,B-ENTRY,B-ENTRY,model,0.9959,2026-09-24 14:07:28
c0b02f10-0f34-556a-85b3-89f04077429b,f9dca3f2-796f-5d3c-9b99-517675bf236e,189.3.51,189,2,3,51,"[117.0, 69.0, 986.0, 904.0]",List-Group,"Montaigu, rue des Grands-Augustins, 5.  ",ENTRY,"<SUBJ>Montaigu</SUBJ>, <ADDR>rue des Grands-Augustins, 5.</ADDR>",1,0,1,1.0000,,B-ENTRY,B-ENTRY,human,1.0,2026-09-24 14:06:04
a70ce61c-47f4-5aee-a6c4-5de676623fd9,f9dca3f2-796f-5d3c-9b99-517675bf236e,189.3.52,189,2,3,52,"[117.0, 69.0, 986.0, 904.0]",List-Group,"Montaubin-Duchesne, rue Poissonnière, près le boulevard.  ",ENTRY,"<SUBJ>Montaubin-Duchesne</SUBJ>, <ADDR>rue Poissonnière, près le boulevard.</ADDR>",1,0,1,1.0000,,B-ENTRY,B-ENTRY,human,1.0,2026-09-24 14:06:04
d89755be-f89e-5e33-8127-033986d94b18,f9dca3f2-796f-5d3c-9b99-517675bf236e,189.3.53,189,2,3,53,"[117.0, 69.0, 986.0, 904.0]",List-Group,"Morillon, rue d'Aboukir, 17.  ",ENTRY,"<SUBJ>Morillon</SUBJ>, <ADDR>rue d'Aboukir, 17.</ADDR>",1,0,1,1.0000,,B-ENTRY,B-ENTRY,model,0.9959,2026-09-24 14:07:28
31eead1e-27f4-5e91-a2e7-ee6c26b1c5f0,f9dca3f2-796f-5d3c-9b99-517675bf236e,189.3.54,189,2,3,54,"[117.0, 69.0, 986.0, 904.0]",List-Group,"Mouillet, rue S.-Martin, 65.  ",ENTRY,"<SUBJ>Mouillet</SUBJ>, <ADDR>rue S.-Martin, 65.</ADDR>",1,0,1,1.0000,,B-ENTRY,B-ENTRY,model,0.9968,2026-09-24 14:07:28
773f5560-604d-5da9-a144-c454b7d26790,f9dca3f2-796f-5d3c-9b99-517675bf236e,189.3.55,189,2,3,55,"[117.0, 69.0, 986.0, 904.0]",List-Group,"Moore, rue des Deux-Portes-S.-Sauveur.  ",ENTRY,"<SUBJ>Moore</SUBJ>, <ADDR>rue des Deux-Portes-S.-Sauveur.</ADDR>",1,0,1,1.0000,,B-ENTRY,B-ENTRY,human,1.0,2026-09-24 14:06:36
ec4807a4-d9a6-55de-89c1-317f0f1dd756,f9dca3f2-796f-5d3c-9b99-517675bf236e,189.3.56,189,2,3,56,"[117.0, 69.0, 986.0, 904.0]",List-Group,"Murat, boulevard de l'Hôpital, à l'hôpital.  ",ENTRY,"<SUBJ>Murat</SUBJ>, <ADDR>boulevard de l'Hôpital, à l'hôpital.</ADDR>",1,0,1,1.0000,,B-ENTRY,B-ENTRY,human,1.0,2026-09-24 14:06:36
d86387b3-481a-5d07-9f44-11ebde6def52,f9dca3f2-796f-5d3c-9b99-517675bf236e,189.3.57,189,2,3,57,"[117.0, 69.0, 986.0, 904.0]",List-Group,"Nacquart, rue d'Anjou, 25, au Marais.  ",ENTRY,"<SUBJ>Nacquart</SUBJ>, <ADDR>rue d'Anjou, 25, au Marais.</ADDR>",1,0,1,1.0000,,B-ENTRY,B-ENTRY,model,0.9921,2026-09-24 14:07:28
f01eb011-0c0c-5ab7-a76f-2adf749b319e,f9dca3f2-796f-5d3c-9b99-517675bf236e,189.3.58,189,2,3,58,"[117.0, 69.0, 986.0, 904.0]",List-Group,"Nauche, rue du Bouloy, 8.  ",ENTRY,"<SUBJ>Nauche</SUBJ>, <ADDR>rue du Bouloy, 8.</ADDR>",1,0,1,1.0000,,B-ENTRY,B-ENTRY,model,0.9959,2026-09-24 14:07:28
6af18076-52a9-5fa9-9be2-e07f30256d87,f9dca3f2-796f-5d3c-9b99-517675bf236e,189.3.59,189,2,3,59,"[117.0, 69.0, 986.0, 904.0]",List-Group,"Naudin, rue des Grands-Augustins, 5.  ",ENTRY,"<SUBJ>Naudin</SUBJ>, <ADDR>rue des Grands-Augustins, 5.</ADDR>",1,0,1,1.0000,,B-ENTRY,B-ENTRY,model,0.9972,2026-09-24 14:07:28
5ef00109-abdd-544b-8f53-6f0a22a693fa,f9dca3f2-796f-5d3c-9b99-517675bf236e,189.3.60,189,2,3,60,"[117.0, 69.0, 986.0, 904.0]",List-Group,"Newbourg, rue S.-Honoré, 355.  ",ENTRY,"<SUBJ>Newbourg</SUBJ>, <ADDR>rue S.-Honoré, 355.</ADDR>",1,0,1,1.0000,,B-ENTRY,B-ENTRY,model,0.9968,2026-09-24 14:07:28
9e28e883-e512-5f63-bce7-57cf2af83f4e,f9dca3f2-796f-5d3c-9b99-517675bf236e,189.3.61,189,2,3,61,"[117.0, 69.0, 986.0, 904.0]",List-Group,"Nolan, rue du Petit-Carreau, 15.  ",ENTRY,"<SUBJ>Nolan</SUBJ>, <ADDR>rue du Petit-Carreau, 15.</ADDR>",1,0,1,1.0000,,B-ENTRY,B-ENTRY,model,0.9972,2026-09-24 14:07:28
4391b532-2197-5b6c-9812-bc9170d6e68e,f9dca3f2-796f-5d3c-9b99-517675bf236e,189.3.62,189,2,3,62,"[117.0, 69.0, 986.0, 904.0]",List-Group,"Pagès, rue du Four-S.-Germain, 17.  ",ENTRY,"<SUBJ>Pagès</SUBJ>, <ADDR>rue du Four-S.-Germain, 17.</ADDR>",1,0,1,1.0000,,B-ENTRY,B-ENTRY,model,0.9959,2026-09-24 14:07:28
0e419ae9-3630-56aa-b900-23e57bd901d7,f9dca3f2-796f-5d3c-9b99-517675bf236e,189.3.63,189,2,3,63,"[117.0, 69.0, 986.0, 904.0]",List-Group,"Parfait, rue Taitbout, 7.  ",ENTRY,"<SUBJ>Parfait</SUBJ>, <ADDR>rue Taitbout, 7.</ADDR>",1,0,1,1.0000,,B-ENTRY,B-ENTRY,model,0.9963,2026-09-24 14:07:28
08766bbe-7c57-55bd-b8ed-3923531aa2d7,f9dca3f2-796f-5d3c-9b99-517675bf236e,189.3.64,189,2,3,64,"[117.0, 69.0, 986.0, 904.0]",List-Group,"Paschalis, rue Helvétius, 16.  ",ENTRY,"<SUBJ>Paschalis</SUBJ>, <ADDR>rue Helvétius, 16.</ADDR>",1,0,1,1.0000,,B-ENTRY,B-ENTRY,model,0.9963,2026-09-24 14:07:28
f2abf299-1984-51a6-b98e-e8105f535101,f9dca3f2-796f-5d3c-9b99-517675bf236e,189.3.65,189,2,3,65,"[117.0, 69.0, 986.0, 904.0]",List-Group,"Paly-Rasch, aux Invalides.  ",ENTRY,"<SUBJ>Paly-Rasch</SUBJ>, <ADDR>aux Invalides.</ADDR>",1,0,1,1.0000,,B-ENTRY,B-ENTRY,model,0.9948,2026-09-24 14:07:28
e0289a91-efb2-5fad-85a7-3b1bf880883d,f9dca3f2-796f-5d3c-9b99-517675bf236e,189.3.66,189,2,3,66,"[117.0, 69.0, 986.0, 904.0]",List-Group,"Paulet, rue S.-Dominique-Gros-Caillou, 11.  ",ENTRY,"<SUBJ>Paulet</SUBJ>, <ADDR>rue S.-Dominique-Gros-Caillou, 11.</ADDR>",1,0,1,1.0000,,B-ENTRY,B-ENTRY,human,1.0,2026-09-24 14:06:38
21e8f6a6-0f99-57ca-98fc-e975966fe257,f9dca3f2-796f-5d3c-9b99-517675bf236e,189.3.67,189,2,3,67,"[117.0, 69.0, 986.0, 904.0]",List-Group,"Pautier de la Brenille, rue N.-des-Capucines, 2.  ",ENTRY,"<SUBJ>Pautier de la Brenille</SUBJ>, <ADDR>rue N.-des-Capucines, 2.</ADDR>",1,0,1,1.0000,,B-ENTRY,B-ENTRY,human,1.0,2026-09-24 14:06:38
646f3d19-7e72-5018-b2ca-bbb94d4d26b3,f9dca3f2-796f-5d3c-9b99-517675bf236e,189.3.68,189,2,3,68,"[117.0, 69.0, 986.0, 904.0]",List-Group,"Petit, rue des Fossés-M.-le-Prince, 25.  ",ENTRY,"<SUBJ>Petit</SUBJ>, <ADDR>rue des Fossés-M.-le-Prince, 25.</ADDR>",1,0,1,1.0000,,B-ENTRY,B-ENTRY,model,0.996,2026-09-24 14:07:28
6af80fb5-a41e-5fbd-8607-ed725ed8b3a9,f9dca3f2-796f-5d3c-9b99-517675bf236e,189.3.69,189,2,3,69,"[117.0, 69.0, 986.0, 904.0]",List-Group,"Petit Radel, rue du Jardin, 1.  ",ENTRY,"<SUBJ>Petit Radel</SUBJ>, <ADDR>rue du Jardin, 1.</ADDR>",1,0,1,1.0000,,B-ENTRY,B-ENTRY,model,0.9941,2026-09-24 14:07:28
04693b7a-2e68-5820-b7f7-0be8ecfaee00,f9dca3f2-796f-5d3c-9b99-517675bf236e,189.3.70,189,2,3,70,"[117.0, 69.0, 986.0, 904.0]",List-Group,"Peyre (*médecin de la princesse Pauline*), rue de Surène, 19.  ",ENTRY,"<SUBJ>Peyre</SUBJ> <DESC>(*médecin de la princesse Pauline*)</DESC>, <ADDR>rue de Surène, 19.</ADDR>",1,1,1,1.0000,,B-ENTRY,B-ENTRY,human,1.0,2026-09-24 14:06:24
0fa43f5a-43f9-5c96-83e0-07329e853036,f9dca3f2-796f-5d3c-9b99-517675bf236e,189.3.71,189,2,3,71,"[117.0, 69.0, 986.0, 904.0]",List-Group,"Pinel (*médecin de l'hospice de la Salpétrière*), à l'hospice.  ",ENTRY,"<SUBJ>Pinel</SUBJ> <DESC>(*médecin de l'hospice de la Salpétrière*)</DESC>, à l'hospice.",1,1,0,0.9911,texte non couvert,B-ENTRY,B-ENTRY,human,1.0,2026-09-24 14:06:24
2714235f-7bfa-5dde-a43b-de82099bf75b,f9dca3f2-796f-5d3c-9b99-517675bf236e,189.3.72,189,2,3,72,"[117.0, 69.0, 986.0, 904.0]",List-Group,"Piron, rue des Martyrs, 58.  ",ENTRY,"<SUBJ>Piron</SUBJ>, <ADDR>rue des Martyrs, 58.</ADDR>",1,0,1,1.0000,,B-ENTRY,B-ENTRY,model,0.996,2026-09-24 14:07:28
d21f11c2-ca1f-5c77-9e43-1d6c9d4ef2a7,f9dca3f2-796f-5d3c-9b99-517675bf236e,189.3.73,189,2,3,73,"[117.0, 69.0, 986.0, 904.0]",List-Group,"Portal, rue Pavée-S.-André, 5.  ",ENTRY,"<SUBJ>Portal</SUBJ>, <ADDR>rue Pavée-S.-André, 5.</ADDR>",1,0,1,1.0000,,B-ENTRY,B-ENTRY,model,0.9963,2026-09-24 14:07:28
c3d2211e-599d-59af-9c07-5064868bf061,f9dca3f2-796f-5d3c-9b99-517675bf236e,189.3.74,189,2,3,74,"[117.0, 69.0, 986.0, 904.0]",List-Group,"Potel, rue Beaurepaire, 22.  ",ENTRY,"<SUBJ>Potel</SUBJ>, <ADDR>rue Beaurepaire, 22.</ADDR>",1,0,1,1.0000,,B-ENTRY,B-ENTRY,model,0.9963,2026-09-24 14:07:28
d6813e03-fe88-59a6-8ab3-892d67bc963d,f9dca3f2-796f-5d3c-9b99-517675bf236e,189.3.75,189,2,3,75,"[117.0, 69.0, 986.0, 904.0]",List-Group,"Porcher, quai des Miramionnes, 9.  ",ENTRY,"<SUBJ>Porcher</SUBJ>, <ADDR>quai des Miramionnes, 9.</ADDR>",1,0,1,1.0000,,B-ENTRY,B-ENTRY,model,0.9959,2026-09-24 14:07:28
18ea32e4-eb8e-585b-a562-96e0c43c8b87,f9dca3f2-796f-5d3c-9b99-517675bf236e,189.3.76,189,2,3,76,"[117.0, 69.0, 986.0, 904.0]",List-Group,"Prat, rue S.-Marc, 21.  ",ENTRY,"<SUBJ>Prat</SUBJ>, <ADDR>rue S.-Marc, 21.</ADDR>",1,0,1,1.0000,,B-ENTRY,B-ENTRY,model,0.9968,2026-09-24 14:07:28
68f3db24-5992-51c9-a9f1-8dc14e75b215,f9dca3f2-796f-5d3c-9b99-517675bf236e,189.3.77,189,2,3,77,"[117.0, 69.0, 986.0, 904.0]",List-Group,"Pressac, rue Bourtibourg, 25.  ",ENTRY,"<SUBJ>Pressac</SUBJ>, <ADDR>rue Bourtibourg, 25.</ADDR>",1,0,1,1.0000,,B-ENTRY,B-ENTRY,model,0.9963,2026-09-24 14:07:28
d689efcb-7064-5b49-a74d-ae8d72054461,f9dca3f2-796f-5d3c-9b99-517675bf236e,189.3.78,189,2,3,78,"[117.0, 69.0, 986.0, 904.0]",List-Group,"Prost, quai de la Mégisserie.  ",ENTRY,"<SUBJ>Prost</SUBJ>, <ADDR>quai de la Mégisserie.</ADDR>",1,0,1,1.0000,,B-ENTRY,B-ENTRY,human,1.0,2026-09-24 14:06:33
9ec95fea-957b-5d87-ae8c-762f83867791,f9dca3f2-796f-5d3c-9b99-517675bf236e,189.3.79,189,2,3,79,"[117.0, 69.0, 986.0, 904.0]",List-Group,"Prevost de Saint-Cyr, rue du Vieux-Colombier.  ",ENTRY,"<SUBJ>Prevost de Saint-Cyr</SUBJ>, <ADDR>rue du Vieux-Colombier.</ADDR>",1,0,1,1.0000,,B-ENTRY,B-ENTRY,human,1.0,2026-09-24 14:06:33
341dff6e-9d21-5a9c-a96c-dbd8f8804657,f9dca3f2-796f-5d3c-9b99-517675bf236e,189.3.80,189,2,3,80,"[117.0, 69.0, 986.0, 904.0]",List-Group,"Pujos, rue du Grand-Heurleur, 25.  ",ENTRY,"<SUBJ>Pujos</SUBJ>, <ADDR>rue du Grand-Heurleur, 25.</ADDR>",1,0,1,1.0000,,B-ENTRY,B-ENTRY,model,0.9972,2026-09-24 14:07:28
588f1ae4-ae75-5175-9d3a-f2a8bc507a64,f9dca3f2-796f-5d3c-9b99-517675bf236e,189.3.81,189,2,3,81,"[117.0, 69.0, 986.0, 904.0]",List-Group,"Raynaud, rue du Théâtre-Français, 20.  ",ENTRY,"<SUBJ>Raynaud</SUBJ>, <ADDR>rue du Théâtre-Français, 20.</ADDR>",1,0,1,1.0000,,B-ENTRY,B-ENTRY,model,0.9972,2026-09-24 14:07:28
a480af28-0136-51e7-bb45-00260d450270,f9dca3f2-796f-5d3c-9b99-517675bf236e,189.3.82,189,2,3,82,"[117.0, 69.0, 986.0, 904.0]",List-Group,"Recamier, rue S.-Honoré, 319.  ",ENTRY,"<SUBJ>Recamier</SUBJ>, <ADDR>rue S.-Honoré, 319.</ADDR>",1,0,1,1.0000,,B-ENTRY,B-ENTRY,model,0.9968,2026-09-24 14:07:28
7a579e7a-39c5-5017-9409-dda613aca413,f9dca3f2-796f-5d3c-9b99-517675bf236e,189.3.83,189,2,3,83,"[117.0, 69.0, 986.0, 904.0]",List-Group,"Reis, rue de la Ferme-des-Mathurins, 4.  ",ENTRY,"<SUBJ>Reis</SUBJ>, <ADDR>rue de la Ferme-des-Mathurins, 4.</ADDR>",1,0,1,1.0000,,B-ENTRY,B-ENTRY,model,0.9959,2026-09-24 14:07:28
2792ec6c-4bc6-5f5b-a2bb-ca446122d73a,f9dca3f2-796f-5d3c-9b99-517675bf236e,189.3.84,189,2,3,84,"[117.0, 69.0, 986.0, 904.0]",List-Group,"Renauldin, rue Taitbout, 14.  ",ENTRY,"<SUBJ>Renauldin</SUBJ>, <ADDR>rue Taitbout, 14.</ADDR>",1,0,1,1.0000,,B-ENTRY,B-ENTRY,model,0.9963,2026-09-24 14:07:28
297b29ce-8b7a-54c8-a984-9623111eddf9,f9dca3f2-796f-5d3c-9b99-517675bf236e,189.3.85,189,2,3,85,"[117.0, 69.0, 986.0, 904.0]",List-Group,"Romerode-Terreros, quai Voltaire, 5.  ",ENTRY,"<SUBJ>Romerode-Terreros</SUBJ>, <ADDR>quai Voltaire, 5.</ADDR>",1,0,1,1.0000,,B-ENTRY,B-ENTRY,human,1.0,2026-09-24 14:06:27
d983a409-ce9f-50fc-bc8b-85b95f7cfd78,f9dca3f2-796f-5d3c-9b99-517675bf236e,189.3.86,189,2,3,86,"[117.0, 69.0, 986.0, 904.0]",List-Group,"Rougeot, rue du Faub.-St. Antoine, près la place.  ",ENTRY,"<SUBJ>Rougeot</SUBJ>, <ADDR>rue du Faub.-St. Antoine, près la place.</ADDR>",1,0,1,1.0000,,B-ENTRY,B-ENTRY,human,1.0,2026-09-24 14:06:27
f4e3615c-a64c-55f6-9953-25a9de342afc,f9dca3f2-796f-5d3c-9b99-517675bf236e,189.3.87,189,2,3,87,"[117.0, 69.0, 986.0, 904.0]",List-Group,"Rousset-Duchez, rue S.-Jacques, 264.  ",ENTRY,"<SUBJ>Rousset-Duchez</SUBJ>, <ADDR>rue S.-Jacques, 264.</ADDR>",1,0,1,1.0000,,B-ENTRY,B-ENTRY,human,1.0,2026-09-24 14:07:12
b92cfbdb-29d7-5e33-966f-4e41967e7400,f9dca3f2-796f-5d3c-9b99-517675bf236e,189.3.88,189,2,3,88,"[117.0, 69.0, 986.0, 904.0]",List-Group,"Roussille de Chamseru, rue Favart, 8.  ",ENTRY,"<SUBJ>Roussille de Chamseru</SUBJ>, <ADDR>rue Favart, 8.</ADDR>",1,0,1,1.0000,,B-ENTRY,B-ENTRY,human,1.0,2026-09-24 14:07:12
ff39b491-e657-5021-aeae-beb3c9ab3ea0,f9dca3f2-796f-5d3c-9b99-517675bf236e,189.3.89,189,2,3,89,"[117.0, 69.0, 986.0, 904.0]",List-Group,"Roy, place de l'Ecole, 5.  ",ENTRY,"<SUBJ>Roy</SUBJ>, <ADDR>place de l'Ecole, 5.</ADDR>",1,0,1,1.0000,,B-ENTRY,B-ENTRY,model,0.9972,2026-09-24 14:07:28
f5eeaac8-0a8b-5c30-920c-d2c55db6b50f,f9dca3f2-796f-5d3c-9b99-517675bf236e,189.3.90,189,2,3,90,"[117.0, 69.0, 986.0, 904.0]",List-Group,"Saiffert, rue S.-Dominique-S.-Germain, 25.  ",ENTRY,"<SUBJ>Saiffert</SUBJ>, <ADDR>rue S.-Dominique-S.-Germain, 25.</ADDR>",1,0,1,1.0000,,B-ENTRY,B-ENTRY,model,0.9953,2026-09-24 14:07:28
a3f110de-09f1-5c4a-a9fd-287d47446702,f9dca3f2-796f-5d3c-9b99-517675bf236e,189.3.91,189,2,3,91,"[117.0, 69.0, 986.0, 904.0]",List-Group,"Salmade, rue de la Concorde, 8.  ",ENTRY,"<SUBJ>Salmade</SUBJ>, <ADDR>rue de la Concorde, 8.</ADDR>",1,0,1,1.0000,,B-ENTRY,B-ENTRY,model,0.9959,2026-09-24 14:07:28
6f93eb78-171d-54a0-b44e-18edc2f05af5,f9dca3f2-796f-5d3c-9b99-517675bf236e,189.3.92,189,2,3,92,"[117.0, 69.0, 986.0, 904.0]",List-Group,"Salvage, rue de Lille, 11.  ",ENTRY,"<SUBJ>Salvage</SUBJ>, <ADDR>rue de Lille, 11.</ADDR>",1,0,1,1.0000,,B-ENTRY,B-ENTRY,model,0.9959,2026-09-24 14:07:28
28c0b852-fc53-5692-9849-bb61d5f65b8e,f9dca3f2-796f-5d3c-9b99-517675bf236e,189.3.93,189,2,3,93,"[117.0, 69.0, 986.0, 904.0]",List-Group,"Sarrazin, rue S.-Honoré, 218.  ",ENTRY,"<SUBJ>Sarrazin</SUBJ>, <ADDR>rue S.-Honoré, 218.</ADDR>",1,0,1,1.0000,,B-ENTRY,B-ENTRY,model,0.9968,2026-09-24 14:07:28
b39986a7-e7f5-5af8-98d7-830a87f4de97,f9dca3f2-796f-5d3c-9b99-517675bf236e,189.3.94,189,2,3,94,"[117.0, 69.0, 986.0, 904.0]",List-Group,"Savary, place de l'Estrapade, 11.  ",ENTRY,"<SUBJ>Savary</SUBJ>, <ADDR>place de l'Estrapade, 11.</ADDR>",1,0,1,1.0000,,B-ENTRY,B-ENTRY,model,0.9972,2026-09-24 14:07:28
97755769-7ecc-5740-8030-fe622293572d,f9dca3f2-796f-5d3c-9b99-517675bf236e,189.3.95,189,2,3,95,"[117.0, 69.0, 986.0, 904.0]",List-Group,"Schauffelberger, rue de Malte, 25.  ",ENTRY,"<SUBJ>Schauffelberger</SUBJ>, <ADDR>rue de Malte, 25.</ADDR>",1,0,1,1.0000,,B-ENTRY,B-ENTRY,model,0.9959,2026-09-24 14:07:28
7ca933c7-fbb7-5e86-9665-ecb45ddca3e4,f9dca3f2-796f-5d3c-9b99-517675bf236e,189.3.96,189,2,3,96,"[117.0, 69.0, 986.0, 904.0]",List-Group,"Ségard, rue Thévenot, 24.  ",ENTRY,"<SUBJ>Ségard</SUBJ>, <ADDR>rue Thévenot, 24.</ADDR>",1,0,1,1.0000,,B-ENTRY,B-ENTRY,model,0.9963,2026-09-24 14:07:28
605b5eba-3471-5e36-8295-ce581d18fe0c,f9dca3f2-796f-5d3c-9b99-517675bf236e,189.3.97,189,2,3,97,"[117.0, 69.0, 986.0, 904.0]",List-Group,"Sengense, rue Chabannais, 6.  ",ENTRY,"<SUBJ>Sengense</SUBJ>, <ADDR>rue Chabannais, 6.</ADDR>",1,0,1,1.0000,,B-ENTRY,B-ENTRY,model,0.9963,2026-09-24 14:07:28
d1a39511-af58-5450-85d9-effc8f3ac8de,f9dca3f2-796f-5d3c-9b99-517675bf236e,189.3.98,189,2,3,98,"[117.0, 69.0, 986.0, 904.0]",List-Group,"Sedillot (Jean), rue Favart, 6.  ",ENTRY,"<SUBJ>Sedillot (Jean)</SUBJ>, <ADDR>rue Favart, 6.</ADDR>",1,0,1,1.0000,,B-ENTRY,B-ENTRY,model,0.9971,2026-09-24 14:07:28
f889d28e-a836-5a7b-be59-489c424f56c8,f9dca3f2-796f-5d3c-9b99-517675bf236e,189.3.99,189,2,3,99,"[117.0, 69.0, 986.0, 904.0]",List-Group,"Sedillot (Jos.), rue Thibautodé, 16.  ",ENTRY,"<SUBJ>Sedillot (Jos.)</SUBJ>, <ADDR>rue Thibautodé, 16.</ADDR>",1,0,1,1.0000,,B-ENTRY,B-ENTRY,model,0.996,2026-09-24 14:07:28
fcafebe4-1330-516c-821e-e7050fad4af8,f9dca3f2-796f-5d3c-9b99-517675bf236e,189.3.100,189,2,3,100,"[117.0, 69.0, 986.0, 904.0]",List-Group,"Seguy, rue S.-Honoré, 226.  ",ENTRY,"<SUBJ>Seguy</SUBJ>, <ADDR>rue S.-Honoré, 226.</ADDR>",1,0,1,1.0000,,B-ENTRY,B-ENTRY,model,0.9968,2026-09-24 14:07:28
b9192fca-ada3-5413-aa76-33a7fe54f094,f9dca3f2-796f-5d3c-9b99-517675bf236e,189.3.101,189,2,3,101,"[117.0, 69.0, 986.0, 904.0]",List-Group,"Souchotte, rue de Vaugirard, 4.  ",ENTRY,"<SUBJ>Souchotte</SUBJ>, <ADDR>rue de Vaugirard, 4.</ADDR>",1,0,1,1.0000,,B-ENTRY,B-ENTRY,human,1.0,2026-09-24 14:06:45
088b81d2-b088-55e5-beff-707ab53b8ed0,f9dca3f2-796f-5d3c-9b99-517675bf236e,189.3.102,189,2,3,102,"[117.0, 69.0, 986.0, 904.0]",List-Group,"Sue jeune, rue de Surène, 5.  ",ENTRY,"<SUBJ>Sue jeune</SUBJ>, <ADDR>rue de Surène, 5.</ADDR>",1,0,1,1.0000,,B-ENTRY,B-ENTRY,human,1.0,2026-09-24 14:06:45
531c4062-a5ef-5e0d-8c60-fb7ef571a7f2,f9dca3f2-796f-5d3c-9b99-517675bf236e,189.3.103,189,2,3,103,"[117.0, 69.0, 986.0, 904.0]",List-Group,"Terrier, rue Poissonnière, 21.  ",ENTRY,"<SUBJ>Terrier</SUBJ>, <ADDR>rue Poissonnière, 21.</ADDR>",1,0,1,1.0000,,B-ENTRY,B-ENTRY,model,0.9963,2026-09-24 14:07:28
2e3c6c1c-22ac-5bb7-a236-6429087a4c28,f9dca3f2-796f-5d3c-9b99-517675bf236e,189.3.104,189,2,3,104,"[117.0, 69.0, 986.0, 904.0]",List-Group,"Tesnieres, rue Guisaerde-S.-Sulpice.  ",ENTRY,"<SUBJ>Tesnieres</SUBJ>, <ADDR>rue Guisaerde-S.-Sulpice.</ADDR>",1,0,1,1.0000,,B-ENTRY,B-ENTRY,model,0.9976,2026-09-24 14:07:28
bc2073e3-d19f-5e76-bfef-70d0139a58d6,f9dca3f2-796f-5d3c-9b99-517675bf236e,189.3.105,189,2,3,105,"[117.0, 69.0, 986.0, 904.0]",List-Group,"Tessier, rue de Condé, près l'Odéon.  ",ENTRY,"<SUBJ>Tessier</SUBJ>, <ADDR>rue de Condé, près l'Odéon.</ADDR>",1,0,1,1.0000,,B-ENTRY,B-ENTRY,model,0.9919,2026-09-24 14:07:28
6455e167-6696-5199-b87f-b7737dae9b6e,f9dca3f2-796f-5d3c-9b99-517675bf236e,189.3.106,189,2,3,106,"[117.0, 69.0, 986.0, 904.0]",List-Group,"Thery, rue Christine, 9.  ",ENTRY,"<SUBJ>Thery</SUBJ>, <ADDR>rue Christine, 9.</ADDR>",1,0,1,1.0000,,B-ENTRY,B-ENTRY,model,0.9963,2026-09-24 14:07:28
aea1480c-2555-5b5b-b300-c5343686032b,f9dca3f2-796f-5d3c-9b99-517675bf236e,189.3.107,189,2,3,107,"[117.0, 69.0, 986.0, 904.0]",List-Group,"Thibault, rue S.-Honoré, 358.  ",ENTRY,"<SUBJ>Thibault</SUBJ>, <ADDR>rue S.-Honoré, 358.</ADDR>",1,0,1,1.0000,,B-ENTRY,B-ENTRY,model,0.9968,2026-09-24 14:07:28
aa28e436-411b-5ce0-8de1-412d67ac0a24,f9dca3f2-796f-5d3c-9b99-517675bf236e,189.3.108,189,2,3,108,"[117.0, 69.0, 986.0, 904.0]",List-Group,"Thomas-d'Onglée, rue de Verneuil, 11.  ",ENTRY,"<SUBJ>Thomas-d'Onglée</SUBJ>, <ADDR>rue de Verneuil, 11.</ADDR>",1,0,1,1.0000,,B-ENTRY,B-ENTRY,model,0.9947,2026-09-24 14:07:28
07ce6a06-5b43-5495-9056-928c804597a4,f9dca3f2-796f-5d3c-9b99-517675bf236e,189.3.109,189,2,3,109,"[117.0, 69.0, 986.0, 904.0]",List-Group,"Thouret, *direct. de l'Ecole de Médecine*, à l'Ecole de Médecine.  ",ENTRY,"<SUBJ>Thouret</SUBJ>, *<DESC>direct. de l'Ecole de Médecine*, à l'Ecole de Médecine.</DESC>",1,1,0,0.9943,,B-ENTRY,B-ENTRY,model,0.9922,2026-09-24 14:07:28
d2480ad2-3652-5032-9a37-d3abc165c81e,f9dca3f2-796f-5d3c-9b99-517675bf236e,189.3.110,189,2,3,110,"[117.0, 69.0, 986.0, 904.0]",List-Group,"Tollard, place des Trois-Maries, 4.  ",ENTRY,"<SUBJ>Tollard</SUBJ>, <ADDR>place des Trois-Maries, 4.</ADDR>",1,0,1,1.0000,,B-ENTRY,B-ENTRY,model,0.9972,2026-09-24 14:07:28
e88e4773-97a3-50ba-8d1b-f4b0961b329e,f9dca3f2-796f-5d3c-9b99-517675bf236e,189.3.111,189,2,3,111,"[117.0, 69.0, 986.0, 904.0]",List-Group,"Tollard (H.), rue d'Amboise, 6.  ",ENTRY,"<SUBJ>Tollard (H.)</SUBJ>, <ADDR>rue d'Amboise, 6.</ADDR>",1,0,1,1.0000,,B-ENTRY,B-ENTRY,model,0.9929,2026-09-24 14:07:28
09a1f717-279e-5d9d-8c9a-23fcaf8c8626,f9dca3f2-796f-5d3c-9b99-517675bf236e,189.3.112,189,2,3,112,"[117.0, 69.0, 986.0, 904.0]",List-Group,"Tourlet, rue Mazarine, 48.  ",ENTRY,"<SUBJ>Tourlet</SUBJ>, <ADDR>rue Mazarine, 48.</ADDR>",1,0,1,1.0000,,B-ENTRY,B-ENTRY,model,0.9963,2026-09-24 14:07:28
41f916b6-e91f-54fb-88b8-ba97db2caf96,f9dca3f2-796f-5d3c-9b99-517675bf236e,189.3.113,189,2,3,113,"[117.0, 69.0, 986.0, 904.0]",List-Group,"Tranche-Lahaussé, rue du Mail, 1.  ",ENTRY,"<SUBJ>Tranche-Lahaussé</SUBJ>, <ADDR>rue du Mail, 1.</ADDR>",1,0,1,1.0000,,B-ENTRY,B-ENTRY,model,0.998,2026-09-24 14:07:28
b857920f-b495-5c25-bca2-64c38324e3db,f9dca3f2-796f-5d3c-9b99-517675bf236e,189.3.114,189,2,3,114,"[117.0, 69.0, 986.0, 904.0]",List-Group,"Vaidy, rue S.-Jacques, 161.  ",ENTRY,"<SUBJ>Vaidy</SUBJ>, <ADDR>rue S.-Jacques, 161.</ADDR>",1,0,1,1.0000,,B-ENTRY,B-ENTRY,model,0.9968,2026-09-24 14:07:28
2a59c85d-6d79-5219-ad3a-01a607904411,f9dca3f2-796f-5d3c-9b99-517675bf236e,189.3.115,189,2,3,115,"[117.0, 69.0, 986.0, 904.0]",List-Group,"Vareliand, rue des SS.-Pères, 44.  ",ENTRY,"<SUBJ>Vareliand</SUBJ>, <ADDR>rue des SS.-Pères, 44.</ADDR>",1,0,1,1.0000,,B-ENTRY,B-ENTRY,model,0.9959,2026-09-24 14:07:28
4c0405f3-0809-5b77-89aa-9374ab4497f3,f9dca3f2-796f-5d3c-9b99-517675bf236e,189.3.116,189,2,3,116,"[117.0, 69.0, 986.0, 904.0]",List-Group,"Vaudelaunoy, r. des Grands-Augustins, 21.",ENTRY,"<SUBJ>Vaudelaunoy</SUBJ>, <ADDR>r. des Grands-Augustins, 21.</ADDR>",1,0,1,1.0000,,B-ENTRY,B-ENTRY,human,1.0,2026-09-24 14:05:15
4daf2e41-2bdb-540a-a159-b5d6a0d0e0a5,f9dca3f2-796f-5d3c-9b99-517675bf236e,190.1.0,190,0,1,0,"[286.0, 32.0, 581.0, 55.0]",Page-Header,en chirurgie.-PARIS.,OUT OF SCOPE,,,,,,,OUT OF SCOPE,OUT OF SCOPE,human,1.0,2026-09-24 14:05:15
c20ebb99-1bd6-5f87-ba99-9a11ec289d00,f9dca3f2-796f-5d3c-9b99-517675bf236e,190.2.0,190,1,2,0,"[775.0, 32.0, 824.0, 51.0]",Page-Header,861,OUT OF SCOPE,,,,,,,OUT OF SCOPE,OUT OF SCOPE,model,0.9976,2026-09-24 14:07:28
d00c5124-f834-5c2b-814c-2e23760f80f5,f9dca3f2-796f-5d3c-9b99-517675bf236e,190.3.0,190,2,3,0,"[27.0, 59.0, 400.0, 105.0]",Text,"Verdier-Heurtin, rue Montorgueil, 65.  ",ENTRY,"<SUBJ>Verdier-Heurtin</SUBJ>, <ADDR>rue Montorgueil, 65.</ADDR>",1,0,1,1.0000,,B-ENTRY,B-ENTRY,model,0.999,2026-09-24 14:07:28
2eb44da2-2d81-5a12-81e4-0f9ee8520809,f9dca3f2-796f-5d3c-9b99-517675bf236e,190.3.1,190,2,3,1,"[27.0, 59.0, 400.0, 105.0]",Text,"Vignardonne, rue S.-Christophe, 1.  ",ENTRY,"<SUBJ>Vignardonne</SUBJ>, <ADDR>rue S.-Christophe, 1.</ADDR>",1,0,1,1.0000,,B-ENTRY,B-ENTRY,model,0.996,2026-09-24 14:07:28
cdfff573-42d4-54d8-a51e-6ea508136384,f9dca3f2-796f-5d3c-9b99-517675bf236e,190.3.2,190,2,3,2,"[27.0, 59.0, 400.0, 105.0]",Text,"Villeneuve, rue de Sèvres, 43.",ENTRY,"<SUBJ>Villeneuve</SUBJ>, <ADDR>rue de Sèvres, 43.</ADDR>",1,0,1,1.0000,,B-ENTRY,B-ENTRY,model,0.9949,2026-09-24 14:07:28
999f7a6c-da73-5f08-bfe6-a0dca5a06d25,f9dca3f2-796f-5d3c-9b99-517675bf236e,190.4.0,190,3,4,0,"[451.0, 59.0, 784.0, 103.0]",Text,"Vergès, rue de Richelieu, 84.  ",ENTRY,"<SUBJ>Vergès</SUBJ>, <ADDR>rue de Richelieu, 84.</ADDR>",1,0,1,1.0000,,B-ENTRY,B-ENTRY,model,0.9949,2026-09-24 14:07:28
841a6375-aa76-54c5-8bfb-12af9730ef2f,f9dca3f2-796f-5d3c-9b99-517675bf236e,190.4.1,190,3,4,1,"[451.0, 59.0, 784.0, 103.0]",Text,"Vosdey, rue du Faub.-S.-Denis, 154.  ",ENTRY,"<SUBJ>Vosdey</SUBJ>, <ADDR>rue du Faub.-S.-Denis, 154.</ADDR>",1,0,1,1.0000,,B-ENTRY,B-ENTRY,model,0.9949,2026-09-24 14:07:28
408ab231-b3ac-5b21-8ba3-71488cde50a2,f9dca3f2-796f-5d3c-9b99-517675bf236e,190.4.2,190,3,4,2,"[451.0, 59.0, 784.0, 103.0]",Text,"Wentzel, oculiste, rue Charlot, 18.",ENTRY,"<SUBJ>Wentzel</SUBJ>, <DESC>oculiste</DESC>, <ADDR>rue Charlot, 18.</ADDR>",1,1,1,1.0000,,B-ENTRY,B-ENTRY,human,1.0,2026-09-24 14:07:25
87c30c17-847f-5309-97d3-2dc47d05745a,00000000-0000-0000-0000-000000000000,190.5.0,190,4,5,0,"[252.0, 115.0, 624.0, 132.0]",Section-Header,# DOCTEURS EN CHIRURGIE.,TITLE,,,,,,,B-TITLE,B-TITLE,human,1.0,2026-09-24 14:07:25
3936148d-bc5b-53cc-b86a-69b4f795c348,87c30c17-847f-5309-97d3-2dc47d05745a,190.6.0,190,5,6,0,"[32.0, 140.0, 438.0, 897.0]",Text,"Alain, rue de Seine-S.-Germain, 51.  ",ENTRY,"<SUBJ>Alain</SUBJ>, <ADDR>rue de Seine-S.-Germain, 51.</ADDR>",1,0,1,1.0000,,B-ENTRY,B-ENTRY,model,0.9917,2026-09-24 14:07:28
722444b3-6cfa-5db4-904f-3b78ce09d164,87c30c17-847f-5309-97d3-2dc47d05745a,190.6.1,190,5,6,1,"[32.0, 140.0, 438.0, 897.0]",Text,"Andravi, rue Traversière-S.-Honoré, 59.  ",ENTRY,"<SUBJ>Andravi</SUBJ>, <ADDR>rue Traversière-S.-Honoré, 59.</ADDR>",1,0,1,1.0000,,B-ENTRY,B-ENTRY,model,0.9954,2026-09-24 14:07:28
b69b67d0-ac3a-51f2-a710-41fc702127b2,87c30c17-847f-5309-97d3-2dc47d05745a,190.6.2,190,5,6,2,"[32.0, 140.0, 438.0, 897.0]",Text,"André, rue Feydeau, 15.  ",ENTRY,"<SUBJ>André</SUBJ>, <ADDR>rue Feydeau, 15.</ADDR>",1,0,1,1.0000,,B-ENTRY,B-ENTRY,model,0.9954,2026-09-24 14:07:28
a608791f-d996-549f-bc9d-8a5735d959ac,87c30c17-847f-5309-97d3-2dc47d05745a,"190.6.3,190.6.4","190,190","5,5","6,6","3,4","[32.0, 140.0, 438.0, 897.0],[32.0, 140.0, 438.0, 897.0]","Text,Text","Ané, chirurgien de la princesse Pauline, rue S.-Guillaume, 7.",ENTRY,"<SUBJ>Ané</SUBJ>, <DESC>chirurgien de la princesse Pauline</DESC>, <ADDR>rue S.-Guillaume, 7.</ADDR>",1,1,1,1.0000,,"B-ENTRY,I-ENTRY","B-ENTRY,I-ENTRY","human,human","1.0,1.0","2026-09-24 14:05:16,2026-09-24 14:05:16"
3c08018c-ecfb-597b-b619-92b1b5a78891,87c30c17-847f-5309-97d3-2dc47d05745a,190.6.5,190,5,6,5,"[32.0, 140.0, 438.0, 897.0]",Text,"Asselin, herniaire, quai de l'Ecole, 8.  ",ENTRY,"<SUBJ>Asselin</SUBJ>, <DESC>herniaire</DESC>, <ADDR>quai de l'Ecole, 8.</ADDR>",1,1,1,1.0000,,B-ENTRY,B-ENTRY,model,0.9983,2026-09-24 14:07:28
82be67bd-8b50-5315-9dab-4cf2f49c4011,87c30c17-847f-5309-97d3-2dc47d05745a,190.6.6,190,5,6,6,"[32.0, 140.0, 438.0, 897.0]",Text,"Arrachart, quai de l'Egalité, 10.  ",ENTRY,"<SUBJ>Arrachart</SUBJ>, <ADDR>quai de l'Egalité, 10.</ADDR>",1,0,1,1.0000,,B-ENTRY,B-ENTRY,model,0.9965,2026-09-24 14:07:28
a854a092-4d95-5f1f-9315-7342809623b6,87c30c17-847f-5309-97d3-2dc47d05745a,190.6.7,190,5,6,7,"[32.0, 140.0, 438.0, 897.0]",Text,"Audibert, rue Michel-le-Pelletier, 34.  ",ENTRY,"<SUBJ>Audibert</SUBJ>, <ADDR>rue Michel-le-Pelletier, 34.</ADDR>",1,0,1,1.0000,,B-ENTRY,B-ENTRY,model,0.9954,2026-09-24 14:07:28
15c8f7cb-f531-5065-a956-c93a14f47a5d,87c30c17-847f-5309-97d3-2dc47d05745a,190.6.8,190,5,6,8,"[32.0, 140.0, 438.0, 897.0]",Text,"Auvery, rue du Bacq, 45.  ",ENTRY,"<SUBJ>Auvery</SUBJ>, <ADDR>rue du Bacq, 45.</ADDR>",1,0,1,1.0000,,B-ENTRY,B-ENTRY,model,0.9949,2026-09-24 14:07:28
d59471e8-e959-50d6-b5bf-e4f2df4ff4f7,87c30c17-847f-5309-97d3-2dc47d05745a,190.6.9,190,5,6,9,"[32.0, 140.0, 438.0, 897.0]",Text,"Babel, rue S.-Avoye, 18.  ",ENTRY,"<SUBJ>Babel</SUBJ>, <ADDR>rue S.-Avoye, 18.</ADDR>",1,0,1,1.0000,,B-ENTRY,B-ENTRY,human,1.0,2026-09-24 14:07:26
8be7670c-538e-50d3-8d44-ffe936735977,87c30c17-847f-5309-97d3-2dc47d05745a,190.6.10,190,5,6,10,"[32.0, 140.0, 438.0, 897.0]",Text,"Baget, rue Geoffroy-l'Angevin.  ",ENTRY,"<SUBJ>Baget</SUBJ>, <ADDR>rue Geoffroy-l'Angevin.</ADDR>",1,0,1,1.0000,,B-ENTRY,B-ENTRY,human,1.0,2026-09-24 14:07:26
a434c29c-08ab-5ea4-a829-ca5e48fc59d5,87c30c17-847f-5309-97d3-2dc47d05745a,190.6.11,190,5,6,11,"[32.0, 140.0, 438.0, 897.0]",Text,"Balin, hern., place de l'Hôtel-de-Ville, 7.  ",ENTRY,"<SUBJ>Balin</SUBJ>, <DESC>hern.</DESC>, <ADDR>place de l'Hôtel-de-Ville, 7.</ADDR>",1,1,1,1.0000,,B-ENTRY,B-ENTRY,model,0.9934,2026-09-24 14:07:28
b00c872f-be65-5e7f-a35e-58b06a74b273,87c30c17-847f-5309-97d3-2dc47d05745a,190.6.12,190,5,6,12,"[32.0, 140.0, 438.0, 897.0]",Text,"Balluet, rue S.-Honoré, 224.  ",ENTRY,"<SUBJ>Balluet</SUBJ>, <ADDR>rue S.-Honoré, 224.</ADDR>",1,0,1,1.0000,,B-ENTRY,B-ENTRY,model,0.996,2026-09-24 14:07:28
cd6beaef-2d9a-5487-baea-944ded1e0963,87c30c17-847f-5309-97d3-2dc47d05745a,190.6.13,190,5,6,13,"[32.0, 140.0, 438.0, 897.0]",Text,"Barbesse, rue Rousselet, 21.  ",ENTRY,"<SUBJ>Barbesse</SUBJ>, <ADDR>rue Rousselet, 21.</ADDR>",1,0,1,1.0000,,B-ENTRY,B-ENTRY,model,0.9954,2026-09-24 14:07:28
cb4f7d90-dc97-50ae-bb77-0647c59592b3,87c30c17-847f-5309-97d3-2dc47d05745a,190.6.14,190,5,6,14,"[32.0, 140.0, 438.0, 897.0]",Text,"Barbier, rue S.-Jacques, 279.  ",ENTRY,"<SUBJ>Barbier</SUBJ>, <ADDR>rue S.-Jacques, 279.</ADDR>",1,0,1,1.0000,,B-ENTRY,B-ENTRY,model,0.996,2026-09-24 14:07:28
0c2b16a1-f95d-591a-b2c5-c5b3c2aa4328,87c30c17-847f-5309-97d3-2dc47d05745a,190.6.15,190,5,6,15,"[32.0, 140.0, 438.0, 897.0]",Text,"Baronat, herniaire, rue des Poulies, 5.  ",ENTRY,"<SUBJ>Baronat</SUBJ>, <DESC>herniaire</DESC>, <ADDR>rue des Poulies, 5.</ADDR>",1,1,1,1.0000,,B-ENTRY,B-ENTRY,model,0.9954,2026-09-24 14:07:28
729fef6b-dc61-58ab-b457-9bf7c5cda9d3,87c30c17-847f-5309-97d3-2dc47d05745a,190.6.16,190,5,6,16,"[32.0, 140.0, 438.0, 897.0]",Text,"Bauduin, rue Marivaux.  ",ENTRY,"<SUBJ>Bauduin</SUBJ>, <ADDR>rue Marivaux.</ADDR>",1,0,1,1.0000,,B-ENTRY,B-ENTRY,model,0.9917,2026-09-24 14:07:28
6c396a9f-1381-5351-adc3-c7422195de0b,87c30c17-847f-5309-97d3-2dc47d05745a,190.6.17,190,5,6,17,"[32.0, 140.0, 438.0, 897.0]",Text,"Bayard, rue Montorgueil, 96.  ",ENTRY,"<SUBJ>Bayard</SUBJ>, <ADDR>rue Montorgueil, 96.</ADDR>",1,0,1,1.0000,,B-ENTRY,B-ENTRY,model,0.9954,2026-09-24 14:07:28
aaaac698-af06-57f7-a8f3-5452d9861b40,87c30c17-847f-5309-97d3-2dc47d05745a,190.6.18,190,5,6,18,"[32.0, 140.0, 438.0, 897.0]",Text,"Beaudelocque, accouch., rue Jacob, 16.  ",ENTRY,"<SUBJ>Beaudelocque</SUBJ>, <DESC>accouch.</DESC>, <ADDR>rue Jacob, 16.</ADDR>",1,1,1,1.0000,,B-ENTRY,B-ENTRY,model,0.9954,2026-09-24 14:07:28
35a7175d-36a7-55a3-a8ab-cfb940338aa3,87c30c17-847f-5309-97d3-2dc47d05745a,190.6.19,190,5,6,19,"[32.0, 140.0, 438.0, 897.0]",Text,"Beauregard, rue Batave, 6.  ",ENTRY,"<SUBJ>Beauregard</SUBJ>, <ADDR>rue Batave, 6.</ADDR>",1,0,1,1.0000,,B-ENTRY,B-ENTRY,model,0.9954,2026-09-24 14:07:28
deeba6dd-287f-5f69-9da1-2b12b8be9466,87c30c17-847f-5309-97d3-2dc47d05745a,190.6.20,190,5,6,20,"[32.0, 140.0, 438.0, 897.0]",Text,"Becquet, ocul., rue des Prouvaires, 55.  ",ENTRY,"<SUBJ>Becquet</SUBJ>, <DESC>ocul.</DESC>, <ADDR>rue des Prouvaires, 55.</ADDR>",1,1,1,1.0000,,B-ENTRY,B-ENTRY,model,0.9934,2026-09-24 14:07:28
060ad684-c78a-5f26-ae96-ac348be29ace,87c30c17-847f-5309-97d3-2dc47d05745a,"190.6.21,190.6.22","190,190","5,5","6,6","21,22","[32.0, 140.0, 438.0, 897.0],[32.0, 140.0, 438.0, 897.0]","Text,Text","Belivier, rue de Charenton, aux Quinze- Vingt, 40.",ENTRY,"<SUBJ>Belivier</SUBJ>, <ADDR>rue de Charenton, aux Quinze- Vingt, 40.</ADDR>",1,0,1,1.0000,,"B-ENTRY,I-ENTRY","B-ENTRY,I-ENTRY","human,human","1.0,1.0","2026-09-24 14:05:18,2026-09-24 14:05:18"
8de0815d-4e9c-5889-bf11-befb76c6007e,87c30c17-847f-5309-97d3-2dc47d05745a,190.6.23,190,5,6,23,"[32.0, 140.0, 438.0, 897.0]",Text,"Beraud, rue du Sépulchre, 19.  ",ENTRY,"<SUBJ>Beraud</SUBJ>, <ADDR>rue du Sépulchre, 19.</ADDR>",1,0,1,1.0000,,B-ENTRY,B-ENTRY,model,0.9986,2026-09-24 14:07:28
53e6e7ca-90e6-5bb0-97a0-135fe46705b2,87c30c17-847f-5309-97d3-2dc47d05745a,190.6.24,190,5,6,24,"[32.0, 140.0, 438.0, 897.0]",Text,"Bergeret, rue N.-S.-Augustin.  ",ENTRY,"<SUBJ>Bergeret</SUBJ>, <ADDR>rue N.-S.-Augustin.</ADDR>",1,0,1,1.0000,,B-ENTRY,B-ENTRY,human,1.0,2026-09-24 14:07:01
530691e6-c091-5529-8f08-5c7bd8ac5e22,87c30c17-847f-5309-97d3-2dc47d05745a,190.6.25,190,5,6,25,"[32.0, 140.0, 438.0, 897.0]",Text,"Bergoing, rue du Lycée.  ",ENTRY,"<SUBJ>Bergoing</SUBJ>, <ADDR>rue du Lycée.</ADDR>",1,0,1,1.0000,,B-ENTRY,B-ENTRY,human,1.0,2026-09-24 14:07:01
145c6e7c-7d95-567c-b063-a0c5275e31fd,87c30c17-847f-5309-97d3-2dc47d05745a,190.6.26,190,5,6,26,"[32.0, 140.0, 438.0, 897.0]",Text,"Bertholet, rue des Lavandières, 51.  ",ENTRY,"<SUBJ>Bertholet</SUBJ>, <ADDR>rue des Lavandières, 51.</ADDR>",1,0,1,1.0000,,B-ENTRY,B-ENTRY,model,0.9949,2026-09-24 14:07:28
73174529-f6f4-5efe-a9cb-a8695f1400ca,87c30c17-847f-5309-97d3-2dc47d05745a,190.6.27,190,5,6,27,"[32.0, 140.0, 438.0, 897.0]",Text,"Bigot, rue Chabannais, 4.  ",ENTRY,"<SUBJ>Bigot</SUBJ>, <ADDR>rue Chabannais, 4.</ADDR>",1,0,1,1.0000,,B-ENTRY,B-ENTRY,model,0.9954,2026-09-24 14:07:28
32766716-0302-5a40-a5c3-036d685af50e,87c30c17-847f-5309-97d3-2dc47d05745a,190.6.28,190,5,6,28,"[32.0, 140.0, 438.0, 897.0]",Text,"Biscarat, rue Gaillon, 15.  ",ENTRY,"<SUBJ>Biscarat</SUBJ>, <ADDR>rue Gaillon, 15.</ADDR>",1,0,1,1.0000,,B-ENTRY,B-ENTRY,model,0.9954,2026-09-24 14:07:28
318206b7-b282-5178-a689-c17e36d26e2e,87c30c17-847f-5309-97d3-2dc47d05745a,190.6.29,190,5,6,29,"[32.0, 140.0, 438.0, 897.0]",Text,"Blasy, rue du Gros-Chenet, 7.  ",ENTRY,"<SUBJ>Blasy</SUBJ>, <ADDR>rue du Gros-Chenet, 7.</ADDR>",1,0,1,1.0000,,B-ENTRY,B-ENTRY,model,0.9965,2026-09-24 14:07:28
e114fa70-6820-5e35-801e-81a7ce6da5f7,87c30c17-847f-5309-97d3-2dc47d05745a,190.6.30,190,5,6,30,"[32.0, 140.0, 438.0, 897.0]",Text,"Bodin, rue de la Chanvrerie, 10.  ",ENTRY,"<SUBJ>Bodin</SUBJ>, <ADDR>rue de la Chanvrerie, 10.</ADDR>",1,0,1,1.0000,,B-ENTRY,B-ENTRY,model,0.9949,2026-09-24 14:07:28
790f68c7-cc23-5a6b-9faa-0a480b01085e,87c30c17-847f-5309-97d3-2dc47d05745a,190.6.31,190,5,6,31,"[32.0, 140.0, 438.0, 897.0]",Text,"Bonjour, rue des Nonaindières, 1.  ",ENTRY,"<SUBJ>Bonjour</SUBJ>, <ADDR>rue des Nonaindières, 1.</ADDR>",1,0,1,1.0000,,B-ENTRY,B-ENTRY,model,0.9949,2026-09-24 14:07:28
aea0fca4-46bc-5dec-a966-86cf4920e703,87c30c17-847f-5309-97d3-2dc47d05745a,"190.6.32,190.6.33","190,190","5,5","6,6","32,33","[32.0, 140.0, 438.0, 897.0],[32.0, 140.0, 438.0, 897.0]","Text,Text","Bonnaye, rue St.-Dominique-Gros-Cail- lou, 5.",ENTRY,"<SUBJ>Bonnaye</SUBJ>, <ADDR>rue St.-Dominique-Gros-Cail- lou, 5.</ADDR>",1,0,1,1.0000,,"B-ENTRY,I-ENTRY","B-ENTRY,I-ENTRY","human,human","1.0,1.0","2026-09-24 14:05:19,2026-09-24 14:05:19"
2bfda461-e011-50e3-b1e0-b201a1499171,87c30c17-847f-5309-97d3-2dc47d05745a,190.6.34,190,5,6,34,"[32.0, 140.0, 438.0, 897.0]",Text,"Botentuit-Langlois, rue Montmartre, 26.  ",ENTRY,"<SUBJ>Botentuit-Langlois</SUBJ>, <ADDR>rue Montmartre, 26.</ADDR>",1,0,1,1.0000,,B-ENTRY,B-ENTRY,model,0.9991,2026-09-24 14:07:28
ed8cfe15-23de-5df7-b89b-344e87e773c6,87c30c17-847f-5309-97d3-2dc47d05745a,190.6.35,190,5,6,35,"[32.0, 140.0, 438.0, 897.0]",Text,"Boulay, rue Charlot, 43.  ",ENTRY,"<SUBJ>Boulay</SUBJ>, <ADDR>rue Charlot, 43.</ADDR>",1,0,1,1.0000,,B-ENTRY,B-ENTRY,human,1.0,2026-09-24 14:06:59
90319c2a-f86f-5bb5-8c8e-3f8873aec4ff,87c30c17-847f-5309-97d3-2dc47d05745a,190.6.36,190,5,6,36,"[32.0, 140.0, 438.0, 897.0]",Text,"Bousquet (J.-B.), rue des Ecrivains, 1.  ",ENTRY,"<SUBJ>Bousquet (J.-B.)</SUBJ>, <ADDR>rue des Ecrivains, 1.</ADDR>",1,0,1,1.0000,,B-ENTRY,B-ENTRY,human,1.0,2026-09-24 14:06:59
3380aa8b-1ddf-5d4b-a6d9-c20c6d8b19fe,87c30c17-847f-5309-97d3-2dc47d05745a,190.6.37,190,5,6,37,"[32.0, 140.0, 438.0, 897.0]",Text,"Bousquet (Michel), rue Chapon, 7.  ",ENTRY,"<SUBJ>Bousquet (Michel)</SUBJ>, <ADDR>rue Chapon, 7.</ADDR>",1,0,1,1.0000,,B-ENTRY,B-ENTRY,model,0.9965,2026-09-24 14:07:28
2712b3ab-19f3-57d9-8451-606d57462933,87c30c17-847f-5309-97d3-2dc47d05745a,190.6.38,190,5,6,38,"[32.0, 140.0, 438.0, 897.0]",Text,"Bousquet (Ant. Nic.), rue de Richelieu, 48.  ",ENTRY,"<SUBJ>Bousquet (Ant. Nic.)</SUBJ>, <ADDR>rue de Richelieu, 48.</ADDR>",1,0,1,1.0000,,B-ENTRY,B-ENTRY,human,1.0,2026-09-24 14:06:52
f101f1a9-2f8f-55c3-889b-df7423f37167,87c30c17-847f-5309-97d3-2dc47d05745a,190.6.39,190,5,6,39,"[32.0, 140.0, 438.0, 897.0]",Text,"Boyé, rue S.te-Croix-de-la-Bretonnerie, 42.  ",ENTRY,"<SUBJ>Boyé</SUBJ>, <ADDR>rue S.te-Croix-de-la-Bretonnerie, 42.</ADDR>",1,0,1,1.0000,,B-ENTRY,B-ENTRY,human,1.0,2026-09-24 14:06:52
565020d2-64d0-5782-9fc8-df209a6e2b2e,87c30c17-847f-5309-97d3-2dc47d05745a,"190.6.40,190.6.41","190,190","5,5","6,6","40,41","[32.0, 140.0, 438.0, 897.0],[32.0, 140.0, 438.0, 897.0]","Text,Text","Boyer, premier chir. de l'Empereur et de l'Impératrice, rue des SS.-Pères, 45.",ENTRY,"<SUBJ>Boyer</SUBJ>, <DESC>premier chir. de l'Empereur et de l'Impératrice</DESC>, <ADDR>rue des SS.-Pères, 45.</ADDR>",1,1,1,1.0000,,"B-ENTRY,I-ENTRY","B-ENTRY,I-ENTRY","human,human","1.0,1.0","2026-09-24 14:06:08,2026-09-24 14:06:08"
33491505-25cd-5bb9-8526-bd4103b0b879,87c30c17-847f-5309-97d3-2dc47d05745a,190.6.42,190,5,6,42,"[32.0, 140.0, 438.0, 897.0]",Text,"Brézillon, accouch., rue Montorgueil, 28.  ",ENTRY,"<SUBJ>Brézillon</SUBJ>, <DESC>accouch.</DESC>, <ADDR>rue Montorgueil, 28.</ADDR>",1,1,1,1.0000,,B-ENTRY,B-ENTRY,model,0.9988,2026-09-24 14:07:28
60185069-8a46-5522-9b43-277e244449e6,87c30c17-847f-5309-97d3-2dc47d05745a,190.6.43,190,5,6,43,"[32.0, 140.0, 438.0, 897.0]",Text,"Brillouet, place du Corps-Législatif, 101.  ",ENTRY,"<SUBJ>Brillouet</SUBJ>, <ADDR>place du Corps-Législatif, 101.</ADDR>",1,0,1,1.0000,,B-ENTRY,B-ENTRY,model,0.9965,2026-09-24 14:07:28
68fd2d83-587c-50b2-b6e6-ec45ec4480e5,87c30c17-847f-5309-97d3-2dc47d05745a,190.6.44,190,5,6,44,"[32.0, 140.0, 438.0, 897.0]",Text,"By, rue Thévenot, 5.  ",ENTRY,"<SUBJ>By</SUBJ>, <ADDR>rue Thévenot, 5.</ADDR>",1,0,1,1.0000,,B-ENTRY,B-ENTRY,model,0.9954,2026-09-24 14:07:28
12bcdae1-a3c1-5d3a-a244-f99dbfc08fb4,87c30c17-847f-5309-97d3-2dc47d05745a,190.6.45,190,5,6,45,"[32.0, 140.0, 438.0, 897.0]",Text,"Cadot, rue Basse-S.-Denis, 26.  ",ENTRY,"<SUBJ>Cadot</SUBJ>, <ADDR>rue Basse-S.-Denis, 26.</ADDR>",1,0,1,1.0000,,B-ENTRY,B-ENTRY,human,1.0,2026-09-24 14:06:35
82b357ce-9c9c-5c2e-89d1-0e348bb3bb24,87c30c17-847f-5309-97d3-2dc47d05745a,190.6.46,190,5,6,46,"[32.0, 140.0, 438.0, 897.0]",Text,"Caillard fils, rue de l'Observance, 6.  ",ENTRY,"<SUBJ>Caillard fils</SUBJ>, <ADDR>rue de l'Observance, 6.</ADDR>",1,0,1,1.0000,,B-ENTRY,B-ENTRY,human,1.0,2026-09-24 14:06:35
fcbc4da8-8cc5-599a-8f88-a4f8b132c5b0,87c30c17-847f-5309-97d3-2dc47d05745a,190.6.47,190,5,6,47,"[32.0, 140.0, 438.0, 897.0]",Text,"Cannet, rue de Chaillet, 10.  ",ENTRY,"<SUBJ>Cannet</SUBJ>, <ADDR>rue de Chaillet, 10.</ADDR>",1,0,1,1.0000,,B-ENTRY,B-ENTRY,model,0.995,2026-09-24 14:07:28
0123425f-77ff-5b05-81f9-dd75d6bffb80,87c30c17-847f-5309-97d3-2dc47d05745a,"190.6.48,190.6.49","190,190","5,5","6,6","48,49","[32.0, 140.0, 438.0, 897.0],[32.0, 140.0, 438.0, 897.0]","Text,Text","Caron, chirurgien à l'hospice du Val-de- Grâce, rue de la Harpe, 117.",ENTRY,"<SUBJ>Caron</SUBJ>, <DESC>chirurgien à l'hospice du Val-de- Grâce</DESC>, <ADDR>rue de la Harpe, 117.</ADDR>",1,1,1,1.0000,,"B-ENTRY,I-ENTRY","B-ENTRY,I-ENTRY","human,human","1.0,1.0","2026-09-24 14:05:27,2026-09-24 14:05:27"
5255a967-67cd-521d-8d4e-7270481d269b,87c30c17-847f-5309-97d3-2dc47d05745a,190.6.50,190,5,6,50,"[32.0, 140.0, 438.0, 897.0]",Text,"Casaubon, rue J. J. Rousseau, 14.  ",ENTRY,"<SUBJ>Casaubon</SUBJ>, <ADDR>rue J. J. Rousseau, 14.</ADDR>",1,0,1,1.0000,,B-ENTRY,B-ENTRY,model,0.9983,2026-09-24 14:07:28
ea0932c2-060e-5c24-9c42-a36da197d30e,87c30c17-847f-5309-97d3-2dc47d05745a,190.6.51,190,5,6,51,"[32.0, 140.0, 438.0, 897.0]",Text,"Caste, rue de la Montagne, 25.  ",ENTRY,"<SUBJ>Caste</SUBJ>, <ADDR>rue de la Montagne, 25.</ADDR>",1,0,1,1.0000,,B-ENTRY,B-ENTRY,model,0.9949,2026-09-24 14:07:28
13a4f18b-2759-5ec4-94a9-de899f2b36b3,87c30c17-847f-5309-97d3-2dc47d05745a,190.6.52,190,5,6,52,"[32.0, 140.0, 438.0, 897.0]",Text,"Catalan, dentiste, rue de Thionville, 53.  ",ENTRY,"<SUBJ>Catalan</SUBJ>, <DESC>dentiste</DESC>, <ADDR>rue de Thionville, 53.</ADDR>",1,1,1,1.0000,,B-ENTRY,B-ENTRY,model,0.9954,2026-09-24 14:07:28
a27ac75f-11d2-5197-b48f-9152b770c1ae,87c30c17-847f-5309-97d3-2dc47d05745a,190.6.53,190,5,6,53,"[32.0, 140.0, 438.0, 897.0]",Text,"Cathelot, rue S.-Antoine, 170.  ",ENTRY,"<SUBJ>Cathelot</SUBJ>, <ADDR>rue S.-Antoine, 170.</ADDR>",1,0,1,1.0000,,B-ENTRY,B-ENTRY,model,0.996,2026-09-24 14:07:28
5707d19e-8f2f-53b9-b22d-b01c684c1225,87c30c17-847f-5309-97d3-2dc47d05745a,190.6.54,190,5,6,54,"[32.0, 140.0, 438.0, 897.0]",Text,"Cattin, rue Bourgthour.  ",ENTRY,"<SUBJ>Cattin</SUBJ>, <ADDR>rue Bourgthour.</ADDR>",1,0,1,1.0000,,B-ENTRY,B-ENTRY,human,1.0,2026-09-24 14:05:33
669bc232-d43e-5fd8-92b3-b62b8a67da22,87c30c17-847f-5309-97d3-2dc47d05745a,190.6.55,190,5,6,55,"[32.0, 140.0, 438.0, 897.0]",Text,"Cavalan, accoucheur, rue de Lille, 68.  ",ENTRY,"<SUBJ>Cavalan</SUBJ>, <DESC>accoucheur</DESC>, <ADDR>rue de Lille, 68.</ADDR>",1,1,1,1.0000,,B-ENTRY,B-ENTRY,human,1.0,2026-09-24 14:05:33
f2f97e15-25db-53db-9b70-c3c0f0cff92e,87c30c17-847f-5309-97d3-2dc47d05745a,190.6.56,190,5,6,56,"[32.0, 140.0, 438.0, 897.0]",Text,"Cervenon, rue de Paradis, au Marais.  ",ENTRY,"<SUBJ>Cervenon</SUBJ>, <ADDR>rue de Paradis, au Marais.</ADDR>",1,0,1,1.0000,,B-ENTRY,B-ENTRY,model,0.9908,2026-09-24 14:07:28
b193ce6e-50c5-5c9d-9fc5-f4f5a37c2124,87c30c17-847f-5309-97d3-2dc47d05745a,190.6.57,190,5,6,57,"[32.0, 140.0, 438.0, 897.0]",Text,"Cézérac, rue Neuve-S.te-Geneviève, 9.",ENTRY,"<SUBJ>Cézérac</SUBJ>, <ADDR>rue Neuve-S.te-Geneviève, 9.</ADDR>",1,0,1,1.0000,,B-ENTRY,B-ENTRY,human,1.0,2026-09-24 14:06:21
71eb5563-0f90-59e5-a876-ef4e62f3392c,87c30c17-847f-5309-97d3-2dc47d05745a,190.7.0,190,6,7,0,"[455.0, 138.0, 838.0, 893.0]",Text,"Chabanette, herniaire, cour du Commerce.  ",ENTRY,"<SUBJ>Chabanette</SUBJ>, <DESC>herniaire</DESC>, <ADDR>cour du Commerce.</ADDR>",1,1,1,1.0000,,B-ENTRY,B-ENTRY,human,1.0,2026-09-24 14:06:21
a0615d16-b537-557d-8451-868bc498cce1,87c30c17-847f-5309-97d3-2dc47d05745a,190.7.1,190,6,7,1,"[455.0, 138.0, 838.0, 893.0]",Text,"Champenois, rue Feydeau, 11.  ",ENTRY,"<SUBJ>Champenois</SUBJ>, <ADDR>rue Feydeau, 11.</ADDR>",1,0,1,1.0000,,B-ENTRY,B-ENTRY,model,0.9954,2026-09-24 14:07:28
4061035f-922b-5aa6-9c36-6ae699582e11,87c30c17-847f-5309-97d3-2dc47d05745a,190.7.2,190,6,7,2,"[455.0, 138.0, 838.0, 893.0]",Text,"Chansanld, rue de la Harpe, 88.  ",ENTRY,"<SUBJ>Chansanld</SUBJ>, <ADDR>rue de la Harpe, 88.</ADDR>",1,0,1,1.0000,,B-ENTRY,B-ENTRY,model,0.9949,2026-09-24 14:07:28
1ab41212-fab6-508d-92ac-64ac62ff9435,87c30c17-847f-5309-97d3-2dc47d05745a,190.7.3,190,6,7,3,"[455.0, 138.0, 838.0, 893.0]",Text,"Chappe, rue de Verneuil, 29.  ",ENTRY,"<SUBJ>Chappe</SUBJ>, <ADDR>rue de Verneuil, 29.</ADDR>",1,0,1,1.0000,,B-ENTRY,B-ENTRY,model,0.9949,2026-09-24 14:07:28
520d3581-7d94-57b5-8400-661aca34e86b,87c30c17-847f-5309-97d3-2dc47d05745a,190.7.4,190,6,7,4,"[455.0, 138.0, 838.0, 893.0]",Text,"Charles, rue du Faub.-du-Temple, 57.  ",ENTRY,"<SUBJ>Charles</SUBJ>, <ADDR>rue du Faub.-du-Temple, 57.</ADDR>",1,0,1,1.0000,,B-ENTRY,B-ENTRY,model,0.9949,2026-09-24 14:07:28
50860e63-58b4-53dc-8485-a0e71853e002,87c30c17-847f-5309-97d3-2dc47d05745a,190.7.5,190,6,7,5,"[455.0, 138.0, 838.0, 893.0]",Text,"Chauvot, marché des Innocens, 21.  ",ENTRY,"<SUBJ>Chauvot</SUBJ>, <ADDR>marché des Innocens, 21.</ADDR>",1,0,1,1.0000,,B-ENTRY,B-ENTRY,model,0.9949,2026-09-24 14:07:28
dfd8dc5c-5033-5018-bf64-239d176ed139,87c30c17-847f-5309-97d3-2dc47d05745a,190.7.6,190,6,7,6,"[455.0, 138.0, 838.0, 893.0]",Text,"Chouchotte, rue de Vaugirard, 4.  ",ENTRY,"<SUBJ>Chouchotte</SUBJ>, <ADDR>rue de Vaugirard, 4.</ADDR>",1,0,1,1.0000,,B-ENTRY,B-ENTRY,model,0.9949,2026-09-24 14:07:28
40cb9019-415b-5187-91ef-a46d39d30329,87c30c17-847f-5309-97d3-2dc47d05745a,190.7.7,190,6,7,7,"[455.0, 138.0, 838.0, 893.0]",Text,"Clavery, rue Neuve-S.-Augustin, 35.  ",ENTRY,"<SUBJ>Clavery</SUBJ>, <ADDR>rue Neuve-S.-Augustin, 35.</ADDR>",1,0,1,1.0000,,B-ENTRY,B-ENTRY,model,0.9954,2026-09-24 14:07:28
2695a8d7-6046-561d-af98-dd85910a5d98,87c30c17-847f-5309-97d3-2dc47d05745a,190.7.8,190,6,7,8,"[455.0, 138.0, 838.0, 893.0]",Text,"Colon, passage du Vigan, 7.  ",ENTRY,"<SUBJ>Colon</SUBJ>, <ADDR>passage du Vigan, 7.</ADDR>",1,0,1,1.0000,,B-ENTRY,B-ENTRY,model,0.9949,2026-09-24 14:07:28
31a6e1fe-8970-51b3-833e-9d4c79b3fb71,87c30c17-847f-5309-97d3-2dc47d05745a,190.7.9,190,6,7,9,"[455.0, 138.0, 838.0, 893.0]",Text,"Coste (Louis), rue Bon-Conseil, 30.  ",ENTRY,"<SUBJ>Coste (Louis)</SUBJ>, <ADDR>rue Bon-Conseil, 30.</ADDR>",1,0,1,1.0000,,B-ENTRY,B-ENTRY,model,0.9949,2026-09-24 14:07:28
56c391ad-da85-53bf-b7eb-957301dc346e,87c30c17-847f-5309-97d3-2dc47d05745a,190.7.10,190,6,7,10,"[455.0, 138.0, 838.0, 893.0]",Text,"Coste (Th.), rue du Faub.-S.-Honoré, 14.  ",ENTRY,"<SUBJ>Coste (Th.)</SUBJ>, <ADDR>rue du Faub.-S.-Honoré, 14.</ADDR>",1,0,1,1.0000,,B-ENTRY,B-ENTRY,human,1.0,2026-09-24 14:07:15
8b5845aa-c2df-5610-8e50-08bbce7e1ce6,87c30c17-847f-5309-97d3-2dc47d05745a,190.7.11,190,6,7,11,"[455.0, 138.0, 838.0, 893.0]",Text,"Coutanceau, rue des Bons-Enfans.  ",ENTRY,"<SUBJ>Coutanceau</SUBJ>, <ADDR>rue des Bons-Enfans.</ADDR>",1,0,1,1.0000,,B-ENTRY,B-ENTRY,human,1.0,2026-09-24 14:07:15
3c66b521-cfa5-5861-876a-816546f9a088,87c30c17-847f-5309-97d3-2dc47d05745a,190.7.12,190,6,7,12,"[455.0, 138.0, 838.0, 893.0]",Text,"Contouly, rue de Richelieu, 15.  ",ENTRY,"<SUBJ>Contouly</SUBJ>, <ADDR>rue de Richelieu, 15.</ADDR>",1,0,1,1.0000,,B-ENTRY,B-ENTRY,model,0.9949,2026-09-24 14:07:28
682ca3c6-c0a5-5ec5-9de7-3f19c34e5901,87c30c17-847f-5309-97d3-2dc47d05745a,190.7.13,190,6,7,13,"[455.0, 138.0, 838.0, 893.0]",Text,"Culleriez, rue du Champ-des-Capucins, 59.  ",ENTRY,"<SUBJ>Culleriez</SUBJ>, <ADDR>rue du Champ-des-Capucins, 59.</ADDR>",1,0,1,1.0000,,B-ENTRY,B-ENTRY,model,0.9949,2026-09-24 14:07:28
af60c55f-b383-5f54-b0e7-ac92e1441dfc,87c30c17-847f-5309-97d3-2dc47d05745a,190.7.14,190,6,7,14,"[455.0, 138.0, 838.0, 893.0]",Text,"Dartugues, rue S.-Denis, près la porte.  ",ENTRY,"<SUBJ>Dartugues</SUBJ>, <ADDR>rue S.-Denis, près la porte.</ADDR>",1,0,1,1.0000,,B-ENTRY,B-ENTRY,human,1.0,2026-09-24 14:05:40
d5e571ed-1468-5322-873c-88317536026d,87c30c17-847f-5309-97d3-2dc47d05745a,190.7.15,190,6,7,15,"[455.0, 138.0, 838.0, 893.0]",Text,"D'Astruc, rue du Faub.-S.-Antoine, 215.  ",ENTRY,"<SUBJ>D'Astruc</SUBJ>, <ADDR>rue du Faub.-S.-Antoine, 215.</ADDR>",1,0,1,1.0000,,B-ENTRY,B-ENTRY,human,1.0,2026-09-24 14:05:40
3e20bb10-048b-508d-877d-acc68fd89f49,87c30c17-847f-5309-97d3-2dc47d05745a,190.7.16,190,6,7,16,"[455.0, 138.0, 838.0, 893.0]",Text,"Dausse, rue Grange-Batelière, 26.  ",ENTRY,"<SUBJ>Dausse</SUBJ>, <ADDR>rue Grange-Batelière, 26.</ADDR>",1,0,1,1.0000,,B-ENTRY,B-ENTRY,model,0.9956,2026-09-24 14:07:28
6f60bc82-19dd-53ce-bd17-c7a70d3138e8,87c30c17-847f-5309-97d3-2dc47d05745a,"190.7.17,190.7.18","190,190","6,6","7,7","17,18","[455.0, 138.0, 838.0, 893.0],[455.0, 138.0, 838.0, 893.0]","Text,Text","Debray, passage de la Réunion, 4, rue S.- Martin.",ENTRY,"<SUBJ>Debray</SUBJ>, <ADDR>passage de la Réunion, 4, rue S.- Martin.</ADDR>",1,0,1,1.0000,,"B-ENTRY,I-ENTRY","B-ENTRY,I-ENTRY","human,human","1.0,1.0","2026-09-24 14:06:42,2026-09-24 14:06:42"
ca06bece-1636-5983-bdba-793ff654c803,87c30c17-847f-5309-97d3-2dc47d05745a,190.7.19,190,6,7,19,"[455.0, 138.0, 838.0, 893.0]",Text,"Decelles, rue des SS.-Pères, 41.  ",ENTRY,"<SUBJ>Decelles</SUBJ>, <ADDR>rue des SS.-Pères, 41.</ADDR>",1,0,1,1.0000,,B-ENTRY,B-ENTRY,model,0.9986,2026-09-24 14:07:28
0933dd3e-c016-5651-b0b9-891ca311ea76,87c30c17-847f-5309-97d3-2dc47d05745a,190.7.20,190,6,7,20,"[455.0, 138.0, 838.0, 893.0]",Text,"Delarue, rue du Mont-Blanc, 50.  ",ENTRY,"<SUBJ>Delarue</SUBJ>, <ADDR>rue du Mont-Blanc, 50.</ADDR>",1,0,1,1.0000,,B-ENTRY,B-ENTRY,model,0.9965,2026-09-24 14:07:28
fa87ed53-5268-539f-aff0-cabbddd1c7c1,87c30c17-847f-5309-97d3-2dc47d05745a,190.7.21,190,6,7,21,"[455.0, 138.0, 838.0, 893.0]",Text,"Delmas, rue S.-Lazare, 55.  ",ENTRY,"<SUBJ>Delmas</SUBJ>, <ADDR>rue S.-Lazare, 55.</ADDR>",1,0,1,1.0000,,B-ENTRY,B-ENTRY,model,0.996,2026-09-24 14:07:28
41e9b781-caf8-5c71-8322-5921044c46af,87c30c17-847f-5309-97d3-2dc47d05745a,190.7.22,190,6,7,22,"[455.0, 138.0, 838.0, 893.0]",Text,"Demontigny, rue de la Monnaie, 19.  ",ENTRY,"<SUBJ>Demontigny</SUBJ>, <ADDR>rue de la Monnaie, 19.</ADDR>",1,0,1,1.0000,,B-ENTRY,B-ENTRY,model,0.9949,2026-09-24 14:07:28
c875fa70-7cf5-5bdd-a534-70c0a80894a6,87c30c17-847f-5309-97d3-2dc47d05745a,"190.7.23,190.7.24","190,190","6,6","7,7","23,24","[455.0, 138.0, 838.0, 893.0],[455.0, 138.0, 838.0, 893.0]","Text,Text","Deschamps, chir. en chef de l'hospice de l'Unité, rue des SS.-Pères, 45.",ENTRY,"<SUBJ>Deschamps</SUBJ>, <DESC>chir. en chef de l'hospice de l'Unité</DESC>, <ADDR>rue des SS.-Pères, 45.</ADDR>",1,1,1,1.0000,,"B-ENTRY,I-ENTRY","B-ENTRY,I-ENTRY","human,human","1.0,1.0","2026-09-24 14:05:56,2026-09-24 14:05:56"
df584e65-6763-515f-9ac8-c2374429064f,87c30c17-847f-5309-97d3-2dc47d05745a,190.7.25,190,6,7,25,"[455.0, 138.0, 838.0, 893.0]",Text,"Descloche, rue Coquillière, 58.  ",ENTRY,"<SUBJ>Descloche</SUBJ>, <ADDR>rue Coquillière, 58.</ADDR>",1,0,1,1.0000,,B-ENTRY,B-ENTRY,model,0.9987,2026-09-24 14:07:28
ad6b11c4-c7c3-5ad0-bdb1-b40ac87451db,87c30c17-847f-5309-97d3-2dc47d05745a,190.7.26,190,6,7,26,"[455.0, 138.0, 838.0, 893.0]",Text,"Devilliers, rue S.-Jacques, 161.  ",ENTRY,"<SUBJ>Devilliers</SUBJ>, <ADDR>rue S.-Jacques, 161.</ADDR>",1,0,1,1.0000,,B-ENTRY,B-ENTRY,model,0.996,2026-09-24 14:07:28
67237e14-0e36-5492-80f7-38aeb48b0d22,87c30c17-847f-5309-97d3-2dc47d05745a,190.7.27,190,6,7,27,"[455.0, 138.0, 838.0, 893.0]",Text,"Didier, rue S.-Denis, 558.  ",ENTRY,"<SUBJ>Didier</SUBJ>, <ADDR>rue S.-Denis, 558.</ADDR>",1,0,1,1.0000,,B-ENTRY,B-ENTRY,human,1.0,2026-09-24 14:07:17
0d081de8-de20-57c9-b3bd-25105c180dbe,87c30c17-847f-5309-97d3-2dc47d05745a,190.7.28,190,6,7,28,"[455.0, 138.0, 838.0, 893.0]",Text,"Dorez, rue de Jouy.  ",ENTRY,"<SUBJ>Dorez</SUBJ>, <ADDR>rue de Jouy.</ADDR>",1,0,1,1.0000,,B-ENTRY,B-ENTRY,human,1.0,2026-09-24 14:07:17
3396d6fc-f43a-5ce6-a1d5-2d042cbb0e3b,87c30c17-847f-5309-97d3-2dc47d05745a,190.7.29,190,6,7,29,"[455.0, 138.0, 838.0, 893.0]",Text,"Dubertrand, rue du Temple, 85.  ",ENTRY,"<SUBJ>Dubertrand</SUBJ>, <ADDR>rue du Temple, 85.</ADDR>",1,0,1,1.0000,,B-ENTRY,B-ENTRY,model,0.9949,2026-09-24 14:07:28
08149b7b-9b7f-5927-bf41-29ea48826836,87c30c17-847f-5309-97d3-2dc47d05745a,190.7.30,190,6,7,30,"[455.0, 138.0, 838.0, 893.0]",Text,"Dubois (Ant.), rue de l'Observance, 1.  ",ENTRY,"<SUBJ>Dubois (Ant.)</SUBJ>, <ADDR>rue de l'Observance, 1.</ADDR>",1,0,1,1.0000,,B-ENTRY,B-ENTRY,model,0.9951,2026-09-24 14:07:28
9e1961bf-c32a-530a-bec0-55f695aaeae9,87c30c17-847f-5309-97d3-2dc47d05745a,"190.7.31,190.7.32","190,190","6,6","7,7","31,32","[455.0, 138.0, 838.0, 893.0],[455.0, 138.0, 838.0, 893.0]","Text,Text","Dubois (Etienne), rue des Filles-du-Cal- vaire, 5.",ENTRY,"<SUBJ>Dubois (Etienne)</SUBJ>, <ADDR>rue des Filles-du-Cal- vaire, 5.</ADDR>",1,0,1,1.0000,,"B-ENTRY,I-ENTRY","B-ENTRY,I-ENTRY","model,model","0.9987,1.0","2026-09-24 14:07:28,2026-09-24 14:07:28"
097ab975-b1ac-5e9e-b2dc-cace7662d166,87c30c17-847f-5309-97d3-2dc47d05745a,"190.7.33,190.7.34","190,190","6,6","7,7","33,34","[455.0, 138.0, 838.0, 893.0],[455.0, 138.0, 838.0, 893.0]","Text,Text","Dubois-Foucou, dentiste, rue des Bons- Enfants, 1.",ENTRY,"<SUBJ>Dubois-Foucou</SUBJ>, <DESC>dentiste</DESC>, <ADDR>rue des Bons- Enfants, 1.</ADDR>",1,1,1,1.0000,,"B-ENTRY,I-ENTRY","B-ENTRY,I-ENTRY","human,human","1.0,1.0","2026-09-24 14:06:57,2026-09-24 14:06:57"
623644a4-e3a3-5b5f-8800-bd2404a14f47,87c30c17-847f-5309-97d3-2dc47d05745a,190.7.35,190,6,7,35,"[455.0, 138.0, 838.0, 893.0]",Text,"Duchateau, cul-de-sac Sourdis, 5.  ",ENTRY,"<SUBJ>Duchateau</SUBJ>, <ADDR>cul-de-sac Sourdis, 5.</ADDR>",1,0,1,1.0000,,B-ENTRY,B-ENTRY,model,0.9983,2026-09-24 14:07:28
e78f9813-1f46-5601-9118-9aa03501f3f1,87c30c17-847f-5309-97d3-2dc47d05745a,190.7.36,190,6,7,36,"[455.0, 138.0, 838.0, 893.0]",Text,"Ducluzeau, rue S.-Nicaise, 8.  ",ENTRY,"<SUBJ>Ducluzeau</SUBJ>, <ADDR>rue S.-Nicaise, 8.</ADDR>",1,0,1,1.0000,,B-ENTRY,B-ENTRY,model,0.996,2026-09-24 14:07:28
a4b78a7f-88b9-5f3b-b3dc-b74130e5ae6c,87c30c17-847f-5309-97d3-2dc47d05745a,190.7.37,190,6,7,37,"[455.0, 138.0, 838.0, 893.0]",Text,"Dufour, rue des Ecouffes, 22.  ",ENTRY,"<SUBJ>Dufour</SUBJ>, <ADDR>rue des Ecouffes, 22.</ADDR>",1,0,1,1.0000,,B-ENTRY,B-ENTRY,model,0.9949,2026-09-24 14:07:28
cdf2cc01-7309-54af-b4bd-85784c9e91b5,87c30c17-847f-5309-97d3-2dc47d05745a,190.7.38,190,6,7,38,"[455.0, 138.0, 838.0, 893.0]",Text,"Dufoure, rue des Gravilliers, 18.  ",ENTRY,"<SUBJ>Dufoure</SUBJ>, <ADDR>rue des Gravilliers, 18.</ADDR>",1,0,1,1.0000,,B-ENTRY,B-ENTRY,model,0.9949,2026-09-24 14:07:28
a72b6469-6a0d-5809-a47c-b3f70a97e14b,87c30c17-847f-5309-97d3-2dc47d05745a,190.7.39,190,6,7,39,"[455.0, 138.0, 838.0, 893.0]",Text,"Dufouart, rue S.-Jacques, 279.  ",ENTRY,"<SUBJ>Dufouart</SUBJ>, <ADDR>rue S.-Jacques, 279.</ADDR>",1,0,1,1.0000,,B-ENTRY,B-ENTRY,model,0.996,2026-09-24 14:07:28
bbeab15a-086f-5a29-8855-36c4aa537ae4,87c30c17-847f-5309-97d3-2dc47d05745a,190.7.40,190,6,7,40,"[455.0, 138.0, 838.0, 893.0]",Text,"Dussault (Ant. Fcl.), rue de Sèvres, 24.  ",ENTRY,"<SUBJ>Dussault (Ant. Fcl.)</SUBJ>, <ADDR>rue de Sèvres, 24.</ADDR>",1,0,1,1.0000,,B-ENTRY,B-ENTRY,model,0.9951,2026-09-24 14:07:28
ab66d044-7477-5bbc-a22c-40b0b5a12c6f,87c30c17-847f-5309-97d3-2dc47d05745a,190.7.41,190,6,7,41,"[455.0, 138.0, 838.0, 893.0]",Text,"Dutaret, rue des Enfants-Rouges, 15.  ",ENTRY,"<SUBJ>Dutaret</SUBJ>, <ADDR>rue des Enfants-Rouges, 15.</ADDR>",1,0,1,1.0000,,B-ENTRY,B-ENTRY,model,0.9965,2026-09-24 14:07:28
c5010c02-6d3a-55b7-be22-92f94caa1a07,87c30c17-847f-5309-97d3-2dc47d05745a,190.7.42,190,6,7,42,"[455.0, 138.0, 838.0, 893.0]",Text,"Duval, dentiste, place des Vosges, 5.  ",ENTRY,"<SUBJ>Duval</SUBJ>, <DESC>dentiste</DESC>, <ADDR>place des Vosges, 5.</ADDR>",1,1,1,1.0000,,B-ENTRY,B-ENTRY,model,0.9954,2026-09-24 14:07:28
b1aa6dd1-2dec-5586-be7c-34c9b2000891,87c30c17-847f-5309-97d3-2dc47d05745a,"190.7.43,190.7.44","190,190","6,6","7,7","43,44","[455.0, 138.0, 838.0, 893.0],[455.0, 138.0, 838.0, 893.0]","Text,Text","Eclancher, rue des Fossés-S.-Germain-des- Prés.",ENTRY,"<SUBJ>Eclancher</SUBJ>, <ADDR>rue des Fossés-S.-Germain-des- Prés.</ADDR>",1,0,1,1.0000,,"B-ENTRY,I-ENTRY","B-ENTRY,I-ENTRY","human,human","1.0,1.0","2026-09-24 14:05:58,2026-09-24 14:05:58"
8f7a314f-39a4-5f90-9b07-064eb5b1d547,87c30c17-847f-5309-97d3-2dc47d05745a,190.7.45,190,6,7,45,"[455.0, 138.0, 838.0, 893.0]",Text,"Evrat, accoucheur, rue de Sèvres, 25.  ",ENTRY,"<SUBJ>Evrat</SUBJ>, <DESC>accoucheur</DESC>, <ADDR>rue de Sèvres, 25.</ADDR>",1,1,1,1.0000,,B-ENTRY,B-ENTRY,model,0.9988,2026-09-24 14:07:28
5ed196e9-59a7-54b2-8f32-526f6e8531de,87c30c17-847f-5309-97d3-2dc47d05745a,"190.7.46,190.7.47","190,190","6,6","7,7","46,47","[455.0, 138.0, 838.0, 893.0],[455.0, 138.0, 838.0, 893.0]","Text,Text","Fabre de Molène, rue du Faub.-St.-Mar- tin, 205.",ENTRY,"<SUBJ>Fabre de Molène</SUBJ>, <ADDR>rue du Faub.-St.-Mar- tin, 205.</ADDR>",1,0,1,1.0000,,"B-ENTRY,I-ENTRY","B-ENTRY,I-ENTRY","model,model","0.9975,1.0","2026-09-24 14:07:28,2026-09-24 14:07:28"
5f983435-d1c0-5972-95a3-48b6513b6fc2,87c30c17-847f-5309-97d3-2dc47d05745a,190.7.48,190,6,7,48,"[455.0, 138.0, 838.0, 893.0]",Text,"Faulcon, rue S.-Martin, 291.  ",ENTRY,"<SUBJ>Faulcon</SUBJ>, <ADDR>rue S.-Martin, 291.</ADDR>",1,0,1,1.0000,,B-ENTRY,B-ENTRY,model,0.9989,2026-09-24 14:07:28
43abf721-7434-531e-b13c-338288d39a7c,87c30c17-847f-5309-97d3-2dc47d05745a,"190.7.49,190.7.50","190,190","6,6","7,7","49,50","[455.0, 138.0, 838.0, 893.0],[455.0, 138.0, 838.0, 893.0]","Text,Text","Favrot, rue des Fossés-S.-Germain-l'Auxer- rois, 6.",ENTRY,"<SUBJ>Favrot</SUBJ>, <ADDR>rue des Fossés-S.-Germain-l'Auxer- rois, 6.</ADDR>",1,0,1,1.0000,,"B-ENTRY,I-ENTRY","B-ENTRY,I-ENTRY","model,model","0.9985,1.0","2026-09-24 14:07:28,2026-09-24 14:07:28"
b7bdaf39-fd3c-5559-917d-e0092c6ca084,87c30c17-847f-5309-97d3-2dc47d05745a,"190.7.51,190.7.52","190,190","6,6","7,7","51,52","[455.0, 138.0, 838.0, 893.0],[455.0, 138.0, 838.0, 893.0]","Text,Text","Fertus, de l'hôpital du Gros-Caillou, rue....",ENTRY,"<SUBJ>Fertus</SUBJ>, <DESC>de l'hôpital du Gros-Caillou</DESC>, <ADDR>rue....</ADDR>",1,1,1,0.9999,,"B-ENTRY,I-ENTRY","B-ENTRY,I-ENTRY","human,human","1.0,1.0","2026-09-24 14:05:29,2026-09-24 14:05:29"
4ee46ec6-5faa-51f7-8af8-113cd6f724ac,87c30c17-847f-5309-97d3-2dc47d05745a,190.7.53,190,6,7,53,"[455.0, 138.0, 838.0, 893.0]",Text,"Fiefnet, rue Neuve-des-Petits-Champs, 79.  ",ENTRY,"<SUBJ>Fiefnet</SUBJ>, <ADDR>rue Neuve-des-Petits-Champs, 79.</ADDR>",1,0,1,1.0000,,B-ENTRY,B-ENTRY,model,0.9986,2026-09-24 14:07:28
302e1ec7-04d9-592f-ad3c-dd3d34015957,87c30c17-847f-5309-97d3-2dc47d05745a,190.7.54,190,6,7,54,"[455.0, 138.0, 838.0, 893.0]",Text,"Filliet, cour de la S.te-Chapelle, 9.  ",ENTRY,"<SUBJ>Filliet</SUBJ>, <ADDR>cour de la S.te-Chapelle, 9.</ADDR>",1,0,1,1.0000,,B-ENTRY,B-ENTRY,model,0.9949,2026-09-24 14:07:28
d7bd1489-3678-57ae-9dc2-bd448de0911d,87c30c17-847f-5309-97d3-2dc47d05745a,190.7.55,190,6,7,55,"[455.0, 138.0, 838.0, 893.0]",Text,"Fillot, rue Bon-Conseil, 14.  ",ENTRY,"<SUBJ>Fillot</SUBJ>, <ADDR>rue Bon-Conseil, 14.</ADDR>",1,0,1,1.0000,,B-ENTRY,B-ENTRY,model,0.9954,2026-09-24 14:07:28
f43d1fb8-e1e2-5391-886c-35649c12bdf2,87c30c17-847f-5309-97d3-2dc47d05745a,190.7.56,190,6,7,56,"[455.0, 138.0, 838.0, 893.0]",Text,"Fleury, rue Phelippeaux, 11.  ",ENTRY,"<SUBJ>Fleury</SUBJ>, <ADDR>rue Phelippeaux, 11.</ADDR>",1,0,1,1.0000,,B-ENTRY,B-ENTRY,model,0.9954,2026-09-24 14:07:28
24805a51-4047-591a-8221-2c63637e875e,87c30c17-847f-5309-97d3-2dc47d05745a,190.7.57,190,6,7,57,"[455.0, 138.0, 838.0, 893.0]",Text,"Fluquay, rue S.-Christophe, 14.",ENTRY,"<SUBJ>Fluquay</SUBJ>, <ADDR>rue S.-Christophe, 14.</ADDR>",1,0,1,1.0000,,B-ENTRY,B-ENTRY,model,0.9905,2026-09-24 14:07:28
8f0cc990-5b8c-5766-a134-6fefd179e133,87c30c17-847f-5309-97d3-2dc47d05745a,191.1.0,191,0,1,0,"[123.0, 37.0, 177.0, 56.0]",Page-Header,862,OUT OF SCOPE,,,,,,,OUT OF SCOPE,OUT OF SCOPE,human,1.0,2026-09-24 14:05:37
43672a48-8bd9-5e04-a106-6b1b885b4f33,87c30c17-847f-5309-97d3-2dc47d05745a,191.2.0,191,1,2,0,"[315.0, 35.0, 773.0, 60.0]",Page-Header,Docteurs en chirurgie.—PARIS.,OUT OF SCOPE,,,,,,,OUT OF SCOPE,OUT OF SCOPE,human,1.0,2026-09-24 14:05:37
fb9b8b3a-c5da-5097-9c80-93d8c7054064,87c30c17-847f-5309-97d3-2dc47d05745a,191.3.0,191,2,3,0,"[117.0, 61.0, 970.0, 890.0]",List-Group,"Fontaine, rue d'Aboukir, 2.  ",ENTRY,"<SUBJ>Fontaine</SUBJ>, <ADDR>rue d'Aboukir, 2.</ADDR>",1,0,1,1.0000,,B-ENTRY,B-ENTRY,model,0.9986,2026-09-24 14:07:28
2fa9f3c9-e5c1-58a4-9a3f-13dd96c11df5,87c30c17-847f-5309-97d3-2dc47d05745a,191.3.1,191,2,3,1,"[117.0, 61.0, 970.0, 890.0]",List-Group,"Forestier, *accoucheur*, rue des Moulins, 1.  ",ENTRY,"<SUBJ>Forestier</SUBJ>, *<DESC>accoucheur</DESC>*, <ADDR>rue des Moulins, 1.</ADDR>",1,1,1,1.0000,,B-ENTRY,B-ENTRY,model,0.9971,2026-09-24 14:07:28
a4cd88d8-291b-5ec5-ab23-1e91aa1cfd31,87c30c17-847f-5309-97d3-2dc47d05745a,191.3.2,191,2,3,2,"[117.0, 61.0, 970.0, 890.0]",List-Group,"Forlence, *oculiste*, rue des SS.-Pères, 20.  ",ENTRY,"<SUBJ>Forlence</SUBJ>, *<DESC>oculiste</DESC>*, <ADDR>rue des SS.-Pères, 20.</ADDR>",1,1,1,1.0000,,B-ENTRY,B-ENTRY,model,0.9971,2026-09-24 14:07:28
4836b099-6334-5c54-a92e-c04c0127a812,87c30c17-847f-5309-97d3-2dc47d05745a,191.3.3,191,2,3,3,"[117.0, 61.0, 970.0, 890.0]",List-Group,"Fouilloy, rue S.te-Marguerite, 14.  ",ENTRY,"<SUBJ>Fouilloy</SUBJ>, <ADDR>rue S.te-Marguerite, 14.</ADDR>",1,0,1,1.0000,,B-ENTRY,B-ENTRY,model,0.9953,2026-09-24 14:07:28
eda4a88b-a2ae-5024-99aa-c6428f2d2528,87c30c17-847f-5309-97d3-2dc47d05745a,191.3.4,191,2,3,4,"[117.0, 61.0, 970.0, 890.0]",List-Group,"Gaillard (Lefèvre dit), rue S.-Florentin, 10.  ",ENTRY,"<SUBJ>Gaillard (Lefèvre dit)</SUBJ>, <ADDR>rue S.-Florentin, 10.</ADDR>",1,0,1,1.0000,,B-ENTRY,B-ENTRY,model,0.9969,2026-09-24 14:07:28
750b6f7e-852a-561e-bcc0-eac583c3d0f3,87c30c17-847f-5309-97d3-2dc47d05745a,191.3.5,191,2,3,5,"[117.0, 61.0, 970.0, 890.0]",List-Group,"Gardanne-Duport, rue du Mail, 29.  ",ENTRY,"<SUBJ>Gardanne-Duport</SUBJ>, <ADDR>rue du Mail, 29.</ADDR>",1,0,1,1.0000,,B-ENTRY,B-ENTRY,model,0.998,2026-09-24 14:07:28
cb83816b-66ef-5fc2-83c0-638a81e7bf42,87c30c17-847f-5309-97d3-2dc47d05745a,191.3.6,191,2,3,6,"[117.0, 61.0, 970.0, 890.0]",List-Group,"Gauthier, rue de Tracy, 14.  ",ENTRY,"<SUBJ>Gauthier</SUBJ>, <ADDR>rue de Tracy, 14.</ADDR>",1,0,1,1.0000,,B-ENTRY,B-ENTRY,model,0.9959,2026-09-24 14:07:28
28c6f740-c1c9-59b8-93b2-753934f2dc4f,87c30c17-847f-5309-97d3-2dc47d05745a,191.3.7,191,2,3,7,"[117.0, 61.0, 970.0, 890.0]",List-Group,"Gautier, rue Jacob, 1.  ",ENTRY,"<SUBJ>Gautier</SUBJ>, <ADDR>rue Jacob, 1.</ADDR>",1,0,1,1.0000,,B-ENTRY,B-ENTRY,model,0.9963,2026-09-24 14:07:28
4ed8020a-9fa1-53df-aa1f-7390be42aa01,87c30c17-847f-5309-97d3-2dc47d05745a,191.3.8,191,2,3,8,"[117.0, 61.0, 970.0, 890.0]",List-Group,"Gay, rue du Bacq, 14.  ",ENTRY,"<SUBJ>Gay</SUBJ>, <ADDR>rue du Bacq, 14.</ADDR>",1,0,1,1.0000,,B-ENTRY,B-ENTRY,model,0.9959,2026-09-24 14:07:28
64bac4da-06af-5558-84f1-7a580ba5fc02,87c30c17-847f-5309-97d3-2dc47d05745a,191.3.9,191,2,3,9,"[117.0, 61.0, 970.0, 890.0]",List-Group,"Gélède, rue S.-Pierre-aux Bœufs, 10.  ",ENTRY,"<SUBJ>Gélède</SUBJ>, <ADDR>rue S.-Pierre-aux Bœufs, 10.</ADDR>",1,0,1,1.0000,,B-ENTRY,B-ENTRY,model,0.9953,2026-09-24 14:07:28
53bc6b18-5b40-5580-841f-accb3fb6129f,87c30c17-847f-5309-97d3-2dc47d05745a,191.3.10,191,2,3,10,"[117.0, 61.0, 970.0, 890.0]",List-Group,"Génouville, rue du Cherche-Midi, 2.  ",ENTRY,"<SUBJ>Génouville</SUBJ>, <ADDR>rue du Cherche-Midi, 2.</ADDR>",1,0,1,1.0000,,B-ENTRY,B-ENTRY,model,0.9972,2026-09-24 14:07:28
961532b0-6c61-59e5-9440-89fc917153c7,87c30c17-847f-5309-97d3-2dc47d05745a,191.3.11,191,2,3,11,"[117.0, 61.0, 970.0, 890.0]",List-Group,"Girard, rue du Fouare, 7.  ",ENTRY,"<SUBJ>Girard</SUBJ>, <ADDR>rue du Fouare, 7.</ADDR>",1,0,1,1.0000,,B-ENTRY,B-ENTRY,model,0.9959,2026-09-24 14:07:28
6af0a656-caa4-542b-b876-7859a51ef4b2,87c30c17-847f-5309-97d3-2dc47d05745a,191.3.12,191,2,3,12,"[117.0, 61.0, 970.0, 890.0]",List-Group,"Gobert, rue Git-le-Cœur, 12.  ",ENTRY,"<SUBJ>Gobert</SUBJ>, <ADDR>rue Git-le-Cœur, 12.</ADDR>",1,0,1,1.0000,,B-ENTRY,B-ENTRY,model,0.9963,2026-09-24 14:07:28
4548ccfa-eb21-5bad-aec3-7c2a0eefba32,87c30c17-847f-5309-97d3-2dc47d05745a,191.3.13,191,2,3,13,"[117.0, 61.0, 970.0, 890.0]",List-Group,"Grandchaud, rue des Bons-Enfans, 55.  ",ENTRY,"<SUBJ>Grandchaud</SUBJ>, <ADDR>rue des Bons-Enfans, 55.</ADDR>",1,0,1,1.0000,,B-ENTRY,B-ENTRY,model,0.9972,2026-09-24 14:07:28
9c41f30b-f37c-5ef7-a80a-ce41cd5443cc,87c30c17-847f-5309-97d3-2dc47d05745a,191.3.14,191,2,3,14,"[117.0, 61.0, 970.0, 890.0]",List-Group,"Gratereau, *accouch.*, rue Baillette, 5.  ",ENTRY,"<SUBJ>Gratereau</SUBJ>, *<DESC>accouch.</DESC>*, <ADDR>rue Baillette, 5.</ADDR>",1,1,1,1.0000,,B-ENTRY,B-ENTRY,model,0.9971,2026-09-24 14:07:28
df4182d2-ef89-5997-8064-8fd50400f8ad,87c30c17-847f-5309-97d3-2dc47d05745a,191.3.15,191,2,3,15,"[117.0, 61.0, 970.0, 890.0]",List-Group,"Grazide, place du Tribunal, 25.  ",ENTRY,"<SUBJ>Grazide</SUBJ>, <ADDR>place du Tribunal, 25.</ADDR>",1,0,1,1.0000,,B-ENTRY,B-ENTRY,model,0.9959,2026-09-24 14:07:28
ddbed013-2670-597f-866b-6b82aa2a6d5d,87c30c17-847f-5309-97d3-2dc47d05745a,191.3.16,191,2,3,16,"[117.0, 61.0, 970.0, 890.0]",List-Group,"Guenebault, rue S.-André-des-Arcs, 57.  ",ENTRY,"<SUBJ>Guenebault</SUBJ>, <ADDR>rue S.-André-des-Arcs, 57.</ADDR>",1,0,1,1.0000,,B-ENTRY,B-ENTRY,model,0.9953,2026-09-24 14:07:28
cf3e76a5-5064-5024-8cf9-444d5bbdef81,87c30c17-847f-5309-97d3-2dc47d05745a,"191.3.17,191.3.18","191,191","2,2","3,3","17,18","[117.0, 61.0, 970.0, 890.0],[117.0, 61.0, 970.0, 890.0]","List-Group,List-Group","Guérin (Claude), *accouch.*, rue du Mont- ceau, 12.",ENTRY,"<SUBJ>Guérin (Claude)</SUBJ>, *<DESC>accouch.</DESC>*, <ADDR>rue du Mont- ceau, 12.</ADDR>",1,1,1,1.0000,,"B-ENTRY,I-ENTRY","B-ENTRY,I-ENTRY","model,model","0.9976,1.0","2026-09-24 14:07:28,2026-09-24 14:07:28"
39ec1547-a6a3-5775-9135-a1c0a8f78439,87c30c17-847f-5309-97d3-2dc47d05745a,191.3.19,191,2,3,19,"[117.0, 61.0, 970.0, 890.0]",List-Group,"Guillemin, rue de Richelieu, 5.  ",ENTRY,"<SUBJ>Guillemin</SUBJ>, <ADDR>rue de Richelieu, 5.</ADDR>",1,0,1,1.0000,,B-ENTRY,B-ENTRY,model,0.9988,2026-09-24 14:07:28
08c6c6da-b4cd-5d87-916a-f1ebc5b8c7fa,87c30c17-847f-5309-97d3-2dc47d05745a,191.3.20,191,2,3,20,"[117.0, 61.0, 970.0, 890.0]",List-Group,"Guillemon, rue Mandar, 10.  ",ENTRY,"<SUBJ>Guillemon</SUBJ>, <ADDR>rue Mandar, 10.</ADDR>",1,0,1,1.0000,,B-ENTRY,B-ENTRY,model,0.9963,2026-09-24 14:07:28
75a23c10-5806-50a0-8665-a6dd70e5e8a5,87c30c17-847f-5309-97d3-2dc47d05745a,191.3.21,191,2,3,21,"[117.0, 61.0, 970.0, 890.0]",List-Group,"Hévin, rue Notre-Dame-de-Nazareth, 52.  ",ENTRY,"<SUBJ>Hévin</SUBJ>, <ADDR>rue Notre-Dame-de-Nazareth, 52.</ADDR>",1,0,1,1.0000,,B-ENTRY,B-ENTRY,model,0.9963,2026-09-24 14:07:28
1f4bbff2-c128-5305-93c6-62dbcd0e831e,87c30c17-847f-5309-97d3-2dc47d05745a,191.3.22,191,2,3,22,"[117.0, 61.0, 970.0, 890.0]",List-Group,"Hubert, rue Vieille-du-Temple, 52.  ",ENTRY,"<SUBJ>Hubert</SUBJ>, <ADDR>rue Vieille-du-Temple, 52.</ADDR>",1,0,1,1.0000,,B-ENTRY,B-ENTRY,model,0.9963,2026-09-24 14:07:28
58914c14-f5c2-5821-bc66-46591c0224a0,87c30c17-847f-5309-97d3-2dc47d05745a,191.3.23,191,2,3,23,"[117.0, 61.0, 970.0, 890.0]",List-Group,"Hurel, rue Culture.S.te-Catherine, 14.  ",ENTRY,"<SUBJ>Hurel</SUBJ>, <ADDR>rue Culture.S.te-Catherine, 14.</ADDR>",1,0,1,1.0000,,B-ENTRY,B-ENTRY,model,0.9963,2026-09-24 14:07:28
61a56189-59f7-5239-aef2-3adfd85f0798,87c30c17-847f-5309-97d3-2dc47d05745a,191.3.24,191,2,3,24,"[117.0, 61.0, 970.0, 890.0]",List-Group,"Huttier, rue Montmartre, 64.  ",ENTRY,"<SUBJ>Huttier</SUBJ>, <ADDR>rue Montmartre, 64.</ADDR>",1,0,1,1.0000,,B-ENTRY,B-ENTRY,model,0.9963,2026-09-24 14:07:28
a8831b8d-b65e-5490-a74e-9656ad29b939,87c30c17-847f-5309-97d3-2dc47d05745a,191.3.25,191,2,3,25,"[117.0, 61.0, 970.0, 890.0]",List-Group,"Jacques, rue du Coq-S.-Honoré, 15.  ",ENTRY,"<SUBJ>Jacques</SUBJ>, <ADDR>rue du Coq-S.-Honoré, 15.</ADDR>",1,0,1,1.0000,,B-ENTRY,B-ENTRY,model,0.9959,2026-09-24 14:07:28
74759068-41c5-5174-b5ad-371b8fdabb36,87c30c17-847f-5309-97d3-2dc47d05745a,191.3.26,191,2,3,26,"[117.0, 61.0, 970.0, 890.0]",List-Group,"Jarry, rue de la Jussienne, 15.  ",ENTRY,"<SUBJ>Jarry</SUBJ>, <ADDR>rue de la Jussienne, 15.</ADDR>",1,0,1,1.0000,,B-ENTRY,B-ENTRY,model,0.9959,2026-09-24 14:07:28
003e303d-28e3-5970-bd8b-b5292802b0f4,87c30c17-847f-5309-97d3-2dc47d05745a,191.3.27,191,2,3,27,"[117.0, 61.0, 970.0, 890.0]",List-Group,"Jourdain, *dent.*, quai des Augustins, 57.  ",ENTRY,"<SUBJ>Jourdain</SUBJ>, *<DESC>dent.</DESC>*, <ADDR>quai des Augustins, 57.</ADDR>",1,1,1,1.0000,,B-ENTRY,B-ENTRY,model,0.9971,2026-09-24 14:07:28
e6fabce4-5e7e-58d9-81f6-fb04ca31b5ce,87c30c17-847f-5309-97d3-2dc47d05745a,191.3.28,191,2,3,28,"[117.0, 61.0, 970.0, 890.0]",List-Group,"Jouve, *dentiste*, rue Montmartre, 145.  ",ENTRY,"<SUBJ>Jouve</SUBJ>, *<DESC>dentiste</DESC>*, <ADDR>rue Montmartre, 145.</ADDR>",1,1,1,1.0000,,B-ENTRY,B-ENTRY,model,0.997,2026-09-24 14:07:28
e8b837c5-3013-576f-a339-21c2e44a3c12,87c30c17-847f-5309-97d3-2dc47d05745a,"191.3.29,191.3.30","191,191","2,2","3,3","29,30","[117.0, 61.0, 970.0, 890.0],[117.0, 61.0, 970.0, 890.0]","List-Group,List-Group","Laborde père, *accoucheur*, rue Blanche- de-Castille, 74.",ENTRY,"<SUBJ>Laborde père</SUBJ>, *<DESC>accoucheur</DESC>*, <ADDR>rue Blanche- de-Castille, 74.</ADDR>",1,1,1,1.0000,,"B-ENTRY,I-ENTRY","B-ENTRY,I-ENTRY","model,model","0.9944,1.0","2026-09-24 14:07:28,2026-09-24 14:07:28"
ccbc32ac-0d0e-5469-b62b-4da2d90e3184,87c30c17-847f-5309-97d3-2dc47d05745a,"191.3.31,191.3.32","191,191","2,2","3,3","31,32","[117.0, 61.0, 970.0, 890.0],[117.0, 61.0, 970.0, 890.0]","List-Group,List-Group","Laborie, rue de Grenelle, 6.—Gros-Cail- lou.",ENTRY,"<SUBJ>Laborie</SUBJ>, <ADDR>rue de Grenelle, 6.—Gros-Cail- lou.</ADDR>",1,0,1,1.0000,,"B-ENTRY,I-ENTRY","B-ENTRY,I-ENTRY","model,model","0.9997,1.0","2026-09-24 14:07:28,2026-09-24 14:07:28"
d4848d25-d104-576b-8d3c-0dc3e82f0729,87c30c17-847f-5309-97d3-2dc47d05745a,"191.3.33,191.3.34,191.3.35","191,191,191","2,2,2","3,3,3","33,34,35","[117.0, 61.0, 970.0, 890.0],[117.0, 61.0, 970.0, 890.0],[117.0, 61.0, 970.0, 890.0]","List-Group,List-Group,List-Group","Lacaze-Pélarrouy, *chir. en chef de l'hos- pice Beaujon*, boulevard de la Made- leine, 17.",ENTRY,"<SUBJ>Lacaze-Pélarrouy</SUBJ>, *<DESC>chir. en chef de l'hos- pice Beaujon</DESC>*, <ADDR>boulevard de la Made- leine, 17.</ADDR>",1,1,1,1.0000,,"B-ENTRY,I-ENTRY,I-ENTRY","B-ENTRY,I-ENTRY,I-ENTRY","model,model,model","0.9984,1.0,0.9999","2026-09-24 14:07:28,2026-09-24 14:07:28,2026-09-24 14:07:28"
1ca162f0-4244-5769-b983-a6b3a4c12397,87c30c17-847f-5309-97d3-2dc47d05745a,191.3.36,191,2,3,36,"[117.0, 61.0, 970.0, 890.0]",List-Group,"Lacour, rue Beaurepaire.  ",ENTRY,"<SUBJ>Lacour</SUBJ>, <ADDR>rue Beaurepaire.</ADDR>",1,0,1,1.0000,,B-ENTRY,B-ENTRY,model,0.996,2026-09-24 14:07:28
d0f3fe7b-449f-55ac-825b-72ab8a7bf4bb,87c30c17-847f-5309-97d3-2dc47d05745a,191.3.37,191,2,3,37,"[117.0, 61.0, 970.0, 890.0]",List-Group,"Lafond, *hern.*, palais du Tribunal, 68.  ",ENTRY,"<SUBJ>Lafond</SUBJ>, *<DESC>hern.</DESC>*, <ADDR>palais du Tribunal, 68.</ADDR>",1,1,1,1.0000,,B-ENTRY,B-ENTRY,model,0.9971,2026-09-24 14:07:28
112f0838-ecc2-56ba-a67d-ae6fe319675a,87c30c17-847f-5309-97d3-2dc47d05745a,191.3.38,191,2,3,38,"[117.0, 61.0, 970.0, 890.0]",List-Group,"Lagut, rue S.-Marc, 9.  ",ENTRY,"<SUBJ>Lagut</SUBJ>, <ADDR>rue S.-Marc, 9.</ADDR>",1,0,1,1.0000,,B-ENTRY,B-ENTRY,model,0.9968,2026-09-24 14:07:28
30073330-d80c-5b41-a47e-0eee5000e61e,87c30c17-847f-5309-97d3-2dc47d05745a,"191.3.39,191.3.40","191,191","2,2","3,3","39,40","[117.0, 61.0, 970.0, 890.0],[117.0, 61.0, 970.0, 890.0]","List-Group,List-Group","Lallemand, boulevard de l'Hôpital, à l'hô- pital.",ENTRY,"<SUBJ>Lallemand</SUBJ>, <ADDR>boulevard de l'Hôpital, à l'hô- pital.</ADDR>",1,0,1,1.0000,,"B-ENTRY,I-ENTRY","B-ENTRY,I-ENTRY","model,model","0.9964,1.0","2026-09-24 14:07:28,2026-09-24 14:07:28"
1c3eae49-3e56-5caa-8b23-9337dacbd63b,87c30c17-847f-5309-97d3-2dc47d05745a,191.3.41,191,2,3,41,"[117.0, 61.0, 970.0, 890.0]",List-Group,"Lambert, rue Tiquetonne, 19.  ",ENTRY,"<SUBJ>Lambert</SUBJ>, <ADDR>rue Tiquetonne, 19.</ADDR>",1,0,1,1.0000,,B-ENTRY,B-ENTRY,model,0.9989,2026-09-24 14:07:28
882b012c-dc6c-58f9-b42b-c8e9b90d9dc9,87c30c17-847f-5309-97d3-2dc47d05745a,191.3.42,191,2,3,42,"[117.0, 61.0, 970.0, 890.0]",List-Group,"Lamblin, *acc.*, rue des SS.-Pères, 59.  ",ENTRY,"<SUBJ>Lamblin</SUBJ>, *<DESC>acc.</DESC>*, <ADDR>rue des SS.-Pères, 59.</ADDR>",1,1,1,1.0000,,B-ENTRY,B-ENTRY,model,0.9971,2026-09-24 14:07:28
13558bf7-12bf-5590-ad1f-73b66ae8cd8e,87c30c17-847f-5309-97d3-2dc47d05745a,191.3.43,191,2,3,43,"[117.0, 61.0, 970.0, 890.0]",List-Group,"Larrey, cul-de-sac de la Monnaie, 3.  ",ENTRY,"<SUBJ>Larrey</SUBJ>, <ADDR>cul-de-sac de la Monnaie, 3.</ADDR>",1,0,1,1.0000,,B-ENTRY,B-ENTRY,model,0.9947,2026-09-24 14:07:28
a3e61f9b-70c4-5b0a-a165-7d19b624ac6c,87c30c17-847f-5309-97d3-2dc47d05745a,191.3.44,191,2,3,44,"[117.0, 61.0, 970.0, 890.0]",List-Group,"Laveran, quai de l'Ecole, 50.  ",ENTRY,"<SUBJ>Laveran</SUBJ>, <ADDR>quai de l'Ecole, 50.</ADDR>",1,0,1,1.0000,,B-ENTRY,B-ENTRY,model,0.9972,2026-09-24 14:07:28
9226de7d-69f1-5b24-b09c-aece9db7d559,87c30c17-847f-5309-97d3-2dc47d05745a,191.3.45,191,2,3,45,"[117.0, 61.0, 970.0, 890.0]",List-Group,"Lebreton, rue des Vieux-Augustins, 40.  ",ENTRY,"<SUBJ>Lebreton</SUBJ>, <ADDR>rue des Vieux-Augustins, 40.</ADDR>",1,0,1,1.0000,,B-ENTRY,B-ENTRY,model,0.9972,2026-09-24 14:07:28
2c286852-325a-52c3-943e-a613a638a7fd,87c30c17-847f-5309-97d3-2dc47d05745a,"191.3.46,191.3.47","191,191","2,2","3,3","46,47","[117.0, 61.0, 970.0, 890.0],[117.0, 61.0, 970.0, 890.0]","List-Group,List-Group","Lebrun, *dentiste*, rue des Fossés-S.-Ger- main-des-Prés, 18.",ENTRY,"<SUBJ>Lebrun</SUBJ>, *<DESC>dentiste</DESC>*, <ADDR>rue des Fossés-S.-Ger- main-des-Prés, 18.</ADDR>",1,1,1,1.0000,,"B-ENTRY,I-ENTRY","B-ENTRY,I-ENTRY","human,human","1.0,1.0","2026-09-24 14:05:21,2026-09-24 14:05:21"
6ba256ae-ab3b-5ebd-bd1c-b3b8e0712190,87c30c17-847f-5309-97d3-2dc47d05745a,191.3.48,191,2,3,48,"[117.0, 61.0, 970.0, 890.0]",List-Group,"Legros, *dentiste*, rue de l'Arbre-Sec, 22.  ",ENTRY,"<SUBJ>Legros</SUBJ>, *<DESC>dentiste</DESC>*, <ADDR>rue de l'Arbre-Sec, 22.</ADDR>",1,1,1,1.0000,,B-ENTRY,B-ENTRY,model,0.9991,2026-09-24 14:07:28
d69618b4-2f64-582e-84df-cca3a43fd27b,87c30c17-847f-5309-97d3-2dc47d05745a,"191.3.49,191.3.50","191,191","2,2","3,3","49,50","[117.0, 61.0, 970.0, 890.0],[117.0, 61.0, 970.0, 890.0]","List-Group,List-Group","Lemaitre, *dentiste*, rue Croix-des-Petits- Champs, 55.",ENTRY,"<SUBJ>Lemaitre</SUBJ>, *<DESC>dentiste</DESC>*, <ADDR>rue Croix-des-Petits- Champs, 55.</ADDR>",1,1,1,1.0000,,"B-ENTRY,I-ENTRY","B-ENTRY,I-ENTRY","human,human","1.0,1.0","2026-09-24 14:06:03,2026-09-24 14:06:03"
9966cb5b-d58c-578c-b93f-e11e3e4493a9,87c30c17-847f-5309-97d3-2dc47d05745a,191.3.51,191,2,3,51,"[117.0, 61.0, 970.0, 890.0]",List-Group,"Lemercier, rue Montmartre, 168.  ",ENTRY,"<SUBJ>Lemercier</SUBJ>, <ADDR>rue Montmartre, 168.</ADDR>",1,0,1,1.0000,,B-ENTRY,B-ENTRY,model,0.9989,2026-09-24 14:07:28
d0463b97-2b83-5931-8050-348c2ee4269e,87c30c17-847f-5309-97d3-2dc47d05745a,191.3.52,191,2,3,52,"[117.0, 61.0, 970.0, 890.0]",List-Group,"Lepelletier, place de l'Hôtel-de-Ville, 6.  ",ENTRY,"<SUBJ>Lepelletier</SUBJ>, <ADDR>place de l'Hôtel-de-Ville, 6.</ADDR>",1,0,1,1.0000,,B-ENTRY,B-ENTRY,model,0.9959,2026-09-24 14:07:28
93c9a773-073a-55ac-8598-04e3f183e457,87c30c17-847f-5309-97d3-2dc47d05745a,191.3.53,191,2,3,53,"[117.0, 61.0, 970.0, 890.0]",List-Group,"Leroux, rue Saint-Avoye, 12.  ",ENTRY,"<SUBJ>Leroux</SUBJ>, <ADDR>rue Saint-Avoye, 12.</ADDR>",1,0,1,1.0000,,B-ENTRY,B-ENTRY,model,0.9963,2026-09-24 14:07:28
b3ec4c99-4b7a-523e-9752-cf5c095d67c8,87c30c17-847f-5309-97d3-2dc47d05745a,191.3.54,191,2,3,54,"[117.0, 61.0, 970.0, 890.0]",List-Group,"Leroy, rue des Lavandières, 4.  ",ENTRY,"<SUBJ>Leroy</SUBJ>, <ADDR>rue des Lavandières, 4.</ADDR>",1,0,1,1.0000,,B-ENTRY,B-ENTRY,model,0.9959,2026-09-24 14:07:28
7afdb5e8-2157-52a8-9cfd-92ec953c3f6c,87c30c17-847f-5309-97d3-2dc47d05745a,191.3.55,191,2,3,55,"[117.0, 61.0, 970.0, 890.0]",List-Group,"Leviels, rue de Cléry, 5.  ",ENTRY,"<SUBJ>Leviels</SUBJ>, <ADDR>rue de Cléry, 5.</ADDR>",1,0,1,1.0000,,B-ENTRY,B-ENTRY,model,0.9959,2026-09-24 14:07:28
350cf974-70b0-5321-9b33-5a448e3957f3,87c30c17-847f-5309-97d3-2dc47d05745a,191.3.56,191,2,3,56,"[117.0, 61.0, 970.0, 890.0]",List-Group,"Lioult, rue de l'Echelle, 15.  ",ENTRY,"<SUBJ>Lioult</SUBJ>, <ADDR>rue de l'Echelle, 15.</ADDR>",1,0,1,1.0000,,B-ENTRY,B-ENTRY,model,0.9972,2026-09-24 14:07:28
42d8c843-c01c-5ea8-a876-1d944fb941f8,87c30c17-847f-5309-97d3-2dc47d05745a,191.3.57,191,2,3,57,"[117.0, 61.0, 970.0, 890.0]",List-Group,"Luxembourg, rue Quincampoix, 4.  ",ENTRY,"<SUBJ>Luxembourg</SUBJ>, <ADDR>rue Quincampoix, 4.</ADDR>",1,0,1,1.0000,,B-ENTRY,B-ENTRY,model,0.9963,2026-09-24 14:07:28
0ea3188d-33de-59c2-87d2-fd6479f11db6,87c30c17-847f-5309-97d3-2dc47d05745a,"191.3.58,191.3.59","191,191","2,2","3,3","58,59","[117.0, 61.0, 970.0, 890.0],[117.0, 61.0, 970.0, 890.0]","List-Group,List-Group","Mahon, rue Sainte-Croix-de-la-Breton- nerie, 47.",ENTRY,"<SUBJ>Mahon</SUBJ>, <ADDR>rue Sainte-Croix-de-la-Breton- nerie, 47.</ADDR>",1,0,1,1.0000,,"B-ENTRY,I-ENTRY","B-ENTRY,I-ENTRY","model,model","0.9994,1.0","2026-09-24 14:07:28,2026-09-24 14:07:28"
21a0504c-6545-5186-a98c-43ad9d435afa,87c30c17-847f-5309-97d3-2dc47d05745a,191.3.60,191,2,3,60,"[117.0, 61.0, 970.0, 890.0]",List-Group,"Maison-Neuve, rue de Vendôme, 4.  ",ENTRY,"<SUBJ>Maison-Neuve</SUBJ>, <ADDR>rue de Vendôme, 4.</ADDR>",1,0,1,1.0000,,B-ENTRY,B-ENTRY,model,0.9995,2026-09-24 14:07:28
3473884d-a09c-5258-bb0c-04ec91c50a2a,87c30c17-847f-5309-97d3-2dc47d05745a,191.3.61,191,2,3,61,"[117.0, 61.0, 970.0, 890.0]",List-Group,"Maret, rue de la Chaise, 28.  ",ENTRY,"<SUBJ>Maret</SUBJ>, <ADDR>rue de la Chaise, 28.</ADDR>",1,0,1,1.0000,,B-ENTRY,B-ENTRY,model,0.9959,2026-09-24 14:07:28
1725e9e8-ee95-55cb-bc03-0d25c0b02441,87c30c17-847f-5309-97d3-2dc47d05745a,191.3.62,191,2,3,62,"[117.0, 61.0, 970.0, 890.0]",List-Group,"Marie, rue des Noyers, 52.  ",ENTRY,"<SUBJ>Marie</SUBJ>, <ADDR>rue des Noyers, 52.</ADDR>",1,0,1,1.0000,,B-ENTRY,B-ENTRY,model,0.9959,2026-09-24 14:07:28
2c652b69-f4aa-5a54-8df7-0a9276374558,87c30c17-847f-5309-97d3-2dc47d05745a,191.3.63,191,2,3,63,"[117.0, 61.0, 970.0, 890.0]",List-Group,"Marmont, *dentiste*, rue de Richelieu, 4.  ",ENTRY,"<SUBJ>Marmont</SUBJ>, *<DESC>dentiste</DESC>*, <ADDR>rue de Richelieu, 4.</ADDR>",1,1,1,1.0000,,B-ENTRY,B-ENTRY,model,0.9971,2026-09-24 14:07:28
6ae3dd36-6bfe-525a-9c7d-321768dd4e4d,87c30c17-847f-5309-97d3-2dc47d05745a,191.3.64,191,2,3,64,"[117.0, 61.0, 970.0, 890.0]",List-Group,"Marquais, rue de l'Université, 28.  ",ENTRY,"<SUBJ>Marquais</SUBJ>, <ADDR>rue de l'Université, 28.</ADDR>",1,0,1,1.0000,,B-ENTRY,B-ENTRY,model,0.9972,2026-09-24 14:07:28
c977d29e-f1de-5738-bfdb-1868f161f2f2,87c30c17-847f-5309-97d3-2dc47d05745a,191.3.65,191,2,3,65,"[117.0, 61.0, 970.0, 890.0]",List-Group,"Marque, rue Saint-Martin, 77.  ",ENTRY,"<SUBJ>Marque</SUBJ>, <ADDR>rue Saint-Martin, 77.</ADDR>",1,0,1,1.0000,,B-ENTRY,B-ENTRY,model,0.9963,2026-09-24 14:07:28
f7d8880f-17bc-54fe-9aab-d2eef798f2bc,87c30c17-847f-5309-97d3-2dc47d05745a,191.3.66,191,2,3,66,"[117.0, 61.0, 970.0, 890.0]",List-Group,"Marin, au Lycée, rue St.-Jacques, 125.  ",ENTRY,"<SUBJ>Marin</SUBJ>, <ADDR>au Lycée, rue St.-Jacques, 125.</ADDR>",1,0,1,1.0000,,B-ENTRY,B-ENTRY,model,0.9963,2026-09-24 14:07:28
307f1c4b-b996-50b4-96ed-d2cee520101b,87c30c17-847f-5309-97d3-2dc47d05745a,191.3.67,191,2,3,67,"[117.0, 61.0, 970.0, 890.0]",List-Group,"Marquis, *dit* Suigram, rue du Hasard.  ",ENTRY,"<SUBJ>Marquis, *dit* Suigram</SUBJ>, <ADDR>rue du Hasard.</ADDR>",1,0,1,1.0000,,B-ENTRY,B-ENTRY,model,0.9941,2026-09-24 14:07:28
e47cc8f1-085b-548c-aea1-62076972f888,87c30c17-847f-5309-97d3-2dc47d05745a,"191.3.68,191.3.69","191,191","2,2","3,3","68,69","[117.0, 61.0, 970.0, 890.0],[117.0, 61.0, 970.0, 890.0]","List-Group,List-Group","Masson-Grandjean, *oculiste*, rue Ga- lande, 6.",ENTRY,"<SUBJ>Masson-Grandjean</SUBJ>, *<DESC>oculiste</DESC>*, <ADDR>rue Ga- lande, 6.</ADDR>",1,1,1,1.0000,,"B-ENTRY,I-ENTRY","B-ENTRY,I-ENTRY","model,model","0.9992,1.0","2026-09-24 14:07:28,2026-09-24 14:07:28"
567f7025-0b98-516c-800c-794816b9abeb,87c30c17-847f-5309-97d3-2dc47d05745a,191.3.70,191,2,3,70,"[117.0, 61.0, 970.0, 890.0]",List-Group,"Mativet, marché Neuf, 8.  ",ENTRY,"<SUBJ>Mativet</SUBJ>, <ADDR>marché Neuf, 8.</ADDR>",1,0,1,0.9999,,B-ENTRY,B-ENTRY,model,0.9989,2026-09-24 14:07:28
2356ee1c-f72d-5d11-a850-cae1d39ee456,87c30c17-847f-5309-97d3-2dc47d05745a,191.3.71,191,2,3,71,"[117.0, 61.0, 970.0, 890.0]",List-Group,"Mellet, rue Meslé, 55.  ",ENTRY,"<SUBJ>Mellet</SUBJ>, <ADDR>rue Meslé, 55.</ADDR>",1,0,1,1.0000,,B-ENTRY,B-ENTRY,model,0.9963,2026-09-24 14:07:28
4c0fac2b-7125-59d4-a9d8-567ed68eb7bc,87c30c17-847f-5309-97d3-2dc47d05745a,191.3.72,191,2,3,72,"[117.0, 61.0, 970.0, 890.0]",List-Group,"Mercadier, rue Beaurepaire, 24.  ",ENTRY,"<SUBJ>Mercadier</SUBJ>, <ADDR>rue Beaurepaire, 24.</ADDR>",1,0,1,1.0000,,B-ENTRY,B-ENTRY,model,0.9963,2026-09-24 14:07:28
3ca18cf1-06b5-5427-9d1c-e40b19ebc19b,87c30c17-847f-5309-97d3-2dc47d05745a,191.3.73,191,2,3,73,"[117.0, 61.0, 970.0, 890.0]",List-Group,"Mermier, rue du Faub.-du-Roule, 44.  ",ENTRY,"<SUBJ>Mermier</SUBJ>, <ADDR>rue du Faub.-du-Roule, 44.</ADDR>",1,0,1,1.0000,,B-ENTRY,B-ENTRY,model,0.9959,2026-09-24 14:07:28
92e785de-ffb9-56b5-b160-95b7ea0d3ca2,87c30c17-847f-5309-97d3-2dc47d05745a,191.3.74,191,2,3,74,"[117.0, 61.0, 970.0, 890.0]",List-Group,"Michault, rue Aumaire, 29.  ",ENTRY,"<SUBJ>Michault</SUBJ>, <ADDR>rue Aumaire, 29.</ADDR>",1,0,1,1.0000,,B-ENTRY,B-ENTRY,model,0.9963,2026-09-24 14:07:28
75a3efe0-b2d1-57cb-a9ef-ba341225cd5b,87c30c17-847f-5309-97d3-2dc47d05745a,191.3.75,191,2,3,75,"[117.0, 61.0, 970.0, 890.0]",List-Group,"Millot, *accouc.*, rue J.-J.-Rousseau, 5.  ",ENTRY,"<SUBJ>Millot</SUBJ>, *<DESC>accouc.</DESC>*, <ADDR>rue J.-J.-Rousseau, 5.</ADDR>",1,1,1,1.0000,,B-ENTRY,B-ENTRY,model,0.9971,2026-09-24 14:07:28
8db45ddc-5664-5320-9c38-8013434623ee,87c30c17-847f-5309-97d3-2dc47d05745a,191.3.76,191,2,3,76,"[117.0, 61.0, 970.0, 890.0]",List-Group,"Monier (Etienne), rue Sainte-Apolline.  ",ENTRY,"<SUBJ>Monier (Etienne)</SUBJ>, <ADDR>rue Sainte-Apolline.</ADDR>",1,0,1,1.0000,,B-ENTRY,B-ENTRY,model,0.9956,2026-09-24 14:07:28
87008388-e962-52fd-8f7f-2fd8f2e9282d,87c30c17-847f-5309-97d3-2dc47d05745a,191.3.77,191,2,3,77,"[117.0, 61.0, 970.0, 890.0]",List-Group,"Mossy, rue des Cinq-Diamans, 22.  ",ENTRY,"<SUBJ>Mossy</SUBJ>, <ADDR>rue des Cinq-Diamans, 22.</ADDR>",1,0,1,1.0000,,B-ENTRY,B-ENTRY,model,0.9972,2026-09-24 14:07:28
558d53f6-309d-5882-9879-0112a9ffea6c,87c30c17-847f-5309-97d3-2dc47d05745a,191.3.78,191,2,3,78,"[117.0, 61.0, 970.0, 890.0]",List-Group,"Morillon, rue d'Aboukir, 17.  ",ENTRY,"<SUBJ>Morillon</SUBJ>, <ADDR>rue d'Aboukir, 17.</ADDR>",1,0,1,1.0000,,B-ENTRY,B-ENTRY,model,0.9959,2026-09-24 14:07:28
32fdb31d-19a9-5162-a4db-c7b96abbd421,87c30c17-847f-5309-97d3-2dc47d05745a,191.3.79,191,2,3,79,"[117.0, 61.0, 970.0, 890.0]",List-Group,"Moulinet, rue de l'Oursine, 95.  ",ENTRY,"<SUBJ>Moulinet</SUBJ>, <ADDR>rue de l'Oursine, 95.</ADDR>",1,0,1,1.0000,,B-ENTRY,B-ENTRY,model,0.9972,2026-09-24 14:07:28
741c4550-4ec3-5c30-9337-455f0c63a625,87c30c17-847f-5309-97d3-2dc47d05745a,"191.3.80,191.3.81","191,191","2,2","3,3","80,81","[117.0, 61.0, 970.0, 890.0],[117.0, 61.0, 970.0, 890.0]","List-Group,List-Group","Naury, rue Sainte-Croix-de-la-Breton- nerie, 58.",ENTRY,"<SUBJ>Naury</SUBJ>, <ADDR>rue Sainte-Croix-de-la-Breton- nerie, 58.</ADDR>",1,0,1,1.0000,,"B-ENTRY,I-ENTRY","B-ENTRY,I-ENTRY","model,model","0.9994,1.0","2026-09-24 14:07:28,2026-09-24 14:07:28"
20305df3-a2f9-5438-9d1c-109be3cfa540,87c30c17-847f-5309-97d3-2dc47d05745a,191.3.82,191,2,3,82,"[117.0, 61.0, 970.0, 890.0]",List-Group,"Neveu, rue des Lavandières, 35.  ",ENTRY,"<SUBJ>Neveu</SUBJ>, <ADDR>rue des Lavandières, 35.</ADDR>",1,0,1,1.0000,,B-ENTRY,B-ENTRY,model,0.9988,2026-09-24 14:07:28
e6d66779-9b17-5d31-b0b1-5ca9da81ec5a,87c30c17-847f-5309-97d3-2dc47d05745a,"191.3.83,191.3.84","191,191","2,2","3,3","83,84","[117.0, 61.0, 970.0, 890.0],[117.0, 61.0, 970.0, 890.0]","List-Group,List-Group","Oudet, *herniaire*, rue des Fossés-Saint- Germain-des-Prés, 18.",ENTRY,"<SUBJ>Oudet</SUBJ>, *<DESC>herniaire</DESC>*, <ADDR>rue des Fossés-Saint- Germain-des-Prés, 18.</ADDR>",1,1,1,1.0000,,"B-ENTRY,I-ENTRY","B-ENTRY,I-ENTRY","human,human","1.0,1.0","2026-09-24 14:06:41,2026-09-24 14:06:41"
40748323-4817-5caa-b3d0-91f360e1ffee,87c30c17-847f-5309-97d3-2dc47d05745a,"191.3.85,191.3.86","191,191","2,2","3,3","85,86","[117.0, 61.0, 970.0, 890.0],[117.0, 61.0, 970.0, 890.0]","List-Group,List-Group","Pé de la Borde, *dentiste*, rue J.-J.-Rous- seau, 21.",ENTRY,"<SUBJ>Pé de la Borde</SUBJ>, *<DESC>dentiste</DESC>*, <ADDR>rue J.-J.-Rous- seau, 21.</ADDR>",1,1,1,1.0000,,"B-ENTRY,I-ENTRY","B-ENTRY,I-ENTRY","model,model","0.9966,1.0","2026-09-24 14:07:28,2026-09-24 14:07:28"
527d9cdf-4456-5398-b4cc-a7ebbb205d5d,87c30c17-847f-5309-97d3-2dc47d05745a,"191.3.87,191.3.88","191,191","2,2","3,3","87,88","[117.0, 61.0, 970.0, 890.0],[117.0, 61.0, 970.0, 890.0]","List-Group,List-Group","Pelletan, *en chef del'Hôtel-Dieu*, rue St.-Christophe, 10.",ENTRY,"<SUBJ>Pelletan</SUBJ>, *<DESC>en chef del'Hôtel-Dieu</DESC>*, <ADDR>rue St.-Christophe, 10.</ADDR>",1,1,1,1.0000,,"B-ENTRY,I-ENTRY","B-ENTRY,B-ENTRY","model,model","0.9929,0.9965","2026-09-24 14:07:28,2026-09-24 14:07:28"
150ae455-13bd-51d0-9b55-5570013c29d7,87c30c17-847f-5309-97d3-2dc47d05745a,191.3.89,191,2,3,89,"[117.0, 61.0, 970.0, 890.0]",List-Group,"Peltier, rue de l'Eglise, 1. Gros-Caillou.  ",ENTRY,"<SUBJ>Peltier</SUBJ>, <ADDR>rue de l'Eglise, 1. Gros-Caillou.</ADDR>",1,0,1,1.0000,,B-ENTRY,B-ENTRY,model,0.9945,2026-09-24 14:07:28
71ec5d3d-ec14-5a4e-8fbd-7a2f8162c4b8,87c30c17-847f-5309-97d3-2dc47d05745a,191.3.90,191,2,3,90,"[117.0, 61.0, 970.0, 890.0]",List-Group,"Pergot, rue Jacob, 3.  ",ENTRY,"<SUBJ>Pergot</SUBJ>, <ADDR>rue Jacob, 3.</ADDR>",1,0,1,1.0000,,B-ENTRY,B-ENTRY,model,0.9963,2026-09-24 14:07:28
b89827ab-2b0c-50c6-9094-bc127b29b775,87c30c17-847f-5309-97d3-2dc47d05745a,191.3.91,191,2,3,91,"[117.0, 61.0, 970.0, 890.0]",List-Group,"Petit-Beau, rue St.-Honoré, 414.  ",ENTRY,"<SUBJ>Petit-Beau</SUBJ>, <ADDR>rue St.-Honoré, 414.</ADDR>",1,0,1,1.0000,,B-ENTRY,B-ENTRY,model,0.9972,2026-09-24 14:07:28
e3098ae0-ce5a-5e86-8e7f-a37a4d9e3119,87c30c17-847f-5309-97d3-2dc47d05745a,191.3.92,191,2,3,92,"[117.0, 61.0, 970.0, 890.0]",List-Group,"Picard, *dentiste*, rue aux Fers, 18.  ",ENTRY,"<SUBJ>Picard</SUBJ>, *<DESC>dentiste</DESC>*, <ADDR>rue aux Fers, 18.</ADDR>",1,1,1,1.0000,,B-ENTRY,B-ENTRY,human,1.0,2026-09-24 14:06:49
a290545c-2aac-5551-af66-ce79e2930ff1,87c30c17-847f-5309-97d3-2dc47d05745a,191.3.93,191,2,3,93,"[117.0, 61.0, 970.0, 890.0]",List-Group,"Pipelet fils, rue Mazarine, 21.  ",ENTRY,"<SUBJ>Pipelet fils</SUBJ>, <ADDR>rue Mazarine, 21.</ADDR>",1,0,1,1.0000,,B-ENTRY,B-ENTRY,human,1.0,2026-09-24 14:06:49
d9a35300-d69a-5151-860b-869fa3c78bb3,87c30c17-847f-5309-97d3-2dc47d05745a,191.3.94,191,2,3,94,"[117.0, 61.0, 970.0, 890.0]",List-Group,"Poisson, rue St.-Marc, 16.  ",ENTRY,"<SUBJ>Poisson</SUBJ>, <ADDR>rue St.-Marc, 16.</ADDR>",1,0,1,1.0000,,B-ENTRY,B-ENTRY,model,0.9975,2026-09-24 14:07:28
d9fb3bd2-38ee-5698-8d89-d4a7521a5180,87c30c17-847f-5309-97d3-2dc47d05745a,"191.3.95,191.3.96","191,191","2,2","3,3","95,96","[117.0, 61.0, 970.0, 890.0],[117.0, 61.0, 970.0, 890.0]","List-Group,List-Group","Pomme, *dentiste*, rue Regnault-Lefé- vre, 6.",ENTRY,"<SUBJ>Pomme</SUBJ>, *<DESC>dentiste</DESC>*, <ADDR>rue Regnault-Lefé- vre, 6.</ADDR>",1,1,1,1.0000,,"B-ENTRY,I-ENTRY","B-ENTRY,I-ENTRY","model,model","0.9995,1.0","2026-09-24 14:07:28,2026-09-24 14:07:28"
90805405-7878-5a4f-92c2-15c9f26abedd,87c30c17-847f-5309-97d3-2dc47d05745a,191.3.97,191,2,3,97,"[117.0, 61.0, 970.0, 890.0]",List-Group,"Pujolle, rue Neuve-d'Orléans, 2.  ",ENTRY,"<SUBJ>Pujolle</SUBJ>, <ADDR>rue Neuve-d'Orléans, 2.</ADDR>",1,0,1,1.0000,,B-ENTRY,B-ENTRY,model,0.9989,2026-09-24 14:07:28
1782c910-4259-58a5-b236-0f67079ffec5,87c30c17-847f-5309-97d3-2dc47d05745a,191.3.98,191,2,3,98,"[117.0, 61.0, 970.0, 890.0]",List-Group,"Rapeau, rue des Fossés-Saint-Germain.  ",ENTRY,"<SUBJ>Rapeau</SUBJ>, <ADDR>rue des Fossés-Saint-Germain.</ADDR>",1,0,1,1.0000,,B-ENTRY,B-ENTRY,model,0.9962,2026-09-24 14:07:28
d20ed75a-efd6-56a7-aa22-6a26e8b6fc19,87c30c17-847f-5309-97d3-2dc47d05745a,191.3.99,191,2,3,99,"[117.0, 61.0, 970.0, 890.0]",List-Group,"Renaud, rue Gerard-Beauquet, 7.  ",ENTRY,"<SUBJ>Renaud</SUBJ>, <ADDR>rue Gerard-Beauquet, 7.</ADDR>",1,0,1,1.0000,,B-ENTRY,B-ENTRY,model,0.9963,2026-09-24 14:07:28
79a1674b-0a39-5aa3-a1cb-431a6f08598a,87c30c17-847f-5309-97d3-2dc47d05745a,191.3.100,191,2,3,100,"[117.0, 61.0, 970.0, 890.0]",List-Group,"Ribes, rue de Vaugirard, 11.  ",ENTRY,"<SUBJ>Ribes</SUBJ>, <ADDR>rue de Vaugirard, 11.</ADDR>",1,0,1,1.0000,,B-ENTRY,B-ENTRY,model,0.9959,2026-09-24 14:07:28
9bfc53ec-3ddc-5ca4-8c55-816808f56314,87c30c17-847f-5309-97d3-2dc47d05745a,"191.3.101,191.3.102","191,191","2,2","3,3","101,102","[117.0, 61.0, 970.0, 890.0],[117.0, 61.0, 970.0, 890.0]","List-Group,List-Group","Ricci, *dentiste*, rue des Fossés-Mont- martre, 27.",ENTRY,"<SUBJ>Ricci</SUBJ>, *<DESC>dentiste</DESC>*, <ADDR>rue des Fossés-Mont- martre, 27.</ADDR>",1,1,1,1.0000,,"B-ENTRY,I-ENTRY","B-ENTRY,I-ENTRY","model,model","0.9995,1.0","2026-09-24 14:07:28,2026-09-24 14:07:28"
1ee9a8b4-d193-584b-81dc-fa715bb7cc01,87c30c17-847f-5309-97d3-2dc47d05745a,191.3.103,191,2,3,103,"[117.0, 61.0, 970.0, 890.0]",List-Group,"Rivalier, rue Ste.-Marguerite, 41.  ",ENTRY,"<SUBJ>Rivalier</SUBJ>, <ADDR>rue Ste.-Marguerite, 41.</ADDR>",1,0,1,1.0000,,B-ENTRY,B-ENTRY,model,0.9993,2026-09-24 14:07:28
2228570f-f2d3-5f2c-86c8-af98f61e48ee,87c30c17-847f-5309-97d3-2dc47d05745a,191.3.104,191,2,3,104,"[117.0, 61.0, 970.0, 890.0]",List-Group,"Ricomme, rue des Bons-Enfans, 21.  ",ENTRY,"<SUBJ>Ricomme</SUBJ>, <ADDR>rue des Bons-Enfans, 21.</ADDR>",1,0,1,1.0000,,B-ENTRY,B-ENTRY,model,0.9972,2026-09-24 14:07:28
1fd56c36-e7e6-5e2d-a808-e28e9be96a4b,87c30c17-847f-5309-97d3-2dc47d05745a,191.3.105,191,2,3,105,"[117.0, 61.0, 970.0, 890.0]",List-Group,"Robillard, hôtel des Invalides.  ",ENTRY,"<SUBJ>Robillard</SUBJ>, <ADDR>hôtel des Invalides.</ADDR>",1,0,1,1.0000,,B-ENTRY,B-ENTRY,model,0.9918,2026-09-24 14:07:28
90af9593-aa57-5bd1-b596-7a92e7e1e88e,87c30c17-847f-5309-97d3-2dc47d05745a,191.3.106,191,2,3,106,"[117.0, 61.0, 970.0, 890.0]",List-Group,"Ronsil, *herniaire*, rue Tiquetonne, 20.  ",ENTRY,"<SUBJ>Ronsil</SUBJ>, *<DESC>herniaire</DESC>*, <ADDR>rue Tiquetonne, 20.</ADDR>",1,1,1,1.0000,,B-ENTRY,B-ENTRY,model,0.9971,2026-09-24 14:07:28
37e02d10-89bd-5ee1-a837-a59386b31a34,87c30c17-847f-5309-97d3-2dc47d05745a,191.3.107,191,2,3,107,"[117.0, 61.0, 970.0, 890.0]",List-Group,"Roque, rue d'Orléans-St.-Honoré, 7.  ",ENTRY,"<SUBJ>Roque</SUBJ>, <ADDR>rue d'Orléans-St.-Honoré, 7.</ADDR>",1,0,1,1.0000,,B-ENTRY,B-ENTRY,model,0.9959,2026-09-24 14:07:28
184ea741-b367-5884-85cd-c8efd8657dee,87c30c17-847f-5309-97d3-2dc47d05745a,191.3.108,191,2,3,108,"[117.0, 61.0, 970.0, 890.0]",List-Group,"Roux, rue Chistine, 9.  ",ENTRY,"<SUBJ>Roux</SUBJ>, <ADDR>rue Chistine, 9.</ADDR>",1,0,1,1.0000,,B-ENTRY,B-ENTRY,model,0.9963,2026-09-24 14:07:28
05f18db1-1c57-541d-b472-2683851965a0,87c30c17-847f-5309-97d3-2dc47d05745a,191.3.109,191,2,3,109,"[117.0, 61.0, 970.0, 890.0]",List-Group,"Ruffin, rue de Richelieu, 99.  ",ENTRY,"<SUBJ>Ruffin</SUBJ>, <ADDR>rue de Richelieu, 99.</ADDR>",1,0,1,1.0000,,B-ENTRY,B-ENTRY,model,0.9959,2026-09-24 14:07:28
8f1b13ce-1fdf-58fe-a8fc-efb6846c22f8,87c30c17-847f-5309-97d3-2dc47d05745a,191.3.110,191,2,3,110,"[117.0, 61.0, 970.0, 890.0]",List-Group,"Sabatier, aux Invalides.  ",ENTRY,"<SUBJ>Sabatier</SUBJ>, <ADDR>aux Invalides.</ADDR>",1,0,1,1.0000,,B-ENTRY,B-ENTRY,model,0.9929,2026-09-24 14:07:28
eef4c6b9-a1a2-5262-8ba3-5fdd185cdce1,87c30c17-847f-5309-97d3-2dc47d05745a,191.3.111,191,2,3,111,"[117.0, 61.0, 970.0, 890.0]",List-Group,"Saint-Martin, rue Galande, 13.  ",ENTRY,"<SUBJ>Saint-Martin</SUBJ>, <ADDR>rue Galande, 13.</ADDR>",1,0,1,1.0000,,B-ENTRY,B-ENTRY,model,0.9972,2026-09-24 14:07:28
8dd36740-11ed-59b3-b586-8e489efd4e8e,87c30c17-847f-5309-97d3-2dc47d05745a,191.3.112,191,2,3,112,"[117.0, 61.0, 970.0, 890.0]",List-Group,"Sallé, *bandagiste*, place Thionville, 5.  ",ENTRY,"<SUBJ>Sallé</SUBJ>, *<DESC>bandagiste</DESC>*, <ADDR>place Thionville, 5.</ADDR>",1,1,1,1.0000,,B-ENTRY,B-ENTRY,model,0.9971,2026-09-24 14:07:28
775874d6-7fb0-5a9e-a372-dc31edf2e101,87c30c17-847f-5309-97d3-2dc47d05745a,191.3.113,191,2,3,113,"[117.0, 61.0, 970.0, 890.0]",List-Group,"Schœck, rue Coquillière, 19.  ",ENTRY,"<SUBJ>Schœck</SUBJ>, <ADDR>rue Coquillière, 19.</ADDR>",1,0,1,1.0000,,B-ENTRY,B-ENTRY,model,0.9963,2026-09-24 14:07:28
6a8460da-44f7-54c8-afe2-29845e327cea,87c30c17-847f-5309-97d3-2dc47d05745a,191.3.114,191,2,3,114,"[117.0, 61.0, 970.0, 890.0]",List-Group,"Segard, rue Thevenot, 65.  ",ENTRY,"<SUBJ>Segard</SUBJ>, <ADDR>rue Thevenot, 65.</ADDR>",1,0,1,1.0000,,B-ENTRY,B-ENTRY,model,0.9963,2026-09-24 14:07:28
4d9a3278-99fb-5ab8-97f6-b72dd7a11829,87c30c17-847f-5309-97d3-2dc47d05745a,191.3.115,191,2,3,115,"[117.0, 61.0, 970.0, 890.0]",List-Group,"Sellez, *hern.*, place du Carrousel, 22.  ",ENTRY,"<SUBJ>Sellez</SUBJ>, *<DESC>hern.</DESC>*, <ADDR>place du Carrousel, 22.</ADDR>",1,1,1,1.0000,,B-ENTRY,B-ENTRY,model,0.9971,2026-09-24 14:07:28
178b3042-c93f-57d9-9af9-c4936584d1e2,87c30c17-847f-5309-97d3-2dc47d05745a,191.3.116,191,2,3,116,"[117.0, 61.0, 970.0, 890.0]",List-Group,"Senghuesse, rue Chabannais, 6.  ",ENTRY,"<SUBJ>Senghuesse</SUBJ>, <ADDR>rue Chabannais, 6.</ADDR>",1,0,1,1.0000,,B-ENTRY,B-ENTRY,model,0.9963,2026-09-24 14:07:28
c10782ef-1976-517c-91c3-1d8f60d7f9df,87c30c17-847f-5309-97d3-2dc47d05745a,191.3.117,191,2,3,117,"[117.0, 61.0, 970.0, 890.0]",List-Group,"Sollier, rue de Seine-St.-Germain, 12.  ",ENTRY,"<SUBJ>Sollier</SUBJ>, <ADDR>rue de Seine-St.-Germain, 12.</ADDR>",1,0,1,1.0000,,B-ENTRY,B-ENTRY,model,0.9959,2026-09-24 14:07:28
fff9f892-9856-53f8-9f39-3afe98ecedbb,87c30c17-847f-5309-97d3-2dc47d05745a,191.3.118,191,2,3,118,"[117.0, 61.0, 970.0, 890.0]",List-Group,"Souberbielle, rue de Richelieu, 77.  ",ENTRY,"<SUBJ>Souberbielle</SUBJ>, <ADDR>rue de Richelieu, 77.</ADDR>",1,0,1,1.0000,,B-ENTRY,B-ENTRY,model,0.9959,2026-09-24 14:07:28
719559e6-f6f2-5974-b08d-c44776b7591e,87c30c17-847f-5309-97d3-2dc47d05745a,191.3.119,191,2,3,119,"[117.0, 61.0, 970.0, 890.0]",List-Group,"Soupé, place du Pont-Neuf, 15.  ",ENTRY,"<SUBJ>Soupé</SUBJ>, <ADDR>place du Pont-Neuf, 15.</ADDR>",1,0,1,1.0000,,B-ENTRY,B-ENTRY,model,0.9972,2026-09-24 14:07:28
c58ed91c-64f1-56d1-a920-37ec0f54606d,87c30c17-847f-5309-97d3-2dc47d05745a,191.3.120,191,2,3,120,"[117.0, 61.0, 970.0, 890.0]",List-Group,"Stapart (L. C. Nic.), rue Helvétius, 13.  ",ENTRY,"<SUBJ>Stapart (L. C. Nic.)</SUBJ>, <ADDR>rue Helvétius, 13.</ADDR>",1,0,1,1.0000,,B-ENTRY,B-ENTRY,model,0.9927,2026-09-24 14:07:28
944f5d60-8a3e-52b9-b75b-111c6bbfe5f3,87c30c17-847f-5309-97d3-2dc47d05745a,"191.3.121,191.3.122","191,191","2,2","3,3","121,122","[117.0, 61.0, 970.0, 890.0],[117.0, 61.0, 970.0, 890.0]","List-Group,List-Group","Sue aîné, *professeur et bibliothécaire*, à l'Ecole de Médecine.",ENTRY,"<SUBJ>Sue aîné</SUBJ>, *<DESC>professeur et bibliothécaire</DESC>*, <ADDR>à l'Ecole de Médecine.</ADDR>",1,1,1,1.0000,,"B-ENTRY,I-ENTRY","B-ENTRY,I-ENTRY","human,human","1.0,1.0","2026-09-24 14:05:35,2026-09-24 14:05:35"
564c0aa2-bf48-5000-9161-24c6acf20152,87c30c17-847f-5309-97d3-2dc47d05745a,191.3.123,191,2,3,123,"[117.0, 61.0, 970.0, 890.0]",List-Group,"Sureau, rue Quincampoix, 62.  ",ENTRY,"<SUBJ>Sureau</SUBJ>, <ADDR>rue Quincampoix, 62.</ADDR>",1,0,1,1.0000,,B-ENTRY,B-ENTRY,model,0.9989,2026-09-24 14:07:28
d41bfa68-35b5-5167-8c54-4757290beb62,87c30c17-847f-5309-97d3-2dc47d05745a,"191.3.124,191.3.125","191,191","2,2","3,3","124,125","[117.0, 61.0, 970.0, 890.0],[117.0, 61.0, 970.0, 890.0]","List-Group,List-Group","Tajan, rue des Vieilles-Etuves-Saint-Ho- noré, 5.",ENTRY,"<SUBJ>Tajan</SUBJ>, <ADDR>rue des Vieilles-Etuves-Saint-Ho- noré, 5.</ADDR>",1,0,1,1.0000,,"B-ENTRY,I-ENTRY","B-ENTRY,I-ENTRY","model,model","0.9992,1.0","2026-09-24 14:07:28,2026-09-24 14:07:28"
b2a0c97e-b0a1-5804-b35f-ddbad27e9f06,87c30c17-847f-5309-97d3-2dc47d05745a,191.3.126,191,2,3,126,"[117.0, 61.0, 970.0, 890.0]",List-Group,"Talma, *dentiste*, rue J.-J.-Rousseau, 3.  ",ENTRY,"<SUBJ>Talma</SUBJ>, *<DESC>dentiste</DESC>*, <ADDR>rue J.-J.-Rousseau, 3.</ADDR>",1,1,1,1.0000,,B-ENTRY,B-ENTRY,human,1.0,2026-09-24 14:06:56
e7f6a84b-1860-5a32-b6b6-86b86958fbd1,87c30c17-847f-5309-97d3-2dc47d05745a,191.3.127,191,2,3,127,"[117.0, 61.0, 970.0, 890.0]",List-Group,"Teytaud, rue J.-J.-Rousseau, 18.",ENTRY,"<SUBJ>Teytaud</SUBJ>, <ADDR>rue J.-J.-Rousseau, 18.</ADDR>",1,0,1,1.0000,,B-ENTRY,B-ENTRY,human,1.0,2026-09-24 14:06:56
e8eee138-832c-588a-8e3f-6a10408c42ad,87c30c17-847f-5309-97d3-2dc47d05745a,192.1.0,192,0,1,0,"[263.0, 32.0, 630.0, 56.0]",Page-Header,Officiers de santé.-PARIS.,OUT OF SCOPE,,,,,,,OUT OF SCOPE,OUT OF SCOPE,human,1.0,2026-09-24 14:07:07
48d2e678-a702-5f26-b91f-232febe98a80,87c30c17-847f-5309-97d3-2dc47d05745a,192.2.0,192,1,2,0,"[788.0, 30.0, 840.0, 49.0]",Page-Header,865,OUT OF SCOPE,,,,,,,OUT OF SCOPE,OUT OF SCOPE,human,1.0,2026-09-24 14:07:07
139509fc-b0b8-5e3f-a538-2f1cc77c0ae1,87c30c17-847f-5309-97d3-2dc47d05745a,192.3.0,192,2,3,0,"[30.0, 60.0, 441.0, 211.0]",Text,"Thevenot, rue Bon-Conseil, 22.  ",ENTRY,"<SUBJ>Thevenot</SUBJ>, <ADDR>rue Bon-Conseil, 22.</ADDR>",1,0,1,1.0000,,B-ENTRY,B-ENTRY,model,0.9986,2026-09-24 14:07:28
cb72c3ad-5c22-5e9e-ab20-64e64d5c3fe1,87c30c17-847f-5309-97d3-2dc47d05745a,192.3.1,192,2,3,1,"[30.0, 60.0, 441.0, 211.0]",Text,"Thibault, rue Saint-Honoré, 358.  ",ENTRY,"<SUBJ>Thibault</SUBJ>, <ADDR>rue Saint-Honoré, 358.</ADDR>",1,0,1,1.0000,,B-ENTRY,B-ENTRY,model,0.9954,2026-09-24 14:07:28
ee73c699-90d1-57d4-861e-0bd24ddb00fc,87c30c17-847f-5309-97d3-2dc47d05745a,192.3.2,192,2,3,2,"[30.0, 60.0, 441.0, 211.0]",Text,"Thierry-Valdajou, rue du Petit-Musc, 9.  ",ENTRY,"<SUBJ>Thierry-Valdajou</SUBJ>, <ADDR>rue du Petit-Musc, 9.</ADDR>",1,0,1,1.0000,,B-ENTRY,B-ENTRY,model,0.9964,2026-09-24 14:07:28
38fa10b6-bafa-546f-bf16-1275e824e3a8,87c30c17-847f-5309-97d3-2dc47d05745a,192.3.3,192,2,3,3,"[30.0, 60.0, 441.0, 211.0]",Text,"Thillaye, rue de l'Ecole-de-Médecine.  ",ENTRY,"<SUBJ>Thillaye</SUBJ>, <ADDR>rue de l'Ecole-de-Médecine.</ADDR>",1,0,1,1.0000,,B-ENTRY,B-ENTRY,model,0.9952,2026-09-24 14:07:28
f63b39e1-07d4-5ed7-aaf9-c96fdbc231c5,87c30c17-847f-5309-97d3-2dc47d05745a,192.3.4,192,2,3,4,"[30.0, 60.0, 441.0, 211.0]",Text,"Thilhard, rue Saint-Avoye, 51.  ",ENTRY,"<SUBJ>Thilhard</SUBJ>, <ADDR>rue Saint-Avoye, 51.</ADDR>",1,0,1,1.0000,,B-ENTRY,B-ENTRY,model,0.9954,2026-09-24 14:07:28
ea4afc5c-6064-550c-a2f6-656ef8070e74,87c30c17-847f-5309-97d3-2dc47d05745a,192.3.5,192,2,3,5,"[30.0, 60.0, 441.0, 211.0]",Text,"Trouillet, cour du palais de Justice, 17.  ",ENTRY,"<SUBJ>Trouillet</SUBJ>, <ADDR>cour du palais de Justice, 17.</ADDR>",1,0,1,1.0000,,B-ENTRY,B-ENTRY,model,0.9965,2026-09-24 14:07:28
a843325a-a743-5c6a-b362-89b0a508db77,87c30c17-847f-5309-97d3-2dc47d05745a,192.3.6,192,2,3,6,"[30.0, 60.0, 441.0, 211.0]",Text,"Valet, *accoucheur*, rue Neuve - Saint-Jean, 15.  ",ENTRY,"<SUBJ>Valet</SUBJ>, *<DESC>accoucheur</DESC>*, <ADDR>rue Neuve - Saint-Jean, 15.</ADDR>",1,1,1,1.0000,,B-ENTRY,B-ENTRY,model,0.9964,2026-09-24 14:07:28
3e108c8e-ddff-5a0e-9920-3caedaf9359a,87c30c17-847f-5309-97d3-2dc47d05745a,192.3.7,192,2,3,7,"[30.0, 60.0, 441.0, 211.0]",Text,"Verdier, *bandagiste*, place de Grève, 5.  ",ENTRY,"<SUBJ>Verdier</SUBJ>, *<DESC>bandagiste</DESC>*, <ADDR>place de Grève, 5.</ADDR>",1,1,1,1.0000,,B-ENTRY,B-ENTRY,model,0.9964,2026-09-24 14:07:28
1ffe8473-e8dd-53fd-a8be-a5f3facf6763,87c30c17-847f-5309-97d3-2dc47d05745a,192.3.8,192,2,3,8,"[30.0, 60.0, 441.0, 211.0]",Text,"Vergez, rue des Filles-St.-Thomas, 25.  ",ENTRY,"<SUBJ>Vergez</SUBJ>, <ADDR>rue des Filles-St.-Thomas, 25.</ADDR>",1,0,1,1.0000,,B-ENTRY,B-ENTRY,model,0.9949,2026-09-24 14:07:28
e24451b7-2d7d-5b46-a854-f4da88247d02,87c30c17-847f-5309-97d3-2dc47d05745a,192.3.9,192,2,3,9,"[30.0, 60.0, 441.0, 211.0]",Text,"Vert, rue des Bourdonnais, 13.",ENTRY,"<SUBJ>Vert</SUBJ>, <ADDR>rue des Bourdonnais, 13.</ADDR>",1,0,1,1.0000,,B-ENTRY,B-ENTRY,model,0.9949,2026-09-24 14:07:28
e4e1fc2f-37eb-5f1e-9e02-69a6a61e6416,87c30c17-847f-5309-97d3-2dc47d05745a,192.4.0,192,3,4,0,"[461.0, 57.0, 843.0, 199.0]",Text,"Vial, enclos de l'Arsenal, cour des Fonderies.  ",ENTRY,"<SUBJ>Vial</SUBJ>, <ADDR>enclos de l'Arsenal, cour des Fonderies.</ADDR>",1,0,1,1.0000,,B-ENTRY,B-ENTRY,model,0.9904,2026-09-24 14:07:28
91aa32bb-f9c4-5974-96e6-ba781bf73520,87c30c17-847f-5309-97d3-2dc47d05745a,192.4.1,192,3,4,1,"[461.0, 57.0, 843.0, 199.0]",Text,"Viguier, rue du Faub.-Poissonnière, 99.  ",ENTRY,"<SUBJ>Viguier</SUBJ>, <ADDR>rue du Faub.-Poissonnière, 99.</ADDR>",1,0,1,1.0000,,B-ENTRY,B-ENTRY,model,0.9949,2026-09-24 14:07:28
d254fcb1-998c-5b82-b57b-8d7991bc9de4,87c30c17-847f-5309-97d3-2dc47d05745a,192.4.2,192,3,4,2,"[461.0, 57.0, 843.0, 199.0]",Text,"Viguier, rue du Gros-Chenet, 2.  ",ENTRY,"<SUBJ>Viguier</SUBJ>, <ADDR>rue du Gros-Chenet, 2.</ADDR>",1,0,1,1.0000,,B-ENTRY,B-ENTRY,model,0.9965,2026-09-24 14:07:28
6f1e5673-7e00-54ef-a8b8-59936fcfbc22,87c30c17-847f-5309-97d3-2dc47d05745a,192.4.3,192,3,4,3,"[461.0, 57.0, 843.0, 199.0]",Text,"Villette, rue Neuve-des-Petits-Champs, 65.  ",ENTRY,"<SUBJ>Villette</SUBJ>, <ADDR>rue Neuve-des-Petits-Champs, 65.</ADDR>",1,0,1,1.0000,,B-ENTRY,B-ENTRY,model,0.9954,2026-09-24 14:07:28
9aa1d556-763f-5c5b-ae97-77247701e9d9,87c30c17-847f-5309-97d3-2dc47d05745a,192.4.4,192,3,4,4,"[461.0, 57.0, 843.0, 199.0]",Text,"Wattier, rue des Martyrs, 8.  ",ENTRY,"<SUBJ>Wattier</SUBJ>, <ADDR>rue des Martyrs, 8.</ADDR>",1,0,1,1.0000,,B-ENTRY,B-ENTRY,model,0.9949,2026-09-24 14:07:28
acf84ff6-a757-507a-a153-4b16a1956717,87c30c17-847f-5309-97d3-2dc47d05745a,192.4.5,192,3,4,5,"[461.0, 57.0, 843.0, 199.0]",Text,"Ybreliste, rue Neuve-d'Orléans, 6.  ",ENTRY,"<SUBJ>Ybreliste</SUBJ>, <ADDR>rue Neuve-d'Orléans, 6.</ADDR>",1,0,1,1.0000,,B-ENTRY,B-ENTRY,model,0.9954,2026-09-24 14:07:28
611b1fad-75d9-5fa7-af79-9c9d8bbdaae6,87c30c17-847f-5309-97d3-2dc47d05745a,192.4.6,192,3,4,6,"[461.0, 57.0, 843.0, 199.0]",Text,"Yvan, *premier chirurgien ordinaire de l'empereur*, hôtel des Invalides.",ENTRY,"<SUBJ>Yvan</SUBJ>, *<DESC>premier chirurgien ordinaire de l'empereur</DESC>*, <ADDR>hôtel des Invalides.</ADDR>",1,1,1,1.0000,,B-ENTRY,B-ENTRY,human,1.0,2026-09-24 14:07:21
d7cbbf4c-8fcc-500a-a6f7-4976ab7daa71,00000000-0000-0000-0000-000000000000,192.5.0,192,4,5,0,"[297.0, 220.0, 614.0, 244.0]",Section-Header,# OFFICIERS DE SANTÉ.,TITLE,,,,,,,B-TITLE,B-TITLE,human,1.0,2026-09-24 14:07:21
4c37d120-0d43-5f66-9a2d-8719bf83a4a3,d7cbbf4c-8fcc-500a-a6f7-4976ab7daa71,192.6.0,192,5,6,0,"[40.0, 258.0, 450.0, 888.0]",Text,"Abisil, *bandagiste*, rue Mandar, 2.  ",ENTRY,"<SUBJ>Abisil</SUBJ>, *<DESC>bandagiste</DESC>*, <ADDR>rue Mandar, 2.</ADDR>",1,1,1,1.0000,,B-ENTRY,B-ENTRY,model,0.994,2026-09-24 14:07:28
988b00a0-720e-5013-9d6c-81aaae333f34,d7cbbf4c-8fcc-500a-a6f7-4976ab7daa71,192.6.1,192,5,6,1,"[40.0, 258.0, 450.0, 888.0]",Text,"Afforty, rue St.-Germain-l'Auxerrois, 91.  ",ENTRY,"<SUBJ>Afforty</SUBJ>, <ADDR>rue St.-Germain-l'Auxerrois, 91.</ADDR>",1,0,1,1.0000,,B-ENTRY,B-ENTRY,model,0.9954,2026-09-24 14:07:28
74de5423-85ea-5f0f-a95b-1832d7d29bf3,d7cbbf4c-8fcc-500a-a6f7-4976ab7daa71,192.6.2,192,5,6,2,"[40.0, 258.0, 450.0, 888.0]",Text,"Archidet, rue J.-J.-Rousseau, 5.  ",ENTRY,"<SUBJ>Archidet</SUBJ>, <ADDR>rue J.-J.-Rousseau, 5.</ADDR>",1,0,1,1.0000,,B-ENTRY,B-ENTRY,model,0.9942,2026-09-24 14:07:28
d64f43d4-f3de-5f44-a640-8c20139245b9,d7cbbf4c-8fcc-500a-a6f7-4976ab7daa71,192.6.3,192,5,6,3,"[40.0, 258.0, 450.0, 888.0]",Text,"Asselinot, rue de Grenelle-St.-Honoré, 15.  ",ENTRY,"<SUBJ>Asselinot</SUBJ>, <ADDR>rue de Grenelle-St.-Honoré, 15.</ADDR>",1,0,1,1.0000,,B-ENTRY,B-ENTRY,human,1.0,2026-09-24 14:06:53
844b3b14-6b23-52a3-a4d5-948495d24a34,d7cbbf4c-8fcc-500a-a6f7-4976ab7daa71,192.6.4,192,5,6,4,"[40.0, 258.0, 450.0, 888.0]",Text,"Audenet, rue des Noyers.  ",ENTRY,"<SUBJ>Audenet</SUBJ>, <ADDR>rue des Noyers.</ADDR>",1,0,1,1.0000,,B-ENTRY,B-ENTRY,human,1.0,2026-09-24 14:06:53
73be4baa-1f83-51b6-9a01-e90533ac7c73,d7cbbf4c-8fcc-500a-a6f7-4976ab7daa71,192.6.5,192,5,6,5,"[40.0, 258.0, 450.0, 888.0]",Text,"Audibran, *dentiste*, rue Neuve-des-Petits-Champs, 27.  ",ENTRY,"<SUBJ>Audibran</SUBJ>, *<DESC>dentiste</DESC>*, <ADDR>rue Neuve-des-Petits-Champs, 27.</ADDR>",1,1,1,1.0000,,B-ENTRY,B-ENTRY,model,0.9964,2026-09-24 14:07:28
5c20457f-fe6d-5a5f-b5f0-91f6350ee6a6,d7cbbf4c-8fcc-500a-a6f7-4976ab7daa71,192.6.6,192,5,6,6,"[40.0, 258.0, 450.0, 888.0]",Text,"Baltazard, rue Cit-le-Cœur, 9.  ",ENTRY,"<SUBJ>Baltazard</SUBJ>, <ADDR>rue Cit-le-Cœur, 9.</ADDR>",1,0,1,1.0000,,B-ENTRY,B-ENTRY,model,0.9954,2026-09-24 14:07:28
1f4963d0-cc5e-5915-bf6c-830dcfbb433f,d7cbbf4c-8fcc-500a-a6f7-4976ab7daa71,192.6.7,192,5,6,7,"[40.0, 258.0, 450.0, 888.0]",Text,"Barbes, rue de Varennes, 57.  ",ENTRY,"<SUBJ>Barbes</SUBJ>, <ADDR>rue de Varennes, 57.</ADDR>",1,0,1,1.0000,,B-ENTRY,B-ENTRY,model,0.9949,2026-09-24 14:07:28
24ccb88d-e6f5-5f6e-972a-6f840fb4d259,d7cbbf4c-8fcc-500a-a6f7-4976ab7daa71,192.6.8,192,5,6,8,"[40.0, 258.0, 450.0, 888.0]",Text,"Bardet, quai des Augustins, 55.  ",ENTRY,"<SUBJ>Bardet</SUBJ>, <ADDR>quai des Augustins, 55.</ADDR>",1,0,1,1.0000,,B-ENTRY,B-ENTRY,model,0.9949,2026-09-24 14:07:28
a6baa701-d947-521a-93e0-58ef58800fa2,d7cbbf4c-8fcc-500a-a6f7-4976ab7daa71,192.6.9,192,5,6,9,"[40.0, 258.0, 450.0, 888.0]",Text,"Barry, rue Saint-Sauveur, 9.  ",ENTRY,"<SUBJ>Barry</SUBJ>, <ADDR>rue Saint-Sauveur, 9.</ADDR>",1,0,1,1.0000,,B-ENTRY,B-ENTRY,human,1.0,2026-09-24 14:06:55
a9ff030e-fd43-560e-a344-9fc88cb97759,d7cbbf4c-8fcc-500a-a6f7-4976ab7daa71,192.6.10,192,5,6,10,"[40.0, 258.0, 450.0, 888.0]",Text,"Baudry de Balzac, rue Mouffetard, 219.  ",ENTRY,"<SUBJ>Baudry de Balzac</SUBJ>, <ADDR>rue Mouffetard, 219.</ADDR>",1,0,1,1.0000,,B-ENTRY,B-ENTRY,human,1.0,2026-09-24 14:06:55
45c60095-2053-51f9-8447-c5537037f623,d7cbbf4c-8fcc-500a-a6f7-4976ab7daa71,192.6.11,192,5,6,11,"[40.0, 258.0, 450.0, 888.0]",Text,"Baufils, rue Saint-Martin, passage de la Réunion, 5.  ",ENTRY,"<SUBJ>Baufils</SUBJ>, <ADDR>rue Saint-Martin, passage de la Réunion, 5.</ADDR>",1,0,1,1.0000,,B-ENTRY,B-ENTRY,model,0.9954,2026-09-24 14:07:28
17619add-7490-5786-8d3e-5b778586b480,d7cbbf4c-8fcc-500a-a6f7-4976ab7daa71,192.6.12,192,5,6,12,"[40.0, 258.0, 450.0, 888.0]",Text,"Bernard, rue Batave, 13.  ",ENTRY,"<SUBJ>Bernard</SUBJ>, <ADDR>rue Batave, 13.</ADDR>",1,0,1,1.0000,,B-ENTRY,B-ENTRY,model,0.9954,2026-09-24 14:07:28
61ff81fc-8576-59f0-85ab-0946bcb7d2e7,d7cbbf4c-8fcc-500a-a6f7-4976ab7daa71,192.6.13,192,5,6,13,"[40.0, 258.0, 450.0, 888.0]",Text,"Bézian, rue Baillette, 7.  ",ENTRY,"<SUBJ>Bézian</SUBJ>, <ADDR>rue Baillette, 7.</ADDR>",1,0,1,1.0000,,B-ENTRY,B-ENTRY,model,0.9954,2026-09-24 14:07:28
5df70a9e-6d37-5e82-be48-f9b7e8d75620,d7cbbf4c-8fcc-500a-a6f7-4976ab7daa71,192.6.14,192,5,6,14,"[40.0, 258.0, 450.0, 888.0]",Text,"Biel, rue Saint-Magloire, 2.  ",ENTRY,"<SUBJ>Biel</SUBJ>, <ADDR>rue Saint-Magloire, 2.</ADDR>",1,0,1,1.0000,,B-ENTRY,B-ENTRY,model,0.9954,2026-09-24 14:07:28
1ec4b794-dc3c-576f-ac11-646b21b8d367,d7cbbf4c-8fcc-500a-a6f7-4976ab7daa71,192.6.15,192,5,6,15,"[40.0, 258.0, 450.0, 888.0]",Text,"Blin, cour du Commerce, 1.  ",ENTRY,"<SUBJ>Blin</SUBJ>, <ADDR>cour du Commerce, 1.</ADDR>",1,0,1,1.0000,,B-ENTRY,B-ENTRY,model,0.9949,2026-09-24 14:07:28
bd12a360-176e-5f12-94f9-b5f2ccfda528,d7cbbf4c-8fcc-500a-a6f7-4976ab7daa71,192.6.16,192,5,6,16,"[40.0, 258.0, 450.0, 888.0]",Text,"Boissière, rue de la Vieille-Draperie, 4.  ",ENTRY,"<SUBJ>Boissière</SUBJ>, <ADDR>rue de la Vieille-Draperie, 4.</ADDR>",1,0,1,1.0000,,B-ENTRY,B-ENTRY,model,0.9949,2026-09-24 14:07:28
1e20c675-bc1e-59c6-861b-9a87e7d7de61,d7cbbf4c-8fcc-500a-a6f7-4976ab7daa71,192.6.17,192,5,6,17,"[40.0, 258.0, 450.0, 888.0]",Text,"Boué, rue du Marché-des-Jacobins, 1.  ",ENTRY,"<SUBJ>Boué</SUBJ>, <ADDR>rue du Marché-des-Jacobins, 1.</ADDR>",1,0,1,1.0000,,B-ENTRY,B-ENTRY,model,0.9949,2026-09-24 14:07:28
bdda802d-94a2-56bd-b115-c6cdd1ae22d4,d7cbbf4c-8fcc-500a-a6f7-4976ab7daa71,192.6.18,192,5,6,18,"[40.0, 258.0, 450.0, 888.0]",Text,"Brewer, rue du Sentier, 15.  ",ENTRY,"<SUBJ>Brewer</SUBJ>, <ADDR>rue du Sentier, 15.</ADDR>",1,0,1,1.0000,,B-ENTRY,B-ENTRY,model,0.9949,2026-09-24 14:07:28
399860bd-0fcd-5652-b425-3fb3deb7ef27,d7cbbf4c-8fcc-500a-a6f7-4976ab7daa71,192.6.19,192,5,6,19,"[40.0, 258.0, 450.0, 888.0]",Text,"Briouse, rue du Faub.-Poissonnière, 71.  ",ENTRY,"<SUBJ>Briouse</SUBJ>, <ADDR>rue du Faub.-Poissonnière, 71.</ADDR>",1,0,1,1.0000,,B-ENTRY,B-ENTRY,model,0.9949,2026-09-24 14:07:28
156f7293-f353-5ede-829a-ad7894bdd2a5,d7cbbf4c-8fcc-500a-a6f7-4976ab7daa71,192.6.20,192,5,6,20,"[40.0, 258.0, 450.0, 888.0]",Text,"Brousson, rue Saint-Marc, 27.  ",ENTRY,"<SUBJ>Brousson</SUBJ>, <ADDR>rue Saint-Marc, 27.</ADDR>",1,0,1,1.0000,,B-ENTRY,B-ENTRY,human,1.0,2026-09-24 14:06:46
19b0caaa-c284-53be-9467-4c2700961660,d7cbbf4c-8fcc-500a-a6f7-4976ab7daa71,192.6.21,192,5,6,21,"[40.0, 258.0, 450.0, 888.0]",Text,"Brun, rue de l'Ecole de Médecine.  ",ENTRY,"<SUBJ>Brun</SUBJ>, <ADDR>rue de l'Ecole de Médecine.</ADDR>",1,0,1,1.0000,,B-ENTRY,B-ENTRY,human,1.0,2026-09-24 14:06:46
3d2be04f-41cc-50e2-b4d7-5c1dc4d93e57,d7cbbf4c-8fcc-500a-a6f7-4976ab7daa71,192.6.22,192,5,6,22,"[40.0, 258.0, 450.0, 888.0]",Text,"Cabarron, rue du Faub.-Poissonnière, 15.  ",ENTRY,"<SUBJ>Cabarron</SUBJ>, <ADDR>rue du Faub.-Poissonnière, 15.</ADDR>",1,0,1,1.0000,,B-ENTRY,B-ENTRY,model,0.9949,2026-09-24 14:07:28
4bf1745d-0dba-56bb-be7a-02fc1a5284c4,d7cbbf4c-8fcc-500a-a6f7-4976ab7daa71,192.6.23,192,5,6,23,"[40.0, 258.0, 450.0, 888.0]",Text,"Caillon, rue des Bons-Eufsans, 16.  ",ENTRY,"<SUBJ>Caillon</SUBJ>, <ADDR>rue des Bons-Eufsans, 16.</ADDR>",1,0,1,1.0000,,B-ENTRY,B-ENTRY,model,0.9965,2026-09-24 14:07:28
76353d64-c441-59b5-97c4-62a69604dac4,d7cbbf4c-8fcc-500a-a6f7-4976ab7daa71,192.6.24,192,5,6,24,"[40.0, 258.0, 450.0, 888.0]",Text,"Canot, rue de la Féronnerie, 11.  ",ENTRY,"<SUBJ>Canot</SUBJ>, <ADDR>rue de la Féronnerie, 11.</ADDR>",1,0,1,1.0000,,B-ENTRY,B-ENTRY,model,0.9949,2026-09-24 14:07:28
5fb8011a-1e82-5ede-bb9b-68f7645915c9,d7cbbf4c-8fcc-500a-a6f7-4976ab7daa71,192.6.25,192,5,6,25,"[40.0, 258.0, 450.0, 888.0]",Text,"Carlier, rue de Thionville, 24.  ",ENTRY,"<SUBJ>Carlier</SUBJ>, <ADDR>rue de Thionville, 24.</ADDR>",1,0,1,1.0000,,B-ENTRY,B-ENTRY,model,0.9949,2026-09-24 14:07:28
33800423-5ad1-54f1-96f7-a7b9e565287b,d7cbbf4c-8fcc-500a-a6f7-4976ab7daa71,192.6.26,192,5,6,26,"[40.0, 258.0, 450.0, 888.0]",Text,"Cartier, rue du Faub.-Saint-Denis, 145.  ",ENTRY,"<SUBJ>Cartier</SUBJ>, <ADDR>rue du Faub.-Saint-Denis, 145.</ADDR>",1,0,1,1.0000,,B-ENTRY,B-ENTRY,model,0.9949,2026-09-24 14:07:28
18bae0ef-3040-5fe8-a931-62ed1f799934,d7cbbf4c-8fcc-500a-a6f7-4976ab7daa71,192.6.27,192,5,6,27,"[40.0, 258.0, 450.0, 888.0]",Text,"Castex, rue de la Montagne, 23.  ",ENTRY,"<SUBJ>Castex</SUBJ>, <ADDR>rue de la Montagne, 23.</ADDR>",1,0,1,1.0000,,B-ENTRY,B-ENTRY,model,0.9949,2026-09-24 14:07:28
9696862f-712a-55ca-a731-b930b47d8318,d7cbbf4c-8fcc-500a-a6f7-4976ab7daa71,192.6.28,192,5,6,28,"[40.0, 258.0, 450.0, 888.0]",Text,"Cau, rue d'Argentuil, 55.  ",ENTRY,"<SUBJ>Cau</SUBJ>, <ADDR>rue d'Argentuil, 55.</ADDR>",1,0,1,1.0000,,B-ENTRY,B-ENTRY,model,0.9949,2026-09-24 14:07:28
26c8d309-314f-5463-9934-cb71c9034e26,d7cbbf4c-8fcc-500a-a6f7-4976ab7daa71,192.6.29,192,5,6,29,"[40.0, 258.0, 450.0, 888.0]",Text,"Chamant, rue Meslé, 52.  ",ENTRY,"<SUBJ>Chamant</SUBJ>, <ADDR>rue Meslé, 52.</ADDR>",1,0,1,1.0000,,B-ENTRY,B-ENTRY,model,0.9954,2026-09-24 14:07:28
61710a88-4efd-50d5-b103-8e7f179ffe4f,d7cbbf4c-8fcc-500a-a6f7-4976ab7daa71,192.6.30,192,5,6,30,"[40.0, 258.0, 450.0, 888.0]",Text,"Chataigner, rue Rochechouart, 15.  ",ENTRY,"<SUBJ>Chataigner</SUBJ>, <ADDR>rue Rochechouart, 15.</ADDR>",1,0,1,1.0000,,B-ENTRY,B-ENTRY,model,0.9954,2026-09-24 14:07:28
86eb72c4-ecb1-5fe5-8202-8a7c4de05833,d7cbbf4c-8fcc-500a-a6f7-4976ab7daa71,192.6.31,192,5,6,31,"[40.0, 258.0, 450.0, 888.0]",Text,"Clapier, rue des Lions, 6.  ",ENTRY,"<SUBJ>Clapier</SUBJ>, <ADDR>rue des Lions, 6.</ADDR>",1,0,1,1.0000,,B-ENTRY,B-ENTRY,model,0.9949,2026-09-24 14:07:28
92c3fc7b-7fa5-50c0-a564-f3ea8c301c99,d7cbbf4c-8fcc-500a-a6f7-4976ab7daa71,192.6.32,192,5,6,32,"[40.0, 258.0, 450.0, 888.0]",Text,"Clément, rue Neuve-Saint-Méry, 45.  ",ENTRY,"<SUBJ>Clément</SUBJ>, <ADDR>rue Neuve-Saint-Méry, 45.</ADDR>",1,0,1,1.0000,,B-ENTRY,B-ENTRY,model,0.9954,2026-09-24 14:07:28
cfe55b5e-974d-5e1a-994f-aa0c7241e083,d7cbbf4c-8fcc-500a-a6f7-4976ab7daa71,192.6.33,192,5,6,33,"[40.0, 258.0, 450.0, 888.0]",Text,"Cocquerel, rue de la Magdeleine, 8.  ",ENTRY,"<SUBJ>Cocquerel</SUBJ>, <ADDR>rue de la Magdeleine, 8.</ADDR>",1,0,1,1.0000,,B-ENTRY,B-ENTRY,model,0.9949,2026-09-24 14:07:28
bb2e40f0-7323-5976-8fed-c2111d234ab1,d7cbbf4c-8fcc-500a-a6f7-4976ab7daa71,192.6.34,192,5,6,34,"[40.0, 258.0, 450.0, 888.0]",Text,"Cognier, rue du Four-St.-Germain, 68.  ",ENTRY,"<SUBJ>Cognier</SUBJ>, <ADDR>rue du Four-St.-Germain, 68.</ADDR>",1,0,1,1.0000,,B-ENTRY,B-ENTRY,human,1.0,2026-09-24 14:07:04
a89432a1-0a6c-5185-ad02-819582d8234f,d7cbbf4c-8fcc-500a-a6f7-4976ab7daa71,192.6.35,192,5,6,35,"[40.0, 258.0, 450.0, 888.0]",Text,"Concelin, place du Château.  ",ENTRY,"<SUBJ>Concelin</SUBJ>, <ADDR>place du Château.</ADDR>",1,0,1,1.0000,,B-ENTRY,B-ENTRY,human,1.0,2026-09-24 14:07:04
fc1e60b6-bf06-5f4a-a901-44042ba14bd4,d7cbbf4c-8fcc-500a-a6f7-4976ab7daa71,192.6.36,192,5,6,36,"[40.0, 258.0, 450.0, 888.0]",Text,"Couergou, rue des Deux-Ecus, 3.  ",ENTRY,"<SUBJ>Couergou</SUBJ>, <ADDR>rue des Deux-Ecus, 3.</ADDR>",1,0,1,1.0000,,B-ENTRY,B-ENTRY,model,0.9965,2026-09-24 14:07:28
8c9d0d6f-7c5e-5e39-921d-4a400e6782d9,d7cbbf4c-8fcc-500a-a6f7-4976ab7daa71,192.6.37,192,5,6,37,"[40.0, 258.0, 450.0, 888.0]",Text,"Conserans, rue Notre-Dame-des-Victoires, aux Messageries.  ",ENTRY,"<SUBJ>Conserans</SUBJ>, <ADDR>rue Notre-Dame-des-Victoires, aux Messageries.</ADDR>",1,0,1,1.0000,,B-ENTRY,B-ENTRY,model,0.9917,2026-09-24 14:07:28
c615ac7b-f6be-5db3-bc3b-f0a6666ffa5d,d7cbbf4c-8fcc-500a-a6f7-4976ab7daa71,192.6.38,192,5,6,38,"[40.0, 258.0, 450.0, 888.0]",Text,"Dailliez, rue du Pot-de-Fer, 4.  ",ENTRY,"<SUBJ>Dailliez</SUBJ>, <ADDR>rue du Pot-de-Fer, 4.</ADDR>",1,0,1,1.0000,,B-ENTRY,B-ENTRY,model,0.9949,2026-09-24 14:07:28
fbb8c54e-8893-5765-af20-9859f8cd8209,d7cbbf4c-8fcc-500a-a6f7-4976ab7daa71,192.6.39,192,5,6,39,"[40.0, 258.0, 450.0, 888.0]",Text,"Dalle, rue Saint-Avoye, 51.  ",ENTRY,"<SUBJ>Dalle</SUBJ>, <ADDR>rue Saint-Avoye, 51.</ADDR>",1,0,1,1.0000,,B-ENTRY,B-ENTRY,model,0.9954,2026-09-24 14:07:28
bbbb20c3-96a5-5db5-a7be-47b1931214d2,d7cbbf4c-8fcc-500a-a6f7-4976ab7daa71,192.6.40,192,5,6,40,"[40.0, 258.0, 450.0, 888.0]",Text,"Damaré, rue Saint-Honoré, 250.  ",ENTRY,"<SUBJ>Damaré</SUBJ>, <ADDR>rue Saint-Honoré, 250.</ADDR>",1,0,1,1.0000,,B-ENTRY,B-ENTRY,model,0.9954,2026-09-24 14:07:28
2407d5ac-9634-5abc-98d7-2e568e0447ba,d7cbbf4c-8fcc-500a-a6f7-4976ab7daa71,192.6.41,192,5,6,41,"[40.0, 258.0, 450.0, 888.0]",Text,"Daste, rue Mouffetard, 107.  ",ENTRY,"<SUBJ>Daste</SUBJ>, <ADDR>rue Mouffetard, 107.</ADDR>",1,0,1,1.0000,,B-ENTRY,B-ENTRY,model,0.9954,2026-09-24 14:07:28
2a68c82b-5418-5733-8eab-1d8afef9ef04,d7cbbf4c-8fcc-500a-a6f7-4976ab7daa71,192.6.42,192,5,6,42,"[40.0, 258.0, 450.0, 888.0]",Text,"Daurimont, rue du Faub.-St.-Honoré, 26.  ",ENTRY,"<SUBJ>Daurimont</SUBJ>, <ADDR>rue du Faub.-St.-Honoré, 26.</ADDR>",1,0,1,1.0000,,B-ENTRY,B-ENTRY,model,0.9949,2026-09-24 14:07:28
854857c4-a3b1-5b07-95ed-43470986ccbb,d7cbbf4c-8fcc-500a-a6f7-4976ab7daa71,192.6.43,192,5,6,43,"[40.0, 258.0, 450.0, 888.0]",Text,"Davin, rue St.-Honoré, 394.  ",ENTRY,"<SUBJ>Davin</SUBJ>, <ADDR>rue St.-Honoré, 394.</ADDR>",1,0,1,1.0000,,B-ENTRY,B-ENTRY,model,0.9969,2026-09-24 14:07:28
7044cebb-c06b-5332-b5be-8f1e8db24a62,d7cbbf4c-8fcc-500a-a6f7-4976ab7daa71,192.6.44,192,5,6,44,"[40.0, 258.0, 450.0, 888.0]",Text,"Debalz, rue Neuve-St.-Eustache, 6.",ENTRY,"<SUBJ>Debalz</SUBJ>, <ADDR>rue Neuve-St.-Eustache, 6.</ADDR>",1,0,1,1.0000,,B-ENTRY,B-ENTRY,model,0.9954,2026-09-24 14:07:28
137b5b3f-e820-58ee-9a1f-1b8d7194bf91,d7cbbf4c-8fcc-500a-a6f7-4976ab7daa71,192.7.0,192,6,7,0,"[467.0, 253.0, 862.0, 881.0]",Text,"Delavéronnière (Moysse et Sollivet), rue et enclos du Temple.  ",ENTRY,"<SUBJ>Delavéronnière (Moysse et Sollivet)</SUBJ>, <ADDR>rue et enclos du Temple.</ADDR>",1,0,1,1.0000,,B-ENTRY,B-ENTRY,model,0.9913,2026-09-24 14:07:28
ada8feef-7493-5954-a6c8-90192fb9b187,d7cbbf4c-8fcc-500a-a6f7-4976ab7daa71,192.7.1,192,6,7,1,"[467.0, 253.0, 862.0, 881.0]",Text,"Desmaret, place de l'Hôtel-de-Ville, 53.  ",ENTRY,"<SUBJ>Desmaret</SUBJ>, <ADDR>place de l'Hôtel-de-Ville, 53.</ADDR>",1,0,1,1.0000,,B-ENTRY,B-ENTRY,model,0.9949,2026-09-24 14:07:28
0bcb1012-74a3-514e-a2a8-a06d269d60f3,d7cbbf4c-8fcc-500a-a6f7-4976ab7daa71,192.7.2,192,6,7,2,"[467.0, 253.0, 862.0, 881.0]",Text,"Demerile, rue Saint-Antoine, 66.  ",ENTRY,"<SUBJ>Demerile</SUBJ>, <ADDR>rue Saint-Antoine, 66.</ADDR>",1,0,1,1.0000,,B-ENTRY,B-ENTRY,model,0.9954,2026-09-24 14:07:28
b40d7b53-0f5a-50f6-ae00-51e50fd3bd29,d7cbbf4c-8fcc-500a-a6f7-4976ab7daa71,192.7.3,192,6,7,3,"[467.0, 253.0, 862.0, 881.0]",Text,"Desplaces, quai des Ormes, 6.  ",ENTRY,"<SUBJ>Desplaces</SUBJ>, <ADDR>quai des Ormes, 6.</ADDR>",1,0,1,1.0000,,B-ENTRY,B-ENTRY,model,0.9949,2026-09-24 14:07:28
e079ad4c-7d8e-52e6-b5da-d705eaf98a3c,d7cbbf4c-8fcc-500a-a6f7-4976ab7daa71,192.7.4,192,6,7,4,"[467.0, 253.0, 862.0, 881.0]",Text,"Detailles, rue St.-Paul, 9.  ",ENTRY,"<SUBJ>Detailles</SUBJ>, <ADDR>rue St.-Paul, 9.</ADDR>",1,0,1,1.0000,,B-ENTRY,B-ENTRY,model,0.9969,2026-09-24 14:07:28
35fe3706-d210-5bf7-8a5c-0486cdf64f75,d7cbbf4c-8fcc-500a-a6f7-4976ab7daa71,192.7.5,192,6,7,5,"[467.0, 253.0, 862.0, 881.0]",Text,"Dournel, rue Saint-Martin, 257.  ",ENTRY,"<SUBJ>Dournel</SUBJ>, <ADDR>rue Saint-Martin, 257.</ADDR>",1,0,1,1.0000,,B-ENTRY,B-ENTRY,model,0.9954,2026-09-24 14:07:28
e9225400-2104-5986-8fea-748fe5ec2736,d7cbbf4c-8fcc-500a-a6f7-4976ab7daa71,192.7.6,192,6,7,6,"[467.0, 253.0, 862.0, 881.0]",Text,"Ducasse, rue de l'Oursine, 94.  ",ENTRY,"<SUBJ>Ducasse</SUBJ>, <ADDR>rue de l'Oursine, 94.</ADDR>",1,0,1,1.0000,,B-ENTRY,B-ENTRY,model,0.9965,2026-09-24 14:07:28
e141e3e6-b96d-5dbd-bc6c-c55f135324ce,d7cbbf4c-8fcc-500a-a6f7-4976ab7daa71,192.7.7,192,6,7,7,"[467.0, 253.0, 862.0, 881.0]",Text,"Dufay, rue St.-Honoré, 92.  ",ENTRY,"<SUBJ>Dufay</SUBJ>, <ADDR>rue St.-Honoré, 92.</ADDR>",1,0,1,1.0000,,B-ENTRY,B-ENTRY,model,0.9968,2026-09-24 14:07:28
8476d391-dbf8-53d7-b94a-0ee113e4d7af,d7cbbf4c-8fcc-500a-a6f7-4976ab7daa71,192.7.8,192,6,7,8,"[467.0, 253.0, 862.0, 881.0]",Text,"Damas, rue Férou, 28.  ",ENTRY,"<SUBJ>Damas</SUBJ>, <ADDR>rue Férou, 28.</ADDR>",1,0,1,1.0000,,B-ENTRY,B-ENTRY,human,1.0,2026-09-24 14:07:05
b0120955-e171-5724-b9fb-665f0b48080a,d7cbbf4c-8fcc-500a-a6f7-4976ab7daa71,192.7.9,192,6,7,9,"[467.0, 253.0, 862.0, 881.0]",Text,"Dumont, rue du Bouloy.  ",ENTRY,"<SUBJ>Dumont</SUBJ>, <ADDR>rue du Bouloy.</ADDR>",1,0,1,1.0000,,B-ENTRY,B-ENTRY,human,1.0,2026-09-24 14:07:05
2f0e197a-525f-5ed3-a8e1-fbae0f63abee,d7cbbf4c-8fcc-500a-a6f7-4976ab7daa71,192.7.10,192,6,7,10,"[467.0, 253.0, 862.0, 881.0]",Text,"Dupieux, rue Regratière, 17.  ",ENTRY,"<SUBJ>Dupieux</SUBJ>, <ADDR>rue Regratière, 17.</ADDR>",1,0,1,1.0000,,B-ENTRY,B-ENTRY,model,0.9954,2026-09-24 14:07:28
4995e818-ca37-5531-a185-8888d16ba273,d7cbbf4c-8fcc-500a-a6f7-4976ab7daa71,192.7.11,192,6,7,11,"[467.0, 253.0, 862.0, 881.0]",Text,"Escourbiac, rue Mouffetard, 252.  ",ENTRY,"<SUBJ>Escourbiac</SUBJ>, <ADDR>rue Mouffetard, 252.</ADDR>",1,0,1,1.0000,,B-ENTRY,B-ENTRY,model,0.9954,2026-09-24 14:07:28
51fd4ec9-7258-55f2-b1ca-73d7eeb79d0d,d7cbbf4c-8fcc-500a-a6f7-4976ab7daa71,192.7.12,192,6,7,12,"[467.0, 253.0, 862.0, 881.0]",Text,"Evesque, rue Neuve-St.-Eustache, 40.  ",ENTRY,"<SUBJ>Evesque</SUBJ>, <ADDR>rue Neuve-St.-Eustache, 40.</ADDR>",1,0,1,1.0000,,B-ENTRY,B-ENTRY,model,0.9954,2026-09-24 14:07:28
07607e62-05de-5e18-b1c4-9cd8d699c488,d7cbbf4c-8fcc-500a-a6f7-4976ab7daa71,192.7.13,192,6,7,13,"[467.0, 253.0, 862.0, 881.0]",Text,"Favareille Placial (Elie), quai des Célestins, 20.  ",ENTRY,"<SUBJ>Favareille Placial (Elie)</SUBJ>, <ADDR>quai des Célestins, 20.</ADDR>",1,0,1,1.0000,,B-ENTRY,B-ENTRY,model,0.9935,2026-09-24 14:07:28
b74f85d0-6a90-5662-9b67-b2559d00ec14,d7cbbf4c-8fcc-500a-a6f7-4976ab7daa71,192.7.14,192,6,7,14,"[467.0, 253.0, 862.0, 881.0]",Text,"Ferrand (Arnault), rue Batave, 10.  ",ENTRY,"<SUBJ>Ferrand (Arnault)</SUBJ>, <ADDR>rue Batave, 10.</ADDR>",1,0,1,1.0000,,B-ENTRY,B-ENTRY,model,0.9965,2026-09-24 14:07:28
79e1e3a3-b269-5be1-80f5-331f186b9658,d7cbbf4c-8fcc-500a-a6f7-4976ab7daa71,192.7.15,192,6,7,15,"[467.0, 253.0, 862.0, 881.0]",Text,"Fleury, cour St.-Guillaume, 15.  ",ENTRY,"<SUBJ>Fleury</SUBJ>, <ADDR>cour St.-Guillaume, 15.</ADDR>",1,0,1,1.0000,,B-ENTRY,B-ENTRY,model,0.9968,2026-09-24 14:07:28
9ff7ebe9-fb70-580e-9e61-14cd8aa4d718,d7cbbf4c-8fcc-500a-a6f7-4976ab7daa71,192.7.16,192,6,7,16,"[467.0, 253.0, 862.0, 881.0]",Text,"Fontaine, rue Notre-Dame-des-Victoires, 16.  ",ENTRY,"<SUBJ>Fontaine</SUBJ>, <ADDR>rue Notre-Dame-des-Victoires, 16.</ADDR>",1,0,1,1.0000,,B-ENTRY,B-ENTRY,model,0.9954,2026-09-24 14:07:28
64ea8c61-dda6-5ec9-9029-2831dde5651f,d7cbbf4c-8fcc-500a-a6f7-4976ab7daa71,192.7.17,192,6,7,17,"[467.0, 253.0, 862.0, 881.0]",Text,"Forse, rue Saint-Dominique, 48. — Gros Caillou.  ",ENTRY,"<SUBJ>Forse</SUBJ>, <ADDR>rue Saint-Dominique, 48. — Gros Caillou.</ADDR>",1,0,1,1.0000,,B-ENTRY,B-ENTRY,model,0.9917,2026-09-24 14:07:28
a7ebc355-b135-574e-a54d-a7925509f5eb,d7cbbf4c-8fcc-500a-a6f7-4976ab7daa71,192.7.18,192,6,7,18,"[467.0, 253.0, 862.0, 881.0]",Text,"Gaillard, rue de Lancry, 28.  ",ENTRY,"<SUBJ>Gaillard</SUBJ>, <ADDR>rue de Lancry, 28.</ADDR>",1,0,1,1.0000,,B-ENTRY,B-ENTRY,model,0.9949,2026-09-24 14:07:28
efe10536-b320-5c1e-b292-60ff1935e1d4,d7cbbf4c-8fcc-500a-a6f7-4976ab7daa71,192.7.19,192,6,7,19,"[467.0, 253.0, 862.0, 881.0]",Text,"Gamas, rue Neuve-de-Montmorency, 1.  ",ENTRY,"<SUBJ>Gamas</SUBJ>, <ADDR>rue Neuve-de-Montmorency, 1.</ADDR>",1,0,1,1.0000,,B-ENTRY,B-ENTRY,model,0.9954,2026-09-24 14:07:28
72ca7a27-bfb6-5da7-b9c9-b09e50c6a510,d7cbbf4c-8fcc-500a-a6f7-4976ab7daa71,192.7.20,192,6,7,20,"[467.0, 253.0, 862.0, 881.0]",Text,"Gard, rue des Grands-Augustins, 16.  ",ENTRY,"<SUBJ>Gard</SUBJ>, <ADDR>rue des Grands-Augustins, 16.</ADDR>",1,0,1,1.0000,,B-ENTRY,B-ENTRY,model,0.9965,2026-09-24 14:07:28
3f9a90d4-b481-5f38-b136-57585ba6c4ad,d7cbbf4c-8fcc-500a-a6f7-4976ab7daa71,192.7.21,192,6,7,21,"[467.0, 253.0, 862.0, 881.0]",Text,"Gauthier (Hyacinthe-Gabriel), rue des Prouvaires, 55.  ",ENTRY,"<SUBJ>Gauthier (Hyacinthe-Gabriel)</SUBJ>, <ADDR>rue des Prouvaires, 55.</ADDR>",1,0,1,1.0000,,B-ENTRY,B-ENTRY,model,0.9951,2026-09-24 14:07:28
c022b38a-ffe5-53ce-a477-31d411046962,d7cbbf4c-8fcc-500a-a6f7-4976ab7daa71,192.7.22,192,6,7,22,"[467.0, 253.0, 862.0, 881.0]",Text,"Gigon, rue St.-Germain-l'Auxerrois, 87.  ",ENTRY,"<SUBJ>Gigon</SUBJ>, <ADDR>rue St.-Germain-l'Auxerrois, 87.</ADDR>",1,0,1,1.0000,,B-ENTRY,B-ENTRY,model,0.9954,2026-09-24 14:07:28
fa2b30db-a1fa-5446-967d-5a93adc582d8,d7cbbf4c-8fcc-500a-a6f7-4976ab7daa71,192.7.23,192,6,7,23,"[467.0, 253.0, 862.0, 881.0]",Text,"Gontier (Et.), rue de la Mortellerie, 156.  ",ENTRY,"<SUBJ>Gontier (Et.)</SUBJ>, <ADDR>rue de la Mortellerie, 156.</ADDR>",1,0,1,1.0000,,B-ENTRY,B-ENTRY,model,0.9951,2026-09-24 14:07:28
23d0554c-390e-5048-b651-50ec282732aa,d7cbbf4c-8fcc-500a-a6f7-4976ab7daa71,192.7.24,192,6,7,24,"[467.0, 253.0, 862.0, 881.0]",Text,"Gontier (Jean), place de l'hôtel de ville, 2.  ",ENTRY,"<SUBJ>Gontier (Jean)</SUBJ>, <ADDR>place de l'hôtel de ville, 2.</ADDR>",1,0,1,1.0000,,B-ENTRY,B-ENTRY,human,1.0,2026-09-24 14:06:43
53e97b44-da7a-51ac-bd51-169038c9539f,d7cbbf4c-8fcc-500a-a6f7-4976ab7daa71,192.7.25,192,6,7,25,"[467.0, 253.0, 862.0, 881.0]",Text,"Goyon, rue d'Aboukir.  ",ENTRY,"<SUBJ>Goyon</SUBJ>, <ADDR>rue d'Aboukir.</ADDR>",1,0,1,1.0000,,B-ENTRY,B-ENTRY,human,1.0,2026-09-24 14:06:43
9bff4b05-b5c1-511e-a036-b876cd0b8fd7,d7cbbf4c-8fcc-500a-a6f7-4976ab7daa71,192.7.26,192,6,7,26,"[467.0, 253.0, 862.0, 881.0]",Text,"Guillaume, rue Neuve-Notre-Dame, 2.  ",ENTRY,"<SUBJ>Guillaume</SUBJ>, <ADDR>rue Neuve-Notre-Dame, 2.</ADDR>",1,0,1,1.0000,,B-ENTRY,B-ENTRY,model,0.9954,2026-09-24 14:07:28
68e4fb9b-7ace-5d45-ac02-ca6ea852828c,d7cbbf4c-8fcc-500a-a6f7-4976ab7daa71,192.7.27,192,6,7,27,"[467.0, 253.0, 862.0, 881.0]",Text,"Hernu, rue Neuve-Saint-Méry, 50.  ",ENTRY,"<SUBJ>Hernu</SUBJ>, <ADDR>rue Neuve-Saint-Méry, 50.</ADDR>",1,0,1,1.0000,,B-ENTRY,B-ENTRY,model,0.9954,2026-09-24 14:07:28
33021e33-5316-5384-b067-95f1672f0d62,d7cbbf4c-8fcc-500a-a6f7-4976ab7daa71,192.7.28,192,6,7,28,"[467.0, 253.0, 862.0, 881.0]",Text,"Honoré (Bernard), rue Boucherat, 17.  ",ENTRY,"<SUBJ>Honoré (Bernard)</SUBJ>, <ADDR>rue Boucherat, 17.</ADDR>",1,0,1,1.0000,,B-ENTRY,B-ENTRY,model,0.9965,2026-09-24 14:07:28
a807b450-09a6-5037-b65a-9496d8206596,d7cbbf4c-8fcc-500a-a6f7-4976ab7daa71,192.7.29,192,6,7,29,"[467.0, 253.0, 862.0, 881.0]",Text,"Jacinthe, rue Saint-Louis du palais, 16.  ",ENTRY,"<SUBJ>Jacinthe</SUBJ>, <ADDR>rue Saint-Louis du palais, 16.</ADDR>",1,0,1,1.0000,,B-ENTRY,B-ENTRY,model,0.9971,2026-09-24 14:07:28
8aed72be-4c4e-5087-b70f-ff58bbc0f227,d7cbbf4c-8fcc-500a-a6f7-4976ab7daa71,192.7.30,192,6,7,30,"[467.0, 253.0, 862.0, 881.0]",Text,"Jacob, rue du Petit-Carreau, 50.  ",ENTRY,"<SUBJ>Jacob</SUBJ>, <ADDR>rue du Petit-Carreau, 50.</ADDR>",1,0,1,1.0000,,B-ENTRY,B-ENTRY,model,0.9965,2026-09-24 14:07:28
ebb07372-97f6-5370-b1dc-cf342bf1e209,d7cbbf4c-8fcc-500a-a6f7-4976ab7daa71,192.7.31,192,6,7,31,"[467.0, 253.0, 862.0, 881.0]",Text,"Janceau, place Maubert, 20.  ",ENTRY,"<SUBJ>Janceau</SUBJ>, <ADDR>place Maubert, 20.</ADDR>",1,0,1,1.0000,,B-ENTRY,B-ENTRY,model,0.9954,2026-09-24 14:07:28
fca91aeb-5340-5ba7-a46b-42f373925b6c,d7cbbf4c-8fcc-500a-a6f7-4976ab7daa71,192.7.32,192,6,7,32,"[467.0, 253.0, 862.0, 881.0]",Text,"Jaurne Préval, rue des Deux-Portes-Saint-Sauveur, 16.  ",ENTRY,"<SUBJ>Jaurne Préval</SUBJ>, <ADDR>rue des Deux-Portes-Saint-Sauveur, 16.</ADDR>",1,0,1,1.0000,,B-ENTRY,B-ENTRY,model,0.9929,2026-09-24 14:07:28
a495c495-aad2-5b83-8444-d004c3dbb241,d7cbbf4c-8fcc-500a-a6f7-4976ab7daa71,192.7.33,192,6,7,33,"[467.0, 253.0, 862.0, 881.0]",Text,"Joliet, rue de la Roquette, 5.  ",ENTRY,"<SUBJ>Joliet</SUBJ>, <ADDR>rue de la Roquette, 5.</ADDR>",1,0,1,1.0000,,B-ENTRY,B-ENTRY,model,0.9949,2026-09-24 14:07:28
da1412bb-c835-5aea-a644-c19e08317cb0,d7cbbf4c-8fcc-500a-a6f7-4976ab7daa71,192.7.34,192,6,7,34,"[467.0, 253.0, 862.0, 881.0]",Text,"Jousseaume, rue du Mont-Blanc, 22.  ",ENTRY,"<SUBJ>Jousseaume</SUBJ>, <ADDR>rue du Mont-Blanc, 22.</ADDR>",1,0,1,1.0000,,B-ENTRY,B-ENTRY,model,0.9965,2026-09-24 14:07:28
acfe2666-19a2-5b5d-8481-cecc998f6f33,d7cbbf4c-8fcc-500a-a6f7-4976ab7daa71,192.7.35,192,6,7,35,"[467.0, 253.0, 862.0, 881.0]",Text,"Julien, rue de Grenelle-St.-Honoré, 14.  ",ENTRY,"<SUBJ>Julien</SUBJ>, <ADDR>rue de Grenelle-St.-Honoré, 14.</ADDR>",1,0,1,1.0000,,B-ENTRY,B-ENTRY,model,0.9949,2026-09-24 14:07:28
8c1dfd1f-9245-5142-ad66-4e99d74ffc50,d7cbbf4c-8fcc-500a-a6f7-4976ab7daa71,192.7.36,192,6,7,36,"[467.0, 253.0, 862.0, 881.0]",Text,"Labadens, rue Ticquetonne, 9.  ",ENTRY,"<SUBJ>Labadens</SUBJ>, <ADDR>rue Ticquetonne, 9.</ADDR>",1,0,1,1.0000,,B-ENTRY,B-ENTRY,human,1.0,2026-09-24 14:07:02
f129f30c-dcad-55d9-866e-6a994de3a7ce,d7cbbf4c-8fcc-500a-a6f7-4976ab7daa71,192.7.37,192,6,7,37,"[467.0, 253.0, 862.0, 881.0]",Text,"Laborde (L.), r. Blanche-de-Castille, 74.  ",ENTRY,"<SUBJ>Laborde (L.)</SUBJ>, <ADDR>r. Blanche-de-Castille, 74.</ADDR>",1,0,1,1.0000,,B-ENTRY,B-ENTRY,human,1.0,2026-09-24 14:07:02
4259a728-ca50-5973-ad82-d37d1d874fa3,d7cbbf4c-8fcc-500a-a6f7-4976ab7daa71,192.7.38,192,6,7,38,"[467.0, 253.0, 862.0, 881.0]",Text,"Laccoua, rue St.-Victor, 108.  ",ENTRY,"<SUBJ>Laccoua</SUBJ>, <ADDR>rue St.-Victor, 108.</ADDR>",1,0,1,1.0000,,B-ENTRY,B-ENTRY,model,0.9969,2026-09-24 14:07:28
a44c618c-b87b-5fcf-8f86-425ec5cdde39,d7cbbf4c-8fcc-500a-a6f7-4976ab7daa71,192.7.39,192,6,7,39,"[467.0, 253.0, 862.0, 881.0]",Text,"Lacroix, rue Coq-Héron, 16.  ",ENTRY,"<SUBJ>Lacroix</SUBJ>, <ADDR>rue Coq-Héron, 16.</ADDR>",1,0,1,1.0000,,B-ENTRY,B-ENTRY,model,0.9954,2026-09-24 14:07:28
8479a406-dfb4-54b9-968a-a5bec9a1f0b6,d7cbbf4c-8fcc-500a-a6f7-4976ab7daa71,192.7.40,192,6,7,40,"[467.0, 253.0, 862.0, 881.0]",Text,"Lagrave, rue de l'Oursine, 79.  ",ENTRY,"<SUBJ>Lagrave</SUBJ>, <ADDR>rue de l'Oursine, 79.</ADDR>",1,0,1,1.0000,,B-ENTRY,B-ENTRY,human,1.0,2026-09-24 14:06:37
5558037e-f405-59c2-92ad-42c212a84e5d,d7cbbf4c-8fcc-500a-a6f7-4976ab7daa71,192.7.41,192,6,7,41,"[467.0, 253.0, 862.0, 881.0]",Text,"Lairle dit Legnerle, rue Neuve-des-Petits-Champs, 81.",ENTRY,"<SUBJ>Lairle dit Legnerle</SUBJ>, <ADDR>rue Neuve-des-Petits-Champs, 81.</ADDR>",1,0,1,1.0000,,B-ENTRY,B-ENTRY,human,1.0,2026-09-24 14:06:37
1a2a3aca-74c3-5851-81bb-2f5e7ff6bda5,d7cbbf4c-8fcc-500a-a6f7-4976ab7daa71,193.1.0,193,0,1,0,"[116.0, 38.0, 172.0, 57.0]",Page-Header,864,OUT OF SCOPE,,,,,,,OUT OF SCOPE,OUT OF SCOPE,human,1.0,2026-09-24 14:05:54
7097861d-118a-5fc7-8737-f9620fc4bd4e,d7cbbf4c-8fcc-500a-a6f7-4976ab7daa71,193.2.0,193,1,2,0,"[306.0, 36.0, 777.0, 60.0]",Page-Header,Académie de médecine-Paris.,OUT OF SCOPE,,,,,,,OUT OF SCOPE,OUT OF SCOPE,human,1.0,2026-09-24 14:05:54
6a3473c7-1b33-5664-89aa-662cb2073021,d7cbbf4c-8fcc-500a-a6f7-4976ab7daa71,193.3.0,193,2,3,0,"[102.0, 62.0, 969.0, 623.0]",List-Group,"Lambin *dit* Lambon, rue St.-Honoré, 215.  ",ENTRY,"<SUBJ>Lambin *dit* Lambon</SUBJ>, <ADDR>rue St.-Honoré, 215.</ADDR>",1,0,1,1.0000,,B-ENTRY,B-ENTRY,model,0.9971,2026-09-24 14:07:28
43cb5263-1848-532b-b223-0f6075554408,d7cbbf4c-8fcc-500a-a6f7-4976ab7daa71,193.3.1,193,2,3,1,"[102.0, 62.0, 969.0, 623.0]",List-Group,"Lambin, rue des Mauvais-Garçons, au Marais.  ",ENTRY,"<SUBJ>Lambin</SUBJ>, <ADDR>rue des Mauvais-Garçons, au Marais.</ADDR>",1,0,1,1.0000,,B-ENTRY,B-ENTRY,model,0.9922,2026-09-24 14:07:28
631204c9-2a4b-56fe-ae19-4b0ed89c2bc6,d7cbbf4c-8fcc-500a-a6f7-4976ab7daa71,193.3.2,193,2,3,2,"[102.0, 62.0, 969.0, 623.0]",List-Group,"Laribeau, rue Saint-Jacques, 187.  ",ENTRY,"<SUBJ>Laribeau</SUBJ>, <ADDR>rue Saint-Jacques, 187.</ADDR>",1,0,1,1.0000,,B-ENTRY,B-ENTRY,model,0.9963,2026-09-24 14:07:28
77297421-6cab-52ef-91f0-892c9eea313e,d7cbbf4c-8fcc-500a-a6f7-4976ab7daa71,193.3.3,193,2,3,3,"[102.0, 62.0, 969.0, 623.0]",List-Group,"Luroque, cloître Notre-Dame, 14.  ",ENTRY,"<SUBJ>Luroque</SUBJ>, <ADDR>cloître Notre-Dame, 14.</ADDR>",1,0,1,1.0000,,B-ENTRY,B-ENTRY,model,0.9963,2026-09-24 14:07:28
7033ecd1-46a1-52ee-8280-34f7a6d47148,d7cbbf4c-8fcc-500a-a6f7-4976ab7daa71,193.3.4,193,2,3,4,"[102.0, 62.0, 969.0, 623.0]",List-Group,"Lutappy, rue du Faub.-S.-Antoine, 157.  ",ENTRY,"<SUBJ>Lutappy</SUBJ>, <ADDR>rue du Faub.-S.-Antoine, 157.</ADDR>",1,0,1,1.0000,,B-ENTRY,B-ENTRY,model,0.9959,2026-09-24 14:07:28
4229ac83-b143-578e-adae-6c0fe0135db3,d7cbbf4c-8fcc-500a-a6f7-4976ab7daa71,193.3.5,193,2,3,5,"[102.0, 62.0, 969.0, 623.0]",List-Group,"Laudumier, rue de Richelieu, 7.  ",ENTRY,"<SUBJ>Laudumier</SUBJ>, <ADDR>rue de Richelieu, 7.</ADDR>",1,0,1,1.0000,,B-ENTRY,B-ENTRY,model,0.9959,2026-09-24 14:07:28
f9798ce8-7df2-5c34-b080-1fd74a46e9c2,d7cbbf4c-8fcc-500a-a6f7-4976ab7daa71,193.3.6,193,2,3,6,"[102.0, 62.0, 969.0, 623.0]",List-Group,"Laval, rue Regratière.  ",ENTRY,"<SUBJ>Laval</SUBJ>, <ADDR>rue Regratière.</ADDR>",1,0,1,1.0000,,B-ENTRY,B-ENTRY,model,0.9929,2026-09-24 14:07:28
421c5f19-38b3-5449-b1c9-0b6138464447,d7cbbf4c-8fcc-500a-a6f7-4976ab7daa71,193.3.7,193,2,3,7,"[102.0, 62.0, 969.0, 623.0]",List-Group,"Leblanc, rue Férou, 24.  ",ENTRY,"<SUBJ>Leblanc</SUBJ>, <ADDR>rue Férou, 24.</ADDR>",1,0,1,1.0000,,B-ENTRY,B-ENTRY,model,0.9963,2026-09-24 14:07:28
ff684829-d85e-5f6e-9a49-c5415a41ec7e,d7cbbf4c-8fcc-500a-a6f7-4976ab7daa71,193.3.8,193,2,3,8,"[102.0, 62.0, 969.0, 623.0]",List-Group,"Leduc, rue de Limoges, 5.  ",ENTRY,"<SUBJ>Leduc</SUBJ>, <ADDR>rue de Limoges, 5.</ADDR>",1,0,1,1.0000,,B-ENTRY,B-ENTRY,model,0.9959,2026-09-24 14:07:28
ab6f2546-e7bd-5f83-90ff-d40a8571482d,d7cbbf4c-8fcc-500a-a6f7-4976ab7daa71,193.3.9,193,2,3,9,"[102.0, 62.0, 969.0, 623.0]",List-Group,"Lefèvre (J. Jos.), rue Saint-Martin, 112.  ",ENTRY,"<SUBJ>Lefèvre (J. Jos.)</SUBJ>, <ADDR>rue Saint-Martin, 112.</ADDR>",1,0,1,1.0000,,B-ENTRY,B-ENTRY,model,0.9929,2026-09-24 14:07:28
2f734b0a-7ca4-5035-b11b-0b8fe0a8fe48,d7cbbf4c-8fcc-500a-a6f7-4976ab7daa71,193.3.10,193,2,3,10,"[102.0, 62.0, 969.0, 623.0]",List-Group,"Lefèvre (Paul), rue St.-Maur, 11.  ",ENTRY,"<SUBJ>Lefèvre (Paul)</SUBJ>, <ADDR>rue St.-Maur, 11.</ADDR>",1,0,1,1.0000,,B-ENTRY,B-ENTRY,model,0.9957,2026-09-24 14:07:28
d937ff54-0878-580b-a2ec-9348c1d467fa,d7cbbf4c-8fcc-500a-a6f7-4976ab7daa71,193.3.11,193,2,3,11,"[102.0, 62.0, 969.0, 623.0]",List-Group,"Legeule, rue du Monceau-S.-Gervais, 17.  ",ENTRY,"<SUBJ>Legeule</SUBJ>, <ADDR>rue du Monceau-S.-Gervais, 17.</ADDR>",1,0,1,1.0000,,B-ENTRY,B-ENTRY,model,0.9959,2026-09-24 14:07:28
0fea0f1e-6c5b-5aa2-be68-dfa88cd36f97,d7cbbf4c-8fcc-500a-a6f7-4976ab7daa71,193.3.12,193,2,3,12,"[102.0, 62.0, 969.0, 623.0]",List-Group,"Legras, rue de Marivaux, 41.  ",ENTRY,"<SUBJ>Legras</SUBJ>, <ADDR>rue de Marivaux, 41.</ADDR>",1,0,1,1.0000,,B-ENTRY,B-ENTRY,model,0.9959,2026-09-24 14:07:28
915f9170-a9a7-5800-a31c-24f8bfab46dc,d7cbbf4c-8fcc-500a-a6f7-4976ab7daa71,193.3.13,193,2,3,13,"[102.0, 62.0, 969.0, 623.0]",List-Group,"Le Moussu, r. de l'Ecole-de Médecine, 55.  ",ENTRY,"<SUBJ>Le Moussu</SUBJ>, <ADDR>r. de l'Ecole-de Médecine, 55.</ADDR>",1,0,1,1.0000,,B-ENTRY,B-ENTRY,model,0.9941,2026-09-24 14:07:28
3c1ee5f2-227f-55c6-b520-ab6244615ead,d7cbbf4c-8fcc-500a-a6f7-4976ab7daa71,193.3.14,193,2,3,14,"[102.0, 62.0, 969.0, 623.0]",List-Group,"Lesfilles, rue St. Jacques, 5.  ",ENTRY,"<SUBJ>Lesfilles</SUBJ>, <ADDR>rue St. Jacques, 5.</ADDR>",1,0,1,1.0000,,B-ENTRY,B-ENTRY,model,0.9963,2026-09-24 14:07:28
21726a3e-f083-5d34-94de-0eee1fa72fca,d7cbbf4c-8fcc-500a-a6f7-4976ab7daa71,193.3.15,193,2,3,15,"[102.0, 62.0, 969.0, 623.0]",List-Group,"Mackers, rue Salle-au-Comte, 7.  ",ENTRY,"<SUBJ>Mackers</SUBJ>, <ADDR>rue Salle-au-Comte, 7.</ADDR>",1,0,1,1.0000,,B-ENTRY,B-ENTRY,model,0.9963,2026-09-24 14:07:28
53b7ddbe-54c5-5763-8b2c-3da18033e1b5,d7cbbf4c-8fcc-500a-a6f7-4976ab7daa71,193.3.16,193,2,3,16,"[102.0, 62.0, 969.0, 623.0]",List-Group,"Magendie, rue de Verneuil, 32.  ",ENTRY,"<SUBJ>Magendie</SUBJ>, <ADDR>rue de Verneuil, 32.</ADDR>",1,0,1,1.0000,,B-ENTRY,B-ENTRY,model,0.9959,2026-09-24 14:07:28
1c0026e2-67d1-5f2e-86f6-f3e66a670aee,d7cbbf4c-8fcc-500a-a6f7-4976ab7daa71,193.3.17,193,2,3,17,"[102.0, 62.0, 969.0, 623.0]",List-Group,"Maglier, rue J.-J.-Rousseau, 7.  ",ENTRY,"<SUBJ>Maglier</SUBJ>, <ADDR>rue J.-J.-Rousseau, 7.</ADDR>",1,0,1,1.0000,,B-ENTRY,B-ENTRY,model,0.9953,2026-09-24 14:07:28
169288a2-9205-53d4-a343-0496cd7ce3ba,d7cbbf4c-8fcc-500a-a6f7-4976ab7daa71,193.3.18,193,2,3,18,"[102.0, 62.0, 969.0, 623.0]",List-Group,"Magné, rue Traversière-St.-Honoré, 2.  ",ENTRY,"<SUBJ>Magné</SUBJ>, <ADDR>rue Traversière-St.-Honoré, 2.</ADDR>",1,0,1,1.0000,,B-ENTRY,B-ENTRY,model,0.9963,2026-09-24 14:07:28
f2db2a34-b402-5275-ba4f-16c28af3c908,d7cbbf4c-8fcc-500a-a6f7-4976ab7daa71,193.3.19,193,2,3,19,"[102.0, 62.0, 969.0, 623.0]",List-Group,"Malaese, rue du Mail, 19.  ",ENTRY,"<SUBJ>Malaese</SUBJ>, <ADDR>rue du Mail, 19.</ADDR>",1,0,1,1.0000,,B-ENTRY,B-ENTRY,model,0.9959,2026-09-24 14:07:28
bbc9096f-6a82-5b2b-b8b8-2681248df8a0,d7cbbf4c-8fcc-500a-a6f7-4976ab7daa71,193.3.20,193,2,3,20,"[102.0, 62.0, 969.0, 623.0]",List-Group,"Martin (Cl. Mich.), rue de Savoie, 9.  ",ENTRY,"<SUBJ>Martin (Cl. Mich.)</SUBJ>, <ADDR>rue de Savoie, 9.</ADDR>",1,0,1,1.0000,,B-ENTRY,B-ENTRY,model,0.996,2026-09-24 14:07:28
e9ff468e-4419-56d6-8cca-fab249dac5d1,d7cbbf4c-8fcc-500a-a6f7-4976ab7daa71,193.3.21,193,2,3,21,"[102.0, 62.0, 969.0, 623.0]",List-Group,"Marye (Ant. Jos.), rue des Noyers, 52.  ",ENTRY,"<SUBJ>Marye (Ant. Jos.)</SUBJ>, <ADDR>rue des Noyers, 52.</ADDR>",1,0,1,1.0000,,B-ENTRY,B-ENTRY,model,0.996,2026-09-24 14:07:28
f6829321-e164-5393-936f-5c3a6829487d,d7cbbf4c-8fcc-500a-a6f7-4976ab7daa71,193.3.22,193,2,3,22,"[102.0, 62.0, 969.0, 623.0]",List-Group,"Masse, rue Saint-Martin, 59.  ",ENTRY,"<SUBJ>Masse</SUBJ>, <ADDR>rue Saint-Martin, 59.</ADDR>",1,0,1,1.0000,,B-ENTRY,B-ENTRY,model,0.9963,2026-09-24 14:07:28
724f7e56-694c-5cd8-8950-62f4333a8f65,d7cbbf4c-8fcc-500a-a6f7-4976ab7daa71,193.3.23,193,2,3,23,"[102.0, 62.0, 969.0, 623.0]",List-Group,"Masson, rue Saint-Denis, 244.  ",ENTRY,"<SUBJ>Masson</SUBJ>, <ADDR>rue Saint-Denis, 244.</ADDR>",1,0,1,1.0000,,B-ENTRY,B-ENTRY,model,0.9963,2026-09-24 14:07:28
a3a5f8ea-072c-5120-9b3c-46c8b3a5c7c6,d7cbbf4c-8fcc-500a-a6f7-4976ab7daa71,193.3.24,193,2,3,24,"[102.0, 62.0, 969.0, 623.0]",List-Group,"Maublant, à l'hospice Beaujon.  ",ENTRY,"<SUBJ>Maublant</SUBJ>, <ADDR>à l'hospice Beaujon.</ADDR>",1,0,1,1.0000,,B-ENTRY,B-ENTRY,model,0.9922,2026-09-24 14:07:28
45ac1c55-bcc4-5a67-ba1c-9dfdf97bafaf,d7cbbf4c-8fcc-500a-a6f7-4976ab7daa71,193.3.25,193,2,3,25,"[102.0, 62.0, 969.0, 623.0]",List-Group,"Meillard, rue de Thionville, 40.  ",ENTRY,"<SUBJ>Meillard</SUBJ>, <ADDR>rue de Thionville, 40.</ADDR>",1,0,1,1.0000,,B-ENTRY,B-ENTRY,model,0.9959,2026-09-24 14:07:28
54ac8d37-aa64-5570-8b5d-ff43c3ff7afc,d7cbbf4c-8fcc-500a-a6f7-4976ab7daa71,193.3.26,193,2,3,26,"[102.0, 62.0, 969.0, 623.0]",List-Group,"Mettenberg, officier de santé de la garde et de la maison du Sénat conservateur, rue d'Enfer, 11.  ",ENTRY,"<SUBJ>Mettenberg</SUBJ>, <DESC>officier de santé de la garde et de la maison du Sénat conservateur</DESC>, <ADDR>rue d'Enfer, 11.</ADDR>",1,1,1,1.0000,,B-ENTRY,B-ENTRY,model,0.9959,2026-09-24 14:07:28
1ff75147-eba2-5d2e-b103-c8fb14ff457f,d7cbbf4c-8fcc-500a-a6f7-4976ab7daa71,193.3.27,193,2,3,27,"[102.0, 62.0, 969.0, 623.0]",List-Group,"Miel, quai de l'Ecole, 50.  ",ENTRY,"<SUBJ>Miel</SUBJ>, <ADDR>quai de l'Ecole, 50.</ADDR>",1,0,1,1.0000,,B-ENTRY,B-ENTRY,model,0.9972,2026-09-24 14:07:28
02ccb5d5-847e-52f7-9298-e0639cf18d6e,d7cbbf4c-8fcc-500a-a6f7-4976ab7daa71,193.3.28,193,2,3,28,"[102.0, 62.0, 969.0, 623.0]",List-Group,"Millet (J. F.), *herniaire*, quai Le Pelletier, 28.  ",ENTRY,"<SUBJ>Millet (J. F.)</SUBJ>, *<DESC>herniaire</DESC>*, <ADDR>quai Le Pelletier, 28.</ADDR>",1,1,1,1.0000,,B-ENTRY,B-ENTRY,model,0.9929,2026-09-24 14:07:28
76d7355f-bb7a-5721-8af2-a2164c180816,d7cbbf4c-8fcc-500a-a6f7-4976ab7daa71,193.3.29,193,2,3,29,"[102.0, 62.0, 969.0, 623.0]",List-Group,"Millet (Pierre), rue Saint-Victor, 15.  ",ENTRY,"<SUBJ>Millet (Pierre)</SUBJ>, <ADDR>rue Saint-Victor, 15.</ADDR>",1,0,1,1.0000,,B-ENTRY,B-ENTRY,model,0.9957,2026-09-24 14:07:28
462cd030-a9d1-51d8-bff1-fc1f891432b3,d7cbbf4c-8fcc-500a-a6f7-4976ab7daa71,193.3.30,193,2,3,30,"[102.0, 62.0, 969.0, 623.0]",List-Group,"Mondet, rue des Déchargeurs, 9.  ",ENTRY,"<SUBJ>Mondet</SUBJ>, <ADDR>rue des Déchargeurs, 9.</ADDR>",1,0,1,1.0000,,B-ENTRY,B-ENTRY,model,0.9959,2026-09-24 14:07:28
bf86ade0-9fe8-56e0-88d2-079334415a91,d7cbbf4c-8fcc-500a-a6f7-4976ab7daa71,193.3.31,193,2,3,31,"[102.0, 62.0, 969.0, 623.0]",List-Group,"Montaudon, rue Saint-Denis, 595.  ",ENTRY,"<SUBJ>Montaudon</SUBJ>, <ADDR>rue Saint-Denis, 595.</ADDR>",1,0,1,1.0000,,B-ENTRY,B-ENTRY,model,0.9963,2026-09-24 14:07:28
75218d73-315b-5869-8ca1-5152449a1356,d7cbbf4c-8fcc-500a-a6f7-4976ab7daa71,193.3.32,193,2,3,32,"[102.0, 62.0, 969.0, 623.0]",List-Group,"Morais, rue du Faub.-Saint-Martin, 155.  ",ENTRY,"<SUBJ>Morais</SUBJ>, <ADDR>rue du Faub.-Saint-Martin, 155.</ADDR>",1,0,1,1.0000,,B-ENTRY,B-ENTRY,model,0.9959,2026-09-24 14:07:28
b6d27ecc-61dc-5b50-937b-c95ad3057524,d7cbbf4c-8fcc-500a-a6f7-4976ab7daa71,193.3.33,193,2,3,33,"[102.0, 62.0, 969.0, 623.0]",List-Group,"Morel, rue Beauregard, 17.  ",ENTRY,"<SUBJ>Morel</SUBJ>, <ADDR>rue Beauregard, 17.</ADDR>",1,0,1,1.0000,,B-ENTRY,B-ENTRY,model,0.9963,2026-09-24 14:07:28
9aa337f0-efdd-54cd-8198-8aeb1c62e7fe,d7cbbf4c-8fcc-500a-a6f7-4976ab7daa71,193.3.34,193,2,3,34,"[102.0, 62.0, 969.0, 623.0]",List-Group,"Morizot, rue de Bourgogne, 51.  ",ENTRY,"<SUBJ>Morizot</SUBJ>, <ADDR>rue de Bourgogne, 51.</ADDR>",1,0,1,1.0000,,B-ENTRY,B-ENTRY,model,0.9959,2026-09-24 14:07:28
a543470e-9a94-570e-b144-7634c93eeec3,d7cbbf4c-8fcc-500a-a6f7-4976ab7daa71,193.3.35,193,2,3,35,"[102.0, 62.0, 969.0, 623.0]",List-Group,"Morgon, rue de la Grande-Truanderie, 55.  ",ENTRY,"<SUBJ>Morgon</SUBJ>, <ADDR>rue de la Grande-Truanderie, 55.</ADDR>",1,0,1,1.0000,,B-ENTRY,B-ENTRY,model,0.9959,2026-09-24 14:07:28
bc07ffd6-266a-52b6-a946-7271943c2b0d,d7cbbf4c-8fcc-500a-a6f7-4976ab7daa71,193.3.36,193,2,3,36,"[102.0, 62.0, 969.0, 623.0]",List-Group,"Moulin, rue du Faub.-du-Roule, 22.  ",ENTRY,"<SUBJ>Moulin</SUBJ>, <ADDR>rue du Faub.-du-Roule, 22.</ADDR>",1,0,1,1.0000,,B-ENTRY,B-ENTRY,model,0.9959,2026-09-24 14:07:28
9194d9af-294f-5b1d-8734-0319b3197401,d7cbbf4c-8fcc-500a-a6f7-4976ab7daa71,193.3.37,193,2,3,37,"[102.0, 62.0, 969.0, 623.0]",List-Group,"Pajot Laforest, rue de l'Université, 75.  ",ENTRY,"<SUBJ>Pajot Laforest</SUBJ>, <ADDR>rue de l'Université, 75.</ADDR>",1,0,1,1.0000,,B-ENTRY,B-ENTRY,model,0.9941,2026-09-24 14:07:28
d097a93f-948f-5a0f-9e5c-303be484bc7c,d7cbbf4c-8fcc-500a-a6f7-4976ab7daa71,193.3.38,193,2,3,38,"[102.0, 62.0, 969.0, 623.0]",List-Group,"Pailhiés, rue du Temple, 65.  ",ENTRY,"<SUBJ>Pailhiés</SUBJ>, <ADDR>rue du Temple, 65.</ADDR>",1,0,1,1.0000,,B-ENTRY,B-ENTRY,model,0.9959,2026-09-24 14:07:28
2ce545db-8114-5d6d-ae57-1e46279c2050,d7cbbf4c-8fcc-500a-a6f7-4976ab7daa71,193.3.39,193,2,3,39,"[102.0, 62.0, 969.0, 623.0]",List-Group,"Perrier, rue Pastourelle, 9.  ",ENTRY,"<SUBJ>Perrier</SUBJ>, <ADDR>rue Pastourelle, 9.</ADDR>",1,0,1,1.0000,,B-ENTRY,B-ENTRY,model,0.9963,2026-09-24 14:07:28
39109693-a856-5e3e-93b4-193ccb0dc824,d7cbbf4c-8fcc-500a-a6f7-4976ab7daa71,193.3.40,193,2,3,40,"[102.0, 62.0, 969.0, 623.0]",List-Group,"Piory, rue Coquillière, 55.  ",ENTRY,"<SUBJ>Piory</SUBJ>, <ADDR>rue Coquillière, 55.</ADDR>",1,0,1,1.0000,,B-ENTRY,B-ENTRY,model,0.9963,2026-09-24 14:07:28
a53cc629-77e3-5b3d-80a3-79cbad972eb2,d7cbbf4c-8fcc-500a-a6f7-4976ab7daa71,193.3.41,193,2,3,41,"[102.0, 62.0, 969.0, 623.0]",List-Group,"Pissardy, rue du Faub.-S.-Antoine, 89.  ",ENTRY,"<SUBJ>Pissardy</SUBJ>, <ADDR>rue du Faub.-S.-Antoine, 89.</ADDR>",1,0,1,1.0000,,B-ENTRY,B-ENTRY,model,0.9959,2026-09-24 14:07:28
0bbf55a2-5b26-5ab9-b2dd-807fd061a1ba,d7cbbf4c-8fcc-500a-a6f7-4976ab7daa71,193.3.42,193,2,3,42,"[102.0, 62.0, 969.0, 623.0]",List-Group,"Plé, rue Thévenot, 7.  ",ENTRY,"<SUBJ>Plé</SUBJ>, <ADDR>rue Thévenot, 7.</ADDR>",1,0,1,1.0000,,B-ENTRY,B-ENTRY,model,0.9963,2026-09-24 14:07:28
5b84ae57-7ae9-59d7-93fc-c3021aa390eb,d7cbbf4c-8fcc-500a-a6f7-4976ab7daa71,193.3.43,193,2,3,43,"[102.0, 62.0, 969.0, 623.0]",List-Group,"Potel, rue Neuve-S.-Eustache, 56.  ",ENTRY,"<SUBJ>Potel</SUBJ>, <ADDR>rue Neuve-S.-Eustache, 56.</ADDR>",1,0,1,1.0000,,B-ENTRY,B-ENTRY,model,0.9963,2026-09-24 14:07:28
6dcabfdc-f3df-5334-acb1-6832d2a45785,d7cbbf4c-8fcc-500a-a6f7-4976ab7daa71,193.3.44,193,2,3,44,"[102.0, 62.0, 969.0, 623.0]",List-Group,"Proteau, rue du Petit-Carreau, 52.  ",ENTRY,"<SUBJ>Proteau</SUBJ>, <ADDR>rue du Petit-Carreau, 52.</ADDR>",1,0,1,1.0000,,B-ENTRY,B-ENTRY,model,0.9972,2026-09-24 14:07:28
746fc0c2-b351-5ac9-834e-0dc5f7fd47a1,d7cbbf4c-8fcc-500a-a6f7-4976ab7daa71,193.3.45,193,2,3,45,"[102.0, 62.0, 969.0, 623.0]",List-Group,"Rapeau, rue des Fossés St.-Germ. 11, 18.  ",ENTRY,"<SUBJ>Rapeau</SUBJ>, <ADDR>rue des Fossés St.-Germ. 11, 18.</ADDR>",1,0,1,1.0000,,B-ENTRY,B-ENTRY,model,0.9974,2026-09-24 14:07:28
c9b37f75-3b0e-520c-b096-522483bbf925,d7cbbf4c-8fcc-500a-a6f7-4976ab7daa71,193.3.46,193,2,3,46,"[102.0, 62.0, 969.0, 623.0]",List-Group,"Regent, *oculiste*, rue Saint-Denis, 247.  ",ENTRY,"<SUBJ>Regent</SUBJ>, *<DESC>oculiste</DESC>*, <ADDR>rue Saint-Denis, 247.</ADDR>",1,1,1,1.0000,,B-ENTRY,B-ENTRY,model,0.9971,2026-09-24 14:07:28
113e57cc-4304-5b74-a216-d5ef65376e11,d7cbbf4c-8fcc-500a-a6f7-4976ab7daa71,193.3.47,193,2,3,47,"[102.0, 62.0, 969.0, 623.0]",List-Group,"Regnard, rue Taranne, 18.  ",ENTRY,"<SUBJ>Regnard</SUBJ>, <ADDR>rue Taranne, 18.</ADDR>",1,0,1,1.0000,,B-ENTRY,B-ENTRY,model,0.9963,2026-09-24 14:07:28
66687b63-ea68-5162-a672-958198ca1845,d7cbbf4c-8fcc-500a-a6f7-4976ab7daa71,193.3.48,193,2,3,48,"[102.0, 62.0, 969.0, 623.0]",List-Group,"Réverard, rue de la Tonnelierie, 49.  ",ENTRY,"<SUBJ>Réverard</SUBJ>, <ADDR>rue de la Tonnelierie, 49.</ADDR>",1,0,1,1.0000,,B-ENTRY,B-ENTRY,model,0.9959,2026-09-24 14:07:28
036c7c85-15ea-58a7-9383-1e141609711c,d7cbbf4c-8fcc-500a-a6f7-4976ab7daa71,193.3.49,193,2,3,49,"[102.0, 62.0, 969.0, 623.0]",List-Group,"Rigal (J.), rue de Thionville, 20.  ",ENTRY,"<SUBJ>Rigal (J.)</SUBJ>, <ADDR>rue de Thionville, 20.</ADDR>",1,0,1,1.0000,,B-ENTRY,B-ENTRY,human,1.0,2026-09-24 14:05:46
5c71d149-8b34-5ed7-9c39-3417f33d6c44,d7cbbf4c-8fcc-500a-a6f7-4976ab7daa71,193.3.50,193,2,3,50,"[102.0, 62.0, 969.0, 623.0]",List-Group,Rioland Morin.  ,ENTRY,<SUBJ>Rioland Morin.</SUBJ>,1,0,0,1.0000,,B-ENTRY,B-ENTRY,human,1.0,2026-09-24 14:05:46
e919e047-cf9a-522a-89bf-ef53dabc9fad,d7cbbf4c-8fcc-500a-a6f7-4976ab7daa71,193.3.51,193,2,3,51,"[102.0, 62.0, 969.0, 623.0]",List-Group,"Rimoneau, cloître Saint-Jacques, 5.  ",ENTRY,"<SUBJ>Rimoneau</SUBJ>, <ADDR>cloître Saint-Jacques, 5.</ADDR>",1,0,1,1.0000,,B-ENTRY,B-ENTRY,model,0.9963,2026-09-24 14:07:28
3c13594b-a9ed-54ac-90be-e292a53a8160,d7cbbf4c-8fcc-500a-a6f7-4976ab7daa71,193.3.52,193,2,3,52,"[102.0, 62.0, 969.0, 623.0]",List-Group,"Rodier, rue Saint-Martin, 50.  ",ENTRY,"<SUBJ>Rodier</SUBJ>, <ADDR>rue Saint-Martin, 50.</ADDR>",1,0,1,1.0000,,B-ENTRY,B-ENTRY,model,0.9963,2026-09-24 14:07:28
3a39589d-08e7-525a-ac0f-217056903fd8,d7cbbf4c-8fcc-500a-a6f7-4976ab7daa71,193.3.53,193,2,3,53,"[102.0, 62.0, 969.0, 623.0]",List-Group,"Rossignol, rue de Sèvres.  ",ENTRY,"<SUBJ>Rossignol</SUBJ>, <ADDR>rue de Sèvres.</ADDR>",1,0,1,1.0000,,B-ENTRY,B-ENTRY,model,0.9918,2026-09-24 14:07:28
388da3cf-49b2-5757-beac-b5cf8c5626e3,d7cbbf4c-8fcc-500a-a6f7-4976ab7daa71,193.3.54,193,2,3,54,"[102.0, 62.0, 969.0, 623.0]",List-Group,"Rouvière, rue Neuve-des-Pet.-Champs, 83.  ",ENTRY,"<SUBJ>Rouvière</SUBJ>, <ADDR>rue Neuve-des-Pet.-Champs, 83.</ADDR>",1,0,1,1.0000,,B-ENTRY,B-ENTRY,model,0.9963,2026-09-24 14:07:28
75771514-5d50-501d-a3b7-4799a9e8d13f,d7cbbf4c-8fcc-500a-a6f7-4976ab7daa71,193.3.55,193,2,3,55,"[102.0, 62.0, 969.0, 623.0]",List-Group,"Ruette, rue Marceau, 15.  ",ENTRY,"<SUBJ>Ruette</SUBJ>, <ADDR>rue Marceau, 15.</ADDR>",1,0,1,1.0000,,B-ENTRY,B-ENTRY,model,0.9963,2026-09-24 14:07:28
861b5068-1fd9-591d-b6ad-b866721b71c5,d7cbbf4c-8fcc-500a-a6f7-4976ab7daa71,193.3.56,193,2,3,56,"[102.0, 62.0, 969.0, 623.0]",List-Group,"Salade Lafond, rue de Richelieu, 46.  ",ENTRY,"<SUBJ>Salade Lafond</SUBJ>, <ADDR>rue de Richelieu, 46.</ADDR>",1,0,1,1.0000,,B-ENTRY,B-ENTRY,model,0.9941,2026-09-24 14:07:28
b1a17154-4a8e-57f7-9c6e-0607e6eb5091,d7cbbf4c-8fcc-500a-a6f7-4976ab7daa71,193.3.57,193,2,3,57,"[102.0, 62.0, 969.0, 623.0]",List-Group,"Salvage, rue de Lille, 11.  ",ENTRY,"<SUBJ>Salvage</SUBJ>, <ADDR>rue de Lille, 11.</ADDR>",1,0,1,1.0000,,B-ENTRY,B-ENTRY,model,0.9959,2026-09-24 14:07:28
0f9f6e27-5dd9-55d8-9354-b740eb007b1b,d7cbbf4c-8fcc-500a-a6f7-4976ab7daa71,193.3.58,193,2,3,58,"[102.0, 62.0, 969.0, 623.0]",List-Group,"Sarrade, rue du Faub.-Poissonnière, 15.  ",ENTRY,"<SUBJ>Sarrade</SUBJ>, <ADDR>rue du Faub.-Poissonnière, 15.</ADDR>",1,0,1,1.0000,,B-ENTRY,B-ENTRY,model,0.9959,2026-09-24 14:07:28
39a0a8a1-0141-52f4-ae82-6bb0b770330b,d7cbbf4c-8fcc-500a-a6f7-4976ab7daa71,193.3.59,193,2,3,59,"[102.0, 62.0, 969.0, 623.0]",List-Group,"Sarrazin, rue Saint-Honoré, 218.  ",ENTRY,"<SUBJ>Sarrazin</SUBJ>, <ADDR>rue Saint-Honoré, 218.</ADDR>",1,0,1,1.0000,,B-ENTRY,B-ENTRY,model,0.9963,2026-09-24 14:07:28
85640454-733d-5f19-82b4-d8075a27954b,d7cbbf4c-8fcc-500a-a6f7-4976ab7daa71,193.3.60,193,2,3,60,"[102.0, 62.0, 969.0, 623.0]",List-Group,"Sibilat, rue de la Lune.  ",ENTRY,"<SUBJ>Sibilat</SUBJ>, <ADDR>rue de la Lune.</ADDR>",1,0,1,1.0000,,B-ENTRY,B-ENTRY,model,0.9918,2026-09-24 14:07:28
295f6028-ecb6-5685-bfe6-6a5f95348d4d,d7cbbf4c-8fcc-500a-a6f7-4976ab7daa71,193.3.61,193,2,3,61,"[102.0, 62.0, 969.0, 623.0]",List-Group,"Solirène, rue des Pouilles, 9.  ",ENTRY,"<SUBJ>Solirène</SUBJ>, <ADDR>rue des Pouilles, 9.</ADDR>",1,0,1,1.0000,,B-ENTRY,B-ENTRY,model,0.9959,2026-09-24 14:07:28
fe6c5d0c-aa53-52d3-9878-ce5cf3965c09,d7cbbf4c-8fcc-500a-a6f7-4976ab7daa71,193.3.62,193,2,3,62,"[102.0, 62.0, 969.0, 623.0]",List-Group,"Sollier, rue de Seine, 12.—Unité.  ",ENTRY,"<SUBJ>Sollier</SUBJ>, <ADDR>rue de Seine, 12.—Unité.</ADDR>",1,0,1,1.0000,,B-ENTRY,B-ENTRY,model,0.9961,2026-09-24 14:07:28
e504b143-b5f6-5e52-9ec5-0e287b20bc4f,d7cbbf4c-8fcc-500a-a6f7-4976ab7daa71,193.3.63,193,2,3,63,"[102.0, 62.0, 969.0, 623.0]",List-Group,"Swediaur, rue Jacob, 11.  ",ENTRY,"<SUBJ>Swediaur</SUBJ>, <ADDR>rue Jacob, 11.</ADDR>",1,0,1,1.0000,,B-ENTRY,B-ENTRY,model,0.9963,2026-09-24 14:07:28
a6bc448f-28ea-53b3-9e40-a2e228e06fff,d7cbbf4c-8fcc-500a-a6f7-4976ab7daa71,193.3.64,193,2,3,64,"[102.0, 62.0, 969.0, 623.0]",List-Group,"Tanazac, cloître St.-Jean-de-Latran, 16.  ",ENTRY,"<SUBJ>Tanazac</SUBJ>, <ADDR>cloître St.-Jean-de-Latran, 16.</ADDR>",1,0,1,1.0000,,B-ENTRY,B-ENTRY,model,0.9963,2026-09-24 14:07:28
daf4413c-a333-5ce3-810e-8f4da03281e4,d7cbbf4c-8fcc-500a-a6f7-4976ab7daa71,193.3.65,193,2,3,65,"[102.0, 62.0, 969.0, 623.0]",List-Group,"Tap, rue de Tracy, 5.  ",ENTRY,"<SUBJ>Tap</SUBJ>, <ADDR>rue de Tracy, 5.</ADDR>",1,0,1,1.0000,,B-ENTRY,B-ENTRY,model,0.9959,2026-09-24 14:07:28
b6a70835-eea7-5448-afab-5e6d2e146713,d7cbbf4c-8fcc-500a-a6f7-4976ab7daa71,193.3.66,193,2,3,66,"[102.0, 62.0, 969.0, 623.0]",List-Group,"Tartra, rue Gaillon, 5.  ",ENTRY,"<SUBJ>Tartra</SUBJ>, <ADDR>rue Gaillon, 5.</ADDR>",1,0,1,1.0000,,B-ENTRY,B-ENTRY,model,0.9963,2026-09-24 14:07:28
8992f3ad-5274-57ae-8321-e02f0b77fdf5,d7cbbf4c-8fcc-500a-a6f7-4976ab7daa71,193.3.67,193,2,3,67,"[102.0, 62.0, 969.0, 623.0]",List-Group,"Thibault, rue Saint-Jacques, 187.  ",ENTRY,"<SUBJ>Thibault</SUBJ>, <ADDR>rue Saint-Jacques, 187.</ADDR>",1,0,1,1.0000,,B-ENTRY,B-ENTRY,model,0.9963,2026-09-24 14:07:28
96db6027-b8e2-5a6e-9a1f-dd21d199a9a6,d7cbbf4c-8fcc-500a-a6f7-4976ab7daa71,193.3.68,193,2,3,68,"[102.0, 62.0, 969.0, 623.0]",List-Group,"Thomas, rue de l'Arbre-Sec, 4.  ",ENTRY,"<SUBJ>Thomas</SUBJ>, <ADDR>rue de l'Arbre-Sec, 4.</ADDR>",1,0,1,1.0000,,B-ENTRY,B-ENTRY,model,0.9959,2026-09-24 14:07:28
9c4adf09-cda2-5013-9991-ee05eb07f920,d7cbbf4c-8fcc-500a-a6f7-4976ab7daa71,193.3.69,193,2,3,69,"[102.0, 62.0, 969.0, 623.0]",List-Group,"Vallet, rue Saint-Benoît, 12.  ",ENTRY,"<SUBJ>Vallet</SUBJ>, <ADDR>rue Saint-Benoît, 12.</ADDR>",1,0,1,1.0000,,B-ENTRY,B-ENTRY,model,0.9963,2026-09-24 14:07:28
db0c6ed6-f622-5cdd-b464-2cf8f525ffc4,d7cbbf4c-8fcc-500a-a6f7-4976ab7daa71,193.3.70,193,2,3,70,"[102.0, 62.0, 969.0, 623.0]",List-Group,"Vanvalsepaer, rue du Mouton, 1.  ",ENTRY,"<SUBJ>Vanvalsepaer</SUBJ>, <ADDR>rue du Mouton, 1.</ADDR>",1,0,1,1.0000,,B-ENTRY,B-ENTRY,model,0.9959,2026-09-24 14:07:28
dc2aaaa7-b03b-5512-bfb0-0053e6315cd7,d7cbbf4c-8fcc-500a-a6f7-4976ab7daa71,193.3.71,193,2,3,71,"[102.0, 62.0, 969.0, 623.0]",List-Group,"Vassal, rue Grenier-St.-Lazare, 5.  ",ENTRY,"<SUBJ>Vassal</SUBJ>, <ADDR>rue Grenier-St.-Lazare, 5.</ADDR>",1,0,1,1.0000,,B-ENTRY,B-ENTRY,model,0.9963,2026-09-24 14:07:28
cb404a80-3ac3-5692-ac69-1e076453cf0a,d7cbbf4c-8fcc-500a-a6f7-4976ab7daa71,193.3.72,193,2,3,72,"[102.0, 62.0, 969.0, 623.0]",List-Group,"Verdier, rue d'Argentuil, 19.  ",ENTRY,"<SUBJ>Verdier</SUBJ>, <ADDR>rue d'Argentuil, 19.</ADDR>",1,0,1,1.0000,,B-ENTRY,B-ENTRY,model,0.9959,2026-09-24 14:07:28
72dcf631-20d7-52bb-85d2-2c90ac8d30fb,d7cbbf4c-8fcc-500a-a6f7-4976ab7daa71,193.3.73,193,2,3,73,"[102.0, 62.0, 969.0, 623.0]",List-Group,"Viallard, rue de la Verrerie, 2.  ",ENTRY,"<SUBJ>Viallard</SUBJ>, <ADDR>rue de la Verrerie, 2.</ADDR>",1,0,1,1.0000,,B-ENTRY,B-ENTRY,model,0.9959,2026-09-24 14:07:28
853abfc2-2c99-5889-b48a-7cfb61f32c43,d7cbbf4c-8fcc-500a-a6f7-4976ab7daa71,193.3.74,193,2,3,74,"[102.0, 62.0, 969.0, 623.0]",List-Group,"Vitel, rue Saint-Roch, 10.  ",ENTRY,"<SUBJ>Vitel</SUBJ>, <ADDR>rue Saint-Roch, 10.</ADDR>",1,0,1,1.0000,,B-ENTRY,B-ENTRY,model,0.9963,2026-09-24 14:07:28
9d68b933-191e-5be0-bd6e-854230bf4694,d7cbbf4c-8fcc-500a-a6f7-4976ab7daa71,193.3.75,193,2,3,75,"[102.0, 62.0, 969.0, 623.0]",List-Group,"Wagner, rue de la Bûcherie, 14.  ",ENTRY,"<SUBJ>Wagner</SUBJ>, <ADDR>rue de la Bûcherie, 14.</ADDR>",1,0,1,1.0000,,B-ENTRY,B-ENTRY,human,1.0,2026-09-24 14:05:39
9fe6655c-42cf-59b5-af5f-08d3f9de78b8,d7cbbf4c-8fcc-500a-a6f7-4976ab7daa71,193.3.76,193,2,3,76,"[102.0, 62.0, 969.0, 623.0]",List-Group,## *Fabricans d'instrumens de gomme élastique pour la chirurgie.*  ,TITLE,,,,,,,B-TITLE,B-TITLE,human,1.0,2026-09-24 14:05:39
3e17f8f4-1c0b-5902-9793-7554a0673c78,9fe6655c-42cf-59b5-af5f-08d3f9de78b8,193.3.77,193,2,3,77,"[102.0, 62.0, 969.0, 623.0]",List-Group,"Bernard, rue des Fossés-S.-Germain, 21.  ",ENTRY,"<SUBJ>Bernard</SUBJ>, <ADDR>rue des Fossés-S.-Germain, 21.</ADDR>",1,0,1,1.0000,,B-ENTRY,B-ENTRY,model,0.9934,2026-09-24 14:07:28
73b17508-6342-55bd-85c3-37ff55357260,9fe6655c-42cf-59b5-af5f-08d3f9de78b8,193.3.78,193,2,3,78,"[102.0, 62.0, 969.0, 623.0]",List-Group,"Vangameren, *bougies élastiques*, rue. ..",ENTRY,"<SUBJ>Vangameren</SUBJ>, *<DESC>bougies élastiques</DESC>*, <ADDR>rue. ..</ADDR>",1,1,1,1.0000,,B-ENTRY,B-ENTRY,human,1.0,2026-09-24 14:05:32
c0820893-2688-5ccb-8a53-f53c06fc323d,00000000-0000-0000-0000-000000000000,193.4.0,193,3,4,0,"[250.0, 640.0, 809.0, 659.0]",Section-Header,# ACADÉMIE DE MÉDECINE DE PARIS.,TITLE,,,,,,,B-TITLE,B-TITLE,human,1.0,2026-09-24 14:05:32
189bd1ac-7ee6-5707-9c9a-6a0e175cdbca,c0820893-2688-5ccb-8a53-f53c06fc323d,193.5.0,193,4,5,0,"[435.0, 671.0, 620.0, 686.0]",Section-Header,## Administrateurs.,TITLE,,,,,,,B-TITLE,B-TITLE,human,1.0,2026-09-24 14:05:48
62a414e5-a6e6-5251-954f-14bd9f7e3739,189bd1ac-7ee6-5707-9c9a-6a0e175cdbca,193.6.0,193,5,6,0,"[102.0, 689.0, 369.0, 743.0]",Text,"Bourru, *président*.  ",ENTRY,"<SUBJ>Bourru</SUBJ>, *<DESC>président*.</DESC>",1,1,0,1.0000,,B-ENTRY,B-ENTRY,human,1.0,2026-09-24 14:05:20
e5039bd5-e6a0-52f9-b0ad-e20a803bcda5,189bd1ac-7ee6-5707-9c9a-6a0e175cdbca,193.6.1,193,5,6,1,"[102.0, 689.0, 369.0, 743.0]",Text,"Guillotin, *directeur*.  ",ENTRY,"<SUBJ>Guillotin</SUBJ>, *<DESC>directeur*.</DESC>",1,1,0,1.0000,,B-ENTRY,B-ENTRY,human,1.0,2026-09-24 14:05:20
c5a72dad-a0d5-5cc5-97bf-284e7dd01e6d,189bd1ac-7ee6-5707-9c9a-6a0e175cdbca,193.6.2,193,5,6,2,"[102.0, 689.0, 369.0, 743.0]",Text,"Descemet, *vice-président*.  ",ENTRY,"<SUBJ>Descemet</SUBJ>, *<DESC>vice-président*.</DESC>",1,1,0,1.0000,,B-ENTRY,B-ENTRY,model,0.9933,2026-09-24 14:07:28
47cd8264-8288-5cb9-868c-9be53e995586,189bd1ac-7ee6-5707-9c9a-6a0e175cdbca,193.6.3,193,5,6,3,"[102.0, 689.0, 369.0, 743.0]",Text,"Menuret, *vice-directeur*.",ENTRY,"<SUBJ>Menuret</SUBJ>, *<DESC>vice-directeur*.</DESC>",1,1,0,1.0000,,B-ENTRY,B-ENTRY,human,1.0,2026-09-24 14:06:32
37f8536a-a770-5f61-9a8e-d3d20e36f214,189bd1ac-7ee6-5707-9c9a-6a0e175cdbca,193.7.0,193,6,7,0,"[543.0, 689.0, 810.0, 743.0]",Text,"Petit (M. A.), *secrétaire*.  ",ENTRY,"<SUBJ>Petit (M. A.)</SUBJ>, *<DESC>secrétaire*.</DESC>",1,1,0,1.0000,,B-ENTRY,B-ENTRY,human,1.0,2026-09-24 14:06:32
ae4cdb15-1105-54ca-90ff-4df2a6aee80b,189bd1ac-7ee6-5707-9c9a-6a0e175cdbca,193.7.1,193,6,7,1,"[543.0, 689.0, 810.0, 743.0]",Text,"Fabré, *secrétaire-adjoint*.  ",ENTRY,"<SUBJ>Fabré</SUBJ>, *<DESC>secrétaire-adjoint*.</DESC>",1,1,0,1.0000,,B-ENTRY,B-ENTRY,model,0.9933,2026-09-24 14:07:28
67b53278-4e9d-5f5f-bf09-a1e2ec0b453a,189bd1ac-7ee6-5707-9c9a-6a0e175cdbca,193.7.2,193,6,7,2,"[543.0, 689.0, 810.0, 743.0]",Text,"Ledru, *trésorier*.  ",ENTRY,"<SUBJ>Ledru</SUBJ>, *<DESC>trésorier*.</DESC>",1,1,0,1.0000,,B-ENTRY,B-ENTRY,human,1.0,2026-09-24 14:05:53
70db5075-51f1-5b9e-9238-dd2759608917,189bd1ac-7ee6-5707-9c9a-6a0e175cdbca,193.7.3,193,6,7,3,"[543.0, 689.0, 810.0, 743.0]",Text,"Bonnet, *archiv.*",ENTRY,"<SUBJ>Bonnet</SUBJ>, *<DESC>archiv.</DESC>*",1,1,0,1.0000,,B-ENTRY,B-ENTRY,human,1.0,2026-09-24 14:05:53
db7c3f49-0742-5d06-bb5f-629a080dff15,c0820893-2688-5ccb-8a53-f53c06fc323d,193.8.0,193,7,8,0,"[396.0, 750.0, 661.0, 764.0]",Section-Header,## Commission des travaux.,TITLE,,,,,,,B-TITLE,B-TITLE,human,1.0,2026-09-24 14:06:06
8811b053-0d05-5c94-92ee-34c2d86cb4df,db7c3f49-0742-5d06-bb5f-629a080dff15,193.9.0,193,8,9,0,"[126.0, 768.0, 657.0, 784.0]",Text,Desessart.—Delaporte.—Legallois.—Léveillé.—Pagès.,ENTRY,<SUBJ>Desessart</SUBJ>.—Delaporte.—Legallois.—Léveillé.—Pagès.,1,0,0,1.0000,texte non couvert,B-ENTRY,B-ENTRY,human,1.0,2026-09-24 14:05:45
682bb1ad-07f4-56d0-b7c2-f3d662386647,c0820893-2688-5ccb-8a53-f53c06fc323d,193.10.0,193,9,10,0,"[366.0, 790.0, 690.0, 806.0]",Section-Header,## Commission des consultations.,TITLE,,,,,,,B-TITLE,B-TITLE,human,1.0,2026-09-24 14:05:45
34eecce1-27f0-5e92-a539-ece2f77cc3c6,682bb1ad-07f4-56d0-b7c2-f3d662386647,193.11.0,193,10,11,0,"[116.0, 807.0, 963.0, 840.0]",Text,Elle est composée de quatre honoraires et de huit titulaires. Tous les Académiciens y sont appelés successivement dans l'ordre de leur inscription au tableau.,OUT OF SCOPE,,,,,,,OUT OF SCOPE,OUT OF SCOPE,human,1.0,2026-09-24 14:06:17
72d45080-e0f6-5b0e-b744-67c044ca50f9,682bb1ad-07f4-56d0-b7c2-f3d662386647,193.12.0,193,11,12,0,"[131.0, 838.0, 720.0, 857.0]",Text,"Gondret et Perey, *secrétaires annuels de cette commission*.",ENTRY,"<SUBJ>Gondret et Perey</SUBJ>, *<DESC>secrétaires annuels de cette commission*.</DESC>",1,1,0,1.0000,,B-ENTRY,B-ENTRY,human,1.0,2026-09-24 14:06:17
5a34de07-bb33-5a94-82eb-facd392ebf02,682bb1ad-07f4-56d0-b7c2-f3d662386647,193.13.0,193,12,13,0,"[131.0, 854.0, 780.0, 874.0]",Text,"Venier, *greffier de l'académie*, rue Saint-Roch-Poissonnière, 12.",ENTRY,"<SUBJ>Venier</SUBJ>, *<DESC>greffier de l'académie</DESC>*, <ADDR>rue Saint-Roch-Poissonnière, 12.</ADDR>",1,1,1,1.0000,,B-ENTRY,B-ENTRY,model,0.9965,2026-09-24 14:07:28
d6959cef-1113-5ccf-a95a-8c95b7e177bd,682bb1ad-07f4-56d0-b7c2-f3d662386647,193.14.0,193,13,14,0,"[131.0, 870.0, 813.0, 890.0]",Text,"Ogier, *imprimeur de l'académie*, rue Saint-Louis-Saint-Honoré, 6.",ENTRY,"<SUBJ>Ogier</SUBJ>, *<DESC>imprimeur de l'académie</DESC>*, <ADDR>rue Saint-Louis-Saint-Honoré, 6.</ADDR>",1,1,1,1.0000,,B-ENTRY,B-ENTRY,model,0.9973,2026-09-24 14:07:28
