uuid,parent_uuid,cle,uid,page_index,chunk_index,data_block_index,line_index,data_block_bbox,data_block_label,markdown,entity,tagged_text,subject_count,description_count,address_count,ner_confidence,ner_suspect,corrige,classe,provenance,probability,timestamp,empreinte
66d91141-b843-5148-afe1-caff604c66da,00000000-0000-0000-0000-000000000000,fe39d97644dc,187.1.0,187,0,1,0,"[118.0, 38.0, 174.0, 57.0]",Page-Header,858,OUT OF SCOPE,,,,,,,,OUT OF SCOPE,human,1.0,2026-09-24 14:05:02,86e3ad97ecee
e78a6944-6755-5a27-ad8f-239521cda06c,00000000-0000-0000-0000-000000000000,2f8e4a36c294,187.2.0,187,1,2,0,"[476.0, 37.0, 611.0, 56.0]",Page-Header,Docteurs,OUT OF SCOPE,,,,,,,,OUT OF SCOPE,human,1.0,2026-09-24 14:05:02,86e3ad97ecee
54c5da87-9087-5a05-ba34-c433a7d413ec,00000000-0000-0000-0000-000000000000,3622277be465,187.3.0,187,2,3,0,"[344.0, 72.0, 740.0, 92.0]",Section-Header,# DOCTEURS EN MÉDECINE.,TITLE,,,,,,,,B-TITLE,human,1.0,2026-09-24 14:05:26,86e3ad97ecee
9ce4f873-f2c4-5a24-9ce4-bd85a98a3488,54c5da87-9087-5a05-ba34-c433a7d413ec,879aded0e1d8,187.4.0,187,3,4,0,"[118.0, 102.0, 987.0, 882.0]",List-Group,"Abraham , rue Neuve-de-l'Abbaye , 4.  ",ENTRY,"<SUBJ>Abraham</SUBJ> , <ADDR>rue Neuve-de-l'Abbaye , 4.</ADDR>",1,0,1,1.0000,,,B-ENTRY,human,1.0,2026-09-24 14:05:26,d745625a7bf0
6f93c7a2-7f9b-512b-b533-4d204c76ecbb,54c5da87-9087-5a05-ba34-c433a7d413ec,f6e775f09883,187.4.1,187,3,4,1,"[118.0, 102.0, 987.0, 882.0]",List-Group,"Albert , rue du Cherche-Midi , 25.  ",ENTRY,"<SUBJ>Albert</SUBJ> , <ADDR>rue du Cherche-Midi , 25.</ADDR>",1,0,1,1.0000,,,B-ENTRY,model,0.9972,2026-09-24 14:07:28,c94b1a7b44a1
831d4272-86a9-55e6-a2ff-c3176e369998,54c5da87-9087-5a05-ba34-c433a7d413ec,ad9893564efb,187.4.2,187,3,4,2,"[118.0, 102.0, 987.0, 882.0]",List-Group,"Albert , rue Hautefeuille , 19.  ",ENTRY,"<SUBJ>Albert</SUBJ> , <ADDR>rue Hautefeuille , 19.</ADDR>",1,0,1,1.0000,,,B-ENTRY,model,0.9963,2026-09-24 14:07:28,c33db717a586
805a77f2-2dbd-5b84-8b91-8d752002c414,54c5da87-9087-5a05-ba34-c433a7d413ec,4e2f2ac20a6a,187.4.3,187,3,4,3,"[118.0, 102.0, 987.0, 882.0]",List-Group,"Allard , rue Hautefeuille , 19.  ",ENTRY,"<SUBJ>Allard</SUBJ> , <ADDR>rue Hautefeuille , 19.</ADDR>",1,0,1,1.0000,,,B-ENTRY,model,0.9963,2026-09-24 14:07:28,f5aafb3196ab
f8df34d9-b7e9-569b-a138-4fb2c8548672,54c5da87-9087-5a05-ba34-c433a7d413ec,35f575ccfa5a,187.4.4,187,3,4,4,"[118.0, 102.0, 987.0, 882.0]",List-Group,"Allard , rue Saint-Jacques , 297.  ",ENTRY,"<SUBJ>Allard</SUBJ> , <ADDR>rue Saint-Jacques , 297.</ADDR>",1,0,1,1.0000,,,B-ENTRY,model,0.9963,2026-09-24 14:07:28,597cdfe25ff5
2caa4f0b-3157-59c0-9dc3-c53ea28064d6,54c5da87-9087-5a05-ba34-c433a7d413ec,46011bc23f14,187.4.5,187,3,4,5,"[118.0, 102.0, 987.0, 882.0]",List-Group,"Andral , à l'hôtel des Invalides.  ",ENTRY,"<SUBJ>Andral</SUBJ> , <ADDR>à l'hôtel des Invalides.</ADDR>",1,0,1,1.0000,,,B-ENTRY,model,0.9918,2026-09-24 14:07:28,3235c4b383f7
2fb6c498-3762-50b8-8a14-14487e834f5e,54c5da87-9087-5a05-ba34-c433a7d413ec,a867211c3474,187.4.6,187,3,4,6,"[118.0, 102.0, 987.0, 882.0]",List-Group,"Andry , rue des Ecouffes , 16.  ",ENTRY,"<SUBJ>Andry</SUBJ> , <ADDR>rue des Ecouffes , 16.</ADDR>",1,0,1,1.0000,,,B-ENTRY,model,0.9959,2026-09-24 14:07:28,2de819aee671
576f6d7b-50c0-59e7-932d-6f1222f72475,54c5da87-9087-5a05-ba34-c433a7d413ec,39398e4732d8,187.4.7,187,3,4,7,"[118.0, 102.0, 987.0, 882.0]",List-Group,"Asquier , rue du Cherche-Midi , 21.  ",ENTRY,"<SUBJ>Asquier</SUBJ> , <ADDR>rue du Cherche-Midi , 21.</ADDR>",1,0,1,1.0000,,,B-ENTRY,model,0.9972,2026-09-24 14:07:28,32ef4f7b61ac
e549b92d-1534-5fb3-959d-c1519ea16a78,54c5da87-9087-5a05-ba34-c433a7d413ec,d9b075c63bc7,187.4.8,187,3,4,8,"[118.0, 102.0, 987.0, 882.0]",List-Group,"Asselin , rue Neuve-St.-Méry , 52.  ",ENTRY,"<SUBJ>Asselin</SUBJ> , <ADDR>rue Neuve-St.-Méry , 52.</ADDR>",1,0,1,1.0000,,,B-ENTRY,model,0.9963,2026-09-24 14:07:28,367d8bc5cb75
f45df78e-4aa7-59e9-8db8-9aa78f466f75,54c5da87-9087-5a05-ba34-c433a7d413ec,dc42c8fb296f,187.4.9,187,3,4,9,"[118.0, 102.0, 987.0, 882.0]",List-Group,"Bajet , rue Michel-le-Pelletier , 14.  ",ENTRY,"<SUBJ>Bajet</SUBJ> , <ADDR>rue Michel-le-Pelletier , 14.</ADDR>",1,0,1,1.0000,,,B-ENTRY,model,0.9963,2026-09-24 14:07:28,24fd8a926d78
f0589323-27ae-5289-9848-23522038dab8,54c5da87-9087-5a05-ba34-c433a7d413ec,30d76f28fae5,187.4.10,187,3,4,10,"[118.0, 102.0, 987.0, 882.0]",List-Group,"Baillergeau , rue de Vaugirard , 9.  ",ENTRY,"<SUBJ>Baillergeau</SUBJ> , <ADDR>rue de Vaugirard , 9.</ADDR>",1,0,1,1.0000,,,B-ENTRY,model,0.9959,2026-09-24 14:07:28,4dd647464c68
3071b4d7-e176-54e8-bc43-b31791ae0e0d,54c5da87-9087-5a05-ba34-c433a7d413ec,0275c67808d3,187.4.11,187,3,4,11,"[118.0, 102.0, 987.0, 882.0]",List-Group,"Balleroi , rue Montorgueil , 51.  ",ENTRY,"<SUBJ>Balleroi</SUBJ> , <ADDR>rue Montorgueil , 51.</ADDR>",1,0,1,1.0000,,,B-ENTRY,model,0.9963,2026-09-24 14:07:28,4fc22f57dd7e
5c412f65-687e-5302-a6db-20064dcefd07,54c5da87-9087-5a05-ba34-c433a7d413ec,78746f63d5a5,187.4.12,187,3,4,12,"[118.0, 102.0, 987.0, 882.0]",List-Group,"Barras , rue du Harlay , 29.  ",ENTRY,"<SUBJ>Barras</SUBJ> , <ADDR>rue du Harlay , 29.</ADDR>",1,0,1,1.0000,,,B-ENTRY,model,0.9959,2026-09-24 14:07:28,614b66a12975
5cd2d3c4-a596-5265-8b0f-fd7a20bb07c1,54c5da87-9087-5a05-ba34-c433a7d413ec,8c102bd99929,187.4.13,187,3,4,13,"[118.0, 102.0, 987.0, 882.0]",List-Group,"Bayle , rue du Jardinet , 1.  ",ENTRY,"<SUBJ>Bayle</SUBJ> , <ADDR>rue du Jardinet , 1.</ADDR>",1,0,1,1.0000,,,B-ENTRY,human,1.0,2026-09-24 14:06:20,1412fb2a7b66
6712086e-b70f-5a2f-bcd3-c2f188140fd8,54c5da87-9087-5a05-ba34-c433a7d413ec,a4beac7645ea,187.4.14,187,3,4,14,"[118.0, 102.0, 987.0, 882.0]",List-Group,"Bazin de la Repenellière , rue Notre-Dame-des-Victoires , 21.  ",ENTRY,"<SUBJ>Bazin de la Repenellière</SUBJ> , <ADDR>rue Notre-Dame-des-Victoires , 21.</ADDR>",1,0,1,1.0000,,,B-ENTRY,human,1.0,2026-09-24 14:06:20,9fbda7771b10
d5f7a5ae-40fb-5f38-8c23-eb50b812f77e,54c5da87-9087-5a05-ba34-c433a7d413ec,3ca21b338e9c,187.4.15,187,3,4,15,"[118.0, 102.0, 987.0, 882.0]",List-Group,"Beauchens , rue de l'Université , 6.  ",ENTRY,"<SUBJ>Beauchens</SUBJ> , <ADDR>rue de l'Université , 6.</ADDR>",1,0,1,1.0000,,,B-ENTRY,model,0.9972,2026-09-24 14:07:28,d46abb9a2c1c
8d4b5f3c-45dd-5949-b44f-aebd53ffb080,54c5da87-9087-5a05-ba34-c433a7d413ec,1800c3883ca0,187.4.16,187,3,4,16,"[118.0, 102.0, 987.0, 882.0]",List-Group,"Bellemain , rue d'Aboukir , 30.  ",ENTRY,"<SUBJ>Bellemain</SUBJ> , <ADDR>rue d'Aboukir , 30.</ADDR>",1,0,1,1.0000,,,B-ENTRY,model,0.9959,2026-09-24 14:07:28,b7f7d4795bf4
d62b74ab-d35b-5282-9446-2496514678d8,54c5da87-9087-5a05-ba34-c433a7d413ec,bef16752390a,187.4.17,187,3,4,17,"[118.0, 102.0, 987.0, 882.0]",List-Group,"Belloste , rue de Sèvres , 2.  ",ENTRY,"<SUBJ>Belloste</SUBJ> , <ADDR>rue de Sèvres , 2.</ADDR>",1,0,1,1.0000,,,B-ENTRY,model,0.9959,2026-09-24 14:07:28,fe3d36ce2d12
f4032538-587c-5262-ace2-4b442028ff34,54c5da87-9087-5a05-ba34-c433a7d413ec,be64dceae56e,187.4.18,187,3,4,18,"[118.0, 102.0, 987.0, 882.0]",List-Group,"Berlioz , rue Montmartre , près le passage du Saumon.  ",ENTRY,"<SUBJ>Berlioz</SUBJ> , <ADDR>rue Montmartre , près le passage du Saumon.</ADDR>",1,0,1,1.0000,,,B-ENTRY,model,0.9926,2026-09-24 14:07:28,399663445e7d
ff652d1a-edb6-5a0b-b949-c99172427137,54c5da87-9087-5a05-ba34-c433a7d413ec,1d8a5a06da12,187.4.19,187,3,4,19,"[118.0, 102.0, 987.0, 882.0]",List-Group,"Bernardiu , rue J.-J. Rousseau.  ",ENTRY,"<SUBJ>Bernardiu</SUBJ> , <ADDR>rue J.-J. Rousseau.</ADDR>",1,0,1,1.0000,,,B-ENTRY,model,0.9969,2026-09-24 14:07:28,66dd21cd1d65
a5ac0287-aacf-517b-aa79-44c49199f016,54c5da87-9087-5a05-ba34-c433a7d413ec,b1cb5378a7cc,187.4.20,187,3,4,20,"[118.0, 102.0, 987.0, 882.0]",List-Group,"Berthez , rue du Faub.-Poissonnière , 7.  ",ENTRY,"<SUBJ>Berthez</SUBJ> , <ADDR>rue du Faub.-Poissonnière , 7.</ADDR>",1,0,1,1.0000,,,B-ENTRY,model,0.9959,2026-09-24 14:07:28,ad5e697ad36c
083d1bff-479c-50b3-bedf-5bb7d882fdf2,54c5da87-9087-5a05-ba34-c433a7d413ec,88361fed1028,187.4.21,187,3,4,21,"[118.0, 102.0, 987.0, 882.0]",List-Group,"Bertholet , place Maubert.  ",ENTRY,"<SUBJ>Bertholet</SUBJ> , <ADDR>place Maubert.</ADDR>",1,0,1,1.0000,,,B-ENTRY,model,0.9929,2026-09-24 14:07:28,44505e41379e
bf8676ea-a292-5cf5-8d81-16d0d55a1c5b,54c5da87-9087-5a05-ba34-c433a7d413ec,65f1dffa2224,187.4.22,187,3,4,22,"[118.0, 102.0, 987.0, 882.0]",List-Group,"Bertin , rue Saint-Méry , 25.  ",ENTRY,"<SUBJ>Bertin</SUBJ> , <ADDR>rue Saint-Méry , 25.</ADDR>",1,0,1,1.0000,,,B-ENTRY,model,0.9963,2026-09-24 14:07:28,666ec5edfb37
edd1d73c-8a42-5725-891f-2118b5574d33,54c5da87-9087-5a05-ba34-c433a7d413ec,be1c06f996cc,187.4.23,187,3,4,23,"[118.0, 102.0, 987.0, 882.0]",List-Group,"Besnard , rue Batave , 13.  ",ENTRY,"<SUBJ>Besnard</SUBJ> , <ADDR>rue Batave , 13.</ADDR>",1,0,1,1.0000,,,B-ENTRY,model,0.9963,2026-09-24 14:07:28,52b6a4cfeb64
afe1ee5a-cf65-50b5-ba25-c1160f3cc79e,54c5da87-9087-5a05-ba34-c433a7d413ec,dc1beb980490,187.4.24,187,3,4,24,"[118.0, 102.0, 987.0, 882.0]",List-Group,"Bezard , rue de Thorigny , 14.  ",ENTRY,"<SUBJ>Bezard</SUBJ> , <ADDR>rue de Thorigny , 14.</ADDR>",1,0,1,1.0000,,,B-ENTRY,human,1.0,2026-09-24 14:07:16,b7007307bb5b
35f39f40-3180-5c69-8e62-2572f50b7160,54c5da87-9087-5a05-ba34-c433a7d413ec,920dc76474a4,187.4.25,187,3,4,25,"[118.0, 102.0, 987.0, 882.0]",List-Group,"Bianchi-de-Blanchet , rue Neuve-Saint-Marc.  ",ENTRY,"<SUBJ>Bianchi-de-Blanchet</SUBJ> , <ADDR>rue Neuve-Saint-Marc.</ADDR>",1,0,1,1.0000,,,B-ENTRY,human,1.0,2026-09-24 14:07:16,d1ea0e39f7d2
21d227c8-167e-55e8-8331-13150fa4dcb2,54c5da87-9087-5a05-ba34-c433a7d413ec,eee8f7268cc0,187.4.26,187,3,4,26,"[118.0, 102.0, 987.0, 882.0]",List-Group,"Bidou , rue Neuve-S.te-Croix , 9.  ",ENTRY,"<SUBJ>Bidou</SUBJ> , <ADDR>rue Neuve-S.te-Croix , 9.</ADDR>",1,0,1,1.0000,,,B-ENTRY,model,0.9963,2026-09-24 14:07:28,95caa5442f0d
87a8956e-7718-5b7b-8931-b23aa08a9836,54c5da87-9087-5a05-ba34-c433a7d413ec,fcf3760ed574,187.4.27,187,3,4,27,"[118.0, 102.0, 987.0, 882.0]",List-Group,"Biron , rue de Verneuil , 37.  ",ENTRY,"<SUBJ>Biron</SUBJ> , <ADDR>rue de Verneuil , 37.</ADDR>",1,0,1,1.0000,,,B-ENTRY,model,0.9959,2026-09-24 14:07:28,63d57ccda607
03d8de10-e8a7-5c76-ba94-21e4cb12f179,54c5da87-9087-5a05-ba34-c433a7d413ec,3210a197c80d,187.4.28,187,3,4,28,"[118.0, 102.0, 987.0, 882.0]",List-Group,"Bobillier , rue S.te-Apolline , 2.  ",ENTRY,"<SUBJ>Bobillier</SUBJ> , <ADDR>rue S.te-Apolline , 2.</ADDR>",1,0,1,1.0000,,,B-ENTRY,model,0.9953,2026-09-24 14:07:28,03309209fd43
bdbbbdd0-6cc8-5306-be3c-b802fa12536d,54c5da87-9087-5a05-ba34-c433a7d413ec,4ffc72b2065c,187.4.29,187,3,4,29,"[118.0, 102.0, 987.0, 882.0]",List-Group,"Bodard , boulevard Saint-Denis , 5.  ",ENTRY,"<SUBJ>Bodard</SUBJ> , <ADDR>boulevard Saint-Denis , 5.</ADDR>",1,0,1,1.0000,,,B-ENTRY,model,0.9963,2026-09-24 14:07:28,5c3a699053d4
8413a864-613b-5711-aceb-d23ea1407d0e,54c5da87-9087-5a05-ba34-c433a7d413ec,12abbfac1cfd,187.4.30,187,3,4,30,"[118.0, 102.0, 987.0, 882.0]",List-Group,"Bonafox , rue Saint-Avoie , 8.  ",ENTRY,"<SUBJ>Bonafox</SUBJ> , <ADDR>rue Saint-Avoie , 8.</ADDR>",1,0,1,1.0000,,,B-ENTRY,model,0.9963,2026-09-24 14:07:28,ff23053967ab
8dfc9e07-9338-5625-b14b-43104ac82d81,54c5da87-9087-5a05-ba34-c433a7d413ec,63e0153987dd,187.4.31,187,3,4,31,"[118.0, 102.0, 987.0, 882.0]",List-Group,"Borel , rue de Savoie , 3.  ",ENTRY,"<SUBJ>Borel</SUBJ> , <ADDR>rue de Savoie , 3.</ADDR>",1,0,1,1.0000,,,B-ENTRY,model,0.9959,2026-09-24 14:07:28,e028096557b7
bda9b690-e1b8-569d-a60e-9c8589872d91,54c5da87-9087-5a05-ba34-c433a7d413ec,dfecf185a9f8,187.4.32,187,3,4,32,"[118.0, 102.0, 987.0, 882.0]",List-Group,"Borie , rue des Fossés-Montmartre , 15.  ",ENTRY,"<SUBJ>Borie</SUBJ> , <ADDR>rue des Fossés-Montmartre , 15.</ADDR>",1,0,1,1.0000,,,B-ENTRY,model,0.9972,2026-09-24 14:07:28,931304431206
aceed87d-662d-526b-899a-9dea973f84d0,54c5da87-9087-5a05-ba34-c433a7d413ec,315c001299d7,187.4.33,187,3,4,33,"[118.0, 102.0, 987.0, 882.0]",List-Group,"Bosquillon , place Cambray , 1.  ",ENTRY,"<SUBJ>Bosquillon</SUBJ> , <ADDR>place Cambray , 1.</ADDR>",1,0,1,1.0000,,,B-ENTRY,model,0.9963,2026-09-24 14:07:28,786be88a60ad
35549e49-23fc-5ec9-a808-2114dd486714,54c5da87-9087-5a05-ba34-c433a7d413ec,a04849801a51,187.4.34,187,3,4,34,"[118.0, 102.0, 987.0, 882.0]",List-Group,"Bouillon Lagrange , rue St.-Jacques , 121.  ",ENTRY,"<SUBJ>Bouillon Lagrange</SUBJ> , <ADDR>rue St.-Jacques , 121.</ADDR>",1,0,1,1.0000,,,B-ENTRY,model,0.9941,2026-09-24 14:07:28,8ea2ee30f849
1f5170d6-e827-5fe5-beed-84ebf468ba75,54c5da87-9087-5a05-ba34-c433a7d413ec,06271a48e197,187.4.35,187,3,4,35,"[118.0, 102.0, 987.0, 882.0]",List-Group,"Bourdier , quai de l'Ecole.  ",ENTRY,"<SUBJ>Bourdier</SUBJ> , <ADDR>quai de l'Ecole.</ADDR>",1,0,1,1.0000,,,B-ENTRY,model,0.9918,2026-09-24 14:07:28,0b274bb3051c
bb65abf1-24c1-5f78-bfd9-5fb4b5508206,54c5da87-9087-5a05-ba34-c433a7d413ec,8ecc099c3d7a,187.4.36,187,3,4,36,"[118.0, 102.0, 987.0, 882.0]",List-Group,"Bourdis Delamotte , rue Saint-Honoré , 568.  ",ENTRY,"<SUBJ>Bourdis Delamotte</SUBJ> , <ADDR>rue Saint-Honoré , 568.</ADDR>",1,0,1,1.0000,,,B-ENTRY,model,0.996,2026-09-24 14:07:28,a0b97558a02c
865104d7-b50f-54d2-b602-d49bcf4f2637,54c5da87-9087-5a05-ba34-c433a7d413ec,336baf5fccb7,187.4.37,187,3,4,37,"[118.0, 102.0, 987.0, 882.0]",List-Group,"Bourru , rue des Maçons , 15.  ",ENTRY,"<SUBJ>Bourru</SUBJ> , <ADDR>rue des Maçons , 15.</ADDR>",1,0,1,1.0000,,,B-ENTRY,model,0.9959,2026-09-24 14:07:28,cb8c068dbdbe
645ecddf-38d0-5a10-a616-02dcd8c194a2,54c5da87-9087-5a05-ba34-c433a7d413ec,c84628c5596c,187.4.38,187,3,4,38,"[118.0, 102.0, 987.0, 882.0]",List-Group,"Bouvenot , rue Saint-Dominique , 87.  ",ENTRY,"<SUBJ>Bouvenot</SUBJ> , <ADDR>rue Saint-Dominique , 87.</ADDR>",1,0,1,1.0000,,,B-ENTRY,model,0.9963,2026-09-24 14:07:28,f732e6f66444
e219f982-0b83-552e-855e-77c9fa757667,54c5da87-9087-5a05-ba34-c433a7d413ec,4a0da75a1ef9,187.4.39,187,3,4,39,"[118.0, 102.0, 987.0, 882.0]",List-Group,"Bouvier , place Desaix , 24.  ",ENTRY,"<SUBJ>Bouvier</SUBJ> , <ADDR>place Desaix , 24.</ADDR>",1,0,1,1.0000,,,B-ENTRY,model,0.9963,2026-09-24 14:07:28,3cdaa18cec55
651b56b9-5715-5d99-b576-ded7ba776ec1,54c5da87-9087-5a05-ba34-c433a7d413ec,701bbdcaa828,187.4.40,187,3,4,40,"[118.0, 102.0, 987.0, 882.0]",List-Group,"Boyveau-Laflecteur , rue de Varennes , 10.  ",ENTRY,"<SUBJ>Boyveau-Laflecteur</SUBJ> , <ADDR>rue de Varennes , 10.</ADDR>",1,0,1,1.0000,,,B-ENTRY,model,0.998,2026-09-24 14:07:28,7aa36ebdafc5
90804c7f-3f90-5524-b05e-a8b78499e5b6,54c5da87-9087-5a05-ba34-c433a7d413ec,af66099c23fe,187.4.41,187,3,4,41,"[118.0, 102.0, 987.0, 882.0]",List-Group,"Braun , rue Culture-Sainte-Catherine , 8.  ",ENTRY,"<SUBJ>Braun</SUBJ> , <ADDR>rue Culture-Sainte-Catherine , 8.</ADDR>",1,0,1,1.0000,,,B-ENTRY,model,0.9963,2026-09-24 14:07:28,767f5d139d98
26cce603-eb6f-5011-bedc-95a758326215,54c5da87-9087-5a05-ba34-c433a7d413ec,e7cf55852531,187.4.42,187,3,4,42,"[118.0, 102.0, 987.0, 882.0]",List-Group,"Braw , rue de Jony.  ",ENTRY,"<SUBJ>Braw</SUBJ> , <ADDR>rue de Jony.</ADDR>",1,0,1,1.0000,,,B-ENTRY,model,0.9918,2026-09-24 14:07:28,239af2b0e70c
582ba047-1ec5-57c0-bfba-94061fdcebaa,54c5da87-9087-5a05-ba34-c433a7d413ec,8f07c9bdbc95,187.4.43,187,3,4,43,"[118.0, 102.0, 987.0, 882.0]",List-Group,"Brechot , rue Saint-Honoré , 313.  ",ENTRY,"<SUBJ>Brechot</SUBJ> , <ADDR>rue Saint-Honoré , 313.</ADDR>",1,0,1,1.0000,,,B-ENTRY,model,0.9963,2026-09-24 14:07:28,eb4677f1c645
8103edc5-4851-5abd-8ec0-943f9e304138,54c5da87-9087-5a05-ba34-c433a7d413ec,d5cc01490bbd,187.4.44,187,3,4,44,"[118.0, 102.0, 987.0, 882.0]",List-Group,"Briende , rue Vivienne , 22.  ",ENTRY,"<SUBJ>Briende</SUBJ> , <ADDR>rue Vivienne , 22.</ADDR>",1,0,1,1.0000,,,B-ENTRY,model,0.9963,2026-09-24 14:07:28,aa2c2def3cf2
2ceca610-21a1-58fc-b466-8e3c575a95be,54c5da87-9087-5a05-ba34-c433a7d413ec,b668eb7bb1f1,187.4.45,187,3,4,45,"[118.0, 102.0, 987.0, 882.0]",List-Group,"Brillouet , place du Corps-Législatif , 101.  ",ENTRY,"<SUBJ>Brillouet</SUBJ> , <ADDR>place du Corps-Législatif , 101.</ADDR>",1,0,1,1.0000,,,B-ENTRY,model,0.9972,2026-09-24 14:07:28,1cf746b80883
a0c46567-ad08-523c-a67c-76cbf4d16a2d,54c5da87-9087-5a05-ba34-c433a7d413ec,09559c36d24d,187.4.46,187,3,4,46,"[118.0, 102.0, 987.0, 882.0]",List-Group,"Brnlois , rue de Grenelle-Saint-Germain , 114.  ",ENTRY,"<SUBJ>Brnlois</SUBJ> , <ADDR>rue de Grenelle-Saint-Germain , 114.</ADDR>",1,0,1,1.0000,,,B-ENTRY,model,0.9959,2026-09-24 14:07:28,e3422283baa8
5af1bd7f-8e14-545e-b12f-94d77ec393ce,54c5da87-9087-5a05-ba34-c433a7d413ec,95250173ab72,187.4.47,187,3,4,47,"[118.0, 102.0, 987.0, 882.0]",List-Group,"Bruneau , rue du Vieux-Colombier , 24.  ",ENTRY,"<SUBJ>Bruneau</SUBJ> , <ADDR>rue du Vieux-Colombier , 24.</ADDR>",1,0,1,1.0000,,,B-ENTRY,model,0.9972,2026-09-24 14:07:28,e2e1e43fcbcb
08543d8a-8eaf-54fe-b70d-7340c34b8b09,54c5da87-9087-5a05-ba34-c433a7d413ec,90919c0e2807,187.4.48,187,3,4,48,"[118.0, 102.0, 987.0, 882.0]",List-Group,"Brunet (J.-B.) , rue des Petits-Augustins , 21.  ",ENTRY,"<SUBJ>Brunet (J.-B.)</SUBJ> , <ADDR>rue des Petits-Augustins , 21.</ADDR>",1,0,1,1.0000,,,B-ENTRY,model,0.9929,2026-09-24 14:07:28,83edfd3a9e6c
704f5b7c-3b1f-5b23-9d92-9ffafe72c24d,54c5da87-9087-5a05-ba34-c433a7d413ec,3fc44bd76c25,187.4.49,187,3,4,49,"[118.0, 102.0, 987.0, 882.0]",List-Group,"Brunet , rue N.-des-Petits-Champs , 26.  ",ENTRY,"<SUBJ>Brunet</SUBJ> , <ADDR>rue N.-des-Petits-Champs , 26.</ADDR>",1,0,1,1.0000,,,B-ENTRY,model,0.9953,2026-09-24 14:07:28,5a85487e1c27
952a8360-9e7a-545e-84cd-39f57882d248,54c5da87-9087-5a05-ba34-c433a7d413ec,777c76bda835,187.4.50,187,3,4,50,"[118.0, 102.0, 987.0, 882.0]",List-Group,"Brunie , rue Coquillière , 42.  ",ENTRY,"<SUBJ>Brunie</SUBJ> , <ADDR>rue Coquillière , 42.</ADDR>",1,0,1,1.0000,,,B-ENTRY,model,0.9963,2026-09-24 14:07:28,efe60fe43f88
f990b170-e66a-51dc-ac53-4ed3e1f426a5,54c5da87-9087-5a05-ba34-c433a7d413ec,67887512bf38,187.4.51,187,3,4,51,"[118.0, 102.0, 987.0, 882.0]",List-Group,"Bruslé , rue Cassette , 20.  ",ENTRY,"<SUBJ>Bruslé</SUBJ> , <ADDR>rue Cassette , 20.</ADDR>",1,0,1,1.0000,,,B-ENTRY,model,0.9963,2026-09-24 14:07:28,b296001292f7
0b8c75b0-d3c7-54c7-b341-005b33bc5370,54c5da87-9087-5a05-ba34-c433a7d413ec,f756683c94b1,187.4.52,187,3,4,52,"[118.0, 102.0, 987.0, 882.0]",List-Group,"Budan , rue Basse-Porte-St.-Denis , 4.  ",ENTRY,"<SUBJ>Budan</SUBJ> , <ADDR>rue Basse-Porte-St.-Denis , 4.</ADDR>",1,0,1,1.0000,,,B-ENTRY,model,0.9963,2026-09-24 14:07:28,82a1c2a32b91
7272bce8-8c8e-5e56-809c-df0c0a3e68d4,54c5da87-9087-5a05-ba34-c433a7d413ec,80756a3c6605,187.4.53,187,3,4,53,"[118.0, 102.0, 987.0, 882.0]",List-Group,"Burard , rue de Condé , 4.  ",ENTRY,"<SUBJ>Burard</SUBJ> , <ADDR>rue de Condé , 4.</ADDR>",1,0,1,1.0000,,,B-ENTRY,model,0.9959,2026-09-24 14:07:28,f1c393e235c6
3c5645e0-19e8-5403-b40b-f58398e07f7d,54c5da87-9087-5a05-ba34-c433a7d413ec,ed3e03e53a84,187.4.54,187,3,4,54,"[118.0, 102.0, 987.0, 882.0]",List-Group,"Buidin , place Saint-Antoine , 9.  ",ENTRY,"<SUBJ>Buidin</SUBJ> , <ADDR>place Saint-Antoine , 9.</ADDR>",1,0,1,1.0000,,,B-ENTRY,model,0.9963,2026-09-24 14:07:28,cb69804d2a9d
55aec10c-4984-5d2b-82eb-f1d8a27b34ac,54c5da87-9087-5a05-ba34-c433a7d413ec,64f9e04fb9ac,187.4.55,187,3,4,55,"[118.0, 102.0, 987.0, 882.0]",List-Group,"Caille , rue du Cimetière-Saint-André-des-Arcs , 5.  ",ENTRY,"<SUBJ>Caille</SUBJ> , <ADDR>rue du Cimetière-Saint-André-des-Arcs , 5.</ADDR>",1,0,1,1.0000,,,B-ENTRY,model,0.9959,2026-09-24 14:07:28,df2589ee2cad
5d261a34-3962-54ad-8d64-2e5622e2a817,54c5da87-9087-5a05-ba34-c433a7d413ec,f954c28e266f,187.4.56,187,3,4,56,"[118.0, 102.0, 987.0, 882.0]",List-Group,"Caille (A. F.) , rue Hautefeuille , 22.  ",ENTRY,"<SUBJ>Caille (A. F.)</SUBJ> , <ADDR>rue Hautefeuille , 22.</ADDR>",1,0,1,1.0000,,,B-ENTRY,model,0.9929,2026-09-24 14:07:28,1ba5948d078b
3d88a277-f714-5e02-b1bb-095ba7867058,54c5da87-9087-5a05-ba34-c433a7d413ec,68e2166b8f7b,187.4.57,187,3,4,57,"[118.0, 102.0, 987.0, 882.0]",List-Group,"Canuet , rue de Chaillot , 10.  ",ENTRY,"<SUBJ>Canuet</SUBJ> , <ADDR>rue de Chaillot , 10.</ADDR>",1,0,1,1.0000,,,B-ENTRY,model,0.9959,2026-09-24 14:07:28,c019dcca3cdd
0789bafc-a301-59b1-91c8-049587e626a4,54c5da87-9087-5a05-ba34-c433a7d413ec,856acf7da1db,187.4.58,187,3,4,58,"[118.0, 102.0, 987.0, 882.0]",List-Group,"Capuron , rue Saint-André-des-Arcs , 52.  ",ENTRY,"<SUBJ>Capuron</SUBJ> , <ADDR>rue Saint-André-des-Arcs , 52.</ADDR>",1,0,1,1.0000,,,B-ENTRY,model,0.9963,2026-09-24 14:07:28,6138ec06778f
5ef6f613-4e9f-5686-a51a-9c111012cd07,54c5da87-9087-5a05-ba34-c433a7d413ec,c9b0a21c2aab,187.4.59,187,3,4,59,"[118.0, 102.0, 987.0, 882.0]",List-Group,"Carette , rue du Faub.-St.-Jacques , 215.  ",ENTRY,"<SUBJ>Carette</SUBJ> , <ADDR>rue du Faub.-St.-Jacques , 215.</ADDR>",1,0,1,1.0000,,,B-ENTRY,model,0.9959,2026-09-24 14:07:28,0287b42d21be
c5aa3de9-67ff-5a71-bb52-3bffcb29f981,54c5da87-9087-5a05-ba34-c433a7d413ec,f3f565684385,187.4.60,187,3,4,60,"[118.0, 102.0, 987.0, 882.0]",List-Group,"Carré , rue Thévenot , 7.  ",ENTRY,"<SUBJ>Carré</SUBJ> , <ADDR>rue Thévenot , 7.</ADDR>",1,0,1,1.0000,,,B-ENTRY,model,0.9963,2026-09-24 14:07:28,74cfb41ee628
29bae134-2633-59f3-a9a5-ca86a9a552f2,54c5da87-9087-5a05-ba34-c433a7d413ec,16619cf1bf8a,187.4.61,187,3,4,61,"[118.0, 102.0, 987.0, 882.0]",List-Group,"Casenave , rue Amelot , 52.  ",ENTRY,"<SUBJ>Casenave</SUBJ> , <ADDR>rue Amelot , 52.</ADDR>",1,0,1,1.0000,,,B-ENTRY,model,0.9963,2026-09-24 14:07:28,f6d659023a66
b2805fda-2ec8-582b-8f45-ae6d4589e1b0,54c5da87-9087-5a05-ba34-c433a7d413ec,c9f8c038e36e,187.4.62,187,3,4,62,"[118.0, 102.0, 987.0, 882.0]",List-Group,"Castel , rue du Bacq , 50.  ",ENTRY,"<SUBJ>Castel</SUBJ> , <ADDR>rue du Bacq , 50.</ADDR>",1,0,1,1.0000,,,B-ENTRY,model,0.9959,2026-09-24 14:07:28,b59c95b2c447
97c66b11-29dd-51e6-b753-ec2edbca43f2,54c5da87-9087-5a05-ba34-c433a7d413ec,63c82669af59,187.4.63,187,3,4,63,"[118.0, 102.0, 987.0, 882.0]",List-Group,"Cattet , rue Saint-Honoré , 125.  ",ENTRY,"<SUBJ>Cattet</SUBJ> , <ADDR>rue Saint-Honoré , 125.</ADDR>",1,0,1,1.0000,,,B-ENTRY,model,0.9963,2026-09-24 14:07:28,074030fbef05
b7699701-2c0c-5ff0-8560-41686345ae0d,54c5da87-9087-5a05-ba34-c433a7d413ec,1fa0a2f830c4,187.4.64,187,3,4,64,"[118.0, 102.0, 987.0, 882.0]",List-Group,"Caultet , rue du Grand-Chantier , 7.  ",ENTRY,"<SUBJ>Caultet</SUBJ> , <ADDR>rue du Grand-Chantier , 7.</ADDR>",1,0,1,1.0000,,,B-ENTRY,model,0.9972,2026-09-24 14:07:28,9f35138774e1
5dadb0f1-f6ac-5004-94f0-272631b7b8a1,54c5da87-9087-5a05-ba34-c433a7d413ec,a38c93449591,187.4.65,187,3,4,65,"[118.0, 102.0, 987.0, 882.0]",List-Group,"Cavafan , rue de Lille , 19.  ",ENTRY,"<SUBJ>Cavafan</SUBJ> , <ADDR>rue de Lille , 19.</ADDR>",1,0,1,1.0000,,,B-ENTRY,model,0.9959,2026-09-24 14:07:28,56c888ac7425
0072c1b2-8a0c-53f0-b60e-bd5ea254a746,54c5da87-9087-5a05-ba34-c433a7d413ec,30341330a686,187.4.66,187,3,4,66,"[118.0, 102.0, 987.0, 882.0]",List-Group,"Cellier , rue du Hasard , 1.  ",ENTRY,"<SUBJ>Cellier</SUBJ> , <ADDR>rue du Hasard , 1.</ADDR>",1,0,1,1.0000,,,B-ENTRY,model,0.9959,2026-09-24 14:07:28,44ba783e033f
c0c76f6f-7740-55df-b274-37f9729bd0ec,54c5da87-9087-5a05-ba34-c433a7d413ec,0bf69715a1fd,187.4.67,187,3,4,67,"[118.0, 102.0, 987.0, 882.0]",List-Group,"Chailly , rue de la Calandre , 19.  ",ENTRY,"<SUBJ>Chailly</SUBJ> , <ADDR>rue de la Calandre , 19.</ADDR>",1,0,1,1.0000,,,B-ENTRY,model,0.9959,2026-09-24 14:07:28,f98c058c3e24
197c5d6c-5522-5e09-80ce-35ef0a1721a4,54c5da87-9087-5a05-ba34-c433a7d413ec,1f62a795cf4b,187.4.68,187,3,4,68,"[118.0, 102.0, 987.0, 882.0]",List-Group,"Chamant , rue Meslé , 52.  ",ENTRY,"<SUBJ>Chamant</SUBJ> , <ADDR>rue Meslé , 52.</ADDR>",1,0,1,1.0000,,,B-ENTRY,model,0.9963,2026-09-24 14:07:28,30a576941b1c
6fc1dce3-b501-5199-a483-e7789566c885,54c5da87-9087-5a05-ba34-c433a7d413ec,c5e3712f9b21,187.4.69,187,3,4,69,"[118.0, 102.0, 987.0, 882.0]",List-Group,"Chambon-de-Montaut , rue du Cherche-Midi , 24.  ",ENTRY,"<SUBJ>Chambon-de-Montaut</SUBJ> , <ADDR>rue du Cherche-Midi , 24.</ADDR>",1,0,1,1.0000,,,B-ENTRY,model,0.9947,2026-09-24 14:07:28,63a5c6ebed2f
7b6a0a90-7d4c-5f7e-99e8-24090850aa26,54c5da87-9087-5a05-ba34-c433a7d413ec,f17dea716fcf,187.4.70,187,3,4,70,"[118.0, 102.0, 987.0, 882.0]",List-Group,"Chapon , rue du Cherche-Midi , 26.  ",ENTRY,"<SUBJ>Chapon</SUBJ> , <ADDR>rue du Cherche-Midi , 26.</ADDR>",1,0,1,1.0000,,,B-ENTRY,model,0.9972,2026-09-24 14:07:28,0bb10dc9a07e
8cde8b36-9584-5836-ad83-3f9c6ad0b0f9,54c5da87-9087-5a05-ba34-c433a7d413ec,71536cc347cc,187.4.71,187,3,4,71,"[118.0, 102.0, 987.0, 882.0]",List-Group,"Chauchard , rue Quincampoix.  ",ENTRY,"<SUBJ>Chauchard</SUBJ> , <ADDR>rue Quincampoix.</ADDR>",1,0,1,1.0000,,,B-ENTRY,human,1.0,2026-09-24 14:06:39,27a94e3fc3c0
6b571331-69f2-54b5-a0a4-62e488035847,54c5da87-9087-5a05-ba34-c433a7d413ec,1abee4535610,187.4.72,187,3,4,72,"[118.0, 102.0, 987.0, 882.0]",List-Group,"Chaussier , rue de la Montagne Sainte-Genièvre , à l'Ecole polytechnique.  ",ENTRY,"<SUBJ>Chaussier</SUBJ> , <ADDR>rue de la Montagne Sainte-Genièvre , à l'Ecole polytechnique.</ADDR>",1,0,1,1.0000,,,B-ENTRY,human,1.0,2026-09-24 14:06:39,4c8a1cbcc8ab
aaa3cd84-67de-529b-8334-8d2c51afd225,54c5da87-9087-5a05-ba34-c433a7d413ec,5b579a567c48,187.4.73,187,3,4,73,"[118.0, 102.0, 987.0, 882.0]",List-Group,"Chardel , place Saint-Sulpice , 15.  ",ENTRY,"<SUBJ>Chardel</SUBJ> , <ADDR>place Saint-Sulpice , 15.</ADDR>",1,0,1,1.0000,,,B-ENTRY,model,0.9963,2026-09-24 14:07:28,111a9940569c
4cdfb42c-af17-5807-be71-82260d60fe34,54c5da87-9087-5a05-ba34-c433a7d413ec,5b66565cbd18,187.4.74,187,3,4,74,"[118.0, 102.0, 987.0, 882.0]",List-Group,"Chauvot-de-Beauchêne , rue de l'Université , 102.  ",ENTRY,"<SUBJ>Chauvot-de-Beauchêne</SUBJ> , <ADDR>rue de l'Université , 102.</ADDR>",1,0,1,1.0000,,,B-ENTRY,model,0.9947,2026-09-24 14:07:28,0c2fbd0ed6e1
688b4f13-8f08-5519-a168-7291f607d7aa,54c5da87-9087-5a05-ba34-c433a7d413ec,aad887c43d77,187.4.75,187,3,4,75,"[118.0, 102.0, 987.0, 882.0]",List-Group,"Chevallier-Demolle , enl.-de-sac du Doyenné , 1.  ",ENTRY,"<SUBJ>Chevallier-Demolle</SUBJ> , <ADDR>enl.-de-sac du Doyenné , 1.</ADDR>",1,0,1,0.6962,score bas,,B-ENTRY,model,0.9972,2026-09-24 14:07:28,63135ece5a86
24413a75-398e-5ba7-8060-911dcf87b9d3,54c5da87-9087-5a05-ba34-c433a7d413ec,0d78fd4dd8e6,187.4.76,187,3,4,76,"[118.0, 102.0, 987.0, 882.0]",List-Group,"Chigot , rue de la Marche , 9.  ",ENTRY,"<SUBJ>Chigot</SUBJ> , <ADDR>rue de la Marche , 9.</ADDR>",1,0,1,1.0000,,,B-ENTRY,model,0.9959,2026-09-24 14:07:28,77442bdbf449
f17f6897-e3f3-527c-8b81-451426b5bf76,54c5da87-9087-5a05-ba34-c433a7d413ec,520956cc5139,187.4.77,187,3,4,77,"[118.0, 102.0, 987.0, 882.0]",List-Group,"Chirac , rue du Sépulchre , 21.  ",ENTRY,"<SUBJ>Chirac</SUBJ> , <ADDR>rue du Sépulchre , 21.</ADDR>",1,0,1,1.0000,,,B-ENTRY,model,0.9959,2026-09-24 14:07:28,cdbe17e853f7
ab029903-0335-5bae-8284-91414f888bb2,54c5da87-9087-5a05-ba34-c433a7d413ec,7b5ca4a5a14c,187.4.78,187,3,4,78,"[118.0, 102.0, 987.0, 882.0]",List-Group,"Chrétien (P. M.) , rue des Blancs-Manteaux , 16.  ",ENTRY,"<SUBJ>Chrétien (P. M.)</SUBJ> , <ADDR>rue des Blancs-Manteaux , 16.</ADDR>",1,0,1,1.0000,,,B-ENTRY,model,0.9929,2026-09-24 14:07:28,112ed7e4be8b
982ff2da-66e6-5ce4-8401-e4b22a86bf3a,54c5da87-9087-5a05-ba34-c433a7d413ec,ff3ed43aea6e,187.4.79,187,3,4,79,"[118.0, 102.0, 987.0, 882.0]",List-Group,"Chrétien-Lalanne , r. Vieille-du-Temple 75.  ",ENTRY,"<SUBJ>Chrétien-Lalanne</SUBJ> , <ADDR>r. Vieille-du-Temple 75.</ADDR>",1,0,1,1.0000,,,B-ENTRY,model,0.9965,2026-09-24 14:07:28,ec6568f1ff36
d28f6f60-ddca-55c8-889d-29ffa1cd1baa,54c5da87-9087-5a05-ba34-c433a7d413ec,23694e655dab,187.4.80,187,3,4,80,"[118.0, 102.0, 987.0, 882.0]",List-Group,"Collinet , rue Saint-André-des-Arcs , 10.  ",ENTRY,"<SUBJ>Collinet</SUBJ> , <ADDR>rue Saint-André-des-Arcs , 10.</ADDR>",1,0,1,1.0000,,,B-ENTRY,model,0.9963,2026-09-24 14:07:28,88d2fd61b2c6
aec16ac9-0bf7-5627-b5a1-3582a8c28e18,54c5da87-9087-5a05-ba34-c433a7d413ec,05c4bbaca31c,187.4.81,187,3,4,81,"[118.0, 102.0, 987.0, 882.0]",List-Group,"Colon , rue des Fossés-Montmartre , 14.  ",ENTRY,"<SUBJ>Colon</SUBJ> , <ADDR>rue des Fossés-Montmartre , 14.</ADDR>",1,0,1,1.0000,,,B-ENTRY,model,0.9972,2026-09-24 14:07:28,2438e9de8db7
5ef2ab55-0b25-57f2-afbb-be139cc06d59,54c5da87-9087-5a05-ba34-c433a7d413ec,78459c4cf05b,187.4.82,187,3,4,82,"[118.0, 102.0, 987.0, 882.0]",List-Group,"Corbe , rue du Coq-Saint-Jean , 119.  ",ENTRY,"<SUBJ>Corbe</SUBJ> , <ADDR>rue du Coq-Saint-Jean , 119.</ADDR>",1,0,1,1.0000,,,B-ENTRY,model,0.9959,2026-09-24 14:07:28,19f13612bc31
6b351ce8-5276-5935-9d93-721ee98dc4b8,54c5da87-9087-5a05-ba34-c433a7d413ec,73f28ee05a58,187.4.83,187,3,4,83,"[118.0, 102.0, 987.0, 882.0]",List-Group,"Corvisard , *premier Médecin de l'Empereur* , rue Saint-Dominique-Saint-Germain , 87.  ",ENTRY,"<SUBJ>Corvisard</SUBJ> , *<DESC>premier Médecin de l'Empereur</DESC>* , <ADDR>rue Saint-Dominique-Saint-Germain , 87.</ADDR>",1,1,1,1.0000,,,B-ENTRY,model,0.9971,2026-09-24 14:07:28,c8dbe2988027
1a64b2c4-6897-526d-b9ef-0781829e1532,54c5da87-9087-5a05-ba34-c433a7d413ec,3d23ca145abc,187.4.84,187,3,4,84,"[118.0, 102.0, 987.0, 882.0]",List-Group,"Coste , hôtel des Invalides.  ",ENTRY,"<SUBJ>Coste</SUBJ> , <ADDR>hôtel des Invalides.</ADDR>",1,0,1,1.0000,,,B-ENTRY,model,0.9918,2026-09-24 14:07:28,88e0fee5c290
1ca0ae04-cbe6-50b9-ac95-0419e415f43d,54c5da87-9087-5a05-ba34-c433a7d413ec,77db5faf1091,187.4.85,187,3,4,85,"[118.0, 102.0, 987.0, 882.0]",List-Group,"Couécou , rue Saint-Marc , 21.  ",ENTRY,"<SUBJ>Couécou</SUBJ> , <ADDR>rue Saint-Marc , 21.</ADDR>",1,0,1,1.0000,,,B-ENTRY,model,0.9963,2026-09-24 14:07:28,05f31832696a
8b6c5f65-d95d-57f0-9e1e-33953892c7a7,54c5da87-9087-5a05-ba34-c433a7d413ec,84f94bdd6732,187.4.86,187,3,4,86,"[118.0, 102.0, 987.0, 882.0]",List-Group,"Coutard , rue Saint-Honoré , 108.  ",ENTRY,"<SUBJ>Coutard</SUBJ> , <ADDR>rue Saint-Honoré , 108.</ADDR>",1,0,1,1.0000,,,B-ENTRY,model,0.9963,2026-09-24 14:07:28,4260325286db
0476b1c7-d45d-59d5-8787-4fa1614050a6,54c5da87-9087-5a05-ba34-c433a7d413ec,934a7c94e3cb,187.4.87,187,3,4,87,"[118.0, 102.0, 987.0, 882.0]",List-Group,"Couad , rue Joubert , 50.  ",ENTRY,"<SUBJ>Couad</SUBJ> , <ADDR>rue Joubert , 50.</ADDR>",1,0,1,1.0000,,,B-ENTRY,human,1.0,2026-09-24 14:06:05,2d8da160341a
12c5d00d-6039-5739-9f4e-4fe4bd320218,54c5da87-9087-5a05-ba34-c433a7d413ec,72b54ec6e6be,187.4.88,187,3,4,88,"[118.0, 102.0, 987.0, 882.0]",List-Group,"Coutele , rue Saint-Honoré.  ",ENTRY,"<SUBJ>Coutele</SUBJ> , <ADDR>rue Saint-Honoré.</ADDR>",1,0,1,1.0000,,,B-ENTRY,human,1.0,2026-09-24 14:06:05,78bd904c0b9f
e9257d73-aa01-53d1-b6a0-0f27813c4aa1,54c5da87-9087-5a05-ba34-c433a7d413ec,8b61735b7b44,187.4.89,187,3,4,89,"[118.0, 102.0, 987.0, 882.0]",List-Group,"Creciat , place de l'Estrapade , 9.  ",ENTRY,"<SUBJ>Creciat</SUBJ> , <ADDR>place de l'Estrapade , 9.</ADDR>",1,0,1,1.0000,,,B-ENTRY,model,0.9972,2026-09-24 14:07:28,d1d5928d4dd6
d1f6eaff-247a-551e-bd4b-d779e2cbffe8,54c5da87-9087-5a05-ba34-c433a7d413ec,8ef11d897d8f,187.4.90,187,3,4,90,"[118.0, 102.0, 987.0, 882.0]",List-Group,"Cullerier , rue des Capucins , 59.  ",ENTRY,"<SUBJ>Cullerier</SUBJ> , <ADDR>rue des Capucins , 59.</ADDR>",1,0,1,1.0000,,,B-ENTRY,model,0.9959,2026-09-24 14:07:28,757cbc20f2da
0c653d66-794d-53dd-a2a3-a203002dd229,54c5da87-9087-5a05-ba34-c433a7d413ec,5b498e6b87d2,187.4.91,187,3,4,91,"[118.0, 102.0, 987.0, 882.0]",List-Group,"Daignan , rue du Helder , 12.  ",ENTRY,"<SUBJ>Daignan</SUBJ> , <ADDR>rue du Helder , 12.</ADDR>",1,0,1,1.0000,,,B-ENTRY,model,0.9959,2026-09-24 14:07:28,3965437c800f
73064a45-8563-542b-8ba5-210d800fdbf2,54c5da87-9087-5a05-ba34-c433a7d413ec,6ea14b846954,187.4.92,187,3,4,92,"[118.0, 102.0, 987.0, 882.0]",List-Group,"Danyau , rue Hautefeuille , 4.  ",ENTRY,"<SUBJ>Danyau</SUBJ> , <ADDR>rue Hautefeuille , 4.</ADDR>",1,0,1,1.0000,,,B-ENTRY,model,0.9963,2026-09-24 14:07:28,e7e4998d2cd7
b095a739-cef6-5950-b569-097c7e09c350,54c5da87-9087-5a05-ba34-c433a7d413ec,af2da5b51c6b,187.4.93,187,3,4,93,"[118.0, 102.0, 987.0, 882.0]",List-Group,"Dazille , rue Bergère , 12.  ",ENTRY,"<SUBJ>Dazille</SUBJ> , <ADDR>rue Bergère , 12.</ADDR>",1,0,1,1.0000,,,B-ENTRY,model,0.9963,2026-09-24 14:07:28,c2074d776d8f
022a8207-86cf-5ebd-a6fb-35d8578faee4,54c5da87-9087-5a05-ba34-c433a7d413ec,584b33afdd7e,187.4.94,187,3,4,94,"[118.0, 102.0, 987.0, 882.0]",List-Group,"Decandolle , boulevard Montmartre , 10.  ",ENTRY,"<SUBJ>Decandolle</SUBJ> , <ADDR>boulevard Montmartre , 10.</ADDR>",1,0,1,1.0000,,,B-ENTRY,model,0.9963,2026-09-24 14:07:28,106b08bb1c5f
ec53fabb-ff60-5187-9757-455a59fd9f11,54c5da87-9087-5a05-ba34-c433a7d413ec,bff1436656c1,187.4.95,187,3,4,95,"[118.0, 102.0, 987.0, 882.0]",List-Group,"Defrasne , rue Meslée , 52.  ",ENTRY,"<SUBJ>Defrasne</SUBJ> , <ADDR>rue Meslée , 52.</ADDR>",1,0,1,1.0000,,,B-ENTRY,model,0.9963,2026-09-24 14:07:28,8fae345fef09
9b2de54d-6d00-586e-8e39-a823ffa2f7d2,54c5da87-9087-5a05-ba34-c433a7d413ec,9cda5a099137,187.4.96,187,3,4,96,"[118.0, 102.0, 987.0, 882.0]",List-Group,"Deguise , rue des Francs-Bourgeois-Saint-Michel , 16.  ",ENTRY,"<SUBJ>Deguise</SUBJ> , <ADDR>rue des Francs-Bourgeois-Saint-Michel , 16.</ADDR>",1,0,1,1.0000,,,B-ENTRY,model,0.9959,2026-09-24 14:07:28,7e04584d3431
3c405e01-4819-5904-8b10-2fa36ad8562d,54c5da87-9087-5a05-ba34-c433a7d413ec,05cd9c3982cb,187.4.97,187,3,4,97,"[118.0, 102.0, 987.0, 882.0]",List-Group,"Dehaussy Robecourt , rue des Poitevins , 5.  ",ENTRY,"<SUBJ>Dehaussy Robecourt</SUBJ> , <ADDR>rue des Poitevins , 5.</ADDR>",1,0,1,1.0000,,,B-ENTRY,human,1.0,2026-09-24 14:06:01,041883990c33
93e53131-73d5-56b0-bfe7-521307583474,54c5da87-9087-5a05-ba34-c433a7d413ec,02d2f3e070e9,187.4.98,187,3,4,98,"[118.0, 102.0, 987.0, 882.0]",List-Group,"De Jussieu (A. L.) , au Jardin des Plantes.  ",ENTRY,"<SUBJ>De Jussieu (A. L.)</SUBJ> , <ADDR>au Jardin des Plantes.</ADDR>",1,0,1,1.0000,,,B-ENTRY,human,1.0,2026-09-24 14:06:01,075823f580db
b5dc4cb6-e904-5e58-9e43-2b46f701b72c,54c5da87-9087-5a05-ba34-c433a7d413ec,3dc8e3b7dd26,187.4.99,187,3,4,99,"[118.0, 102.0, 987.0, 882.0]",List-Group,"De Jussieu (Chr. Nic.) , rue d'Enfer-Saint-Michel , 15.  ",ENTRY,"<SUBJ>De Jussieu (Chr. Nic.)</SUBJ> , <ADDR>rue d'Enfer-Saint-Michel , 15.</ADDR>",1,0,1,1.0000,,,B-ENTRY,model,0.9947,2026-09-24 14:07:28,3fa5a5e7a18f
f5909d1d-c708-55df-b0d7-1e01832236c3,54c5da87-9087-5a05-ba34-c433a7d413ec,797df368edb0,187.4.100,187,3,4,100,"[118.0, 102.0, 987.0, 882.0]",List-Group,"Delacoudraye , rue du Petit-Carreau , 45.  ",ENTRY,"<SUBJ>Delacoudraye</SUBJ> , <ADDR>rue du Petit-Carreau , 45.</ADDR>",1,0,1,1.0000,,,B-ENTRY,model,0.9972,2026-09-24 14:07:28,00015865d10c
df45b3ec-d490-56f6-ab44-8e2fa126435d,54c5da87-9087-5a05-ba34-c433a7d413ec,06e1af4ebc45,187.4.101,187,3,4,101,"[118.0, 102.0, 987.0, 882.0]",List-Group,"Delagrange , rue du Contrat-Social , 7.  ",ENTRY,"<SUBJ>Delagrange</SUBJ> , <ADDR>rue du Contrat-Social , 7.</ADDR>",1,0,1,1.0000,,,B-ENTRY,model,0.9972,2026-09-24 14:07:28,34c505a186d5
cf234a82-dc5e-5576-ae07-330a549e407b,54c5da87-9087-5a05-ba34-c433a7d413ec,0f9660e9f506,187.4.102,187,3,4,102,"[118.0, 102.0, 987.0, 882.0]",List-Group,"Delamontagne , rue Saint-Antoine , 57.  ",ENTRY,"<SUBJ>Delamontagne</SUBJ> , <ADDR>rue Saint-Antoine , 57.</ADDR>",1,0,1,1.0000,,,B-ENTRY,model,0.9963,2026-09-24 14:07:28,c1b21a6f746d
b5125a99-3e01-5dd7-9142-b309c0ac645e,54c5da87-9087-5a05-ba34-c433a7d413ec,1b1214f1155c,187.4.103,187,3,4,103,"[118.0, 102.0, 987.0, 882.0]",List-Group,"Delaporte , rue Neuve-des-Petits-Champs , 77.  ",ENTRY,"<SUBJ>Delaporte</SUBJ> , <ADDR>rue Neuve-des-Petits-Champs , 77.</ADDR>",1,0,1,1.0000,,,B-ENTRY,model,0.9963,2026-09-24 14:07:28,cc13da332ebb
48455c1d-7d97-5d2c-bdfd-3c7f3d21840d,54c5da87-9087-5a05-ba34-c433a7d413ec,d188bdd6d528,187.4.104,187,3,4,104,"[118.0, 102.0, 987.0, 882.0]",List-Group,"Delaroche , rue Favart , 2.",ENTRY,"<SUBJ>Delaroche</SUBJ> , <ADDR>rue Favart , 2.</ADDR>",1,0,1,1.0000,,,B-ENTRY,human,1.0,2026-09-24 14:05:12,5395574b52f0
1042f108-0bfb-5d1f-b1c9-68e64c4e4a8e,54c5da87-9087-5a05-ba34-c433a7d413ec,10a27a72739d,188.1.0,188,0,1,0,"[315.0, 35.0, 623.0, 58.0]",Page-Header,en médecine.-PARIS.,OUT OF SCOPE,,,,,,,,OUT OF SCOPE,human,1.0,2026-09-24 14:05:12,7f157b0432ee
32bc0d72-ccbf-59ff-845b-e34360bd975b,54c5da87-9087-5a05-ba34-c433a7d413ec,812cd8837314,188.2.0,188,1,2,0,"[829.0, 37.0, 885.0, 59.0]",Page-Header,859,OUT OF SCOPE,,,,,,,,OUT OF SCOPE,model,0.9976,2026-09-24 14:07:28,7f157b0432ee
272168fc-dce6-5bbd-91b0-d7fe2e6faeab,54c5da87-9087-5a05-ba34-c433a7d413ec,52ef1e70b83b,188.3.0,188,2,3,0,"[46.0, 61.0, 470.0, 879.0]",Text,"Delaroche, rue Helvétius, 40.  ",ENTRY,"<SUBJ>Delaroche</SUBJ>, <ADDR>rue Helvétius, 40.</ADDR>",1,0,1,1.0000,,,B-ENTRY,human,1.0,2026-09-24 14:07:11,ecd614bb4efa
8c739b91-5fed-5724-8cc1-0a64298e1f00,54c5da87-9087-5a05-ba34-c433a7d413ec,51b7a10d818f,188.3.1,188,2,3,1,"[46.0, 61.0, 470.0, 879.0]",Text,"Demercy, rue Barbette.  ",ENTRY,"<SUBJ>Demercy</SUBJ>, <ADDR>rue Barbette.</ADDR>",1,0,1,1.0000,,,B-ENTRY,human,1.0,2026-09-24 14:07:11,a71bb499a5b0
9d977698-2903-59a0-9755-125a904f9f19,54c5da87-9087-5a05-ba34-c433a7d413ec,8369a2f98f6f,188.3.2,188,2,3,2,"[46.0, 61.0, 470.0, 879.0]",Text,"Demours, *oculiste*, rue de l'Université, 19.  ",ENTRY,"<SUBJ>Demours</SUBJ>, *<DESC>oculiste</DESC>*, <ADDR>rue de l'Université, 19.</ADDR>",1,1,1,1.0000,,,B-ENTRY,model,0.9964,2026-09-24 14:07:28,3a05f4d181ef
d75ce356-f636-538b-929c-da42b5b7dce9,54c5da87-9087-5a05-ba34-c433a7d413ec,3eccbbddf87a,188.3.3,188,2,3,3,"[46.0, 61.0, 470.0, 879.0]",Text,"Descemet, rue Saint-Jacques, au Lycée, 123.  ",ENTRY,"<SUBJ>Descemet</SUBJ>, <ADDR>rue Saint-Jacques, au Lycée, 123.</ADDR>",1,0,1,1.0000,,,B-ENTRY,human,1.0,2026-09-24 14:06:25,0faea525d682
eb003bc7-b636-558d-ad8a-ce9194e02e32,54c5da87-9087-5a05-ba34-c433a7d413ec,8271ae72add4,188.3.4,188,2,3,4,"[46.0, 61.0, 470.0, 879.0]",Text,"Deschamps fils, rue des Saints-Pères, 45.  ",ENTRY,"<SUBJ>Deschamps fils</SUBJ>, <ADDR>rue des Saints-Pères, 45.</ADDR>",1,0,1,1.0000,,,B-ENTRY,human,1.0,2026-09-24 14:06:25,8bf803d07537
75547a30-b357-560d-bd44-c873a703213f,54c5da87-9087-5a05-ba34-c433a7d413ec,4d4d17a76ba4,188.3.5,188,2,3,5,"[46.0, 61.0, 470.0, 879.0]",Text,"Des Essaris, cul-de-sac Sourdis, 1.  ",ENTRY,"<SUBJ>Des Essaris</SUBJ>, <ADDR>cul-de-sac Sourdis, 1.</ADDR>",1,0,1,1.0000,,,B-ENTRY,model,0.9929,2026-09-24 14:07:28,9ad8db16fa3b
4c20b48d-6c71-5fe9-9265-cf6422161504,54c5da87-9087-5a05-ba34-c433a7d413ec,ca1a7e8e9ec6,188.3.6,188,2,3,6,"[46.0, 61.0, 470.0, 879.0]",Text,"Develly, rue de la Tixeranderie, 45.  ",ENTRY,"<SUBJ>Develly</SUBJ>, <ADDR>rue de la Tixeranderie, 45.</ADDR>",1,0,1,1.0000,,,B-ENTRY,model,0.9949,2026-09-24 14:07:28,a3f8f6863645
b52c2849-33c4-5b24-978a-28e86451ada0,54c5da87-9087-5a05-ba34-c433a7d413ec,0e991d340c89,188.3.7,188,2,3,7,"[46.0, 61.0, 470.0, 879.0]",Text,"Deyeux, rue de Tournon, 8.  ",ENTRY,"<SUBJ>Deyeux</SUBJ>, <ADDR>rue de Tournon, 8.</ADDR>",1,0,1,1.0000,,,B-ENTRY,human,1.0,2026-09-24 14:05:36,b2cbb28f805d
01159fad-afb7-5362-afad-2aea106dc8fc,54c5da87-9087-5a05-ba34-c433a7d413ec,b757fc228db4,188.3.8,188,2,3,8,"[46.0, 61.0, 470.0, 879.0]",Text,"D'Hotel, rue des Bourdonnois, 7.  ",ENTRY,"<SUBJ>D'Hotel</SUBJ>, <ADDR>rue des Bourdonnois, 7.</ADDR>",1,0,1,1.0000,,,B-ENTRY,human,1.0,2026-09-24 14:05:36,8f9261b6ce61
dcc18f12-6db7-54df-a00b-6f6784fe2a89,54c5da87-9087-5a05-ba34-c433a7d413ec,782cb1bf7312,188.3.9,188,2,3,9,"[46.0, 61.0, 470.0, 879.0]",Text,"Delivera, rue Saint-Martin, 149.  ",ENTRY,"<SUBJ>Delivera</SUBJ>, <ADDR>rue Saint-Martin, 149.</ADDR>",1,0,1,1.0000,,,B-ENTRY,model,0.9955,2026-09-24 14:07:28,d0865920f709
92aff5da-2039-55b5-a59d-345535bf4bea,54c5da87-9087-5a05-ba34-c433a7d413ec,cff17c44f86e,188.3.10,188,2,3,10,"[46.0, 61.0, 470.0, 879.0]",Text,"Double, rue Favart, 6.  ",ENTRY,"<SUBJ>Double</SUBJ>, <ADDR>rue Favart, 6.</ADDR>",1,0,1,1.0000,,,B-ENTRY,model,0.9954,2026-09-24 14:07:28,12102a02f029
593b5477-3668-54c1-93e2-63f8020490f7,54c5da87-9087-5a05-ba34-c433a7d413ec,2842c8cb7f13,188.3.11,188,2,3,11,"[46.0, 61.0, 470.0, 879.0]",Text,"Double, rue Jacob, 15.  ",ENTRY,"<SUBJ>Double</SUBJ>, <ADDR>rue Jacob, 15.</ADDR>",1,0,1,1.0000,,,B-ENTRY,model,0.9954,2026-09-24 14:07:28,b26326d9dd6f
a31610fd-da1f-5b5c-9b17-6824925e8d4f,54c5da87-9087-5a05-ba34-c433a7d413ec,adbff2a1f164,188.3.12,188,2,3,12,"[46.0, 61.0, 470.0, 879.0]",Text,"Doussin-Dubreuil, rue du Jardinet, 3.  ",ENTRY,"<SUBJ>Doussin-Dubreuil</SUBJ>, <ADDR>rue du Jardinet, 3.</ADDR>",1,0,1,1.0000,,,B-ENTRY,model,0.9976,2026-09-24 14:07:28,2686e15e1d24
d8bdc19e-ec25-5d1f-a2d5-7b1aea543aa7,54c5da87-9087-5a05-ba34-c433a7d413ec,069f3468fc28,188.3.13,188,2,3,13,"[46.0, 61.0, 470.0, 879.0]",Text,"Dubois, rue de l'Observance, 1.  ",ENTRY,"<SUBJ>Dubois</SUBJ>, <ADDR>rue de l'Observance, 1.</ADDR>",1,0,1,1.0000,,,B-ENTRY,model,0.9965,2026-09-24 14:07:28,2ef31b9d5f04
1d19d564-c988-5cd4-9ddb-f97cadd5d675,54c5da87-9087-5a05-ba34-c433a7d413ec,4a1337e096eb,188.3.14,188,2,3,14,"[46.0, 61.0, 470.0, 879.0]",Text,"Duchesne-Montaubien, rue Poissonnière, 44.  ",ENTRY,"<SUBJ>Duchesne-Montaubien</SUBJ>, <ADDR>rue Poissonnière, 44.</ADDR>",1,0,1,1.0000,,,B-ENTRY,model,0.9964,2026-09-24 14:07:28,fffa50ddb943
84ca06e4-60ec-56c4-b740-8a7db2b2315b,54c5da87-9087-5a05-ba34-c433a7d413ec,add36fda1964,188.3.15,188,2,3,15,"[46.0, 61.0, 470.0, 879.0]",Text,"Dudonjon, rue du Doyenné, 5.  ",ENTRY,"<SUBJ>Dudonjon</SUBJ>, <ADDR>rue du Doyenné, 5.</ADDR>",1,0,1,1.0000,,,B-ENTRY,model,0.9949,2026-09-24 14:07:28,93d683899dc6
35841181-f4f5-5ba1-b21e-a1da7e1dd7aa,54c5da87-9087-5a05-ba34-c433a7d413ec,6ac4c6142662,188.3.16,188,2,3,16,"[46.0, 61.0, 470.0, 879.0]",Text,"Duffour, rue de Bondy, 6.  ",ENTRY,"<SUBJ>Duffour</SUBJ>, <ADDR>rue de Bondy, 6.</ADDR>",1,0,1,1.0000,,,B-ENTRY,model,0.9949,2026-09-24 14:07:28,ba4810876b39
e3a6832f-8fb2-585a-9c91-5ce832b94946,54c5da87-9087-5a05-ba34-c433a7d413ec,ffc2c17e4e22,188.3.17,188,2,3,17,"[46.0, 61.0, 470.0, 879.0]",Text,"Dufriche-Desgenettes, rue de Tournon, 6.  ",ENTRY,"<SUBJ>Dufriche-Desgenettes</SUBJ>, <ADDR>rue de Tournon, 6.</ADDR>",1,0,1,1.0000,,,B-ENTRY,model,0.9976,2026-09-24 14:07:28,eb1952138566
9e74409d-39b2-5966-b559-7ea0e5d676d6,54c5da87-9087-5a05-ba34-c433a7d413ec,4c3bb2025eb9,188.3.18,188,2,3,18,"[46.0, 61.0, 470.0, 879.0]",Text,"Dumangin, rue Traversière-Saint-Honoré, 25.  ",ENTRY,"<SUBJ>Dumangin</SUBJ>, <ADDR>rue Traversière-Saint-Honoré, 25.</ADDR>",1,0,1,1.0000,,,B-ENTRY,model,0.9954,2026-09-24 14:07:28,8da8bf3aad6b
fb1b368a-8ae4-58f0-a85f-d2a33d476e01,54c5da87-9087-5a05-ba34-c433a7d413ec,f931e7dc10fd,188.3.19,188,2,3,19,"[46.0, 61.0, 470.0, 879.0]",Text,"Dumas, rue de Sèvres, 54.  ",ENTRY,"<SUBJ>Dumas</SUBJ>, <ADDR>rue de Sèvres, 54.</ADDR>",1,0,1,1.0000,,,B-ENTRY,model,0.9949,2026-09-24 14:07:28,e8a1d1e72845
19c5cff6-a966-5af4-8500-060ae0d64bde,54c5da87-9087-5a05-ba34-c433a7d413ec,56c88b109bd7,188.3.20,188,2,3,20,"[46.0, 61.0, 470.0, 879.0]",Text,"Duméril, rue de l'Estrapade, 25.  ",ENTRY,"<SUBJ>Duméril</SUBJ>, <ADDR>rue de l'Estrapade, 25.</ADDR>",1,0,1,1.0000,,,B-ENTRY,model,0.9965,2026-09-24 14:07:28,212e03eff500
35708f62-617b-5799-ae8b-7fa961aace5e,54c5da87-9087-5a05-ba34-c433a7d413ec,3fdd50f90f6c,188.3.21,188,2,3,21,"[46.0, 61.0, 470.0, 879.0]",Text,"Dupont, rue Neuve-St.-Roch, 37.  ",ENTRY,"<SUBJ>Dupont</SUBJ>, <ADDR>rue Neuve-St.-Roch, 37.</ADDR>",1,0,1,1.0000,,,B-ENTRY,human,1.0,2026-09-24 14:06:45,2f6d9bff93ed
51309695-ad67-5546-88ae-de131e6b88b7,54c5da87-9087-5a05-ba34-c433a7d413ec,ecfbf3bd00ed,188.3.22,188,2,3,22,"[46.0, 61.0, 470.0, 879.0]",Text,"Dupont de la Motte, rue Charlot, 12.  ",ENTRY,"<SUBJ>Dupont de la Motte</SUBJ>, <ADDR>rue Charlot, 12.</ADDR>",1,0,1,1.0000,,,B-ENTRY,human,1.0,2026-09-24 14:06:45,2b2345daff7e
9274276f-721e-54c7-96ff-c612938e9b98,54c5da87-9087-5a05-ba34-c433a7d413ec,1087f62dc8e3,188.3.23,188,2,3,23,"[46.0, 61.0, 470.0, 879.0]",Text,"Dutertre, rue du Mont-Blanc, 58.  ",ENTRY,"<SUBJ>Dutertre</SUBJ>, <ADDR>rue du Mont-Blanc, 58.</ADDR>",1,0,1,1.0000,,,B-ENTRY,model,0.9965,2026-09-24 14:07:28,f5f771f31d33
fd8e69d6-8cb7-5d9c-b1dd-191f39ac0e23,54c5da87-9087-5a05-ba34-c433a7d413ec,3bdb1badf2b7,188.3.24,188,2,3,24,"[46.0, 61.0, 470.0, 879.0]",Text,"Emonnot, rue Notre-Dame-des-Victoires, 12.  ",ENTRY,"<SUBJ>Emonnot</SUBJ>, <ADDR>rue Notre-Dame-des-Victoires, 12.</ADDR>",1,0,1,1.0000,,,B-ENTRY,model,0.9954,2026-09-24 14:07:28,aa1a83e60655
4cba7a04-e4f6-5d99-aa23-b72d2f24958d,54c5da87-9087-5a05-ba34-c433a7d413ec,a714764b949f,188.3.25,188,2,3,25,"[46.0, 61.0, 470.0, 879.0]",Text,"Enguehard, rue Sainte-Apolline, 10.  ",ENTRY,"<SUBJ>Enguehard</SUBJ>, <ADDR>rue Sainte-Apolline, 10.</ADDR>",1,0,1,1.0000,,,B-ENTRY,model,0.9954,2026-09-24 14:07:28,4ea40f554261
0d1347a6-eb15-5194-93e4-d55f6c55edbb,54c5da87-9087-5a05-ba34-c433a7d413ec,8ff1f0907ab3,188.3.26,188,2,3,26,"[46.0, 61.0, 470.0, 879.0]",Text,"Esquirol, boulevard de l'Hôpital, 16.  ",ENTRY,"<SUBJ>Esquirol</SUBJ>, <ADDR>boulevard de l'Hôpital, 16.</ADDR>",1,0,1,1.0000,,,B-ENTRY,model,0.9965,2026-09-24 14:07:28,aedf1ca01404
886b8e4e-d145-5ab9-9a99-150410d275ed,54c5da87-9087-5a05-ba34-c433a7d413ec,f40f36ee3bfc,188.3.27,188,2,3,27,"[46.0, 61.0, 470.0, 879.0]",Text,"Evesque, *et accoucheur*, rue Neuve-St.-Eustache, 40.  ",ENTRY,"<SUBJ>Evesque</SUBJ>, *<DESC>et accoucheur</DESC>*, <ADDR>rue Neuve-St.-Eustache, 40.</ADDR>",1,1,1,1.0000,,,B-ENTRY,model,0.9964,2026-09-24 14:07:28,4ef80f168765
624df3c7-4fbe-5909-b3b8-db8278193173,54c5da87-9087-5a05-ba34-c433a7d413ec,aa3488e235c7,188.3.28,188,2,3,28,"[46.0, 61.0, 470.0, 879.0]",Text,"Fabré, *et accoucheur*, rue de l'Arbre-Sec, 35.  ",ENTRY,"<SUBJ>Fabré</SUBJ>, *<DESC>et accoucheur</DESC>*, <ADDR>rue de l'Arbre-Sec, 35.</ADDR>",1,1,1,1.0000,,,B-ENTRY,model,0.9964,2026-09-24 14:07:28,6863f1da329f
279bdd3d-977a-5678-815c-4bcf640e6e65,54c5da87-9087-5a05-ba34-c433a7d413ec,b1576e1ce349,188.3.29,188,2,3,29,"[46.0, 61.0, 470.0, 879.0]",Text,"Fautrelle, rue de Fourey, 1.  ",ENTRY,"<SUBJ>Fautrelle</SUBJ>, <ADDR>rue de Fourey, 1.</ADDR>",1,0,1,1.0000,,,B-ENTRY,model,0.9949,2026-09-24 14:07:28,8a406d7e51e7
c86620c9-5fb4-5374-b47a-2476c0cd1a95,54c5da87-9087-5a05-ba34-c433a7d413ec,51b2d5bf5f54,188.3.30,188,2,3,30,"[46.0, 61.0, 470.0, 879.0]",Text,"Favareille-Placial (P.), quai de la Tournelle, 55.  ",ENTRY,"<SUBJ>Favareille-Placial (P.)</SUBJ>, <ADDR>quai de la Tournelle, 55.</ADDR>",1,0,1,1.0000,,,B-ENTRY,model,0.9965,2026-09-24 14:07:28,421a7d3163b3
1fabf7c6-4bf9-507c-86ae-9942b87cecc2,54c5da87-9087-5a05-ba34-c433a7d413ec,64d6df7c31ee,188.3.31,188,2,3,31,"[46.0, 61.0, 470.0, 879.0]",Text,"Fels, rue de Sèvres, 21.  ",ENTRY,"<SUBJ>Fels</SUBJ>, <ADDR>rue de Sèvres, 21.</ADDR>",1,0,1,1.0000,,,B-ENTRY,model,0.9949,2026-09-24 14:07:28,e58a11e7ca71
1a099829-c24b-56e2-82ca-3a334cb3f447,54c5da87-9087-5a05-ba34-c433a7d413ec,689e3b53dd04,188.3.32,188,2,3,32,"[46.0, 61.0, 470.0, 879.0]",Text,"Fizeau, rue Baillette, 5.  ",ENTRY,"<SUBJ>Fizeau</SUBJ>, <ADDR>rue Baillette, 5.</ADDR>",1,0,1,1.0000,,,B-ENTRY,model,0.9954,2026-09-24 14:07:28,0d9bae73d5c1
3a11ac0b-0a4d-552f-a1d3-f90b22af4d5d,54c5da87-9087-5a05-ba34-c433a7d413ec,4866c5efeaf4,188.3.33,188,2,3,33,"[46.0, 61.0, 470.0, 879.0]",Text,"Foix, rue de Grenelle-St.-Honoré, 35.  ",ENTRY,"<SUBJ>Foix</SUBJ>, <ADDR>rue de Grenelle-St.-Honoré, 35.</ADDR>",1,0,1,1.0000,,,B-ENTRY,model,0.9949,2026-09-24 14:07:28,7f9a4f02626e
4e06c295-06f9-5eac-a8dd-623cad1c14d7,54c5da87-9087-5a05-ba34-c433a7d413ec,053280efdc5d,188.3.34,188,2,3,34,"[46.0, 61.0, 470.0, 879.0]",Text,"Force, grande rue du Faubourg-Saint-Antoine, 274.  ",ENTRY,"<SUBJ>Force</SUBJ>, <ADDR>grande rue du Faubourg-Saint-Antoine, 274.</ADDR>",1,0,1,1.0000,,,B-ENTRY,model,0.9949,2026-09-24 14:07:28,9649e740a2df
f7458bec-a9bd-51ca-a73d-1159771ff9c8,54c5da87-9087-5a05-ba34-c433a7d413ec,d5a12835c046,188.3.35,188,2,3,35,"[46.0, 61.0, 470.0, 879.0]",Text,"Forestier, rue de Richelieu, 7.  ",ENTRY,"<SUBJ>Forestier</SUBJ>, <ADDR>rue de Richelieu, 7.</ADDR>",1,0,1,1.0000,,,B-ENTRY,model,0.9949,2026-09-24 14:07:28,9bf87abcf260
47717725-7972-547b-8bc8-d1b07ddbc88e,54c5da87-9087-5a05-ba34-c433a7d413ec,7bbab5469328,188.3.36,188,2,3,36,"[46.0, 61.0, 470.0, 879.0]",Text,"Foubert, rue du Regard, 18.  ",ENTRY,"<SUBJ>Foubert</SUBJ>, <ADDR>rue du Regard, 18.</ADDR>",1,0,1,1.0000,,,B-ENTRY,model,0.9949,2026-09-24 14:07:28,5b315299331e
58253033-cf3a-5cf1-8053-c80aac5aeafa,54c5da87-9087-5a05-ba34-c433a7d413ec,7175256a1ffe,188.3.37,188,2,3,37,"[46.0, 61.0, 470.0, 879.0]",Text,"Fouquier, rue Jacob, 14.  ",ENTRY,"<SUBJ>Fouquier</SUBJ>, <ADDR>rue Jacob, 14.</ADDR>",1,0,1,1.0000,,,B-ENTRY,model,0.9954,2026-09-24 14:07:28,da3525c7fc78
d8aedd6f-bacc-519f-8128-fd02c5a59367,54c5da87-9087-5a05-ba34-c433a7d413ec,0eafca131b3d,188.3.38,188,2,3,38,"[46.0, 61.0, 470.0, 879.0]",Text,"Fourcade, rue des Gravilliers, 48.  ",ENTRY,"<SUBJ>Fourcade</SUBJ>, <ADDR>rue des Gravilliers, 48.</ADDR>",1,0,1,1.0000,,,B-ENTRY,human,1.0,2026-09-24 14:07:08,3ebda8dd23f4
30519039-c67c-5092-a2e3-97d7a6b2a9ed,54c5da87-9087-5a05-ba34-c433a7d413ec,c7986f7f77bb,188.3.39,188,2,3,39,"[46.0, 61.0, 470.0, 879.0]",Text,"Fourcroy, *conseiller d'état*, au Jardin des Plantes.  ",ENTRY,"<SUBJ>Fourcroy</SUBJ>, *<DESC>conseiller d'état</DESC>*, <ADDR>au Jardin des Plantes.</ADDR>",1,1,1,1.0000,,,B-ENTRY,human,1.0,2026-09-24 14:07:08,60ae516d98d8
0fc1efa4-00df-52e9-a793-4cea68e5f1e3,54c5da87-9087-5a05-ba34-c433a7d413ec,a70fc6281719,188.3.40,188,2,3,40,"[46.0, 61.0, 470.0, 879.0]",Text,"Fourreau-Beauregard, rue des Deux-Ecus, 5.  ",ENTRY,"<SUBJ>Fourreau-Beauregard</SUBJ>, <ADDR>rue des Deux-Ecus, 5.</ADDR>",1,0,1,1.0000,,,B-ENTRY,model,0.9965,2026-09-24 14:07:28,ca9361924d38
67dc2b5c-82c5-507f-b1c2-30cc20f8fb5f,54c5da87-9087-5a05-ba34-c433a7d413ec,ce541d471b01,188.3.41,188,2,3,41,"[46.0, 61.0, 470.0, 879.0]",Text,"Fourier-Duportail, rue St.-Denis, 374.  ",ENTRY,"<SUBJ>Fourier-Duportail</SUBJ>, <ADDR>rue St.-Denis, 374.</ADDR>",1,0,1,1.0000,,,B-ENTRY,model,0.9964,2026-09-24 14:07:28,16a76070dded
fddc4b99-4d2b-5d9f-8a9c-91474ca00423,54c5da87-9087-5a05-ba34-c433a7d413ec,1146dc8e1109,188.3.42,188,2,3,42,"[46.0, 61.0, 470.0, 879.0]",Text,"Gardien, rue Montmartre, 137.  ",ENTRY,"<SUBJ>Gardien</SUBJ>, <ADDR>rue Montmartre, 137.</ADDR>",1,0,1,1.0000,,,B-ENTRY,model,0.9954,2026-09-24 14:07:28,ed152ece220d
7c6b3140-f4b5-57ba-bb92-d7d66419cb61,54c5da87-9087-5a05-ba34-c433a7d413ec,1d8adcb37720,188.3.43,188,2,3,43,"[46.0, 61.0, 470.0, 879.0]",Text,"Gaux, rue Saint-Jacques.  ",ENTRY,"<SUBJ>Gaux</SUBJ>, <ADDR>rue Saint-Jacques.</ADDR>",1,0,1,1.0000,,,B-ENTRY,model,0.994,2026-09-24 14:07:28,bc65253b4f9a
63e268de-5030-5b64-9769-c2a1a605a5df,54c5da87-9087-5a05-ba34-c433a7d413ec,15644dc7e377,188.3.44,188,2,3,44,"[46.0, 61.0, 470.0, 879.0]",Text,"Gay, rue du Doyenné, 3.  ",ENTRY,"<SUBJ>Gay</SUBJ>, <ADDR>rue du Doyenné, 3.</ADDR>",1,0,1,1.0000,,,B-ENTRY,model,0.9949,2026-09-24 14:07:28,ee5564ec1e5b
742a6cbf-ac34-5be5-ba36-fce0dc305e47,54c5da87-9087-5a05-ba34-c433a7d413ec,22fde4d713ea,188.3.45,188,2,3,45,"[46.0, 61.0, 470.0, 879.0]",Text,"Geoffroy, rue Saint-Jacques, aux Fenillantes.  ",ENTRY,"<SUBJ>Geoffroy</SUBJ>, <ADDR>rue Saint-Jacques, aux Fenillantes.</ADDR>",1,0,1,1.0000,,,B-ENTRY,model,0.9943,2026-09-24 14:07:28,a195d6fcc3bb
69e6bcf7-5090-5c3a-ac52-81ae0331250b,54c5da87-9087-5a05-ba34-c433a7d413ec,88347c4ab375,188.3.46,188,2,3,46,"[46.0, 61.0, 470.0, 879.0]",Text,"Geoffroy, rue Sainte-Croix-de-la-Bretonnerie, 2.  ",ENTRY,"<SUBJ>Geoffroy</SUBJ>, <ADDR>rue Sainte-Croix-de-la-Bretonnerie, 2.</ADDR>",1,0,1,1.0000,,,B-ENTRY,model,0.9954,2026-09-24 14:07:28,053f0b49fdf7
b6fc918c-954a-554c-92a3-b73973cf54b7,54c5da87-9087-5a05-ba34-c433a7d413ec,18900d1ad744,188.3.47,188,2,3,47,"[46.0, 61.0, 470.0, 879.0]",Text,"Géraud, rue de la Harpe, 81.  ",ENTRY,"<SUBJ>Géraud</SUBJ>, <ADDR>rue de la Harpe, 81.</ADDR>",1,0,1,1.0000,,,B-ENTRY,human,1.0,2026-09-24 14:06:18,8892852782ea
52f365cf-182a-522c-af4d-238f5ed2b8a9,54c5da87-9087-5a05-ba34-c433a7d413ec,3c58fe9e8fda,188.3.48,188,2,3,48,"[46.0, 61.0, 470.0, 879.0]",Text,"Gilbert neveu, rue du Faubourg-Saint-Jacques, 39.  ",ENTRY,"<SUBJ>Gilbert neveu</SUBJ>, <ADDR>rue du Faubourg-Saint-Jacques, 39.</ADDR>",1,0,1,1.0000,,,B-ENTRY,human,1.0,2026-09-24 14:06:18,87a1f93ce003
299cd46c-be70-576e-92cb-1f053d3b561d,54c5da87-9087-5a05-ba34-c433a7d413ec,ecd2e9bf3797,188.3.49,188,2,3,49,"[46.0, 61.0, 470.0, 879.0]",Text,"Girard, rue Montmartre, 109.",ENTRY,"<SUBJ>Girard</SUBJ>, <ADDR>rue Montmartre, 109.</ADDR>",1,0,1,1.0000,,,B-ENTRY,model,0.9955,2026-09-24 14:07:28,536f5f2939b5
28006def-a86a-5011-a97c-218c87a8019d,54c5da87-9087-5a05-ba34-c433a7d413ec,571b951d9482,188.4.0,188,3,4,0,"[488.0, 61.0, 887.0, 877.0]",Text,"Giraudy, rue d'Argenteuil, 37.  ",ENTRY,"<SUBJ>Giraudy</SUBJ>, <ADDR>rue d'Argenteuil, 37.</ADDR>",1,0,1,1.0000,,,B-ENTRY,model,0.9949,2026-09-24 14:07:28,a801f8a48346
4cf4b630-cc06-5e6b-900a-3fefab33779f,54c5da87-9087-5a05-ba34-c433a7d413ec,267ea47fba4a,188.4.1,188,3,4,1,"[488.0, 61.0, 887.0, 877.0]",Text,"Gissot, rue Neuve-des-Petits-Champs, 31.  ",ENTRY,"<SUBJ>Gissot</SUBJ>, <ADDR>rue Neuve-des-Petits-Champs, 31.</ADDR>",1,0,1,1.0000,,,B-ENTRY,model,0.9954,2026-09-24 14:07:28,4b083f2f6a2e
8f492fc3-459d-52af-913c-653714ffb0c1,54c5da87-9087-5a05-ba34-c433a7d413ec,6d4fc88c8d8d,188.4.2,188,3,4,2,"[488.0, 61.0, 887.0, 877.0]",Text,"Goetz, rue de la Bienfaisance, 5.  ",ENTRY,"<SUBJ>Goetz</SUBJ>, <ADDR>rue de la Bienfaisance, 5.</ADDR>",1,0,1,1.0000,,,B-ENTRY,model,0.9949,2026-09-24 14:07:28,59121791345f
0b06b4d5-967c-533a-8b6f-c89b081f5e83,54c5da87-9087-5a05-ba34-c433a7d413ec,e47dfeedfeb3,188.4.3,188,3,4,3,"[488.0, 61.0, 887.0, 877.0]",Text,"Gondret, rue Saint-Honoré, 355.  ",ENTRY,"<SUBJ>Gondret</SUBJ>, <ADDR>rue Saint-Honoré, 355.</ADDR>",1,0,1,1.0000,,,B-ENTRY,model,0.9954,2026-09-24 14:07:28,cffb78d38ae7
e31e84d7-a14d-5180-8654-9f6460c9a5da,54c5da87-9087-5a05-ba34-c433a7d413ec,0dd69274b8de,188.4.4,188,3,4,4,"[488.0, 61.0, 887.0, 877.0]",Text,"Goutte, rue du Sépulcre, 2.  ",ENTRY,"<SUBJ>Goutte</SUBJ>, <ADDR>rue du Sépulcre, 2.</ADDR>",1,0,1,1.0000,,,B-ENTRY,model,0.9949,2026-09-24 14:07:28,e069f510cc45
c188f996-e66d-506a-96c4-65e11408ba86,54c5da87-9087-5a05-ba34-c433a7d413ec,c87d4ea8fbe2,188.4.5,188,3,4,5,"[488.0, 61.0, 887.0, 877.0]",Text,"Graperon, rue Montorgueil, 71.  ",ENTRY,"<SUBJ>Graperon</SUBJ>, <ADDR>rue Montorgueil, 71.</ADDR>",1,0,1,1.0000,,,B-ENTRY,model,0.9954,2026-09-24 14:07:28,880bde5d8cf9
d567b31d-4992-5b79-b778-3dcfaaa4c223,54c5da87-9087-5a05-ba34-c433a7d413ec,d4162401c4e4,188.4.6,188,3,4,6,"[488.0, 61.0, 887.0, 877.0]",Text,"Gras, *accoucheur*, rue Saint-Avoye, 60.  ",ENTRY,"<SUBJ>Gras</SUBJ>, *<DESC>accoucheur</DESC>*, <ADDR>rue Saint-Avoye, 60.</ADDR>",1,1,1,1.0000,,,B-ENTRY,model,0.9964,2026-09-24 14:07:28,e27b0e99c4f1
f6e31ed6-dcf3-5c99-a7f5-0efdc4d1625e,54c5da87-9087-5a05-ba34-c433a7d413ec,0cd98c395539,188.4.7,188,3,4,7,"[488.0, 61.0, 887.0, 877.0]",Text,"Gueneau, rue Cassette, 23.  ",ENTRY,"<SUBJ>Gueneau</SUBJ>, <ADDR>rue Cassette, 23.</ADDR>",1,0,1,1.0000,,,B-ENTRY,human,1.0,2026-09-24 14:06:48,456febe6b56f
515d2610-8a4b-501e-828a-bc65b0da1256,54c5da87-9087-5a05-ba34-c433a7d413ec,64a12a4e7897,188.4.8,188,3,4,8,"[488.0, 61.0, 887.0, 877.0]",Text,"Guérinet, rue de Sorbonne.  ",ENTRY,"<SUBJ>Guérinet</SUBJ>, <ADDR>rue de Sorbonne.</ADDR>",1,0,1,1.0000,,,B-ENTRY,human,1.0,2026-09-24 14:06:48,43ff14381f7e
f5a18192-2358-5e2c-a545-f69178e7087c,54c5da87-9087-5a05-ba34-c433a7d413ec,6bd08109247c,188.4.9,188,3,4,9,"[488.0, 61.0, 887.0, 877.0]",Text,"Guersent, rue Beaubourg, 52.  ",ENTRY,"<SUBJ>Guersent</SUBJ>, <ADDR>rue Beaubourg, 52.</ADDR>",1,0,1,1.0000,,,B-ENTRY,model,0.9954,2026-09-24 14:07:28,5dfab299bdbd
c4de54a0-f9a1-5da5-91b2-dd3b6fcdd486,54c5da87-9087-5a05-ba34-c433a7d413ec,743580eb4f6c,188.4.10,188,3,4,10,"[488.0, 61.0, 887.0, 877.0]",Text,"Guignard, rue du Sentier, 6.  ",ENTRY,"<SUBJ>Guignard</SUBJ>, <ADDR>rue du Sentier, 6.</ADDR>",1,0,1,1.0000,,,B-ENTRY,model,0.9949,2026-09-24 14:07:28,3f26497928e9
d282dacb-7a96-5473-863f-b918bed26f9e,54c5da87-9087-5a05-ba34-c433a7d413ec,d566625c380b,188.4.11,188,3,4,11,"[488.0, 61.0, 887.0, 877.0]",Text,"Guilbert, rue Pierre-Sarrazin, 10.  ",ENTRY,"<SUBJ>Guilbert</SUBJ>, <ADDR>rue Pierre-Sarrazin, 10.</ADDR>",1,0,1,1.0000,,,B-ENTRY,model,0.9954,2026-09-24 14:07:28,9da584379294
c5c3fb42-48e2-54a8-aedf-0fd6e235e4e0,54c5da87-9087-5a05-ba34-c433a7d413ec,96ba981be237,188.4.12,188,3,4,12,"[488.0, 61.0, 887.0, 877.0]",Text,"Guillotin, rue Neuve-Saint-Roch, 57.  ",ENTRY,"<SUBJ>Guillotin</SUBJ>, <ADDR>rue Neuve-Saint-Roch, 57.</ADDR>",1,0,1,1.0000,,,B-ENTRY,model,0.9954,2026-09-24 14:07:28,4ac6791c5dc3
a23a5972-b88b-5e44-b56d-02a78c4de290,54c5da87-9087-5a05-ba34-c433a7d413ec,4789aa7684e6,188.4.13,188,3,4,13,"[488.0, 61.0, 887.0, 877.0]",Text,"Guinot, rue des Fontaines-Nationales, 10.  ",ENTRY,"<SUBJ>Guinot</SUBJ>, <ADDR>rue des Fontaines-Nationales, 10.</ADDR>",1,0,1,1.0000,,,B-ENTRY,model,0.9965,2026-09-24 14:07:28,33456fea3bd9
5770e91d-92e3-5d1a-8240-a66da37323ff,54c5da87-9087-5a05-ba34-c433a7d413ec,0fb218ea0b2a,188.4.14,188,3,4,14,"[488.0, 61.0, 887.0, 877.0]",Text,"Hallé, *premier médecin ordinaire de l'Empereur*, rue Pierre-Sarrazin, 19.  ",ENTRY,"<SUBJ>Hallé</SUBJ>, *<DESC>premier médecin ordinaire de l'Empereur</DESC>*, <ADDR>rue Pierre-Sarrazin, 19.</ADDR>",1,1,1,1.0000,,,B-ENTRY,model,0.9964,2026-09-24 14:07:28,132307630040
a00f61be-e6be-596a-979d-ba0cdc0a0ad5,54c5da87-9087-5a05-ba34-c433a7d413ec,fd6496e1e43d,188.4.15,188,3,4,15,"[488.0, 61.0, 887.0, 877.0]",Text,"Hamel, rue des Fossés-Montmartre, 15.  ",ENTRY,"<SUBJ>Hamel</SUBJ>, <ADDR>rue des Fossés-Montmartre, 15.</ADDR>",1,0,1,1.0000,,,B-ENTRY,model,0.9965,2026-09-24 14:07:28,bd30a9945381
a2a6dcc7-7fc2-5905-9e5d-5aa7b1064966,54c5da87-9087-5a05-ba34-c433a7d413ec,ac6324abb430,188.4.16,188,3,4,16,"[488.0, 61.0, 887.0, 877.0]",Text,"Heurteloup, rue Favart, 8.  ",ENTRY,"<SUBJ>Heurteloup</SUBJ>, <ADDR>rue Favart, 8.</ADDR>",1,0,1,1.0000,,,B-ENTRY,model,0.9954,2026-09-24 14:07:28,0566b1d6725d
b75f3bfe-03e1-5680-92b7-bd4d1170b995,54c5da87-9087-5a05-ba34-c433a7d413ec,34a7bdfb2c69,188.4.17,188,3,4,17,"[488.0, 61.0, 887.0, 877.0]",Text,"Hoffmann, dit Laffecteur, rue des Petits-Augustins, 11.  ",ENTRY,"<SUBJ>Hoffmann, dit Laffecteur</SUBJ>, <ADDR>rue des Petits-Augustins, 11.</ADDR>",1,0,1,0.9999,,,B-ENTRY,model,0.9954,2026-09-24 14:07:28,2da6242e31bb
86511968-8716-5730-a3b1-2a52eba4f620,54c5da87-9087-5a05-ba34-c433a7d413ec,02a992296e04,188.4.18,188,3,4,18,"[488.0, 61.0, 887.0, 877.0]",Text,"Horeau, rue de Grenelle-Saint-Germain, 35.  ",ENTRY,"<SUBJ>Horeau</SUBJ>, <ADDR>rue de Grenelle-Saint-Germain, 35.</ADDR>",1,0,1,1.0000,,,B-ENTRY,human,1.0,2026-09-24 14:06:30,9e397ba93bb5
c794f8cc-7deb-56be-92e5-cca439fbc796,54c5da87-9087-5a05-ba34-c433a7d413ec,927c07a2b33d,188.4.19,188,3,4,19,"[488.0, 61.0, 887.0, 877.0]",Text,"Husson, à l'Ecole de Médecine.  ",ENTRY,"<SUBJ>Husson</SUBJ>, <ADDR>à l'Ecole de Médecine.</ADDR>",1,0,1,1.0000,,,B-ENTRY,human,1.0,2026-09-24 14:06:30,6df3d485f503
c3063d92-a3b6-5693-aa0d-9942b18ec32b,54c5da87-9087-5a05-ba34-c433a7d413ec,d6c15e9a6994,188.4.20,188,3,4,20,"[488.0, 61.0, 887.0, 877.0]",Text,"Ilard, rue du Faub.-Saint-Jacques, 256.  ",ENTRY,"<SUBJ>Ilard</SUBJ>, <ADDR>rue du Faub.-Saint-Jacques, 256.</ADDR>",1,0,1,1.0000,,,B-ENTRY,model,0.995,2026-09-24 14:07:28,4ddc7a1aebd2
23bb0269-0434-566a-a78c-b0f61d2b5b79,54c5da87-9087-5a05-ba34-c433a7d413ec,5b2f4a728d9d,188.4.21,188,3,4,21,"[488.0, 61.0, 887.0, 877.0]",Text,"Jabalot, rue Neuve-Saint-Méry, 12.  ",ENTRY,"<SUBJ>Jabalot</SUBJ>, <ADDR>rue Neuve-Saint-Méry, 12.</ADDR>",1,0,1,1.0000,,,B-ENTRY,model,0.9954,2026-09-24 14:07:28,664f7cced875
50ee349b-c0c2-525d-b825-ee4e68b4acba,54c5da87-9087-5a05-ba34-c433a7d413ec,3ebde2d19f2a,188.4.22,188,3,4,22,"[488.0, 61.0, 887.0, 877.0]",Text,"Jacquemin, rue Saint-Avoye, 9.  ",ENTRY,"<SUBJ>Jacquemin</SUBJ>, <ADDR>rue Saint-Avoye, 9.</ADDR>",1,0,1,1.0000,,,B-ENTRY,model,0.9954,2026-09-24 14:07:28,3d68e200115b
5fd407c1-0b61-559b-9c29-363b62bd72a8,54c5da87-9087-5a05-ba34-c433a7d413ec,278e4d482915,188.4.23,188,3,4,23,"[488.0, 61.0, 887.0, 877.0]",Text,"Jacques, rue Etienne, 5.  ",ENTRY,"<SUBJ>Jacques</SUBJ>, <ADDR>rue Etienne, 5.</ADDR>",1,0,1,1.0000,,,B-ENTRY,model,0.9954,2026-09-24 14:07:28,47c7e117d6a2
120a9ef6-06a4-5d9f-be4d-8372ed1a0f8b,54c5da87-9087-5a05-ba34-c433a7d413ec,5364c7668605,188.4.24,188,3,4,24,"[488.0, 61.0, 887.0, 877.0]",Text,"Jadelot, rue du Bacq, 86.  ",ENTRY,"<SUBJ>Jadelot</SUBJ>, <ADDR>rue du Bacq, 86.</ADDR>",1,0,1,1.0000,,,B-ENTRY,model,0.9949,2026-09-24 14:07:28,8e83bec6e51f
13be6e05-87e8-5a86-8f8e-568cec3e4299,54c5da87-9087-5a05-ba34-c433a7d413ec,b37e5075e2cc,188.4.25,188,3,4,25,"[488.0, 61.0, 887.0, 877.0]",Text,"Jaade-Lafond, rue de Richelieu, 46.  ",ENTRY,"<SUBJ>Jaade-Lafond</SUBJ>, <ADDR>rue de Richelieu, 46.</ADDR>",1,0,1,1.0000,,,B-ENTRY,model,0.9975,2026-09-24 14:07:28,cf1a4a89a0a5
ddcf5997-2a09-575f-9a23-3edb4edf21e0,54c5da87-9087-5a05-ba34-c433a7d413ec,68c1d62a747b,188.4.26,188,3,4,26,"[488.0, 61.0, 887.0, 877.0]",Text,"Jeannet des Longrois, rue la Vrillière, 2.  ",ENTRY,"<SUBJ>Jeannet des Longrois</SUBJ>, <ADDR>rue la Vrillière, 2.</ADDR>",1,0,1,1.0000,,,B-ENTRY,model,0.9923,2026-09-24 14:07:28,b1f585a870e0
a8e0955a-0485-528f-b3fb-9d8e05c77abb,54c5da87-9087-5a05-ba34-c433a7d413ec,5756b0ced8a7,188.4.27,188,3,4,27,"[488.0, 61.0, 887.0, 877.0]",Text,"Jeanroy (Dieudonné), rue Saint-Martin, 261.  ",ENTRY,"<SUBJ>Jeanroy (Dieudonné)</SUBJ>, <ADDR>rue Saint-Martin, 261.</ADDR>",1,0,1,1.0000,,,B-ENTRY,human,1.0,2026-09-24 14:07:10,a446e8d758b3
c412bd85-a6d5-503d-a7c3-d5fc27d39270,54c5da87-9087-5a05-ba34-c433a7d413ec,a5306f11d96c,188.4.28,188,3,4,28,"[488.0, 61.0, 887.0, 877.0]",Text,"Jeanroy (N.), rue du Doyenné, 5.  ",ENTRY,"<SUBJ>Jeanroy (N.)</SUBJ>, <ADDR>rue du Doyenné, 5.</ADDR>",1,0,1,1.0000,,,B-ENTRY,human,1.0,2026-09-24 14:07:10,f73ab69d8d49
38b6fc8a-1634-5c45-9d76-1d653775acf9,54c5da87-9087-5a05-ba34-c433a7d413ec,da8d94cb5467,188.4.29,188,3,4,29,"[488.0, 61.0, 887.0, 877.0]",Text,"Jouarme, rue Saint-Florentin, 17.  ",ENTRY,"<SUBJ>Jouarme</SUBJ>, <ADDR>rue Saint-Florentin, 17.</ADDR>",1,0,1,1.0000,,,B-ENTRY,model,0.9954,2026-09-24 14:07:28,a0a0f1feb141
b75a7eb6-32a8-5089-80b5-ce63cd9ceeee,54c5da87-9087-5a05-ba34-c433a7d413ec,a30089a720a8,188.4.30,188,3,4,30,"[488.0, 61.0, 887.0, 877.0]",Text,"Jouard, marché d'Aguesseau, 302.  ",ENTRY,"<SUBJ>Jouard</SUBJ>, <ADDR>marché d'Aguesseau, 302.</ADDR>",1,0,1,0.9986,,,B-ENTRY,model,0.9949,2026-09-24 14:07:28,70ee9336b516
edf94fc1-0108-5fc8-9792-15801268c627,54c5da87-9087-5a05-ba34-c433a7d413ec,4522271d560b,188.4.31,188,3,4,31,"[488.0, 61.0, 887.0, 877.0]",Text,"Joubert (Elie), rue du Faubourg-Poissonnière, 2.  ",ENTRY,"<SUBJ>Joubert (Elie)</SUBJ>, <ADDR>rue du Faubourg-Poissonnière, 2.</ADDR>",1,0,1,1.0000,,,B-ENTRY,human,1.0,2026-09-24 14:05:23,55357c549af3
e74ac337-1370-5620-a9b3-aa7f4b9065d3,54c5da87-9087-5a05-ba34-c433a7d413ec,84995dbe5613,188.4.32,188,3,4,32,"[488.0, 61.0, 887.0, 877.0]",Text,"Joubert (Louis), rue de Bussy, 15.  ",ENTRY,"<SUBJ>Joubert (Louis)</SUBJ>, <ADDR>rue de Bussy, 15.</ADDR>",1,0,1,1.0000,,,B-ENTRY,human,1.0,2026-09-24 14:05:23,bc8be5e5bc1d
a2f43d7f-9a83-5f4e-84f8-bc752278d4f2,54c5da87-9087-5a05-ba34-c433a7d413ec,3c14ca213903,188.4.33,188,3,4,33,"[488.0, 61.0, 887.0, 877.0]",Text,"Juge, rue des Trois-Pavillons, 18.  ",ENTRY,"<SUBJ>Juge</SUBJ>, <ADDR>rue des Trois-Pavillons, 18.</ADDR>",1,0,1,1.0000,,,B-ENTRY,model,0.9965,2026-09-24 14:07:28,71c27ca01fcb
f233c86b-8183-5b81-8c4d-e385f60429ac,54c5da87-9087-5a05-ba34-c433a7d413ec,a79cf8d610d6,188.4.34,188,3,4,34,"[488.0, 61.0, 887.0, 877.0]",Text,"Juglar, rue Saint-Jacques, 167.  ",ENTRY,"<SUBJ>Juglar</SUBJ>, <ADDR>rue Saint-Jacques, 167.</ADDR>",1,0,1,1.0000,,,B-ENTRY,model,0.9954,2026-09-24 14:07:28,47e3bd79c21b
5135b8a7-768f-53d9-acaf-cad111fbc3a8,54c5da87-9087-5a05-ba34-c433a7d413ec,f0befa42d530,188.4.35,188,3,4,35,"[488.0, 61.0, 887.0, 877.0]",Text,"Keraudren, *médecin de la marine*, rue de la Place-Vendôme, 16.  ",ENTRY,"<SUBJ>Keraudren</SUBJ>, *<DESC>médecin de la marine</DESC>*, <ADDR>rue de la Place-Vendôme, 16.</ADDR>",1,1,1,1.0000,,,B-ENTRY,model,0.9964,2026-09-24 14:07:28,bd0cc32f046f
1a4a919b-3aff-5e44-93a1-97b6a69efadb,54c5da87-9087-5a05-ba34-c433a7d413ec,bfcc581ae603,188.4.36,188,3,4,36,"[488.0, 61.0, 887.0, 877.0]",Text,"Kerjean, rue Croix-des-Petits-Champs, 35.  ",ENTRY,"<SUBJ>Kerjean</SUBJ>, <ADDR>rue Croix-des-Petits-Champs, 35.</ADDR>",1,0,1,1.0000,,,B-ENTRY,human,1.0,2026-09-24 14:07:14,69e1e1a4e2e7
ffabf5d4-d231-54e9-b736-f7be4d664183,54c5da87-9087-5a05-ba34-c433a7d413ec,770a9116d1bc,188.4.37,188,3,4,37,"[488.0, 61.0, 887.0, 877.0]",Text,"Laborie (P.), rue Saint-Denis, cour Batave, 21.  ",ENTRY,"<SUBJ>Laborie (P.)</SUBJ>, <ADDR>rue Saint-Denis, cour Batave, 21.</ADDR>",1,0,1,1.0000,,,B-ENTRY,human,1.0,2026-09-24 14:07:14,cd882cf5e283
f78f91a6-461c-5309-a2c9-c8df32ec88a5,54c5da87-9087-5a05-ba34-c433a7d413ec,a5520af6424d,188.4.38,188,3,4,38,"[488.0, 61.0, 887.0, 877.0]",Text,"Lacombe, place du Tribunal, 229.  ",ENTRY,"<SUBJ>Lacombe</SUBJ>, <ADDR>place du Tribunal, 229.</ADDR>",1,0,1,1.0000,,,B-ENTRY,model,0.9949,2026-09-24 14:07:28,e97d28a3b24c
9d0743ca-b50e-5d71-b322-d650b617a529,54c5da87-9087-5a05-ba34-c433a7d413ec,2b04c66d1ee0,188.4.39,188,3,4,39,"[488.0, 61.0, 887.0, 877.0]",Text,"Laenne, rue du Jardinet, 5.  ",ENTRY,"<SUBJ>Laenne</SUBJ>, <ADDR>rue du Jardinet, 5.</ADDR>",1,0,1,1.0000,,,B-ENTRY,model,0.9949,2026-09-24 14:07:28,894bcf5570c1
d9d31ba9-65aa-57ae-800d-788a5acf57c8,54c5da87-9087-5a05-ba34-c433a7d413ec,25896467816f,188.4.40,188,3,4,40,"[488.0, 61.0, 887.0, 877.0]",Text,"Lafon (*à l'hospice des Orphelins*), rue Copeau, 1.  ",ENTRY,"<SUBJ>Lafon</SUBJ> <DESC>(*à l'hospice des Orphelins*)</DESC>, <ADDR>rue Copeau, 1.</ADDR>",1,1,1,1.0000,,,B-ENTRY,model,0.9949,2026-09-24 14:07:28,a985f53808a7
860ad0d1-9b0d-559e-86fa-4209ae750eff,54c5da87-9087-5a05-ba34-c433a7d413ec,afcede1242af,188.4.41,188,3,4,41,"[488.0, 61.0, 887.0, 877.0]",Text,"Lalé, rue Beaurepaire, 24.  ",ENTRY,"<SUBJ>Lalé</SUBJ>, <ADDR>rue Beaurepaire, 24.</ADDR>",1,0,1,1.0000,,,B-ENTRY,model,0.9954,2026-09-24 14:07:28,1f021da37e2b
fd67dde8-d86b-5c0f-b012-e11c239bf78a,54c5da87-9087-5a05-ba34-c433a7d413ec,381aa51c612f,188.4.42,188,3,4,42,"[488.0, 61.0, 887.0, 877.0]",Text,"Lallemand, petite rue St.-Roch, 6.  ",ENTRY,"<SUBJ>Lallemand</SUBJ>, <ADDR>petite rue St.-Roch, 6.</ADDR>",1,0,1,1.0000,,,B-ENTRY,model,0.9949,2026-09-24 14:07:28,4133a87d7e65
6f752025-03cf-5349-bb10-c1cd5f4f5713,54c5da87-9087-5a05-ba34-c433a7d413ec,c3e2a00ec2d3,188.4.43,188,3,4,43,"[488.0, 61.0, 887.0, 877.0]",Text,"Lalouette, rue Jacob, 7.  ",ENTRY,"<SUBJ>Lalouette</SUBJ>, <ADDR>rue Jacob, 7.</ADDR>",1,0,1,1.0000,,,B-ENTRY,model,0.9954,2026-09-24 14:07:28,6e4a6a59288b
c5b92cba-0229-5d93-bfa5-a36f97e8cd7c,54c5da87-9087-5a05-ba34-c433a7d413ec,8ed6ae2380d9,188.4.44,188,3,4,44,"[488.0, 61.0, 887.0, 877.0]",Text,"Lamotte, rue Thibautodé, 7.  ",ENTRY,"<SUBJ>Lamotte</SUBJ>, <ADDR>rue Thibautodé, 7.</ADDR>",1,0,1,1.0000,,,B-ENTRY,model,0.9954,2026-09-24 14:07:28,687d957ca9b3
446abbfc-f51f-5c0e-9da3-bc5c272f0d6d,54c5da87-9087-5a05-ba34-c433a7d413ec,567a9e7d0355,188.4.45,188,3,4,45,"[488.0, 61.0, 887.0, 877.0]",Text,"Landré-Beauvais, à la Salpêtrière.  ",ENTRY,"<SUBJ>Landré-Beauvais</SUBJ>, <ADDR>à la Salpêtrière.</ADDR>",1,0,1,1.0000,,,B-ENTRY,model,0.9936,2026-09-24 14:07:28,f475af3fa3a1
04dd2f01-e260-5fe5-a387-d7d4fc70b673,54c5da87-9087-5a05-ba34-c433a7d413ec,b5b115863e11,188.4.46,188,3,4,46,"[488.0, 61.0, 887.0, 877.0]",Text,"Lannefrange, rue Christine, 3.  ",ENTRY,"<SUBJ>Lannefrange</SUBJ>, <ADDR>rue Christine, 3.</ADDR>",1,0,1,1.0000,,,B-ENTRY,model,0.9954,2026-09-24 14:07:28,e020fd4eb0b4
f7ed34fb-f0b0-59b1-9f73-f8b4be8806cd,54c5da87-9087-5a05-ba34-c433a7d413ec,9e3914806120,188.4.47,188,3,4,47,"[488.0, 61.0, 887.0, 877.0]",Text,"Laracine, rue du Petit-Lion-S.-Germ., 5.  ",ENTRY,"<SUBJ>Laracine</SUBJ>, <ADDR>rue du Petit-Lion-S.-Germ., 5.</ADDR>",1,0,1,1.0000,,,B-ENTRY,model,0.9969,2026-09-24 14:07:28,fae4e4ddcf34
75219b2d-221e-546f-8a35-aee5ee311a4f,54c5da87-9087-5a05-ba34-c433a7d413ec,bc1f799279bd,188.4.48,188,3,4,48,"[488.0, 61.0, 887.0, 877.0]",Text,"Larbaud, rue Montmartre, 129.  ",ENTRY,"<SUBJ>Larbaud</SUBJ>, <ADDR>rue Montmartre, 129.</ADDR>",1,0,1,1.0000,,,B-ENTRY,model,0.9954,2026-09-24 14:07:28,b8602d162fb1
58b72495-ff0f-5184-9a3b-7769185e2265,54c5da87-9087-5a05-ba34-c433a7d413ec,0b35c4a110a2,188.4.49,188,3,4,49,"[488.0, 61.0, 887.0, 877.0]",Text,"Largueze, rue Favenne, 7.  ",ENTRY,"<SUBJ>Largueze</SUBJ>, <ADDR>rue Favenne, 7.</ADDR>",1,0,1,1.0000,,,B-ENTRY,model,0.9954,2026-09-24 14:07:28,250d1795bd39
17fefeb3-f0c5-5e01-8ef8-007980a65006,54c5da87-9087-5a05-ba34-c433a7d413ec,1e5060914e66,188.4.50,188,3,4,50,"[488.0, 61.0, 887.0, 877.0]",Text,"Larmet, rue des Maçons, 7.  ",ENTRY,"<SUBJ>Larmet</SUBJ>, <ADDR>rue des Maçons, 7.</ADDR>",1,0,1,1.0000,,,B-ENTRY,human,1.0,2026-09-24 14:07:24,8e39e731259e
5be30b92-1937-5e4b-8421-f8df5ae3e3e7,54c5da87-9087-5a05-ba34-c433a7d413ec,0015e6aa5176,188.4.51,188,3,4,51,"[488.0, 61.0, 887.0, 877.0]",Text,"Laservolle, rue de la Harpe.  ",ENTRY,"<SUBJ>Laservolle</SUBJ>, <ADDR>rue de la Harpe.</ADDR>",1,0,1,1.0000,,,B-ENTRY,human,1.0,2026-09-24 14:07:24,9e554982854d
b4197230-b25e-5512-8f24-46f82d015aa7,54c5da87-9087-5a05-ba34-c433a7d413ec,16c69636c3bb,188.4.52,188,3,4,52,"[488.0, 61.0, 887.0, 877.0]",Text,"Lasne, rue Française, 4.  ",ENTRY,"<SUBJ>Lasne</SUBJ>, <ADDR>rue Française, 4.</ADDR>",1,0,1,1.0000,,,B-ENTRY,model,0.9954,2026-09-24 14:07:28,52cc627153ca
fe4a996d-5db5-5ac1-a129-2f1359fb9979,54c5da87-9087-5a05-ba34-c433a7d413ec,71a220896369,188.4.53,188,3,4,53,"[488.0, 61.0, 887.0, 877.0]",Text,"Lasserre, rue du Mont-Blanc, 50.  ",ENTRY,"<SUBJ>Lasserre</SUBJ>, <ADDR>rue du Mont-Blanc, 50.</ADDR>",1,0,1,1.0000,,,B-ENTRY,human,1.0,2026-09-24 14:06:23,37bcc3aee4c0
8cfa5ae4-3740-5324-95dd-f940b44ed6b3,54c5da87-9087-5a05-ba34-c433a7d413ec,282737dd4a45,188.4.54,188,3,4,54,"[488.0, 61.0, 887.0, 877.0]",Text,"Lebegue de Presle, rue S.-Jacques.",ENTRY,"<SUBJ>Lebegue de Presle</SUBJ>, <ADDR>rue S.-Jacques.</ADDR>",1,0,1,1.0000,,,B-ENTRY,human,1.0,2026-09-24 14:06:23,bb87e2bd9da1
5dc9f24d-a955-5949-b883-be0495b7a3cf,54c5da87-9087-5a05-ba34-c433a7d413ec,301377d6f915,189.1.0,189,0,1,0,"[125.0, 48.0, 180.0, 67.0]",Page-Header,860,OUT OF SCOPE,,,,,,,,OUT OF SCOPE,human,1.0,2026-09-24 14:07:03,7f157b0432ee
87cb351e-ddae-5605-b6a1-eca2102df322,54c5da87-9087-5a05-ba34-c433a7d413ec,2f8e4a36c294~2,189.2.0,189,1,2,0,"[478.0, 44.0, 614.0, 63.0]",Page-Header,Docteurs,OUT OF SCOPE,,,,,,,,OUT OF SCOPE,human,1.0,2026-09-24 14:06:00,7f157b0432ee
f271a3a3-1587-5c25-ac4f-503be8af634a,54c5da87-9087-5a05-ba34-c433a7d413ec,5fa36b02be77,189.3.0,189,2,3,0,"[117.0, 69.0, 986.0, 904.0]",List-Group,"Leblanc, rue du Faub.-St.-Jacques, 59, à l'hospice des Vénériens.  ",ENTRY,"<SUBJ>Leblanc</SUBJ>, <ADDR>rue du Faub.-St.-Jacques, 59, à l'hospice des Vénériens.</ADDR>",1,0,1,1.0000,,,B-ENTRY,human,1.0,2026-09-24 14:06:00,9080837e3b3d
99bde571-e14e-5008-aa99-609aaf4a3304,54c5da87-9087-5a05-ba34-c433a7d413ec,4c30cefd9fd4,189.3.1,189,2,3,1,"[117.0, 69.0, 986.0, 904.0]",List-Group,"Leclerc, rue des Fossés-M.-le-Prince, 12.  ",ENTRY,"<SUBJ>Leclerc</SUBJ>, <ADDR>rue des Fossés-M.-le-Prince, 12.</ADDR>",1,0,1,1.0000,,,B-ENTRY,model,0.9959,2026-09-24 14:07:28,7b7165927266
68c891cb-a900-52e1-b927-2e26d90a31da,54c5da87-9087-5a05-ba34-c433a7d413ec,d7a969b45ca5,189.3.2,189,2,3,2,"[117.0, 69.0, 986.0, 904.0]",List-Group,"Ledru, rue Neuve-St.-Paul, 2.  ",ENTRY,"<SUBJ>Ledru</SUBJ>, <ADDR>rue Neuve-St.-Paul, 2.</ADDR>",1,0,1,1.0000,,,B-ENTRY,model,0.9963,2026-09-24 14:07:28,474912ab8df4
9bdb576e-5fde-5da7-a2fd-eb61eb0569fa,54c5da87-9087-5a05-ba34-c433a7d413ec,fefadcdbd89d,189.3.3,189,2,3,3,"[117.0, 69.0, 986.0, 904.0]",List-Group,"Legallois, rue de la Harpe, 29.  ",ENTRY,"<SUBJ>Legallois</SUBJ>, <ADDR>rue de la Harpe, 29.</ADDR>",1,0,1,1.0000,,,B-ENTRY,model,0.9959,2026-09-24 14:07:28,3e585f4c46b3
13a46c83-ad59-5776-8a39-fc4a70cbfe0f,54c5da87-9087-5a05-ba34-c433a7d413ec,f6ebb4db75ba,189.3.4,189,2,3,4,"[117.0, 69.0, 986.0, 904.0]",List-Group,"Lemaire, porte St.-Denis.  ",ENTRY,"<SUBJ>Lemaire</SUBJ>, <ADDR>porte St.-Denis.</ADDR>",1,0,1,1.0000,,,B-ENTRY,model,0.9965,2026-09-24 14:07:28,27796e424787
7d840c9b-fc01-5c6d-9075-a6e27a944be4,54c5da87-9087-5a05-ba34-c433a7d413ec,f8ae420ce5d3,189.3.5,189,2,3,5,"[117.0, 69.0, 986.0, 904.0]",List-Group,"Lemoine, rue des Vieux-Augustins, 18.  ",ENTRY,"<SUBJ>Lemoine</SUBJ>, <ADDR>rue des Vieux-Augustins, 18.</ADDR>",1,0,1,1.0000,,,B-ENTRY,human,1.0,2026-09-24 14:07:23,05a33fb1f859
51531c89-599f-514c-8f6f-1e590596bf38,54c5da87-9087-5a05-ba34-c433a7d413ec,0358ccb02df7,189.3.6,189,2,3,6,"[117.0, 69.0, 986.0, 904.0]",List-Group,"Lepage de Lingerville, rue St-Georges, 6.  ",ENTRY,"<SUBJ>Lepage de Lingerville</SUBJ>, <ADDR>rue St-Georges, 6.</ADDR>",1,0,1,1.0000,,,B-ENTRY,human,1.0,2026-09-24 14:07:23,8c5ef694a1fe
9e4907ea-a4b6-5b81-ae93-23e153dce7f3,54c5da87-9087-5a05-ba34-c433a7d413ec,16df381447d8,189.3.7,189,2,3,7,"[117.0, 69.0, 986.0, 904.0]",List-Group,"Lepreux, rue Chanoinesse, 10.  ",ENTRY,"<SUBJ>Lepreux</SUBJ>, <ADDR>rue Chanoinesse, 10.</ADDR>",1,0,1,1.0000,,,B-ENTRY,model,0.9963,2026-09-24 14:07:28,059c02459d06
22e3b05f-5cfe-5385-a84e-27b79040d709,54c5da87-9087-5a05-ba34-c433a7d413ec,0f97a558e9f2,189.3.8,189,2,3,8,"[117.0, 69.0, 986.0, 904.0]",List-Group,"Leroi (Alphonse), rue de Vaugirard, 84.  ",ENTRY,"<SUBJ>Leroi (Alphonse)</SUBJ>, <ADDR>rue de Vaugirard, 84.</ADDR>",1,0,1,1.0000,,,B-ENTRY,model,0.9957,2026-09-24 14:07:28,55d042bd67ff
a3865cf1-e765-59f2-b189-30e6de9f499d,54c5da87-9087-5a05-ba34-c433a7d413ec,658b626b0430,189.3.9,189,2,3,9,"[117.0, 69.0, 986.0, 904.0]",List-Group,"Leroux (J. J.), rue de Verneuil, 20.  ",ENTRY,"<SUBJ>Leroux (J. J.)</SUBJ>, <ADDR>rue de Verneuil, 20.</ADDR>",1,0,1,1.0000,,,B-ENTRY,model,0.9929,2026-09-24 14:07:28,99c506e59024
c49e2c2e-3147-5aa2-9783-b132c26ce195,54c5da87-9087-5a05-ba34-c433a7d413ec,b4983381b23a,189.3.10,189,2,3,10,"[117.0, 69.0, 986.0, 904.0]",List-Group,"Leroy (Jacq. Agathange), rue Baillette, 5.  ",ENTRY,"<SUBJ>Leroy (Jacq. Agathange)</SUBJ>, <ADDR>rue Baillette, 5.</ADDR>",1,0,1,1.0000,,,B-ENTRY,model,0.996,2026-09-24 14:07:28,85113da5e593
37efc64f-a74c-51e5-a6cf-49202cf170e4,54c5da87-9087-5a05-ba34-c433a7d413ec,14084420cd2b,189.3.11,189,2,3,11,"[117.0, 69.0, 986.0, 904.0]",List-Group,"Lesage, rue Coquillièr, 20.  ",ENTRY,"<SUBJ>Lesage</SUBJ>, <ADDR>rue Coquillièr, 20.</ADDR>",1,0,1,1.0000,,,B-ENTRY,model,0.9963,2026-09-24 14:07:28,19f111127529
55821fdc-da6b-596c-8c51-90b116baa041,54c5da87-9087-5a05-ba34-c433a7d413ec,f7a70f730314,189.3.12,189,2,3,12,"[117.0, 69.0, 986.0, 904.0]",List-Group,"Lesueur, rue de Paradis, 4.  ",ENTRY,"<SUBJ>Lesueur</SUBJ>, <ADDR>rue de Paradis, 4.</ADDR>",1,0,1,1.0000,,,B-ENTRY,model,0.9959,2026-09-24 14:07:28,6c9285d1f24f
1822b0aa-ce86-5883-bae0-10dd273211bb,54c5da87-9087-5a05-ba34-c433a7d413ec,e2512bef68a6,189.3.13,189,2,3,13,"[117.0, 69.0, 986.0, 904.0]",List-Group,"Lesvignes, rue du Faub.-S.-Martin, 148.  ",ENTRY,"<SUBJ>Lesvignes</SUBJ>, <ADDR>rue du Faub.-S.-Martin, 148.</ADDR>",1,0,1,1.0000,,,B-ENTRY,model,0.9959,2026-09-24 14:07:28,9fb1bf75a35e
51b70c22-4a81-527d-8432-620b5b378b76,54c5da87-9087-5a05-ba34-c433a7d413ec,2246d5360f6d,189.3.14,189,2,3,14,"[117.0, 69.0, 986.0, 904.0]",List-Group,"Leteneur, rue des Coutres-S.-Gervais, 24.  ",ENTRY,"<SUBJ>Leteneur</SUBJ>, <ADDR>rue des Coutres-S.-Gervais, 24.</ADDR>",1,0,1,1.0000,,,B-ENTRY,model,0.9959,2026-09-24 14:07:28,e230fa12df34
961ecc2e-0fbc-591b-ae9e-68ab15b27fd5,54c5da87-9087-5a05-ba34-c433a7d413ec,aa7fd66d9ae9,189.3.15,189,2,3,15,"[117.0, 69.0, 986.0, 904.0]",List-Group,"Levacher, rue St.-Lazare.  ",ENTRY,"<SUBJ>Levacher</SUBJ>, <ADDR>rue St.-Lazare.</ADDR>",1,0,1,1.0000,,,B-ENTRY,model,0.9965,2026-09-24 14:07:28,e8cc2314fcbb
a143d861-5afe-522f-9ef6-8209d4a7baa7,54c5da87-9087-5a05-ba34-c433a7d413ec,f40fe5e8aaab,189.3.16,189,2,3,16,"[117.0, 69.0, 986.0, 904.0]",List-Group,"Léveillé, rue N.-des-Petits-Champs, 55.  ",ENTRY,"<SUBJ>Léveillé</SUBJ>, <ADDR>rue N.-des-Petits-Champs, 55.</ADDR>",1,0,1,1.0000,,,B-ENTRY,model,0.9953,2026-09-24 14:07:28,8109bf2b504f
3d00e0e7-dec1-54bc-8b08-03d3af8025b8,54c5da87-9087-5a05-ba34-c433a7d413ec,690ee55796f5,189.3.17,189,2,3,17,"[117.0, 69.0, 986.0, 904.0]",List-Group,"Leviers, rue de Richelieu, 15.  ",ENTRY,"<SUBJ>Leviers</SUBJ>, <ADDR>rue de Richelieu, 15.</ADDR>",1,0,1,1.0000,,,B-ENTRY,human,1.0,2026-09-24 14:07:18,d5447c405054
4788a19f-d225-5033-a6ea-fbe121866440,54c5da87-9087-5a05-ba34-c433a7d413ec,bde6cafa2a86,189.3.18,189,2,3,18,"[117.0, 69.0, 986.0, 904.0]",List-Group,"Levraud jeune, rue d'Argenteuil, 7.  ",ENTRY,"<SUBJ>Levraud jeune</SUBJ>, <ADDR>rue d'Argenteuil, 7.</ADDR>",1,0,1,1.0000,,,B-ENTRY,human,1.0,2026-09-24 14:07:18,cdddc3724146
5f6d7adc-d5bf-5145-830a-e33560950cad,54c5da87-9087-5a05-ba34-c433a7d413ec,275f35b28ac4,189.3.19,189,2,3,19,"[117.0, 69.0, 986.0, 904.0]",List-Group,"Leys, rue Poupée, 22.  ",ENTRY,"<SUBJ>Leys</SUBJ>, <ADDR>rue Poupée, 22.</ADDR>",1,0,1,1.0000,,,B-ENTRY,model,0.9963,2026-09-24 14:07:28,6f96ba0bb2f7
ef26376c-acc8-5996-b4a9-58503a8f3e4c,54c5da87-9087-5a05-ba34-c433a7d413ec,ebfce6304015,189.3.20,189,2,3,20,"[117.0, 69.0, 986.0, 904.0]",List-Group,"Lherminier, rue Caumartin, 14.  ",ENTRY,"<SUBJ>Lherminier</SUBJ>, <ADDR>rue Caumartin, 14.</ADDR>",1,0,1,1.0000,,,B-ENTRY,model,0.9963,2026-09-24 14:07:28,033455e13a02
0a167e8a-fa11-5726-8e04-31193a60fcde,54c5da87-9087-5a05-ba34-c433a7d413ec,3c79a3ba2a9a,189.3.21,189,2,3,21,"[117.0, 69.0, 986.0, 904.0]",List-Group,"Lobinhes, rue N.-St.-Augustin, 25.  ",ENTRY,"<SUBJ>Lobinhes</SUBJ>, <ADDR>rue N.-St.-Augustin, 25.</ADDR>",1,0,1,1.0000,,,B-ENTRY,model,0.9953,2026-09-24 14:07:28,09c2792e95ec
f7893de7-cd6a-50d8-b0f0-99e7673a984a,54c5da87-9087-5a05-ba34-c433a7d413ec,3924d2839143,189.3.22,189,2,3,22,"[117.0, 69.0, 986.0, 904.0]",List-Group,"Loniche-Desfontaines, rue de Seine-Saint-Victor, 55.  ",ENTRY,"<SUBJ>Loniche-Desfontaines</SUBJ>, <ADDR>rue de Seine-Saint-Victor, 55.</ADDR>",1,0,1,1.0000,,,B-ENTRY,model,0.9971,2026-09-24 14:07:28,fdadd8e7b8c2
9ec6a07c-155e-5045-8776-c533b54c2dc5,54c5da87-9087-5a05-ba34-c433a7d413ec,f8cddc411db7,189.3.23,189,2,3,23,"[117.0, 69.0, 986.0, 904.0]",List-Group,"Loiseleur des Longchamps, rue de Jouy, 8.  ",ENTRY,"<SUBJ>Loiseleur des Longchamps</SUBJ>, <ADDR>rue de Jouy, 8.</ADDR>",1,0,1,1.0000,,,B-ENTRY,model,0.9933,2026-09-24 14:07:28,41cd2098ba3b
7b7bff37-900c-52c9-b66c-56e1dfdfc765,54c5da87-9087-5a05-ba34-c433a7d413ec,2c44b1cdc0fd,189.3.24,189,2,3,24,"[117.0, 69.0, 986.0, 904.0]",List-Group,"Louis, rue St.-Honoré, 69.  ",ENTRY,"<SUBJ>Louis</SUBJ>, <ADDR>rue St.-Honoré, 69.</ADDR>",1,0,1,1.0000,,,B-ENTRY,model,0.9975,2026-09-24 14:07:28,862f8a50337f
fbba90df-3bea-5ad8-8980-3bae0d112fbc,54c5da87-9087-5a05-ba34-c433a7d413ec,6006033a1070,189.3.25,189,2,3,25,"[117.0, 69.0, 986.0, 904.0]",List-Group,"Louyer-Villeray, rue du Temple, 105.  ",ENTRY,"<SUBJ>Louyer-Villeray</SUBJ>, <ADDR>rue du Temple, 105.</ADDR>",1,0,1,1.0000,,,B-ENTRY,model,0.998,2026-09-24 14:07:28,b8fab043b942
e46de2d2-fd2d-556a-a6c6-1da2f23f6b8e,54c5da87-9087-5a05-ba34-c433a7d413ec,e4c87a4c7142,189.3.26,189,2,3,26,"[117.0, 69.0, 986.0, 904.0]",List-Group,"Lullier, rue St.-Antoine, 71.  ",ENTRY,"<SUBJ>Lullier</SUBJ>, <ADDR>rue St.-Antoine, 71.</ADDR>",1,0,1,1.0000,,,B-ENTRY,model,0.9975,2026-09-24 14:07:28,675dca877410
ab6a03ff-082f-5314-ac59-4daf6fc8f8cd,54c5da87-9087-5a05-ba34-c433a7d413ec,ef482e338dfd,189.3.27,189,2,3,27,"[117.0, 69.0, 986.0, 904.0]",List-Group,"Macartan, rue du Faub.-Poissonnière, 5.  ",ENTRY,"<SUBJ>Macartan</SUBJ>, <ADDR>rue du Faub.-Poissonnière, 5.</ADDR>",1,0,1,1.0000,,,B-ENTRY,model,0.9959,2026-09-24 14:07:28,d8bfaa900960
5f2518b8-4bd6-5e8a-ba9a-3ea2f12cb789,54c5da87-9087-5a05-ba34-c433a7d413ec,9218a6b2fbb0,189.3.28,189,2,3,28,"[117.0, 69.0, 986.0, 904.0]",List-Group,"Mac-Mahom, rue des Postes, 55.  ",ENTRY,"<SUBJ>Mac-Mahom</SUBJ>, <ADDR>rue des Postes, 55.</ADDR>",1,0,1,1.0000,,,B-ENTRY,model,0.998,2026-09-24 14:07:28,05227f99f1f8
ff0580e2-e9ad-5713-80bf-4054ca9ed1df,54c5da87-9087-5a05-ba34-c433a7d413ec,1aa28eb8eadc,189.3.29,189,2,3,29,"[117.0, 69.0, 986.0, 904.0]",List-Group,"Madoré (J.), rue Neuve-S.-Martin, 28.  ",ENTRY,"<SUBJ>Madoré (J.)</SUBJ>, <ADDR>rue Neuve-S.-Martin, 28.</ADDR>",1,0,1,1.0000,,,B-ENTRY,model,0.9929,2026-09-24 14:07:28,02bb2964510d
4b130bf3-e3ff-5e1d-a5c4-afe56f897830,54c5da87-9087-5a05-ba34-c433a7d413ec,4e2943a63f0d,189.3.30,189,2,3,30,"[117.0, 69.0, 986.0, 904.0]",List-Group,"Maigrier, rue des Deux-Ecus, 58.  ",ENTRY,"<SUBJ>Maigrier</SUBJ>, <ADDR>rue des Deux-Ecus, 58.</ADDR>",1,0,1,1.0000,,,B-ENTRY,model,0.9972,2026-09-24 14:07:28,44fee2dbaf83
0c0cdbe4-91ed-5f7a-885b-66d7078b63be,54c5da87-9087-5a05-ba34-c433a7d413ec,5076bff80427,189.3.31,189,2,3,31,"[117.0, 69.0, 986.0, 904.0]",List-Group,"Maigrot, rue du Faub.-S.-Denis, 41.  ",ENTRY,"<SUBJ>Maigrot</SUBJ>, <ADDR>rue du Faub.-S.-Denis, 41.</ADDR>",1,0,1,1.0000,,,B-ENTRY,human,1.0,2026-09-24 14:05:49,ce03880c2350
259c555c-f73f-5581-b833-cd028db0eb07,54c5da87-9087-5a05-ba34-c433a7d413ec,85eda8dcb488,189.3.32,189,2,3,32,"[117.0, 69.0, 986.0, 904.0]",List-Group,"Mailhol, rue des Mauvais-Garçons-Saint-Germain.  ",ENTRY,"<SUBJ>Mailhol</SUBJ>, <ADDR>rue des Mauvais-Garçons-Saint-Germain.</ADDR>",1,0,1,1.0000,,,B-ENTRY,human,1.0,2026-09-24 14:05:49,ae33c23b36ed
d3b15be2-7adf-54c5-9624-e881ab80f24e,54c5da87-9087-5a05-ba34-c433a7d413ec,3c5387a143cc,189.3.33,189,2,3,33,"[117.0, 69.0, 986.0, 904.0]",List-Group,"Maison, rue S.-Christophe, 1.  ",ENTRY,"<SUBJ>Maison</SUBJ>, <ADDR>rue S.-Christophe, 1.</ADDR>",1,0,1,1.0000,,,B-ENTRY,model,0.9968,2026-09-24 14:07:28,811c7bf41f71
391a4f36-5d36-5adc-b70a-dc6d360347f8,54c5da87-9087-5a05-ba34-c433a7d413ec,424aefb32a3e,189.3.34,189,2,3,34,"[117.0, 69.0, 986.0, 904.0]",List-Group,"Mallet, rue de Jouy, 8.  ",ENTRY,"<SUBJ>Mallet</SUBJ>, <ADDR>rue de Jouy, 8.</ADDR>",1,0,1,1.0000,,,B-ENTRY,model,0.9959,2026-09-24 14:07:28,f3c4b0685b52
e1b4b0dc-49f1-5253-9c6c-08066e8ac794,54c5da87-9087-5a05-ba34-c433a7d413ec,2b7dc5a0a729,189.3.35,189,2,3,35,"[117.0, 69.0, 986.0, 904.0]",List-Group,"Maloet, rue Neuve-St.-Augustin, 37.  ",ENTRY,"<SUBJ>Maloet</SUBJ>, <ADDR>rue Neuve-St.-Augustin, 37.</ADDR>",1,0,1,1.0000,,,B-ENTRY,model,0.9963,2026-09-24 14:07:28,7f78fb580895
42740814-8517-557a-9d2e-decf5bc4eb58,54c5da87-9087-5a05-ba34-c433a7d413ec,0f996747b098,189.3.36,189,2,3,36,"[117.0, 69.0, 986.0, 904.0]",List-Group,"Marcescheau, rue du Hazard, 15.  ",ENTRY,"<SUBJ>Marcescheau</SUBJ>, <ADDR>rue du Hazard, 15.</ADDR>",1,0,1,1.0000,,,B-ENTRY,model,0.9959,2026-09-24 14:07:28,5b4a81ef6593
b358e511-492f-5881-a0b2-da00e66277d6,54c5da87-9087-5a05-ba34-c433a7d413ec,9ede05a36d05,189.3.37,189,2,3,37,"[117.0, 69.0, 986.0, 904.0]",List-Group,"Marie, rue N.-D.-des-Victoires, 40.  ",ENTRY,"<SUBJ>Marie</SUBJ>, <ADDR>rue N.-D.-des-Victoires, 40.</ADDR>",1,0,1,1.0000,,,B-ENTRY,model,0.9953,2026-09-24 14:07:28,e93c8788cb8a
89b3d607-fee9-52a8-b685-f0a8f4fb9418,54c5da87-9087-5a05-ba34-c433a7d413ec,3e1c616cbead,189.3.38,189,2,3,38,"[117.0, 69.0, 986.0, 904.0]",List-Group,"Marie-S.-Ursin, rue des SS.-Pères, 5.  ",ENTRY,"<SUBJ>Marie-S.-Ursin</SUBJ>, <ADDR>rue des SS.-Pères, 5.</ADDR>",1,0,1,1.0000,,,B-ENTRY,model,0.9949,2026-09-24 14:07:28,db0291ebc01e
296edccb-3c37-56ed-b54d-78e95a5220fc,54c5da87-9087-5a05-ba34-c433a7d413ec,770da6dc1538,189.3.39,189,2,3,39,"[117.0, 69.0, 986.0, 904.0]",List-Group,"Marinier, rue du Théâtre-Français, 11.  ",ENTRY,"<SUBJ>Marinier</SUBJ>, <ADDR>rue du Théâtre-Français, 11.</ADDR>",1,0,1,1.0000,,,B-ENTRY,model,0.9972,2026-09-24 14:07:28,5d233f82fa9b
968239de-c97f-58c6-b6e1-654c080f45ed,54c5da87-9087-5a05-ba34-c433a7d413ec,3d365eddb861,189.3.40,189,2,3,40,"[117.0, 69.0, 986.0, 904.0]",List-Group,"Markoswki, rue N.-S.-Roch, 59.  ",ENTRY,"<SUBJ>Markoswki</SUBJ>, <ADDR>rue N.-S.-Roch, 59.</ADDR>",1,0,1,1.0000,,,B-ENTRY,model,0.9953,2026-09-24 14:07:28,e7507cb9385c
51d297e0-3b7a-55d6-a740-36d15af77487,54c5da87-9087-5a05-ba34-c433a7d413ec,ec3e0f03e26a,189.3.41,189,2,3,41,"[117.0, 69.0, 986.0, 904.0]",List-Group,"Marquis, rue N.-des-Petits-Champs, 14.  ",ENTRY,"<SUBJ>Marquis</SUBJ>, <ADDR>rue N.-des-Petits-Champs, 14.</ADDR>",1,0,1,1.0000,,,B-ENTRY,model,0.9953,2026-09-24 14:07:28,cca1f07c6149
4c5e0536-73fd-5af8-9d43-d679cba1f376,54c5da87-9087-5a05-ba34-c433a7d413ec,4d4a35775a1c,189.3.42,189,2,3,42,"[117.0, 69.0, 986.0, 904.0]",List-Group,"Marre, rue de la Poterie.  ",ENTRY,"<SUBJ>Marre</SUBJ>, <ADDR>rue de la Poterie.</ADDR>",1,0,1,1.0000,,,B-ENTRY,model,0.9918,2026-09-24 14:07:28,6851b4788f84
a73993dd-3d66-50eb-81b4-79c344e19329,54c5da87-9087-5a05-ba34-c433a7d413ec,4855fdfc6f21,189.3.43,189,2,3,43,"[117.0, 69.0, 986.0, 904.0]",List-Group,"Marye, rue des Noyers, 52.  ",ENTRY,"<SUBJ>Marye</SUBJ>, <ADDR>rue des Noyers, 52.</ADDR>",1,0,1,1.0000,,,B-ENTRY,model,0.9959,2026-09-24 14:07:28,677ffa5cc4c2
6ed04b9f-0f14-5f7b-b3b1-4f2e651fde91,54c5da87-9087-5a05-ba34-c433a7d413ec,ef1d6fdec39b,189.3.44,189,2,3,44,"[117.0, 69.0, 986.0, 904.0]",List-Group,"Menuret, rue du Bacq, 40.  ",ENTRY,"<SUBJ>Menuret</SUBJ>, <ADDR>rue du Bacq, 40.</ADDR>",1,0,1,1.0000,,,B-ENTRY,model,0.9959,2026-09-24 14:07:28,4db916afbed6
231d60d5-5d22-558f-af25-edf76c569ba5,54c5da87-9087-5a05-ba34-c433a7d413ec,edc070838285,189.3.45,189,2,3,45,"[117.0, 69.0, 986.0, 904.0]",List-Group,"Mercier, rue Montorgueil, 34.  ",ENTRY,"<SUBJ>Mercier</SUBJ>, <ADDR>rue Montorgueil, 34.</ADDR>",1,0,1,1.0000,,,B-ENTRY,model,0.9963,2026-09-24 14:07:28,e80af24b9d43
b4ca30eb-2efc-5b73-85cf-62d6a9784812,54c5da87-9087-5a05-ba34-c433a7d413ec,e192c64a8b72,189.3.46,189,2,3,46,"[117.0, 69.0, 986.0, 904.0]",List-Group,"Mestais, rue des Fossés-S.-Victor, 20.  ",ENTRY,"<SUBJ>Mestais</SUBJ>, <ADDR>rue des Fossés-S.-Victor, 20.</ADDR>",1,0,1,1.0000,,,B-ENTRY,model,0.9959,2026-09-24 14:07:28,19e0d90a7998
07e43820-afc0-5107-a5db-56e26b5d160c,54c5da87-9087-5a05-ba34-c433a7d413ec,6bc532263fb4,189.3.47,189,2,3,47,"[117.0, 69.0, 986.0, 904.0]",List-Group,"Milon-Redemayer (L. A.), rue St.-Sébastien, 52.  ",ENTRY,"<SUBJ>Milon-Redemayer (L. A.)</SUBJ>, <ADDR>rue St.-Sébastien, 52.</ADDR>",1,0,1,1.0000,,,B-ENTRY,model,0.9972,2026-09-24 14:07:28,eae1b70eda61
e925fa1a-479a-5f78-8f30-453d4266b6fe,54c5da87-9087-5a05-ba34-c433a7d413ec,2d169752e754,189.3.48,189,2,3,48,"[117.0, 69.0, 986.0, 904.0]",List-Group,"Miquel Neuville, place d'Iena, 12.  ",ENTRY,"<SUBJ>Miquel Neuville</SUBJ>, <ADDR>place d'Iena, 12.</ADDR>",1,0,1,1.0000,,,B-ENTRY,model,0.996,2026-09-24 14:07:28,7ce9caf39a6d
c6b4e187-f29e-5590-a9b4-8814adc58f13,54c5da87-9087-5a05-ba34-c433a7d413ec,9f825bafcc3f,189.3.49,189,2,3,49,"[117.0, 69.0, 986.0, 904.0]",List-Group,"Molet, rue N.-du-Luxembourg, 25.  ",ENTRY,"<SUBJ>Molet</SUBJ>, <ADDR>rue N.-du-Luxembourg, 25.</ADDR>",1,0,1,1.0000,,,B-ENTRY,model,0.9953,2026-09-24 14:07:28,9b1afd976e7b
7ef7ee6a-38ee-5cd1-9ae7-cbb6ade965df,54c5da87-9087-5a05-ba34-c433a7d413ec,0ab8933a448a,189.3.50,189,2,3,50,"[117.0, 69.0, 986.0, 904.0]",List-Group,"Mongenot, rue du Four-S.-Germain, 47.  ",ENTRY,"<SUBJ>Mongenot</SUBJ>, <ADDR>rue du Four-S.-Germain, 47.</ADDR>",1,0,1,1.0000,,,B-ENTRY,model,0.9959,2026-09-24 14:07:28,164e97ddb14b
11808dca-a1ae-5648-a795-b0747b0ac63a,54c5da87-9087-5a05-ba34-c433a7d413ec,38772d5159b2,189.3.51,189,2,3,51,"[117.0, 69.0, 986.0, 904.0]",List-Group,"Montaigu, rue des Grands-Augustins, 5.  ",ENTRY,"<SUBJ>Montaigu</SUBJ>, <ADDR>rue des Grands-Augustins, 5.</ADDR>",1,0,1,1.0000,,,B-ENTRY,human,1.0,2026-09-24 14:06:04,24084b38eb5a
63a83948-ec2d-53dc-8725-3b90c440b9c6,54c5da87-9087-5a05-ba34-c433a7d413ec,d3d03f097f35,189.3.52,189,2,3,52,"[117.0, 69.0, 986.0, 904.0]",List-Group,"Montaubin-Duchesne, rue Poissonnière, près le boulevard.  ",ENTRY,"<SUBJ>Montaubin-Duchesne</SUBJ>, <ADDR>rue Poissonnière, près le boulevard.</ADDR>",1,0,1,1.0000,,,B-ENTRY,human,1.0,2026-09-24 14:06:04,ed72bd55c29b
8d10aedd-6ffb-521e-a188-3161236c2d11,54c5da87-9087-5a05-ba34-c433a7d413ec,5b3bbe6629a1,189.3.53,189,2,3,53,"[117.0, 69.0, 986.0, 904.0]",List-Group,"Morillon, rue d'Aboukir, 17.  ",ENTRY,"<SUBJ>Morillon</SUBJ>, <ADDR>rue d'Aboukir, 17.</ADDR>",1,0,1,1.0000,,,B-ENTRY,model,0.9959,2026-09-24 14:07:28,60275e6cad90
e4d31376-6eb8-5896-ac0d-3e8060377393,54c5da87-9087-5a05-ba34-c433a7d413ec,2cc84e806c8a,189.3.54,189,2,3,54,"[117.0, 69.0, 986.0, 904.0]",List-Group,"Mouillet, rue S.-Martin, 65.  ",ENTRY,"<SUBJ>Mouillet</SUBJ>, <ADDR>rue S.-Martin, 65.</ADDR>",1,0,1,1.0000,,,B-ENTRY,model,0.9968,2026-09-24 14:07:28,0c44014ee650
10a893a3-554f-582d-a685-b42313ebccea,54c5da87-9087-5a05-ba34-c433a7d413ec,f61e73dae8e8,189.3.55,189,2,3,55,"[117.0, 69.0, 986.0, 904.0]",List-Group,"Moore, rue des Deux-Portes-S.-Sauveur.  ",ENTRY,"<SUBJ>Moore</SUBJ>, <ADDR>rue des Deux-Portes-S.-Sauveur.</ADDR>",1,0,1,1.0000,,,B-ENTRY,human,1.0,2026-09-24 14:06:36,7fb9813f71b9
1995a57c-799d-5916-86cc-fbeb9c72e2e8,54c5da87-9087-5a05-ba34-c433a7d413ec,5daf6c846c6a,189.3.56,189,2,3,56,"[117.0, 69.0, 986.0, 904.0]",List-Group,"Murat, boulevard de l'Hôpital, à l'hôpital.  ",ENTRY,"<SUBJ>Murat</SUBJ>, <ADDR>boulevard de l'Hôpital, à l'hôpital.</ADDR>",1,0,1,1.0000,,,B-ENTRY,human,1.0,2026-09-24 14:06:36,39af5a8d1f6d
5f0fea7c-d9a1-55e2-a8d0-8133bf09de7c,54c5da87-9087-5a05-ba34-c433a7d413ec,7fd8d9625838,189.3.57,189,2,3,57,"[117.0, 69.0, 986.0, 904.0]",List-Group,"Nacquart, rue d'Anjou, 25, au Marais.  ",ENTRY,"<SUBJ>Nacquart</SUBJ>, <ADDR>rue d'Anjou, 25, au Marais.</ADDR>",1,0,1,1.0000,,,B-ENTRY,model,0.9921,2026-09-24 14:07:28,b0fba807255f
799fa9e9-6845-511b-9281-eecfbcf81f80,54c5da87-9087-5a05-ba34-c433a7d413ec,603797444a75,189.3.58,189,2,3,58,"[117.0, 69.0, 986.0, 904.0]",List-Group,"Nauche, rue du Bouloy, 8.  ",ENTRY,"<SUBJ>Nauche</SUBJ>, <ADDR>rue du Bouloy, 8.</ADDR>",1,0,1,1.0000,,,B-ENTRY,model,0.9959,2026-09-24 14:07:28,ad10b8bb66b5
9318465f-8ec7-5f63-811f-f094bc1549ea,54c5da87-9087-5a05-ba34-c433a7d413ec,f06ff681457d,189.3.59,189,2,3,59,"[117.0, 69.0, 986.0, 904.0]",List-Group,"Naudin, rue des Grands-Augustins, 5.  ",ENTRY,"<SUBJ>Naudin</SUBJ>, <ADDR>rue des Grands-Augustins, 5.</ADDR>",1,0,1,1.0000,,,B-ENTRY,model,0.9972,2026-09-24 14:07:28,cfe3f48c20f1
83e4b458-b088-5faa-b76e-914801b05a18,54c5da87-9087-5a05-ba34-c433a7d413ec,e28213d94db2,189.3.60,189,2,3,60,"[117.0, 69.0, 986.0, 904.0]",List-Group,"Newbourg, rue S.-Honoré, 355.  ",ENTRY,"<SUBJ>Newbourg</SUBJ>, <ADDR>rue S.-Honoré, 355.</ADDR>",1,0,1,1.0000,,,B-ENTRY,model,0.9968,2026-09-24 14:07:28,0cd5b6916b97
b51e13ff-ec93-5c2f-b796-2110332b45fd,54c5da87-9087-5a05-ba34-c433a7d413ec,62241c4785d8,189.3.61,189,2,3,61,"[117.0, 69.0, 986.0, 904.0]",List-Group,"Nolan, rue du Petit-Carreau, 15.  ",ENTRY,"<SUBJ>Nolan</SUBJ>, <ADDR>rue du Petit-Carreau, 15.</ADDR>",1,0,1,1.0000,,,B-ENTRY,model,0.9972,2026-09-24 14:07:28,ff7b75e694ef
ea0575c2-4aa1-5801-b21b-cf3c8ebac55a,54c5da87-9087-5a05-ba34-c433a7d413ec,7e5dd05e5338,189.3.62,189,2,3,62,"[117.0, 69.0, 986.0, 904.0]",List-Group,"Pagès, rue du Four-S.-Germain, 17.  ",ENTRY,"<SUBJ>Pagès</SUBJ>, <ADDR>rue du Four-S.-Germain, 17.</ADDR>",1,0,1,1.0000,,,B-ENTRY,model,0.9959,2026-09-24 14:07:28,f4d01b1cfb66
41c9ce2c-7cb7-569f-ae90-891288069e92,54c5da87-9087-5a05-ba34-c433a7d413ec,0e99d9bf4891,189.3.63,189,2,3,63,"[117.0, 69.0, 986.0, 904.0]",List-Group,"Parfait, rue Taitbout, 7.  ",ENTRY,"<SUBJ>Parfait</SUBJ>, <ADDR>rue Taitbout, 7.</ADDR>",1,0,1,1.0000,,,B-ENTRY,model,0.9963,2026-09-24 14:07:28,e661b4ccaed0
cf03e5b3-d332-51bf-8f09-b623c86a9b23,54c5da87-9087-5a05-ba34-c433a7d413ec,64368d7df546,189.3.64,189,2,3,64,"[117.0, 69.0, 986.0, 904.0]",List-Group,"Paschalis, rue Helvétius, 16.  ",ENTRY,"<SUBJ>Paschalis</SUBJ>, <ADDR>rue Helvétius, 16.</ADDR>",1,0,1,1.0000,,,B-ENTRY,model,0.9963,2026-09-24 14:07:28,dec1db6e7d64
afec666c-5fb6-5b11-b840-3c194d87376d,54c5da87-9087-5a05-ba34-c433a7d413ec,44ba9bcbefc4,189.3.65,189,2,3,65,"[117.0, 69.0, 986.0, 904.0]",List-Group,"Paly-Rasch, aux Invalides.  ",ENTRY,"<SUBJ>Paly-Rasch</SUBJ>, <ADDR>aux Invalides.</ADDR>",1,0,1,1.0000,,,B-ENTRY,model,0.9948,2026-09-24 14:07:28,50b1e3a7bc98
c63d725a-8660-5b70-9a1f-37836d4e361d,54c5da87-9087-5a05-ba34-c433a7d413ec,6cdc82a47737,189.3.66,189,2,3,66,"[117.0, 69.0, 986.0, 904.0]",List-Group,"Paulet, rue S.-Dominique-Gros-Caillou, 11.  ",ENTRY,"<SUBJ>Paulet</SUBJ>, <ADDR>rue S.-Dominique-Gros-Caillou, 11.</ADDR>",1,0,1,1.0000,,,B-ENTRY,human,1.0,2026-09-24 14:06:38,17b9e52d9e50
03da845b-0844-5844-ba97-012e65c687a3,54c5da87-9087-5a05-ba34-c433a7d413ec,bb81f4596e93,189.3.67,189,2,3,67,"[117.0, 69.0, 986.0, 904.0]",List-Group,"Pautier de la Brenille, rue N.-des-Capucines, 2.  ",ENTRY,"<SUBJ>Pautier de la Brenille</SUBJ>, <ADDR>rue N.-des-Capucines, 2.</ADDR>",1,0,1,1.0000,,,B-ENTRY,human,1.0,2026-09-24 14:06:38,aac996b7b461
ff825758-1c2c-5974-ac7c-78f114a66e76,54c5da87-9087-5a05-ba34-c433a7d413ec,97a50e4ebde1,189.3.68,189,2,3,68,"[117.0, 69.0, 986.0, 904.0]",List-Group,"Petit, rue des Fossés-M.-le-Prince, 25.  ",ENTRY,"<SUBJ>Petit</SUBJ>, <ADDR>rue des Fossés-M.-le-Prince, 25.</ADDR>",1,0,1,1.0000,,,B-ENTRY,model,0.996,2026-09-24 14:07:28,64b0e97ad8d6
6115b52c-4c83-526b-8095-46e448cbb9d0,54c5da87-9087-5a05-ba34-c433a7d413ec,a71b30a4b8a3,189.3.69,189,2,3,69,"[117.0, 69.0, 986.0, 904.0]",List-Group,"Petit Radel, rue du Jardin, 1.  ",ENTRY,"<SUBJ>Petit Radel</SUBJ>, <ADDR>rue du Jardin, 1.</ADDR>",1,0,1,1.0000,,,B-ENTRY,model,0.9941,2026-09-24 14:07:28,3eb2ff644398
c9e383e7-309c-5e9f-9d4c-b6e8a81ef0f5,54c5da87-9087-5a05-ba34-c433a7d413ec,1684819b4032,189.3.70,189,2,3,70,"[117.0, 69.0, 986.0, 904.0]",List-Group,"Peyre (*médecin de la princesse Pauline*), rue de Surène, 19.  ",ENTRY,"<SUBJ>Peyre</SUBJ> <DESC>(*médecin de la princesse Pauline*)</DESC>, <ADDR>rue de Surène, 19.</ADDR>",1,1,1,1.0000,,,B-ENTRY,human,1.0,2026-09-24 14:06:24,353c7fc31ad4
d092eb5e-9f3e-577c-a2d1-fe8ca3f92184,54c5da87-9087-5a05-ba34-c433a7d413ec,f44c06f84dec,189.3.71,189,2,3,71,"[117.0, 69.0, 986.0, 904.0]",List-Group,"Pinel (*médecin de l'hospice de la Salpétrière*), à l'hospice.  ",ENTRY,"<SUBJ>Pinel</SUBJ> <DESC>(*médecin de l'hospice de la Salpétrière*)</DESC>, à l'hospice.",1,1,0,0.9911,texte non couvert,,B-ENTRY,human,1.0,2026-09-24 14:06:24,1c57fe00fb5a
921143fb-32de-564b-8fd6-1d2603804423,54c5da87-9087-5a05-ba34-c433a7d413ec,e8e2edb46cf6,189.3.72,189,2,3,72,"[117.0, 69.0, 986.0, 904.0]",List-Group,"Piron, rue des Martyrs, 58.  ",ENTRY,"<SUBJ>Piron</SUBJ>, <ADDR>rue des Martyrs, 58.</ADDR>",1,0,1,1.0000,,,B-ENTRY,model,0.996,2026-09-24 14:07:28,fc02c1a1f151
2e38bca6-1b52-5386-af1e-f3803abe2492,54c5da87-9087-5a05-ba34-c433a7d413ec,363b164211b4,189.3.73,189,2,3,73,"[117.0, 69.0, 986.0, 904.0]",List-Group,"Portal, rue Pavée-S.-André, 5.  ",ENTRY,"<SUBJ>Portal</SUBJ>, <ADDR>rue Pavée-S.-André, 5.</ADDR>",1,0,1,1.0000,,,B-ENTRY,model,0.9963,2026-09-24 14:07:28,0b898bdc0f5b
afb2915a-11fd-56fe-b964-fe5f2cf0d4e8,54c5da87-9087-5a05-ba34-c433a7d413ec,2588ee3f3fa7,189.3.74,189,2,3,74,"[117.0, 69.0, 986.0, 904.0]",List-Group,"Potel, rue Beaurepaire, 22.  ",ENTRY,"<SUBJ>Potel</SUBJ>, <ADDR>rue Beaurepaire, 22.</ADDR>",1,0,1,1.0000,,,B-ENTRY,model,0.9963,2026-09-24 14:07:28,a98f53cd4431
a21e4cf4-d1a5-57d1-a755-d63f3bcfba96,54c5da87-9087-5a05-ba34-c433a7d413ec,51c52e83ea44,189.3.75,189,2,3,75,"[117.0, 69.0, 986.0, 904.0]",List-Group,"Porcher, quai des Miramionnes, 9.  ",ENTRY,"<SUBJ>Porcher</SUBJ>, <ADDR>quai des Miramionnes, 9.</ADDR>",1,0,1,1.0000,,,B-ENTRY,model,0.9959,2026-09-24 14:07:28,e20b29e36dfe
6ad98f7b-7b8b-5181-9536-8065ee78db73,54c5da87-9087-5a05-ba34-c433a7d413ec,832f94b559be,189.3.76,189,2,3,76,"[117.0, 69.0, 986.0, 904.0]",List-Group,"Prat, rue S.-Marc, 21.  ",ENTRY,"<SUBJ>Prat</SUBJ>, <ADDR>rue S.-Marc, 21.</ADDR>",1,0,1,1.0000,,,B-ENTRY,model,0.9968,2026-09-24 14:07:28,9219e63540bc
363971e2-005c-5003-a869-aba60203c675,54c5da87-9087-5a05-ba34-c433a7d413ec,16cda8d32db5,189.3.77,189,2,3,77,"[117.0, 69.0, 986.0, 904.0]",List-Group,"Pressac, rue Bourtibourg, 25.  ",ENTRY,"<SUBJ>Pressac</SUBJ>, <ADDR>rue Bourtibourg, 25.</ADDR>",1,0,1,1.0000,,,B-ENTRY,model,0.9963,2026-09-24 14:07:28,e5fef5413844
435009d9-46d2-5119-8e2c-60e0c1cd69c4,54c5da87-9087-5a05-ba34-c433a7d413ec,8527933e48db,189.3.78,189,2,3,78,"[117.0, 69.0, 986.0, 904.0]",List-Group,"Prost, quai de la Mégisserie.  ",ENTRY,"<SUBJ>Prost</SUBJ>, <ADDR>quai de la Mégisserie.</ADDR>",1,0,1,1.0000,,,B-ENTRY,human,1.0,2026-09-24 14:06:33,bb3471354696
e2ba1102-963c-53ca-8280-59cde95ca1bc,54c5da87-9087-5a05-ba34-c433a7d413ec,d628ebf5da36,189.3.79,189,2,3,79,"[117.0, 69.0, 986.0, 904.0]",List-Group,"Prevost de Saint-Cyr, rue du Vieux-Colombier.  ",ENTRY,"<SUBJ>Prevost de Saint-Cyr</SUBJ>, <ADDR>rue du Vieux-Colombier.</ADDR>",1,0,1,1.0000,,,B-ENTRY,human,1.0,2026-09-24 14:06:33,472989076357
2cd6d7dd-db60-5e6a-8e26-316aa1f620a7,54c5da87-9087-5a05-ba34-c433a7d413ec,05aab042228a,189.3.80,189,2,3,80,"[117.0, 69.0, 986.0, 904.0]",List-Group,"Pujos, rue du Grand-Heurleur, 25.  ",ENTRY,"<SUBJ>Pujos</SUBJ>, <ADDR>rue du Grand-Heurleur, 25.</ADDR>",1,0,1,1.0000,,,B-ENTRY,model,0.9972,2026-09-24 14:07:28,2f99ffc4e88e
c2f1c494-a83e-5693-ab53-b54dbaf7397b,54c5da87-9087-5a05-ba34-c433a7d413ec,09afbdbffa96,189.3.81,189,2,3,81,"[117.0, 69.0, 986.0, 904.0]",List-Group,"Raynaud, rue du Théâtre-Français, 20.  ",ENTRY,"<SUBJ>Raynaud</SUBJ>, <ADDR>rue du Théâtre-Français, 20.</ADDR>",1,0,1,1.0000,,,B-ENTRY,model,0.9972,2026-09-24 14:07:28,40603c8ce4eb
c666f380-13c7-5702-9c7b-1ae8865e36b7,54c5da87-9087-5a05-ba34-c433a7d413ec,5b18823e40b6,189.3.82,189,2,3,82,"[117.0, 69.0, 986.0, 904.0]",List-Group,"Recamier, rue S.-Honoré, 319.  ",ENTRY,"<SUBJ>Recamier</SUBJ>, <ADDR>rue S.-Honoré, 319.</ADDR>",1,0,1,1.0000,,,B-ENTRY,model,0.9968,2026-09-24 14:07:28,743d7f783579
bd7df5ed-9afd-5155-97da-d49a126fc527,54c5da87-9087-5a05-ba34-c433a7d413ec,b58b4b123f7c,189.3.83,189,2,3,83,"[117.0, 69.0, 986.0, 904.0]",List-Group,"Reis, rue de la Ferme-des-Mathurins, 4.  ",ENTRY,"<SUBJ>Reis</SUBJ>, <ADDR>rue de la Ferme-des-Mathurins, 4.</ADDR>",1,0,1,1.0000,,,B-ENTRY,model,0.9959,2026-09-24 14:07:28,1e4f9a9832c1
2b6456e3-d595-5079-aba0-82b94e347f90,54c5da87-9087-5a05-ba34-c433a7d413ec,97bb4298302a,189.3.84,189,2,3,84,"[117.0, 69.0, 986.0, 904.0]",List-Group,"Renauldin, rue Taitbout, 14.  ",ENTRY,"<SUBJ>Renauldin</SUBJ>, <ADDR>rue Taitbout, 14.</ADDR>",1,0,1,1.0000,,,B-ENTRY,model,0.9963,2026-09-24 14:07:28,df364e7a63d6
1482a059-62fa-5800-9afb-2d9a7fed803f,54c5da87-9087-5a05-ba34-c433a7d413ec,7ea601b46a13,189.3.85,189,2,3,85,"[117.0, 69.0, 986.0, 904.0]",List-Group,"Romerode-Terreros, quai Voltaire, 5.  ",ENTRY,"<SUBJ>Romerode-Terreros</SUBJ>, <ADDR>quai Voltaire, 5.</ADDR>",1,0,1,1.0000,,,B-ENTRY,human,1.0,2026-09-24 14:06:27,0cc71fe92a85
61abacb9-e1ce-5031-91c6-661c078c9490,54c5da87-9087-5a05-ba34-c433a7d413ec,5cb6c95eb2f9,189.3.86,189,2,3,86,"[117.0, 69.0, 986.0, 904.0]",List-Group,"Rougeot, rue du Faub.-St. Antoine, près la place.  ",ENTRY,"<SUBJ>Rougeot</SUBJ>, <ADDR>rue du Faub.-St. Antoine, près la place.</ADDR>",1,0,1,1.0000,,,B-ENTRY,human,1.0,2026-09-24 14:06:27,16706caaef39
b344747f-45bc-57ea-ab1d-8fedd121ab1a,54c5da87-9087-5a05-ba34-c433a7d413ec,ba667a8a604c,189.3.87,189,2,3,87,"[117.0, 69.0, 986.0, 904.0]",List-Group,"Rousset-Duchez, rue S.-Jacques, 264.  ",ENTRY,"<SUBJ>Rousset-Duchez</SUBJ>, <ADDR>rue S.-Jacques, 264.</ADDR>",1,0,1,1.0000,,,B-ENTRY,human,1.0,2026-09-24 14:07:12,624ab47579d1
e2896330-117d-53a1-9588-820c0b73d3b5,54c5da87-9087-5a05-ba34-c433a7d413ec,6e05f62b72ec,189.3.88,189,2,3,88,"[117.0, 69.0, 986.0, 904.0]",List-Group,"Roussille de Chamseru, rue Favart, 8.  ",ENTRY,"<SUBJ>Roussille de Chamseru</SUBJ>, <ADDR>rue Favart, 8.</ADDR>",1,0,1,1.0000,,,B-ENTRY,human,1.0,2026-09-24 14:07:12,7f3d782f14b7
14c27db3-4bc7-52cd-9e9d-374a5fead7de,54c5da87-9087-5a05-ba34-c433a7d413ec,569169697336,189.3.89,189,2,3,89,"[117.0, 69.0, 986.0, 904.0]",List-Group,"Roy, place de l'Ecole, 5.  ",ENTRY,"<SUBJ>Roy</SUBJ>, <ADDR>place de l'Ecole, 5.</ADDR>",1,0,1,1.0000,,,B-ENTRY,model,0.9972,2026-09-24 14:07:28,f29f0a8580e9
b3bb136b-42bb-524b-8bff-d533c08bedfe,54c5da87-9087-5a05-ba34-c433a7d413ec,e8cf08da7bef,189.3.90,189,2,3,90,"[117.0, 69.0, 986.0, 904.0]",List-Group,"Saiffert, rue S.-Dominique-S.-Germain, 25.  ",ENTRY,"<SUBJ>Saiffert</SUBJ>, <ADDR>rue S.-Dominique-S.-Germain, 25.</ADDR>",1,0,1,1.0000,,,B-ENTRY,model,0.9953,2026-09-24 14:07:28,5a21fdc3ca56
d61ad740-9236-53ec-be66-326800c000ca,54c5da87-9087-5a05-ba34-c433a7d413ec,becf7ac772f0,189.3.91,189,2,3,91,"[117.0, 69.0, 986.0, 904.0]",List-Group,"Salmade, rue de la Concorde, 8.  ",ENTRY,"<SUBJ>Salmade</SUBJ>, <ADDR>rue de la Concorde, 8.</ADDR>",1,0,1,1.0000,,,B-ENTRY,model,0.9959,2026-09-24 14:07:28,2d94411f2e52
8c30c4ce-9fbe-5ede-8ff6-993a5005e0d0,54c5da87-9087-5a05-ba34-c433a7d413ec,7ae30f5d3e10,189.3.92,189,2,3,92,"[117.0, 69.0, 986.0, 904.0]",List-Group,"Salvage, rue de Lille, 11.  ",ENTRY,"<SUBJ>Salvage</SUBJ>, <ADDR>rue de Lille, 11.</ADDR>",1,0,1,1.0000,,,B-ENTRY,model,0.9959,2026-09-24 14:07:28,ba71ca3232de
4e296de7-8e29-5231-9a72-1e13958f86ab,54c5da87-9087-5a05-ba34-c433a7d413ec,40aa71c96cdc,189.3.93,189,2,3,93,"[117.0, 69.0, 986.0, 904.0]",List-Group,"Sarrazin, rue S.-Honoré, 218.  ",ENTRY,"<SUBJ>Sarrazin</SUBJ>, <ADDR>rue S.-Honoré, 218.</ADDR>",1,0,1,1.0000,,,B-ENTRY,model,0.9968,2026-09-24 14:07:28,96a753d58726
62620e10-c9c8-5eaa-af37-39969ab11c7e,54c5da87-9087-5a05-ba34-c433a7d413ec,5fa31c9a591e,189.3.94,189,2,3,94,"[117.0, 69.0, 986.0, 904.0]",List-Group,"Savary, place de l'Estrapade, 11.  ",ENTRY,"<SUBJ>Savary</SUBJ>, <ADDR>place de l'Estrapade, 11.</ADDR>",1,0,1,1.0000,,,B-ENTRY,model,0.9972,2026-09-24 14:07:28,74c67c8a2d68
c468d2d6-9bdd-588e-be5d-4a55a0b10e1d,54c5da87-9087-5a05-ba34-c433a7d413ec,a498198b1e11,189.3.95,189,2,3,95,"[117.0, 69.0, 986.0, 904.0]",List-Group,"Schauffelberger, rue de Malte, 25.  ",ENTRY,"<SUBJ>Schauffelberger</SUBJ>, <ADDR>rue de Malte, 25.</ADDR>",1,0,1,1.0000,,,B-ENTRY,model,0.9959,2026-09-24 14:07:28,21e4681f2cb9
2778a0d7-a648-5f8f-8b83-1178fbceb631,54c5da87-9087-5a05-ba34-c433a7d413ec,31e974d98b65,189.3.96,189,2,3,96,"[117.0, 69.0, 986.0, 904.0]",List-Group,"Ségard, rue Thévenot, 24.  ",ENTRY,"<SUBJ>Ségard</SUBJ>, <ADDR>rue Thévenot, 24.</ADDR>",1,0,1,1.0000,,,B-ENTRY,model,0.9963,2026-09-24 14:07:28,9c6054d40ba5
3749776a-6173-5508-82bf-d401afed655a,54c5da87-9087-5a05-ba34-c433a7d413ec,cac6e648709d,189.3.97,189,2,3,97,"[117.0, 69.0, 986.0, 904.0]",List-Group,"Sengense, rue Chabannais, 6.  ",ENTRY,"<SUBJ>Sengense</SUBJ>, <ADDR>rue Chabannais, 6.</ADDR>",1,0,1,1.0000,,,B-ENTRY,model,0.9963,2026-09-24 14:07:28,23be80a33925
ac542ebc-9f38-5e95-a578-d21ff72160e3,54c5da87-9087-5a05-ba34-c433a7d413ec,afa0cd41b48e,189.3.98,189,2,3,98,"[117.0, 69.0, 986.0, 904.0]",List-Group,"Sedillot (Jean), rue Favart, 6.  ",ENTRY,"<SUBJ>Sedillot (Jean)</SUBJ>, <ADDR>rue Favart, 6.</ADDR>",1,0,1,1.0000,,,B-ENTRY,model,0.9971,2026-09-24 14:07:28,fadcc26d5863
58708572-7754-5848-9c91-2c0993ebc34b,54c5da87-9087-5a05-ba34-c433a7d413ec,ea78cbc55018,189.3.99,189,2,3,99,"[117.0, 69.0, 986.0, 904.0]",List-Group,"Sedillot (Jos.), rue Thibautodé, 16.  ",ENTRY,"<SUBJ>Sedillot (Jos.)</SUBJ>, <ADDR>rue Thibautodé, 16.</ADDR>",1,0,1,1.0000,,,B-ENTRY,model,0.996,2026-09-24 14:07:28,f210a81ba81d
dac0f20a-7a1a-5dfa-82d3-4100499f5f50,54c5da87-9087-5a05-ba34-c433a7d413ec,93301e6027c4,189.3.100,189,2,3,100,"[117.0, 69.0, 986.0, 904.0]",List-Group,"Seguy, rue S.-Honoré, 226.  ",ENTRY,"<SUBJ>Seguy</SUBJ>, <ADDR>rue S.-Honoré, 226.</ADDR>",1,0,1,1.0000,,,B-ENTRY,model,0.9968,2026-09-24 14:07:28,10cf77a5126f
7a7905a8-bc17-587c-8ca6-8ead385a4504,54c5da87-9087-5a05-ba34-c433a7d413ec,4a095ba0c33a,189.3.101,189,2,3,101,"[117.0, 69.0, 986.0, 904.0]",List-Group,"Souchotte, rue de Vaugirard, 4.  ",ENTRY,"<SUBJ>Souchotte</SUBJ>, <ADDR>rue de Vaugirard, 4.</ADDR>",1,0,1,1.0000,,,B-ENTRY,human,1.0,2026-09-24 14:06:45,135fc5ac2587
54a1716b-b166-5508-b54a-016f1af15bcd,54c5da87-9087-5a05-ba34-c433a7d413ec,8508d7e68968,189.3.102,189,2,3,102,"[117.0, 69.0, 986.0, 904.0]",List-Group,"Sue jeune, rue de Surène, 5.  ",ENTRY,"<SUBJ>Sue jeune</SUBJ>, <ADDR>rue de Surène, 5.</ADDR>",1,0,1,1.0000,,,B-ENTRY,human,1.0,2026-09-24 14:06:45,4204c223b629
251ced33-f70a-529a-98f8-a3c58d426608,54c5da87-9087-5a05-ba34-c433a7d413ec,6629fa6efc16,189.3.103,189,2,3,103,"[117.0, 69.0, 986.0, 904.0]",List-Group,"Terrier, rue Poissonnière, 21.  ",ENTRY,"<SUBJ>Terrier</SUBJ>, <ADDR>rue Poissonnière, 21.</ADDR>",1,0,1,1.0000,,,B-ENTRY,model,0.9963,2026-09-24 14:07:28,961021e3ff8e
42f8cc0d-be17-5e0d-987b-76426b6b0efd,54c5da87-9087-5a05-ba34-c433a7d413ec,08e158c672fc,189.3.104,189,2,3,104,"[117.0, 69.0, 986.0, 904.0]",List-Group,"Tesnieres, rue Guisaerde-S.-Sulpice.  ",ENTRY,"<SUBJ>Tesnieres</SUBJ>, <ADDR>rue Guisaerde-S.-Sulpice.</ADDR>",1,0,1,1.0000,,,B-ENTRY,model,0.9976,2026-09-24 14:07:28,c6d3f79ae801
6d9cc1df-48e4-5d1f-afee-bb01b26c8891,54c5da87-9087-5a05-ba34-c433a7d413ec,ec986dbc475d,189.3.105,189,2,3,105,"[117.0, 69.0, 986.0, 904.0]",List-Group,"Tessier, rue de Condé, près l'Odéon.  ",ENTRY,"<SUBJ>Tessier</SUBJ>, <ADDR>rue de Condé, près l'Odéon.</ADDR>",1,0,1,1.0000,,,B-ENTRY,model,0.9919,2026-09-24 14:07:28,d57ed0692c7f
d42992a8-05b9-5f42-9e13-192f9f300228,54c5da87-9087-5a05-ba34-c433a7d413ec,e7156a9408d2,189.3.106,189,2,3,106,"[117.0, 69.0, 986.0, 904.0]",List-Group,"Thery, rue Christine, 9.  ",ENTRY,"<SUBJ>Thery</SUBJ>, <ADDR>rue Christine, 9.</ADDR>",1,0,1,1.0000,,,B-ENTRY,model,0.9963,2026-09-24 14:07:28,933f13e0a6a6
b16c9b68-2244-5f88-8c2d-0af875202091,54c5da87-9087-5a05-ba34-c433a7d413ec,5cc791aee56f,189.3.107,189,2,3,107,"[117.0, 69.0, 986.0, 904.0]",List-Group,"Thibault, rue S.-Honoré, 358.  ",ENTRY,"<SUBJ>Thibault</SUBJ>, <ADDR>rue S.-Honoré, 358.</ADDR>",1,0,1,1.0000,,,B-ENTRY,model,0.9968,2026-09-24 14:07:28,168a53ee80e7
f991d645-3913-50df-897f-3bae1c90a4fd,54c5da87-9087-5a05-ba34-c433a7d413ec,89020fcab7df,189.3.108,189,2,3,108,"[117.0, 69.0, 986.0, 904.0]",List-Group,"Thomas-d'Onglée, rue de Verneuil, 11.  ",ENTRY,"<SUBJ>Thomas-d'Onglée</SUBJ>, <ADDR>rue de Verneuil, 11.</ADDR>",1,0,1,1.0000,,,B-ENTRY,model,0.9947,2026-09-24 14:07:28,b673d595cf65
479fe82c-5df2-55c5-9972-1f31c37bae1d,54c5da87-9087-5a05-ba34-c433a7d413ec,dea281c03b58,189.3.109,189,2,3,109,"[117.0, 69.0, 986.0, 904.0]",List-Group,"Thouret, *direct. de l'Ecole de Médecine*, à l'Ecole de Médecine.  ",ENTRY,"<SUBJ>Thouret</SUBJ>, *<DESC>direct. de l'Ecole de Médecine*, à l'Ecole de Médecine.</DESC>",1,1,0,0.9943,,,B-ENTRY,model,0.9922,2026-09-24 14:07:28,d97723c79d7d
195d8f5b-c3d7-5de7-a754-47abd365640e,54c5da87-9087-5a05-ba34-c433a7d413ec,66b6fe50ef71,189.3.110,189,2,3,110,"[117.0, 69.0, 986.0, 904.0]",List-Group,"Tollard, place des Trois-Maries, 4.  ",ENTRY,"<SUBJ>Tollard</SUBJ>, <ADDR>place des Trois-Maries, 4.</ADDR>",1,0,1,1.0000,,,B-ENTRY,model,0.9972,2026-09-24 14:07:28,5f35784f1218
a3a95159-90bd-5ead-986c-bdf8dab837fd,54c5da87-9087-5a05-ba34-c433a7d413ec,a556d7696911,189.3.111,189,2,3,111,"[117.0, 69.0, 986.0, 904.0]",List-Group,"Tollard (H.), rue d'Amboise, 6.  ",ENTRY,"<SUBJ>Tollard (H.)</SUBJ>, <ADDR>rue d'Amboise, 6.</ADDR>",1,0,1,1.0000,,,B-ENTRY,model,0.9929,2026-09-24 14:07:28,4da6cbcaac46
3f697e24-7e89-56fe-ab2b-590d4ad48252,54c5da87-9087-5a05-ba34-c433a7d413ec,c92ffd00abd5,189.3.112,189,2,3,112,"[117.0, 69.0, 986.0, 904.0]",List-Group,"Tourlet, rue Mazarine, 48.  ",ENTRY,"<SUBJ>Tourlet</SUBJ>, <ADDR>rue Mazarine, 48.</ADDR>",1,0,1,1.0000,,,B-ENTRY,model,0.9963,2026-09-24 14:07:28,edba23ec7bb6
ae1b360d-cfbb-58bd-becf-96fe64bdace1,54c5da87-9087-5a05-ba34-c433a7d413ec,2ac1e72ff979,189.3.113,189,2,3,113,"[117.0, 69.0, 986.0, 904.0]",List-Group,"Tranche-Lahaussé, rue du Mail, 1.  ",ENTRY,"<SUBJ>Tranche-Lahaussé</SUBJ>, <ADDR>rue du Mail, 1.</ADDR>",1,0,1,1.0000,,,B-ENTRY,model,0.998,2026-09-24 14:07:28,e4ca124dd5d3
64a9f475-45bf-5be7-992d-42bf813252d1,54c5da87-9087-5a05-ba34-c433a7d413ec,da0ee1eab954,189.3.114,189,2,3,114,"[117.0, 69.0, 986.0, 904.0]",List-Group,"Vaidy, rue S.-Jacques, 161.  ",ENTRY,"<SUBJ>Vaidy</SUBJ>, <ADDR>rue S.-Jacques, 161.</ADDR>",1,0,1,1.0000,,,B-ENTRY,model,0.9968,2026-09-24 14:07:28,b9aa71d69be3
782c153b-a2ac-5584-bccb-02430c281399,54c5da87-9087-5a05-ba34-c433a7d413ec,1fbd24273597,189.3.115,189,2,3,115,"[117.0, 69.0, 986.0, 904.0]",List-Group,"Vareliand, rue des SS.-Pères, 44.  ",ENTRY,"<SUBJ>Vareliand</SUBJ>, <ADDR>rue des SS.-Pères, 44.</ADDR>",1,0,1,1.0000,,,B-ENTRY,model,0.9959,2026-09-24 14:07:28,724b14ba7708
d62a3307-1ee3-55c0-9903-1592e147f15f,54c5da87-9087-5a05-ba34-c433a7d413ec,f495dfad9b1f,189.3.116,189,2,3,116,"[117.0, 69.0, 986.0, 904.0]",List-Group,"Vaudelaunoy, r. des Grands-Augustins, 21.",ENTRY,"<SUBJ>Vaudelaunoy</SUBJ>, <ADDR>r. des Grands-Augustins, 21.</ADDR>",1,0,1,1.0000,,,B-ENTRY,human,1.0,2026-09-24 14:05:15,de791495d436
d3b109f5-6d38-513f-845f-26fec757af98,54c5da87-9087-5a05-ba34-c433a7d413ec,b3b51c3e975e,190.1.0,190,0,1,0,"[286.0, 32.0, 581.0, 55.0]",Page-Header,en chirurgie.-PARIS.,OUT OF SCOPE,,,,,,,,OUT OF SCOPE,human,1.0,2026-09-24 14:05:15,7f157b0432ee
4ea7658f-127f-5ddc-9068-77e92efa83e0,54c5da87-9087-5a05-ba34-c433a7d413ec,d5843c263457,190.2.0,190,1,2,0,"[775.0, 32.0, 824.0, 51.0]",Page-Header,861,OUT OF SCOPE,,,,,,,,OUT OF SCOPE,model,0.9976,2026-09-24 14:07:28,7f157b0432ee
e63a28c3-8b72-5081-af23-6ffe8f975307,54c5da87-9087-5a05-ba34-c433a7d413ec,3660a2dbdbbc,190.3.0,190,2,3,0,"[27.0, 59.0, 400.0, 105.0]",Text,"Verdier-Heurtin, rue Montorgueil, 65.  ",ENTRY,"<SUBJ>Verdier-Heurtin</SUBJ>, <ADDR>rue Montorgueil, 65.</ADDR>",1,0,1,1.0000,,,B-ENTRY,model,0.999,2026-09-24 14:07:28,f0757d710cb5
3fe5917c-13e5-574f-9cd5-39053ad302f3,54c5da87-9087-5a05-ba34-c433a7d413ec,760f164c56a3,190.3.1,190,2,3,1,"[27.0, 59.0, 400.0, 105.0]",Text,"Vignardonne, rue S.-Christophe, 1.  ",ENTRY,"<SUBJ>Vignardonne</SUBJ>, <ADDR>rue S.-Christophe, 1.</ADDR>",1,0,1,1.0000,,,B-ENTRY,model,0.996,2026-09-24 14:07:28,05381da4ab2a
9196a34e-8212-5ced-9c02-df0108e9c795,54c5da87-9087-5a05-ba34-c433a7d413ec,ae5d7b502d20,190.3.2,190,2,3,2,"[27.0, 59.0, 400.0, 105.0]",Text,"Villeneuve, rue de Sèvres, 43.",ENTRY,"<SUBJ>Villeneuve</SUBJ>, <ADDR>rue de Sèvres, 43.</ADDR>",1,0,1,1.0000,,,B-ENTRY,model,0.9949,2026-09-24 14:07:28,5a0b22239f09
19ac8353-b618-559f-bc02-8698778cf5a5,54c5da87-9087-5a05-ba34-c433a7d413ec,e4adf9da4a56,190.4.0,190,3,4,0,"[451.0, 59.0, 784.0, 103.0]",Text,"Vergès, rue de Richelieu, 84.  ",ENTRY,"<SUBJ>Vergès</SUBJ>, <ADDR>rue de Richelieu, 84.</ADDR>",1,0,1,1.0000,,,B-ENTRY,model,0.9949,2026-09-24 14:07:28,a9569a27972b
1bc4315b-62e5-50b7-90da-71a29f1a338a,54c5da87-9087-5a05-ba34-c433a7d413ec,701fceda146d,190.4.1,190,3,4,1,"[451.0, 59.0, 784.0, 103.0]",Text,"Vosdey, rue du Faub.-S.-Denis, 154.  ",ENTRY,"<SUBJ>Vosdey</SUBJ>, <ADDR>rue du Faub.-S.-Denis, 154.</ADDR>",1,0,1,1.0000,,,B-ENTRY,model,0.9949,2026-09-24 14:07:28,b3a48bdfe7f3
29c656bb-151e-5253-82d7-f28c77f62f8c,54c5da87-9087-5a05-ba34-c433a7d413ec,4e1f3bfda23d,190.4.2,190,3,4,2,"[451.0, 59.0, 784.0, 103.0]",Text,"Wentzel, oculiste, rue Charlot, 18.",ENTRY,"<SUBJ>Wentzel</SUBJ>, <DESC>oculiste</DESC>, <ADDR>rue Charlot, 18.</ADDR>",1,1,1,1.0000,,,B-ENTRY,human,1.0,2026-09-24 14:07:25,cc70225d5b47
812fe581-5b37-5cce-8fc0-ef33cc5b61da,00000000-0000-0000-0000-000000000000,833ea718af95,190.5.0,190,4,5,0,"[252.0, 115.0, 624.0, 132.0]",Section-Header,# DOCTEURS EN CHIRURGIE.,TITLE,,,,,,,,B-TITLE,human,1.0,2026-09-24 14:07:25,86e3ad97ecee
90e919e7-df07-550a-858a-6791380719eb,812fe581-5b37-5cce-8fc0-ef33cc5b61da,392f32256c68,190.6.0,190,5,6,0,"[32.0, 140.0, 438.0, 897.0]",Text,"Alain, rue de Seine-S.-Germain, 51.  ",ENTRY,"<SUBJ>Alain</SUBJ>, <ADDR>rue de Seine-S.-Germain, 51.</ADDR>",1,0,1,1.0000,,,B-ENTRY,model,0.9917,2026-09-24 14:07:28,f2a5a20bace5
dc693daa-147a-5cd8-9577-326e10e03534,812fe581-5b37-5cce-8fc0-ef33cc5b61da,c72b7fd69494,190.6.1,190,5,6,1,"[32.0, 140.0, 438.0, 897.0]",Text,"Andravi, rue Traversière-S.-Honoré, 59.  ",ENTRY,"<SUBJ>Andravi</SUBJ>, <ADDR>rue Traversière-S.-Honoré, 59.</ADDR>",1,0,1,1.0000,,,B-ENTRY,model,0.9954,2026-09-24 14:07:28,e3d3cf45c7cd
c5804df4-bc16-5dd1-93f3-8cf8b763f2d1,812fe581-5b37-5cce-8fc0-ef33cc5b61da,6384837d404e,190.6.2,190,5,6,2,"[32.0, 140.0, 438.0, 897.0]",Text,"André, rue Feydeau, 15.  ",ENTRY,"<SUBJ>André</SUBJ>, <ADDR>rue Feydeau, 15.</ADDR>",1,0,1,1.0000,,,B-ENTRY,model,0.9954,2026-09-24 14:07:28,803f83e91525
f7446a5e-a681-5d06-8866-0ba8598b14e8,812fe581-5b37-5cce-8fc0-ef33cc5b61da,"a9a1228398b4,9ffe9b081df2","190.6.3,190.6.4","190,190","5,5","6,6","3,4","[32.0, 140.0, 438.0, 897.0],[32.0, 140.0, 438.0, 897.0]","Text,Text","Ané, chirurgien de la princesse Pauline, rue S.-Guillaume, 7.",ENTRY,"<SUBJ>Ané</SUBJ>, <DESC>chirurgien de la princesse Pauline</DESC>, <ADDR>rue S.-Guillaume, 7.</ADDR>",1,1,1,1.0000,,,"B-ENTRY,I-ENTRY","human,human","1.0,1.0","2026-09-24 14:05:16,2026-09-24 14:05:16",49c22035227f
da346fda-b6c0-5f7d-b588-ddf3311000e0,812fe581-5b37-5cce-8fc0-ef33cc5b61da,ed3091c3b90c,190.6.5,190,5,6,5,"[32.0, 140.0, 438.0, 897.0]",Text,"Asselin, herniaire, quai de l'Ecole, 8.  ",ENTRY,"<SUBJ>Asselin</SUBJ>, <DESC>herniaire</DESC>, <ADDR>quai de l'Ecole, 8.</ADDR>",1,1,1,1.0000,,,B-ENTRY,model,0.9983,2026-09-24 14:07:28,04ebf396c366
c3d66f33-8f1a-5c27-a4d7-3022c4a49cd8,812fe581-5b37-5cce-8fc0-ef33cc5b61da,e2c62b498865,190.6.6,190,5,6,6,"[32.0, 140.0, 438.0, 897.0]",Text,"Arrachart, quai de l'Egalité, 10.  ",ENTRY,"<SUBJ>Arrachart</SUBJ>, <ADDR>quai de l'Egalité, 10.</ADDR>",1,0,1,1.0000,,,B-ENTRY,model,0.9965,2026-09-24 14:07:28,8de987cf06f4
9da0d8e2-a61b-5ee6-bbca-bc401df02659,812fe581-5b37-5cce-8fc0-ef33cc5b61da,0b734f55d6e7,190.6.7,190,5,6,7,"[32.0, 140.0, 438.0, 897.0]",Text,"Audibert, rue Michel-le-Pelletier, 34.  ",ENTRY,"<SUBJ>Audibert</SUBJ>, <ADDR>rue Michel-le-Pelletier, 34.</ADDR>",1,0,1,1.0000,,,B-ENTRY,model,0.9954,2026-09-24 14:07:28,9fdafcb35212
e8ead192-58b0-5923-8ea0-7653b295d10c,812fe581-5b37-5cce-8fc0-ef33cc5b61da,623c77c7e7e5,190.6.8,190,5,6,8,"[32.0, 140.0, 438.0, 897.0]",Text,"Auvery, rue du Bacq, 45.  ",ENTRY,"<SUBJ>Auvery</SUBJ>, <ADDR>rue du Bacq, 45.</ADDR>",1,0,1,1.0000,,,B-ENTRY,model,0.9949,2026-09-24 14:07:28,d56b3f3d9204
239519be-5678-562a-b941-6780b4b21714,812fe581-5b37-5cce-8fc0-ef33cc5b61da,7cd5ad9a88a8,190.6.9,190,5,6,9,"[32.0, 140.0, 438.0, 897.0]",Text,"Babel, rue S.-Avoye, 18.  ",ENTRY,"<SUBJ>Babel</SUBJ>, <ADDR>rue S.-Avoye, 18.</ADDR>",1,0,1,1.0000,,,B-ENTRY,human,1.0,2026-09-24 14:07:26,a452792ef91d
d7b72918-6777-5cef-a9d9-c13bd97b25a4,812fe581-5b37-5cce-8fc0-ef33cc5b61da,52267a8c5ad9,190.6.10,190,5,6,10,"[32.0, 140.0, 438.0, 897.0]",Text,"Baget, rue Geoffroy-l'Angevin.  ",ENTRY,"<SUBJ>Baget</SUBJ>, <ADDR>rue Geoffroy-l'Angevin.</ADDR>",1,0,1,1.0000,,,B-ENTRY,human,1.0,2026-09-24 14:07:26,960d8e2e5bca
17ccc2c1-201b-5f6f-ad21-37716391c572,812fe581-5b37-5cce-8fc0-ef33cc5b61da,91d0e534500c,190.6.11,190,5,6,11,"[32.0, 140.0, 438.0, 897.0]",Text,"Balin, hern., place de l'Hôtel-de-Ville, 7.  ",ENTRY,"<SUBJ>Balin</SUBJ>, <DESC>hern.</DESC>, <ADDR>place de l'Hôtel-de-Ville, 7.</ADDR>",1,1,1,1.0000,,,B-ENTRY,model,0.9934,2026-09-24 14:07:28,aba32171dc60
1732fc76-f85c-5adb-adcc-723a01f8ac7e,812fe581-5b37-5cce-8fc0-ef33cc5b61da,834e83830f79,190.6.12,190,5,6,12,"[32.0, 140.0, 438.0, 897.0]",Text,"Balluet, rue S.-Honoré, 224.  ",ENTRY,"<SUBJ>Balluet</SUBJ>, <ADDR>rue S.-Honoré, 224.</ADDR>",1,0,1,1.0000,,,B-ENTRY,model,0.996,2026-09-24 14:07:28,47d393cdbae9
c9135a57-c755-5956-8b16-04d6dd7259f1,812fe581-5b37-5cce-8fc0-ef33cc5b61da,4bf1721bfc49,190.6.13,190,5,6,13,"[32.0, 140.0, 438.0, 897.0]",Text,"Barbesse, rue Rousselet, 21.  ",ENTRY,"<SUBJ>Barbesse</SUBJ>, <ADDR>rue Rousselet, 21.</ADDR>",1,0,1,1.0000,,,B-ENTRY,model,0.9954,2026-09-24 14:07:28,8fbe80b5a297
4d5108b8-6503-55a4-b33a-cefd4f429f92,812fe581-5b37-5cce-8fc0-ef33cc5b61da,d2421a6b8933,190.6.14,190,5,6,14,"[32.0, 140.0, 438.0, 897.0]",Text,"Barbier, rue S.-Jacques, 279.  ",ENTRY,"<SUBJ>Barbier</SUBJ>, <ADDR>rue S.-Jacques, 279.</ADDR>",1,0,1,1.0000,,,B-ENTRY,model,0.996,2026-09-24 14:07:28,aafebdd379a9
ac1becf7-4a07-5544-b3e7-0806a4ff0bad,812fe581-5b37-5cce-8fc0-ef33cc5b61da,8f554c1b55d3,190.6.15,190,5,6,15,"[32.0, 140.0, 438.0, 897.0]",Text,"Baronat, herniaire, rue des Poulies, 5.  ",ENTRY,"<SUBJ>Baronat</SUBJ>, <DESC>herniaire</DESC>, <ADDR>rue des Poulies, 5.</ADDR>",1,1,1,1.0000,,,B-ENTRY,model,0.9954,2026-09-24 14:07:28,86b2b091492e
0ab61353-459e-58eb-8cda-acfd9660484e,812fe581-5b37-5cce-8fc0-ef33cc5b61da,1e2b002aeb7a,190.6.16,190,5,6,16,"[32.0, 140.0, 438.0, 897.0]",Text,"Bauduin, rue Marivaux.  ",ENTRY,"<SUBJ>Bauduin</SUBJ>, <ADDR>rue Marivaux.</ADDR>",1,0,1,1.0000,,,B-ENTRY,model,0.9917,2026-09-24 14:07:28,2845368beac2
fee9ced4-3034-546c-8166-cbed8afc7efb,812fe581-5b37-5cce-8fc0-ef33cc5b61da,a4edcf7c8503,190.6.17,190,5,6,17,"[32.0, 140.0, 438.0, 897.0]",Text,"Bayard, rue Montorgueil, 96.  ",ENTRY,"<SUBJ>Bayard</SUBJ>, <ADDR>rue Montorgueil, 96.</ADDR>",1,0,1,1.0000,,,B-ENTRY,model,0.9954,2026-09-24 14:07:28,c473a53b52fd
877df732-0157-5505-986b-766563b99ecf,812fe581-5b37-5cce-8fc0-ef33cc5b61da,f514158b2276,190.6.18,190,5,6,18,"[32.0, 140.0, 438.0, 897.0]",Text,"Beaudelocque, accouch., rue Jacob, 16.  ",ENTRY,"<SUBJ>Beaudelocque</SUBJ>, <DESC>accouch.</DESC>, <ADDR>rue Jacob, 16.</ADDR>",1,1,1,1.0000,,,B-ENTRY,model,0.9954,2026-09-24 14:07:28,40f61c3f109b
feca9dc7-bd90-5cc1-b13d-5d22b292f97c,812fe581-5b37-5cce-8fc0-ef33cc5b61da,04e9eb7c7f9f,190.6.19,190,5,6,19,"[32.0, 140.0, 438.0, 897.0]",Text,"Beauregard, rue Batave, 6.  ",ENTRY,"<SUBJ>Beauregard</SUBJ>, <ADDR>rue Batave, 6.</ADDR>",1,0,1,1.0000,,,B-ENTRY,model,0.9954,2026-09-24 14:07:28,203c4c282c47
15606b4f-1e83-5001-8c2b-2c7e8d01556b,812fe581-5b37-5cce-8fc0-ef33cc5b61da,721911a076c2,190.6.20,190,5,6,20,"[32.0, 140.0, 438.0, 897.0]",Text,"Becquet, ocul., rue des Prouvaires, 55.  ",ENTRY,"<SUBJ>Becquet</SUBJ>, <DESC>ocul.</DESC>, <ADDR>rue des Prouvaires, 55.</ADDR>",1,1,1,1.0000,,,B-ENTRY,model,0.9934,2026-09-24 14:07:28,877520ebef69
1e4298c6-0d77-5433-aad5-04e06e20ad20,812fe581-5b37-5cce-8fc0-ef33cc5b61da,"49721977882f,2e91be4807ea","190.6.21,190.6.22","190,190","5,5","6,6","21,22","[32.0, 140.0, 438.0, 897.0],[32.0, 140.0, 438.0, 897.0]","Text,Text","Belivier, rue de Charenton, aux Quinze- Vingt, 40.",ENTRY,"<SUBJ>Belivier</SUBJ>, <ADDR>rue de Charenton, aux Quinze- Vingt, 40.</ADDR>",1,0,1,1.0000,,,"B-ENTRY,I-ENTRY","human,human","1.0,1.0","2026-09-24 14:05:18,2026-09-24 14:05:18",e63bfdd76e9a
4453a79f-9cc6-5761-9f05-4c5c2122df00,812fe581-5b37-5cce-8fc0-ef33cc5b61da,e5f571e89ac7,190.6.23,190,5,6,23,"[32.0, 140.0, 438.0, 897.0]",Text,"Beraud, rue du Sépulchre, 19.  ",ENTRY,"<SUBJ>Beraud</SUBJ>, <ADDR>rue du Sépulchre, 19.</ADDR>",1,0,1,1.0000,,,B-ENTRY,model,0.9986,2026-09-24 14:07:28,da4e4c7f9eaa
026be2ce-e4ed-5fe4-bb58-ded51a0e2d37,812fe581-5b37-5cce-8fc0-ef33cc5b61da,9f862d58e3ed,190.6.24,190,5,6,24,"[32.0, 140.0, 438.0, 897.0]",Text,"Bergeret, rue N.-S.-Augustin.  ",ENTRY,"<SUBJ>Bergeret</SUBJ>, <ADDR>rue N.-S.-Augustin.</ADDR>",1,0,1,1.0000,,,B-ENTRY,human,1.0,2026-09-24 14:07:01,162099c47129
12d9890e-de4d-55af-af12-b9a8b9aecf5f,812fe581-5b37-5cce-8fc0-ef33cc5b61da,de56dbb3bfb4,190.6.25,190,5,6,25,"[32.0, 140.0, 438.0, 897.0]",Text,"Bergoing, rue du Lycée.  ",ENTRY,"<SUBJ>Bergoing</SUBJ>, <ADDR>rue du Lycée.</ADDR>",1,0,1,1.0000,,,B-ENTRY,human,1.0,2026-09-24 14:07:01,8e2859cfebde
5b25b0df-aab4-5ccf-9004-9dca9c21980c,812fe581-5b37-5cce-8fc0-ef33cc5b61da,e4c63cab1d09,190.6.26,190,5,6,26,"[32.0, 140.0, 438.0, 897.0]",Text,"Bertholet, rue des Lavandières, 51.  ",ENTRY,"<SUBJ>Bertholet</SUBJ>, <ADDR>rue des Lavandières, 51.</ADDR>",1,0,1,1.0000,,,B-ENTRY,model,0.9949,2026-09-24 14:07:28,cd07aa909873
cf965982-b4ce-56d6-99a5-d8eaea50c1dd,812fe581-5b37-5cce-8fc0-ef33cc5b61da,878681da5cd9,190.6.27,190,5,6,27,"[32.0, 140.0, 438.0, 897.0]",Text,"Bigot, rue Chabannais, 4.  ",ENTRY,"<SUBJ>Bigot</SUBJ>, <ADDR>rue Chabannais, 4.</ADDR>",1,0,1,1.0000,,,B-ENTRY,model,0.9954,2026-09-24 14:07:28,947f7cf2813f
3becefa9-feaa-50fc-8b3f-b0986984e68d,812fe581-5b37-5cce-8fc0-ef33cc5b61da,accdc93e5d69,190.6.28,190,5,6,28,"[32.0, 140.0, 438.0, 897.0]",Text,"Biscarat, rue Gaillon, 15.  ",ENTRY,"<SUBJ>Biscarat</SUBJ>, <ADDR>rue Gaillon, 15.</ADDR>",1,0,1,1.0000,,,B-ENTRY,model,0.9954,2026-09-24 14:07:28,b73e6911c099
9e3ff16b-770e-50dc-a198-a551455e5436,812fe581-5b37-5cce-8fc0-ef33cc5b61da,db46f4c96ac3,190.6.29,190,5,6,29,"[32.0, 140.0, 438.0, 897.0]",Text,"Blasy, rue du Gros-Chenet, 7.  ",ENTRY,"<SUBJ>Blasy</SUBJ>, <ADDR>rue du Gros-Chenet, 7.</ADDR>",1,0,1,1.0000,,,B-ENTRY,model,0.9965,2026-09-24 14:07:28,7bf8c73c1f92
85f97542-9be4-5bbb-b9c2-30b25ec27e37,812fe581-5b37-5cce-8fc0-ef33cc5b61da,c6a3e7411bc1,190.6.30,190,5,6,30,"[32.0, 140.0, 438.0, 897.0]",Text,"Bodin, rue de la Chanvrerie, 10.  ",ENTRY,"<SUBJ>Bodin</SUBJ>, <ADDR>rue de la Chanvrerie, 10.</ADDR>",1,0,1,1.0000,,,B-ENTRY,model,0.9949,2026-09-24 14:07:28,5efb9d58a7e1
08728cfd-9a2d-5e9a-b96a-852e8c78cc90,812fe581-5b37-5cce-8fc0-ef33cc5b61da,9de1bedad754,190.6.31,190,5,6,31,"[32.0, 140.0, 438.0, 897.0]",Text,"Bonjour, rue des Nonaindières, 1.  ",ENTRY,"<SUBJ>Bonjour</SUBJ>, <ADDR>rue des Nonaindières, 1.</ADDR>",1,0,1,1.0000,,,B-ENTRY,model,0.9949,2026-09-24 14:07:28,d9eb973474b0
bce60fdb-eda9-56a3-a572-7619fbe0ccfe,812fe581-5b37-5cce-8fc0-ef33cc5b61da,"78b5818c5c24,f8bc9eac798d","190.6.32,190.6.33","190,190","5,5","6,6","32,33","[32.0, 140.0, 438.0, 897.0],[32.0, 140.0, 438.0, 897.0]","Text,Text","Bonnaye, rue St.-Dominique-Gros-Cail- lou, 5.",ENTRY,"<SUBJ>Bonnaye</SUBJ>, <ADDR>rue St.-Dominique-Gros-Cail- lou, 5.</ADDR>",1,0,1,1.0000,,,"B-ENTRY,I-ENTRY","human,human","1.0,1.0","2026-09-24 14:05:19,2026-09-24 14:05:19",09a774fe36c6
6846646e-1d6e-5530-92e4-bfca82aa2db4,812fe581-5b37-5cce-8fc0-ef33cc5b61da,0f91a2d1da3a,190.6.34,190,5,6,34,"[32.0, 140.0, 438.0, 897.0]",Text,"Botentuit-Langlois, rue Montmartre, 26.  ",ENTRY,"<SUBJ>Botentuit-Langlois</SUBJ>, <ADDR>rue Montmartre, 26.</ADDR>",1,0,1,1.0000,,,B-ENTRY,model,0.9991,2026-09-24 14:07:28,3840ad65f967
448c7af9-63d6-5e76-a9dc-05ddf279288d,812fe581-5b37-5cce-8fc0-ef33cc5b61da,bdf2f4414f20,190.6.35,190,5,6,35,"[32.0, 140.0, 438.0, 897.0]",Text,"Boulay, rue Charlot, 43.  ",ENTRY,"<SUBJ>Boulay</SUBJ>, <ADDR>rue Charlot, 43.</ADDR>",1,0,1,1.0000,,,B-ENTRY,human,1.0,2026-09-24 14:06:59,52026656d5f5
f2820e98-5863-58b5-a9c8-9df56c948d2e,812fe581-5b37-5cce-8fc0-ef33cc5b61da,e36892e6a03c,190.6.36,190,5,6,36,"[32.0, 140.0, 438.0, 897.0]",Text,"Bousquet (J.-B.), rue des Ecrivains, 1.  ",ENTRY,"<SUBJ>Bousquet (J.-B.)</SUBJ>, <ADDR>rue des Ecrivains, 1.</ADDR>",1,0,1,1.0000,,,B-ENTRY,human,1.0,2026-09-24 14:06:59,eca24cd6e53e
9894aaf2-baee-5017-a2f8-cff5f4dd217c,812fe581-5b37-5cce-8fc0-ef33cc5b61da,38b00d25d6fe,190.6.37,190,5,6,37,"[32.0, 140.0, 438.0, 897.0]",Text,"Bousquet (Michel), rue Chapon, 7.  ",ENTRY,"<SUBJ>Bousquet (Michel)</SUBJ>, <ADDR>rue Chapon, 7.</ADDR>",1,0,1,1.0000,,,B-ENTRY,model,0.9965,2026-09-24 14:07:28,be0103424379
10f42691-6e46-5c28-933f-14832b45f11e,812fe581-5b37-5cce-8fc0-ef33cc5b61da,6de422e12e72,190.6.38,190,5,6,38,"[32.0, 140.0, 438.0, 897.0]",Text,"Bousquet (Ant. Nic.), rue de Richelieu, 48.  ",ENTRY,"<SUBJ>Bousquet (Ant. Nic.)</SUBJ>, <ADDR>rue de Richelieu, 48.</ADDR>",1,0,1,1.0000,,,B-ENTRY,human,1.0,2026-09-24 14:06:52,0901f62fb020
2266b9f1-1906-562e-9be1-870cfaecb7db,812fe581-5b37-5cce-8fc0-ef33cc5b61da,779e785002df,190.6.39,190,5,6,39,"[32.0, 140.0, 438.0, 897.0]",Text,"Boyé, rue S.te-Croix-de-la-Bretonnerie, 42.  ",ENTRY,"<SUBJ>Boyé</SUBJ>, <ADDR>rue S.te-Croix-de-la-Bretonnerie, 42.</ADDR>",1,0,1,1.0000,,,B-ENTRY,human,1.0,2026-09-24 14:06:52,65f45c3ec068
fed10323-15e4-5c0a-8470-14931293ffb2,812fe581-5b37-5cce-8fc0-ef33cc5b61da,"bb5ea75ccc32,ddbdf3262b94","190.6.40,190.6.41","190,190","5,5","6,6","40,41","[32.0, 140.0, 438.0, 897.0],[32.0, 140.0, 438.0, 897.0]","Text,Text","Boyer, premier chir. de l'Empereur et de l'Impératrice, rue des SS.-Pères, 45.",ENTRY,"<SUBJ>Boyer</SUBJ>, <DESC>premier chir. de l'Empereur et de l'Impératrice</DESC>, <ADDR>rue des SS.-Pères, 45.</ADDR>",1,1,1,1.0000,,,"B-ENTRY,I-ENTRY","human,human","1.0,1.0","2026-09-24 14:06:08,2026-09-24 14:06:08",66bbaa76ffb7
fe5951cd-dc17-5d90-9e55-1ab43595864d,812fe581-5b37-5cce-8fc0-ef33cc5b61da,960cda3d563c,190.6.42,190,5,6,42,"[32.0, 140.0, 438.0, 897.0]",Text,"Brézillon, accouch., rue Montorgueil, 28.  ",ENTRY,"<SUBJ>Brézillon</SUBJ>, <DESC>accouch.</DESC>, <ADDR>rue Montorgueil, 28.</ADDR>",1,1,1,1.0000,,,B-ENTRY,model,0.9988,2026-09-24 14:07:28,5e6a737538a2
e5532f0b-3881-548a-a76d-e24d59d62fd8,812fe581-5b37-5cce-8fc0-ef33cc5b61da,ef2c1ee8677c,190.6.43,190,5,6,43,"[32.0, 140.0, 438.0, 897.0]",Text,"Brillouet, place du Corps-Législatif, 101.  ",ENTRY,"<SUBJ>Brillouet</SUBJ>, <ADDR>place du Corps-Législatif, 101.</ADDR>",1,0,1,1.0000,,,B-ENTRY,model,0.9965,2026-09-24 14:07:28,41872627c892
d44bfe58-efdd-5f25-a26e-3149a6c5cc73,812fe581-5b37-5cce-8fc0-ef33cc5b61da,380d50343cef,190.6.44,190,5,6,44,"[32.0, 140.0, 438.0, 897.0]",Text,"By, rue Thévenot, 5.  ",ENTRY,"<SUBJ>By</SUBJ>, <ADDR>rue Thévenot, 5.</ADDR>",1,0,1,1.0000,,,B-ENTRY,model,0.9954,2026-09-24 14:07:28,b61fb30956a1
e41de90d-9ca3-55cc-b7c1-e22d8211de45,812fe581-5b37-5cce-8fc0-ef33cc5b61da,287bc2c620fd,190.6.45,190,5,6,45,"[32.0, 140.0, 438.0, 897.0]",Text,"Cadot, rue Basse-S.-Denis, 26.  ",ENTRY,"<SUBJ>Cadot</SUBJ>, <ADDR>rue Basse-S.-Denis, 26.</ADDR>",1,0,1,1.0000,,,B-ENTRY,human,1.0,2026-09-24 14:06:35,a293a1a7c628
1ccc1799-9426-5169-9771-bf8c990b6672,812fe581-5b37-5cce-8fc0-ef33cc5b61da,89b44ffca6c9,190.6.46,190,5,6,46,"[32.0, 140.0, 438.0, 897.0]",Text,"Caillard fils, rue de l'Observance, 6.  ",ENTRY,"<SUBJ>Caillard fils</SUBJ>, <ADDR>rue de l'Observance, 6.</ADDR>",1,0,1,1.0000,,,B-ENTRY,human,1.0,2026-09-24 14:06:35,3562286ca753
ed4493d0-eb4d-5bc2-8cee-78f18d2368e1,812fe581-5b37-5cce-8fc0-ef33cc5b61da,dd618653182f,190.6.47,190,5,6,47,"[32.0, 140.0, 438.0, 897.0]",Text,"Cannet, rue de Chaillet, 10.  ",ENTRY,"<SUBJ>Cannet</SUBJ>, <ADDR>rue de Chaillet, 10.</ADDR>",1,0,1,1.0000,,,B-ENTRY,model,0.995,2026-09-24 14:07:28,1fee67913209
95d8340f-e6f1-51c7-8742-6fc82812ade9,812fe581-5b37-5cce-8fc0-ef33cc5b61da,"739f1aaa668f,385c62ce6182","190.6.48,190.6.49","190,190","5,5","6,6","48,49","[32.0, 140.0, 438.0, 897.0],[32.0, 140.0, 438.0, 897.0]","Text,Text","Caron, chirurgien à l'hospice du Val-de- Grâce, rue de la Harpe, 117.",ENTRY,"<SUBJ>Caron</SUBJ>, <DESC>chirurgien à l'hospice du Val-de- Grâce</DESC>, <ADDR>rue de la Harpe, 117.</ADDR>",1,1,1,1.0000,,,"B-ENTRY,I-ENTRY","human,human","1.0,1.0","2026-09-24 14:05:27,2026-09-24 14:05:27",843d5651da64
478699d3-f763-504c-b4eb-a3eb09a28a96,812fe581-5b37-5cce-8fc0-ef33cc5b61da,fa67342e39f4,190.6.50,190,5,6,50,"[32.0, 140.0, 438.0, 897.0]",Text,"Casaubon, rue J. J. Rousseau, 14.  ",ENTRY,"<SUBJ>Casaubon</SUBJ>, <ADDR>rue J. J. Rousseau, 14.</ADDR>",1,0,1,1.0000,,,B-ENTRY,model,0.9983,2026-09-24 14:07:28,8ef9ad22eaa9
d50ff3a6-4b49-5f36-9a81-5fb41a81211a,812fe581-5b37-5cce-8fc0-ef33cc5b61da,aa2b5aac1bb2,190.6.51,190,5,6,51,"[32.0, 140.0, 438.0, 897.0]",Text,"Caste, rue de la Montagne, 25.  ",ENTRY,"<SUBJ>Caste</SUBJ>, <ADDR>rue de la Montagne, 25.</ADDR>",1,0,1,1.0000,,,B-ENTRY,model,0.9949,2026-09-24 14:07:28,aebecede26ea
f9137ba5-ab86-57c0-94da-d201cb28faf0,812fe581-5b37-5cce-8fc0-ef33cc5b61da,991a9df3ee9f,190.6.52,190,5,6,52,"[32.0, 140.0, 438.0, 897.0]",Text,"Catalan, dentiste, rue de Thionville, 53.  ",ENTRY,"<SUBJ>Catalan</SUBJ>, <DESC>dentiste</DESC>, <ADDR>rue de Thionville, 53.</ADDR>",1,1,1,1.0000,,,B-ENTRY,model,0.9954,2026-09-24 14:07:28,71a17d584000
1384ddeb-2180-5f0f-9c0b-03f9ed66b72d,812fe581-5b37-5cce-8fc0-ef33cc5b61da,748da5db6f30,190.6.53,190,5,6,53,"[32.0, 140.0, 438.0, 897.0]",Text,"Cathelot, rue S.-Antoine, 170.  ",ENTRY,"<SUBJ>Cathelot</SUBJ>, <ADDR>rue S.-Antoine, 170.</ADDR>",1,0,1,1.0000,,,B-ENTRY,model,0.996,2026-09-24 14:07:28,e90777d206d2
e660be60-4515-5fc9-8529-e82c71275087,812fe581-5b37-5cce-8fc0-ef33cc5b61da,df93bfe5d248,190.6.54,190,5,6,54,"[32.0, 140.0, 438.0, 897.0]",Text,"Cattin, rue Bourgthour.  ",ENTRY,"<SUBJ>Cattin</SUBJ>, <ADDR>rue Bourgthour.</ADDR>",1,0,1,1.0000,,,B-ENTRY,human,1.0,2026-09-24 14:05:33,cd2ffa0abf61
ae35cf8a-0c20-5a7f-8317-2bdc6042b014,812fe581-5b37-5cce-8fc0-ef33cc5b61da,72f534420b7e,190.6.55,190,5,6,55,"[32.0, 140.0, 438.0, 897.0]",Text,"Cavalan, accoucheur, rue de Lille, 68.  ",ENTRY,"<SUBJ>Cavalan</SUBJ>, <DESC>accoucheur</DESC>, <ADDR>rue de Lille, 68.</ADDR>",1,1,1,1.0000,,,B-ENTRY,human,1.0,2026-09-24 14:05:33,fa9115707951
a586a812-12a1-5bf8-b074-c4f2d19fa867,812fe581-5b37-5cce-8fc0-ef33cc5b61da,8277634acc81,190.6.56,190,5,6,56,"[32.0, 140.0, 438.0, 897.0]",Text,"Cervenon, rue de Paradis, au Marais.  ",ENTRY,"<SUBJ>Cervenon</SUBJ>, <ADDR>rue de Paradis, au Marais.</ADDR>",1,0,1,1.0000,,,B-ENTRY,model,0.9908,2026-09-24 14:07:28,693d9bee7dd8
659aab1c-96f0-57b9-ba29-192502c8d17f,812fe581-5b37-5cce-8fc0-ef33cc5b61da,9c26b8b2a57e,190.6.57,190,5,6,57,"[32.0, 140.0, 438.0, 897.0]",Text,"Cézérac, rue Neuve-S.te-Geneviève, 9.",ENTRY,"<SUBJ>Cézérac</SUBJ>, <ADDR>rue Neuve-S.te-Geneviève, 9.</ADDR>",1,0,1,1.0000,,,B-ENTRY,human,1.0,2026-09-24 14:06:21,e6e73c43afac
23796ee7-6eb5-5c22-a67a-3d99048367e0,812fe581-5b37-5cce-8fc0-ef33cc5b61da,780053727290,190.7.0,190,6,7,0,"[455.0, 138.0, 838.0, 893.0]",Text,"Chabanette, herniaire, cour du Commerce.  ",ENTRY,"<SUBJ>Chabanette</SUBJ>, <DESC>herniaire</DESC>, <ADDR>cour du Commerce.</ADDR>",1,1,1,1.0000,,,B-ENTRY,human,1.0,2026-09-24 14:06:21,a50325e21bdb
9126a3ee-c12c-5145-8417-250a1fcae481,812fe581-5b37-5cce-8fc0-ef33cc5b61da,3bc005d93146,190.7.1,190,6,7,1,"[455.0, 138.0, 838.0, 893.0]",Text,"Champenois, rue Feydeau, 11.  ",ENTRY,"<SUBJ>Champenois</SUBJ>, <ADDR>rue Feydeau, 11.</ADDR>",1,0,1,1.0000,,,B-ENTRY,model,0.9954,2026-09-24 14:07:28,a76d0d16737d
20181c53-747e-58c5-bc0e-4965038f0d90,812fe581-5b37-5cce-8fc0-ef33cc5b61da,e6fc1a295589,190.7.2,190,6,7,2,"[455.0, 138.0, 838.0, 893.0]",Text,"Chansanld, rue de la Harpe, 88.  ",ENTRY,"<SUBJ>Chansanld</SUBJ>, <ADDR>rue de la Harpe, 88.</ADDR>",1,0,1,1.0000,,,B-ENTRY,model,0.9949,2026-09-24 14:07:28,ba23e51bef68
86432d39-34e1-5e6e-99f2-10b47292322c,812fe581-5b37-5cce-8fc0-ef33cc5b61da,c2c329e80364,190.7.3,190,6,7,3,"[455.0, 138.0, 838.0, 893.0]",Text,"Chappe, rue de Verneuil, 29.  ",ENTRY,"<SUBJ>Chappe</SUBJ>, <ADDR>rue de Verneuil, 29.</ADDR>",1,0,1,1.0000,,,B-ENTRY,model,0.9949,2026-09-24 14:07:28,b4af465a5ff8
0bc10b4f-a069-59b9-aeb1-2882d5404d56,812fe581-5b37-5cce-8fc0-ef33cc5b61da,693e1a56564e,190.7.4,190,6,7,4,"[455.0, 138.0, 838.0, 893.0]",Text,"Charles, rue du Faub.-du-Temple, 57.  ",ENTRY,"<SUBJ>Charles</SUBJ>, <ADDR>rue du Faub.-du-Temple, 57.</ADDR>",1,0,1,1.0000,,,B-ENTRY,model,0.9949,2026-09-24 14:07:28,f316d9baaba1
ffa208bb-bbb3-5176-a6bb-6862ffc7ec2b,812fe581-5b37-5cce-8fc0-ef33cc5b61da,33432795718e,190.7.5,190,6,7,5,"[455.0, 138.0, 838.0, 893.0]",Text,"Chauvot, marché des Innocens, 21.  ",ENTRY,"<SUBJ>Chauvot</SUBJ>, <ADDR>marché des Innocens, 21.</ADDR>",1,0,1,1.0000,,,B-ENTRY,model,0.9949,2026-09-24 14:07:28,c5ffc8088003
3b2b41f1-9ae8-5c61-8cf3-8f44123238af,812fe581-5b37-5cce-8fc0-ef33cc5b61da,ab058cd77c79,190.7.6,190,6,7,6,"[455.0, 138.0, 838.0, 893.0]",Text,"Chouchotte, rue de Vaugirard, 4.  ",ENTRY,"<SUBJ>Chouchotte</SUBJ>, <ADDR>rue de Vaugirard, 4.</ADDR>",1,0,1,1.0000,,,B-ENTRY,model,0.9949,2026-09-24 14:07:28,8d2ffaaf351a
435b1f2b-faf6-593d-9e78-bdba921dafd2,812fe581-5b37-5cce-8fc0-ef33cc5b61da,8ebfdf3c379e,190.7.7,190,6,7,7,"[455.0, 138.0, 838.0, 893.0]",Text,"Clavery, rue Neuve-S.-Augustin, 35.  ",ENTRY,"<SUBJ>Clavery</SUBJ>, <ADDR>rue Neuve-S.-Augustin, 35.</ADDR>",1,0,1,1.0000,,,B-ENTRY,model,0.9954,2026-09-24 14:07:28,d6d4c567c8e9
1fa655b8-c693-567d-a9bb-f27c77c87774,812fe581-5b37-5cce-8fc0-ef33cc5b61da,c99f31efaeb4,190.7.8,190,6,7,8,"[455.0, 138.0, 838.0, 893.0]",Text,"Colon, passage du Vigan, 7.  ",ENTRY,"<SUBJ>Colon</SUBJ>, <ADDR>passage du Vigan, 7.</ADDR>",1,0,1,1.0000,,,B-ENTRY,model,0.9949,2026-09-24 14:07:28,ca6ba42e1be5
86a77174-1d63-5931-94e1-cf9979807388,812fe581-5b37-5cce-8fc0-ef33cc5b61da,86331abf007c,190.7.9,190,6,7,9,"[455.0, 138.0, 838.0, 893.0]",Text,"Coste (Louis), rue Bon-Conseil, 30.  ",ENTRY,"<SUBJ>Coste (Louis)</SUBJ>, <ADDR>rue Bon-Conseil, 30.</ADDR>",1,0,1,1.0000,,,B-ENTRY,model,0.9949,2026-09-24 14:07:28,50858d763abe
a596f217-7be2-50cc-9a6a-ad23ad1adf09,812fe581-5b37-5cce-8fc0-ef33cc5b61da,c1ab27357e27,190.7.10,190,6,7,10,"[455.0, 138.0, 838.0, 893.0]",Text,"Coste (Th.), rue du Faub.-S.-Honoré, 14.  ",ENTRY,"<SUBJ>Coste (Th.)</SUBJ>, <ADDR>rue du Faub.-S.-Honoré, 14.</ADDR>",1,0,1,1.0000,,,B-ENTRY,human,1.0,2026-09-24 14:07:15,e21981d9db07
3aadb965-ab1f-5aa2-9eba-1accff1acc38,812fe581-5b37-5cce-8fc0-ef33cc5b61da,973bd54b0129,190.7.11,190,6,7,11,"[455.0, 138.0, 838.0, 893.0]",Text,"Coutanceau, rue des Bons-Enfans.  ",ENTRY,"<SUBJ>Coutanceau</SUBJ>, <ADDR>rue des Bons-Enfans.</ADDR>",1,0,1,1.0000,,,B-ENTRY,human,1.0,2026-09-24 14:07:15,58f47b037e4d
74b98b6e-4202-5ccd-8232-97439e6beafb,812fe581-5b37-5cce-8fc0-ef33cc5b61da,b8af3e91e2e2,190.7.12,190,6,7,12,"[455.0, 138.0, 838.0, 893.0]",Text,"Contouly, rue de Richelieu, 15.  ",ENTRY,"<SUBJ>Contouly</SUBJ>, <ADDR>rue de Richelieu, 15.</ADDR>",1,0,1,1.0000,,,B-ENTRY,model,0.9949,2026-09-24 14:07:28,c420417b349a
07cf1813-69eb-57e6-bb58-bb4e1d9ec1de,812fe581-5b37-5cce-8fc0-ef33cc5b61da,d885c85a7507,190.7.13,190,6,7,13,"[455.0, 138.0, 838.0, 893.0]",Text,"Culleriez, rue du Champ-des-Capucins, 59.  ",ENTRY,"<SUBJ>Culleriez</SUBJ>, <ADDR>rue du Champ-des-Capucins, 59.</ADDR>",1,0,1,1.0000,,,B-ENTRY,model,0.9949,2026-09-24 14:07:28,72d22be430b4
dd5c83f0-0b3a-5a67-a113-c5ffe937e44f,812fe581-5b37-5cce-8fc0-ef33cc5b61da,53f5605e2615,190.7.14,190,6,7,14,"[455.0, 138.0, 838.0, 893.0]",Text,"Dartugues, rue S.-Denis, près la porte.  ",ENTRY,"<SUBJ>Dartugues</SUBJ>, <ADDR>rue S.-Denis, près la porte.</ADDR>",1,0,1,1.0000,,,B-ENTRY,human,1.0,2026-09-24 14:05:40,8621c70f3c19
eea5523d-d053-5b63-9346-1ce8febc14e0,812fe581-5b37-5cce-8fc0-ef33cc5b61da,5728c5d69c5b,190.7.15,190,6,7,15,"[455.0, 138.0, 838.0, 893.0]",Text,"D'Astruc, rue du Faub.-S.-Antoine, 215.  ",ENTRY,"<SUBJ>D'Astruc</SUBJ>, <ADDR>rue du Faub.-S.-Antoine, 215.</ADDR>",1,0,1,1.0000,,,B-ENTRY,human,1.0,2026-09-24 14:05:40,1dbb553b3360
09a127ba-04d3-5911-88b0-216f7ee8e5d4,812fe581-5b37-5cce-8fc0-ef33cc5b61da,00ebd513a377,190.7.16,190,6,7,16,"[455.0, 138.0, 838.0, 893.0]",Text,"Dausse, rue Grange-Batelière, 26.  ",ENTRY,"<SUBJ>Dausse</SUBJ>, <ADDR>rue Grange-Batelière, 26.</ADDR>",1,0,1,1.0000,,,B-ENTRY,model,0.9956,2026-09-24 14:07:28,665bf231f52e
4e7996dc-a060-55d8-9d18-549ab07605f5,812fe581-5b37-5cce-8fc0-ef33cc5b61da,"8253d1c4b156,b06d54b055cc","190.7.17,190.7.18","190,190","6,6","7,7","17,18","[455.0, 138.0, 838.0, 893.0],[455.0, 138.0, 838.0, 893.0]","Text,Text","Debray, passage de la Réunion, 4, rue S.- Martin.",ENTRY,"<SUBJ>Debray</SUBJ>, <ADDR>passage de la Réunion, 4, rue S.- Martin.</ADDR>",1,0,1,1.0000,,,"B-ENTRY,I-ENTRY","human,human","1.0,1.0","2026-09-24 14:06:42,2026-09-24 14:06:42",abf7d425cfe6
1be91077-5e7f-53ef-b841-26f54b61056d,812fe581-5b37-5cce-8fc0-ef33cc5b61da,78ee08ddf5e9,190.7.19,190,6,7,19,"[455.0, 138.0, 838.0, 893.0]",Text,"Decelles, rue des SS.-Pères, 41.  ",ENTRY,"<SUBJ>Decelles</SUBJ>, <ADDR>rue des SS.-Pères, 41.</ADDR>",1,0,1,1.0000,,,B-ENTRY,model,0.9986,2026-09-24 14:07:28,ee5d11500dbc
05ce4b7c-9dde-5ca3-8aaa-1d27815dfeca,812fe581-5b37-5cce-8fc0-ef33cc5b61da,0095938dff69,190.7.20,190,6,7,20,"[455.0, 138.0, 838.0, 893.0]",Text,"Delarue, rue du Mont-Blanc, 50.  ",ENTRY,"<SUBJ>Delarue</SUBJ>, <ADDR>rue du Mont-Blanc, 50.</ADDR>",1,0,1,1.0000,,,B-ENTRY,model,0.9965,2026-09-24 14:07:28,20c8212ecdd7
05c0d93d-a6bf-5b6d-83ab-e9b76f2cab70,812fe581-5b37-5cce-8fc0-ef33cc5b61da,7346775e3af9,190.7.21,190,6,7,21,"[455.0, 138.0, 838.0, 893.0]",Text,"Delmas, rue S.-Lazare, 55.  ",ENTRY,"<SUBJ>Delmas</SUBJ>, <ADDR>rue S.-Lazare, 55.</ADDR>",1,0,1,1.0000,,,B-ENTRY,model,0.996,2026-09-24 14:07:28,035dd694c558
a09e4aac-dcf6-59fb-8665-e6f3a0fdef06,812fe581-5b37-5cce-8fc0-ef33cc5b61da,7610433562a8,190.7.22,190,6,7,22,"[455.0, 138.0, 838.0, 893.0]",Text,"Demontigny, rue de la Monnaie, 19.  ",ENTRY,"<SUBJ>Demontigny</SUBJ>, <ADDR>rue de la Monnaie, 19.</ADDR>",1,0,1,1.0000,,,B-ENTRY,model,0.9949,2026-09-24 14:07:28,ce93b1fe205f
fa891676-acfe-5b90-b7e7-d7e2daba9f84,812fe581-5b37-5cce-8fc0-ef33cc5b61da,"b93bb93e2976,c52f51c56096","190.7.23,190.7.24","190,190","6,6","7,7","23,24","[455.0, 138.0, 838.0, 893.0],[455.0, 138.0, 838.0, 893.0]","Text,Text","Deschamps, chir. en chef de l'hospice de l'Unité, rue des SS.-Pères, 45.",ENTRY,"<SUBJ>Deschamps</SUBJ>, <DESC>chir. en chef de l'hospice de l'Unité</DESC>, <ADDR>rue des SS.-Pères, 45.</ADDR>",1,1,1,1.0000,,,"B-ENTRY,I-ENTRY","human,human","1.0,1.0","2026-09-24 14:05:56,2026-09-24 14:05:56",c7fa0f083e15
47ceaf30-f14b-50c9-9d65-e9728085cb82,812fe581-5b37-5cce-8fc0-ef33cc5b61da,17791c63aef7,190.7.25,190,6,7,25,"[455.0, 138.0, 838.0, 893.0]",Text,"Descloche, rue Coquillière, 58.  ",ENTRY,"<SUBJ>Descloche</SUBJ>, <ADDR>rue Coquillière, 58.</ADDR>",1,0,1,1.0000,,,B-ENTRY,model,0.9987,2026-09-24 14:07:28,fef263b0214f
49f86894-1a5b-5c11-975a-99b4578a0a3d,812fe581-5b37-5cce-8fc0-ef33cc5b61da,43c2cf2db6c7,190.7.26,190,6,7,26,"[455.0, 138.0, 838.0, 893.0]",Text,"Devilliers, rue S.-Jacques, 161.  ",ENTRY,"<SUBJ>Devilliers</SUBJ>, <ADDR>rue S.-Jacques, 161.</ADDR>",1,0,1,1.0000,,,B-ENTRY,model,0.996,2026-09-24 14:07:28,3a89fafdbe07
2c977042-1ca4-5348-a102-059db300beaf,812fe581-5b37-5cce-8fc0-ef33cc5b61da,4b968240ed14,190.7.27,190,6,7,27,"[455.0, 138.0, 838.0, 893.0]",Text,"Didier, rue S.-Denis, 558.  ",ENTRY,"<SUBJ>Didier</SUBJ>, <ADDR>rue S.-Denis, 558.</ADDR>",1,0,1,1.0000,,,B-ENTRY,human,1.0,2026-09-24 14:07:17,a5b7b22ee3ed
e5e31496-36f8-5416-9cfd-238b535643ba,812fe581-5b37-5cce-8fc0-ef33cc5b61da,f67f4de67df3,190.7.28,190,6,7,28,"[455.0, 138.0, 838.0, 893.0]",Text,"Dorez, rue de Jouy.  ",ENTRY,"<SUBJ>Dorez</SUBJ>, <ADDR>rue de Jouy.</ADDR>",1,0,1,1.0000,,,B-ENTRY,human,1.0,2026-09-24 14:07:17,21e5f8d647e1
8158501c-32e0-50ce-8117-4d871451058f,812fe581-5b37-5cce-8fc0-ef33cc5b61da,ba555a6b68d8,190.7.29,190,6,7,29,"[455.0, 138.0, 838.0, 893.0]",Text,"Dubertrand, rue du Temple, 85.  ",ENTRY,"<SUBJ>Dubertrand</SUBJ>, <ADDR>rue du Temple, 85.</ADDR>",1,0,1,1.0000,,,B-ENTRY,model,0.9949,2026-09-24 14:07:28,c4d74cf309dc
ee123a69-28cb-5de3-836c-5262c869a661,812fe581-5b37-5cce-8fc0-ef33cc5b61da,550a18e64bf9,190.7.30,190,6,7,30,"[455.0, 138.0, 838.0, 893.0]",Text,"Dubois (Ant.), rue de l'Observance, 1.  ",ENTRY,"<SUBJ>Dubois (Ant.)</SUBJ>, <ADDR>rue de l'Observance, 1.</ADDR>",1,0,1,1.0000,,,B-ENTRY,model,0.9951,2026-09-24 14:07:28,d6e449123003
2affb4fa-252b-5c01-94e2-34e13bd26b2f,812fe581-5b37-5cce-8fc0-ef33cc5b61da,"2e9193010d70,847369a1b4dc","190.7.31,190.7.32","190,190","6,6","7,7","31,32","[455.0, 138.0, 838.0, 893.0],[455.0, 138.0, 838.0, 893.0]","Text,Text","Dubois (Etienne), rue des Filles-du-Cal- vaire, 5.",ENTRY,"<SUBJ>Dubois (Etienne)</SUBJ>, <ADDR>rue des Filles-du-Cal- vaire, 5.</ADDR>",1,0,1,1.0000,,,"B-ENTRY,I-ENTRY","model,model","0.9987,1.0","2026-09-24 14:07:28,2026-09-24 14:07:28",159e0f35b1cb
6dd9549e-f65f-555d-b636-389dadeb0661,812fe581-5b37-5cce-8fc0-ef33cc5b61da,"3980ed815fbd,38e0afa2c7e5","190.7.33,190.7.34","190,190","6,6","7,7","33,34","[455.0, 138.0, 838.0, 893.0],[455.0, 138.0, 838.0, 893.0]","Text,Text","Dubois-Foucou, dentiste, rue des Bons- Enfants, 1.",ENTRY,"<SUBJ>Dubois-Foucou</SUBJ>, <DESC>dentiste</DESC>, <ADDR>rue des Bons- Enfants, 1.</ADDR>",1,1,1,1.0000,,,"B-ENTRY,I-ENTRY","human,human","1.0,1.0","2026-09-24 14:06:57,2026-09-24 14:06:57",2519ee8a2dc3
2407104f-ac09-568d-9bd8-dbe026f541ad,812fe581-5b37-5cce-8fc0-ef33cc5b61da,512f493cae7e,190.7.35,190,6,7,35,"[455.0, 138.0, 838.0, 893.0]",Text,"Duchateau, cul-de-sac Sourdis, 5.  ",ENTRY,"<SUBJ>Duchateau</SUBJ>, <ADDR>cul-de-sac Sourdis, 5.</ADDR>",1,0,1,1.0000,,,B-ENTRY,model,0.9983,2026-09-24 14:07:28,fb6160fbd996
a88d61bc-7156-5497-8915-f728c0858717,812fe581-5b37-5cce-8fc0-ef33cc5b61da,82cbd479321d,190.7.36,190,6,7,36,"[455.0, 138.0, 838.0, 893.0]",Text,"Ducluzeau, rue S.-Nicaise, 8.  ",ENTRY,"<SUBJ>Ducluzeau</SUBJ>, <ADDR>rue S.-Nicaise, 8.</ADDR>",1,0,1,1.0000,,,B-ENTRY,model,0.996,2026-09-24 14:07:28,ed64f7a5b99d
f58c8f77-5b5a-5fb0-abe2-db4eaddd3ff2,812fe581-5b37-5cce-8fc0-ef33cc5b61da,1f7c3540048f,190.7.37,190,6,7,37,"[455.0, 138.0, 838.0, 893.0]",Text,"Dufour, rue des Ecouffes, 22.  ",ENTRY,"<SUBJ>Dufour</SUBJ>, <ADDR>rue des Ecouffes, 22.</ADDR>",1,0,1,1.0000,,,B-ENTRY,model,0.9949,2026-09-24 14:07:28,be61235a4f4a
e93a2859-9cf7-5bab-bb57-45f44017beca,812fe581-5b37-5cce-8fc0-ef33cc5b61da,a16f4b2ea2df,190.7.38,190,6,7,38,"[455.0, 138.0, 838.0, 893.0]",Text,"Dufoure, rue des Gravilliers, 18.  ",ENTRY,"<SUBJ>Dufoure</SUBJ>, <ADDR>rue des Gravilliers, 18.</ADDR>",1,0,1,1.0000,,,B-ENTRY,model,0.9949,2026-09-24 14:07:28,ba4935754570
10e8733d-d9cb-56ea-b16f-0092b05fa42a,812fe581-5b37-5cce-8fc0-ef33cc5b61da,035d182a77e6,190.7.39,190,6,7,39,"[455.0, 138.0, 838.0, 893.0]",Text,"Dufouart, rue S.-Jacques, 279.  ",ENTRY,"<SUBJ>Dufouart</SUBJ>, <ADDR>rue S.-Jacques, 279.</ADDR>",1,0,1,1.0000,,,B-ENTRY,model,0.996,2026-09-24 14:07:28,87adecc07e7b
5318ef49-b0db-5fe0-8580-107b7f2658be,812fe581-5b37-5cce-8fc0-ef33cc5b61da,3a00e3d87e9c,190.7.40,190,6,7,40,"[455.0, 138.0, 838.0, 893.0]",Text,"Dussault (Ant. Fcl.), rue de Sèvres, 24.  ",ENTRY,"<SUBJ>Dussault (Ant. Fcl.)</SUBJ>, <ADDR>rue de Sèvres, 24.</ADDR>",1,0,1,1.0000,,,B-ENTRY,model,0.9951,2026-09-24 14:07:28,76bcf4e81337
80ccd25b-caa6-5978-b4de-2c077ff67280,812fe581-5b37-5cce-8fc0-ef33cc5b61da,4ccf6e2a522f,190.7.41,190,6,7,41,"[455.0, 138.0, 838.0, 893.0]",Text,"Dutaret, rue des Enfants-Rouges, 15.  ",ENTRY,"<SUBJ>Dutaret</SUBJ>, <ADDR>rue des Enfants-Rouges, 15.</ADDR>",1,0,1,1.0000,,,B-ENTRY,model,0.9965,2026-09-24 14:07:28,3673933016df
9b6a2f02-1431-5f43-ac93-62d9885e0c58,812fe581-5b37-5cce-8fc0-ef33cc5b61da,4e748ffe1e10,190.7.42,190,6,7,42,"[455.0, 138.0, 838.0, 893.0]",Text,"Duval, dentiste, place des Vosges, 5.  ",ENTRY,"<SUBJ>Duval</SUBJ>, <DESC>dentiste</DESC>, <ADDR>place des Vosges, 5.</ADDR>",1,1,1,1.0000,,,B-ENTRY,model,0.9954,2026-09-24 14:07:28,05d2367e59db
02ed8391-b5ac-5ee4-84ce-d7475bbb9ef0,812fe581-5b37-5cce-8fc0-ef33cc5b61da,"3136f2bcee2e,57cb2cdca5cf","190.7.43,190.7.44","190,190","6,6","7,7","43,44","[455.0, 138.0, 838.0, 893.0],[455.0, 138.0, 838.0, 893.0]","Text,Text","Eclancher, rue des Fossés-S.-Germain-des- Prés.",ENTRY,"<SUBJ>Eclancher</SUBJ>, <ADDR>rue des Fossés-S.-Germain-des- Prés.</ADDR>",1,0,1,1.0000,,,"B-ENTRY,I-ENTRY","human,human","1.0,1.0","2026-09-24 14:05:58,2026-09-24 14:05:58",6bbabdb748dc
adc79c0c-f9a3-5082-8233-0d239fea64a8,812fe581-5b37-5cce-8fc0-ef33cc5b61da,2809d2924f01,190.7.45,190,6,7,45,"[455.0, 138.0, 838.0, 893.0]",Text,"Evrat, accoucheur, rue de Sèvres, 25.  ",ENTRY,"<SUBJ>Evrat</SUBJ>, <DESC>accoucheur</DESC>, <ADDR>rue de Sèvres, 25.</ADDR>",1,1,1,1.0000,,,B-ENTRY,model,0.9988,2026-09-24 14:07:28,0b6ec383f83b
9dcd9b3c-4534-503a-92da-97e3f096e4e6,812fe581-5b37-5cce-8fc0-ef33cc5b61da,"dccf4b8da52e,f0330456f270","190.7.46,190.7.47","190,190","6,6","7,7","46,47","[455.0, 138.0, 838.0, 893.0],[455.0, 138.0, 838.0, 893.0]","Text,Text","Fabre de Molène, rue du Faub.-St.-Mar- tin, 205.",ENTRY,"<SUBJ>Fabre de Molène</SUBJ>, <ADDR>rue du Faub.-St.-Mar- tin, 205.</ADDR>",1,0,1,1.0000,,,"B-ENTRY,I-ENTRY","model,model","0.9975,1.0","2026-09-24 14:07:28,2026-09-24 14:07:28",d28b85f6f1b2
23a22301-dbe4-5887-9710-52a8d2d6ae4c,812fe581-5b37-5cce-8fc0-ef33cc5b61da,6847971db151,190.7.48,190,6,7,48,"[455.0, 138.0, 838.0, 893.0]",Text,"Faulcon, rue S.-Martin, 291.  ",ENTRY,"<SUBJ>Faulcon</SUBJ>, <ADDR>rue S.-Martin, 291.</ADDR>",1,0,1,1.0000,,,B-ENTRY,model,0.9989,2026-09-24 14:07:28,617413357d1d
633a1578-12b2-55a8-af79-83e7cf027e1a,812fe581-5b37-5cce-8fc0-ef33cc5b61da,"5588db4f0e55,b95f52ea88fe","190.7.49,190.7.50","190,190","6,6","7,7","49,50","[455.0, 138.0, 838.0, 893.0],[455.0, 138.0, 838.0, 893.0]","Text,Text","Favrot, rue des Fossés-S.-Germain-l'Auxer- rois, 6.",ENTRY,"<SUBJ>Favrot</SUBJ>, <ADDR>rue des Fossés-S.-Germain-l'Auxer- rois, 6.</ADDR>",1,0,1,1.0000,,,"B-ENTRY,I-ENTRY","model,model","0.9985,1.0","2026-09-24 14:07:28,2026-09-24 14:07:28",a117bc7803ff
8b112657-b6c8-5412-b989-47689ebd5a30,812fe581-5b37-5cce-8fc0-ef33cc5b61da,"5794c215684d,eec27eb34558","190.7.51,190.7.52","190,190","6,6","7,7","51,52","[455.0, 138.0, 838.0, 893.0],[455.0, 138.0, 838.0, 893.0]","Text,Text","Fertus, de l'hôpital du Gros-Caillou, rue....",ENTRY,"<SUBJ>Fertus</SUBJ>, <DESC>de l'hôpital du Gros-Caillou</DESC>, <ADDR>rue....</ADDR>",1,1,1,0.9999,,,"B-ENTRY,I-ENTRY","human,human","1.0,1.0","2026-09-24 14:05:29,2026-09-24 14:05:29",eb0b59ac2411
282070bc-5456-5ebe-88a9-f25ca397dfe2,812fe581-5b37-5cce-8fc0-ef33cc5b61da,0b676c0255f1,190.7.53,190,6,7,53,"[455.0, 138.0, 838.0, 893.0]",Text,"Fiefnet, rue Neuve-des-Petits-Champs, 79.  ",ENTRY,"<SUBJ>Fiefnet</SUBJ>, <ADDR>rue Neuve-des-Petits-Champs, 79.</ADDR>",1,0,1,1.0000,,,B-ENTRY,model,0.9986,2026-09-24 14:07:28,6d81f12fe0e0
6e56f3b2-b167-57b9-91b1-daacf3813aa5,812fe581-5b37-5cce-8fc0-ef33cc5b61da,be8206919b3d,190.7.54,190,6,7,54,"[455.0, 138.0, 838.0, 893.0]",Text,"Filliet, cour de la S.te-Chapelle, 9.  ",ENTRY,"<SUBJ>Filliet</SUBJ>, <ADDR>cour de la S.te-Chapelle, 9.</ADDR>",1,0,1,1.0000,,,B-ENTRY,model,0.9949,2026-09-24 14:07:28,b6fbf5c9a27e
c743ddc6-515e-5bf1-908d-a40ec43c3a4f,812fe581-5b37-5cce-8fc0-ef33cc5b61da,aea9381d7a89,190.7.55,190,6,7,55,"[455.0, 138.0, 838.0, 893.0]",Text,"Fillot, rue Bon-Conseil, 14.  ",ENTRY,"<SUBJ>Fillot</SUBJ>, <ADDR>rue Bon-Conseil, 14.</ADDR>",1,0,1,1.0000,,,B-ENTRY,model,0.9954,2026-09-24 14:07:28,2092c581ef66
58d0fead-1c58-5667-906d-bb772bde941a,812fe581-5b37-5cce-8fc0-ef33cc5b61da,01182826a446,190.7.56,190,6,7,56,"[455.0, 138.0, 838.0, 893.0]",Text,"Fleury, rue Phelippeaux, 11.  ",ENTRY,"<SUBJ>Fleury</SUBJ>, <ADDR>rue Phelippeaux, 11.</ADDR>",1,0,1,1.0000,,,B-ENTRY,model,0.9954,2026-09-24 14:07:28,bcb5c0bd4ccb
d88f53a9-7be4-520f-83a8-0d79694bef2e,812fe581-5b37-5cce-8fc0-ef33cc5b61da,38f3b18b612a,190.7.57,190,6,7,57,"[455.0, 138.0, 838.0, 893.0]",Text,"Fluquay, rue S.-Christophe, 14.",ENTRY,"<SUBJ>Fluquay</SUBJ>, <ADDR>rue S.-Christophe, 14.</ADDR>",1,0,1,1.0000,,,B-ENTRY,model,0.9905,2026-09-24 14:07:28,9e54b5f9e427
e631fb4e-13e1-524d-afa6-47362a56c3f0,812fe581-5b37-5cce-8fc0-ef33cc5b61da,5753ab09dc63,191.1.0,191,0,1,0,"[123.0, 37.0, 177.0, 56.0]",Page-Header,862,OUT OF SCOPE,,,,,,,,OUT OF SCOPE,human,1.0,2026-09-24 14:05:37,400058b86da9
f7d268eb-3926-583a-9382-14fcb45e2c93,812fe581-5b37-5cce-8fc0-ef33cc5b61da,139d3b54c862,191.2.0,191,1,2,0,"[315.0, 35.0, 773.0, 60.0]",Page-Header,Docteurs en chirurgie.—PARIS.,OUT OF SCOPE,,,,,,,,OUT OF SCOPE,human,1.0,2026-09-24 14:05:37,400058b86da9
ab51e44d-6d23-5f3d-8368-48156d1f28c6,812fe581-5b37-5cce-8fc0-ef33cc5b61da,9e4c9fb5a60f,191.3.0,191,2,3,0,"[117.0, 61.0, 970.0, 890.0]",List-Group,"Fontaine, rue d'Aboukir, 2.  ",ENTRY,"<SUBJ>Fontaine</SUBJ>, <ADDR>rue d'Aboukir, 2.</ADDR>",1,0,1,1.0000,,,B-ENTRY,model,0.9986,2026-09-24 14:07:28,cde47c5e3fe8
64659d82-63eb-59eb-aa72-4ceb8fbd8a8e,812fe581-5b37-5cce-8fc0-ef33cc5b61da,acb944bec4cd,191.3.1,191,2,3,1,"[117.0, 61.0, 970.0, 890.0]",List-Group,"Forestier, *accoucheur*, rue des Moulins, 1.  ",ENTRY,"<SUBJ>Forestier</SUBJ>, *<DESC>accoucheur</DESC>*, <ADDR>rue des Moulins, 1.</ADDR>",1,1,1,1.0000,,,B-ENTRY,model,0.9971,2026-09-24 14:07:28,e60751555218
734ec728-9cf1-5433-91bf-89823fa6e606,812fe581-5b37-5cce-8fc0-ef33cc5b61da,5a765cab04ed,191.3.2,191,2,3,2,"[117.0, 61.0, 970.0, 890.0]",List-Group,"Forlence, *oculiste*, rue des SS.-Pères, 20.  ",ENTRY,"<SUBJ>Forlence</SUBJ>, *<DESC>oculiste</DESC>*, <ADDR>rue des SS.-Pères, 20.</ADDR>",1,1,1,1.0000,,,B-ENTRY,model,0.9971,2026-09-24 14:07:28,b571b79fe47a
29e11264-f602-59b3-b692-f6acf3f5d9bf,812fe581-5b37-5cce-8fc0-ef33cc5b61da,b8e02ea7f15b,191.3.3,191,2,3,3,"[117.0, 61.0, 970.0, 890.0]",List-Group,"Fouilloy, rue S.te-Marguerite, 14.  ",ENTRY,"<SUBJ>Fouilloy</SUBJ>, <ADDR>rue S.te-Marguerite, 14.</ADDR>",1,0,1,1.0000,,,B-ENTRY,model,0.9953,2026-09-24 14:07:28,80ad9b01becd
65cbf166-6ce5-53de-8af8-053c8bfd9917,812fe581-5b37-5cce-8fc0-ef33cc5b61da,9469267f651a,191.3.4,191,2,3,4,"[117.0, 61.0, 970.0, 890.0]",List-Group,"Gaillard (Lefèvre dit), rue S.-Florentin, 10.  ",ENTRY,"<SUBJ>Gaillard (Lefèvre dit)</SUBJ>, <ADDR>rue S.-Florentin, 10.</ADDR>",1,0,1,1.0000,,,B-ENTRY,model,0.9969,2026-09-24 14:07:28,bde0b4d2d157
f1d31996-c6ea-5f07-832d-95d5bdcbf454,812fe581-5b37-5cce-8fc0-ef33cc5b61da,2dea45d1624f,191.3.5,191,2,3,5,"[117.0, 61.0, 970.0, 890.0]",List-Group,"Gardanne-Duport, rue du Mail, 29.  ",ENTRY,"<SUBJ>Gardanne-Duport</SUBJ>, <ADDR>rue du Mail, 29.</ADDR>",1,0,1,1.0000,,,B-ENTRY,model,0.998,2026-09-24 14:07:28,796c08d1aef8
8ba418de-ed76-52ca-99e5-386999986417,812fe581-5b37-5cce-8fc0-ef33cc5b61da,e50bbddea190,191.3.6,191,2,3,6,"[117.0, 61.0, 970.0, 890.0]",List-Group,"Gauthier, rue de Tracy, 14.  ",ENTRY,"<SUBJ>Gauthier</SUBJ>, <ADDR>rue de Tracy, 14.</ADDR>",1,0,1,1.0000,,,B-ENTRY,model,0.9959,2026-09-24 14:07:28,fa4dfaeb1f5f
807c4c00-a947-5ea2-b71b-39ffe44c610c,812fe581-5b37-5cce-8fc0-ef33cc5b61da,233386f7c322,191.3.7,191,2,3,7,"[117.0, 61.0, 970.0, 890.0]",List-Group,"Gautier, rue Jacob, 1.  ",ENTRY,"<SUBJ>Gautier</SUBJ>, <ADDR>rue Jacob, 1.</ADDR>",1,0,1,1.0000,,,B-ENTRY,model,0.9963,2026-09-24 14:07:28,c924f9d1ee77
5e98de4c-0014-5d6c-960f-c0fb10e9d638,812fe581-5b37-5cce-8fc0-ef33cc5b61da,685b03c87656,191.3.8,191,2,3,8,"[117.0, 61.0, 970.0, 890.0]",List-Group,"Gay, rue du Bacq, 14.  ",ENTRY,"<SUBJ>Gay</SUBJ>, <ADDR>rue du Bacq, 14.</ADDR>",1,0,1,1.0000,,,B-ENTRY,model,0.9959,2026-09-24 14:07:28,ecec784a4d9a
5baf421d-f785-5925-b619-081ab797d6f4,812fe581-5b37-5cce-8fc0-ef33cc5b61da,fc29a4bc4d51,191.3.9,191,2,3,9,"[117.0, 61.0, 970.0, 890.0]",List-Group,"Gélède, rue S.-Pierre-aux Bœufs, 10.  ",ENTRY,"<SUBJ>Gélède</SUBJ>, <ADDR>rue S.-Pierre-aux Bœufs, 10.</ADDR>",1,0,1,1.0000,,,B-ENTRY,model,0.9953,2026-09-24 14:07:28,de218b1f47e9
377f4f46-e91a-535c-abce-8de473da3590,812fe581-5b37-5cce-8fc0-ef33cc5b61da,63c8252b014b,191.3.10,191,2,3,10,"[117.0, 61.0, 970.0, 890.0]",List-Group,"Génouville, rue du Cherche-Midi, 2.  ",ENTRY,"<SUBJ>Génouville</SUBJ>, <ADDR>rue du Cherche-Midi, 2.</ADDR>",1,0,1,1.0000,,,B-ENTRY,model,0.9972,2026-09-24 14:07:28,e1d087402f2c
cb5997ef-2389-525f-84a2-8f85d69239f3,812fe581-5b37-5cce-8fc0-ef33cc5b61da,b4e2c20a1189,191.3.11,191,2,3,11,"[117.0, 61.0, 970.0, 890.0]",List-Group,"Girard, rue du Fouare, 7.  ",ENTRY,"<SUBJ>Girard</SUBJ>, <ADDR>rue du Fouare, 7.</ADDR>",1,0,1,1.0000,,,B-ENTRY,model,0.9959,2026-09-24 14:07:28,f40e7267c27d
78b7c3d4-0f69-5354-804f-14f1b1ac9f49,812fe581-5b37-5cce-8fc0-ef33cc5b61da,273125e0b8cf,191.3.12,191,2,3,12,"[117.0, 61.0, 970.0, 890.0]",List-Group,"Gobert, rue Git-le-Cœur, 12.  ",ENTRY,"<SUBJ>Gobert</SUBJ>, <ADDR>rue Git-le-Cœur, 12.</ADDR>",1,0,1,1.0000,,,B-ENTRY,model,0.9963,2026-09-24 14:07:28,cae8fda25599
92b749c6-09e8-50e0-ab2d-1dbda96f6889,812fe581-5b37-5cce-8fc0-ef33cc5b61da,347a22be57ce,191.3.13,191,2,3,13,"[117.0, 61.0, 970.0, 890.0]",List-Group,"Grandchaud, rue des Bons-Enfans, 55.  ",ENTRY,"<SUBJ>Grandchaud</SUBJ>, <ADDR>rue des Bons-Enfans, 55.</ADDR>",1,0,1,1.0000,,,B-ENTRY,model,0.9972,2026-09-24 14:07:28,366feaf07aab
3de165e2-4616-5d74-a276-af9c240278fa,812fe581-5b37-5cce-8fc0-ef33cc5b61da,7bff482f9f81,191.3.14,191,2,3,14,"[117.0, 61.0, 970.0, 890.0]",List-Group,"Gratereau, *accouch.*, rue Baillette, 5.  ",ENTRY,"<SUBJ>Gratereau</SUBJ>, *<DESC>accouch.</DESC>*, <ADDR>rue Baillette, 5.</ADDR>",1,1,1,1.0000,,,B-ENTRY,model,0.9971,2026-09-24 14:07:28,42373b8ee20b
fc67411f-07ed-58c6-a72a-33518b4522bd,812fe581-5b37-5cce-8fc0-ef33cc5b61da,a6ae5e3f2ef9,191.3.15,191,2,3,15,"[117.0, 61.0, 970.0, 890.0]",List-Group,"Grazide, place du Tribunal, 25.  ",ENTRY,"<SUBJ>Grazide</SUBJ>, <ADDR>place du Tribunal, 25.</ADDR>",1,0,1,1.0000,,,B-ENTRY,model,0.9959,2026-09-24 14:07:28,5ebba6b862b1
623eb98f-f8a2-5e04-9e68-74f90b813674,812fe581-5b37-5cce-8fc0-ef33cc5b61da,18088e2e8dcd,191.3.16,191,2,3,16,"[117.0, 61.0, 970.0, 890.0]",List-Group,"Guenebault, rue S.-André-des-Arcs, 57.  ",ENTRY,"<SUBJ>Guenebault</SUBJ>, <ADDR>rue S.-André-des-Arcs, 57.</ADDR>",1,0,1,1.0000,,,B-ENTRY,model,0.9953,2026-09-24 14:07:28,47213997d4e8
388c4b31-a7f4-5e15-8f98-ebef40c8b249,812fe581-5b37-5cce-8fc0-ef33cc5b61da,"ed2b7f79fff7,9516c8be8ce0","191.3.17,191.3.18","191,191","2,2","3,3","17,18","[117.0, 61.0, 970.0, 890.0],[117.0, 61.0, 970.0, 890.0]","List-Group,List-Group","Guérin (Claude), *accouch.*, rue du Mont- ceau, 12.",ENTRY,"<SUBJ>Guérin (Claude)</SUBJ>, *<DESC>accouch.</DESC>*, <ADDR>rue du Mont- ceau, 12.</ADDR>",1,1,1,1.0000,,,"B-ENTRY,I-ENTRY","model,model","0.9976,1.0","2026-09-24 14:07:28,2026-09-24 14:07:28",26564fd5c0a4
97b01cb2-e865-5436-a7fd-fff89cdde9d9,812fe581-5b37-5cce-8fc0-ef33cc5b61da,0121e184183e,191.3.19,191,2,3,19,"[117.0, 61.0, 970.0, 890.0]",List-Group,"Guillemin, rue de Richelieu, 5.  ",ENTRY,"<SUBJ>Guillemin</SUBJ>, <ADDR>rue de Richelieu, 5.</ADDR>",1,0,1,1.0000,,,B-ENTRY,model,0.9988,2026-09-24 14:07:28,bdde8917bf91
18dd5521-4d83-5991-a610-d7ebafe21d3d,812fe581-5b37-5cce-8fc0-ef33cc5b61da,33f2750ea91f,191.3.20,191,2,3,20,"[117.0, 61.0, 970.0, 890.0]",List-Group,"Guillemon, rue Mandar, 10.  ",ENTRY,"<SUBJ>Guillemon</SUBJ>, <ADDR>rue Mandar, 10.</ADDR>",1,0,1,1.0000,,,B-ENTRY,model,0.9963,2026-09-24 14:07:28,c9b256a4334c
d3ac54ec-fc6f-5965-bf7e-2e1b0631dadf,812fe581-5b37-5cce-8fc0-ef33cc5b61da,89c944677039,191.3.21,191,2,3,21,"[117.0, 61.0, 970.0, 890.0]",List-Group,"Hévin, rue Notre-Dame-de-Nazareth, 52.  ",ENTRY,"<SUBJ>Hévin</SUBJ>, <ADDR>rue Notre-Dame-de-Nazareth, 52.</ADDR>",1,0,1,1.0000,,,B-ENTRY,model,0.9963,2026-09-24 14:07:28,f0dfdaa964e3
362aca28-d26e-5ffc-9be6-ed14a4f520ea,812fe581-5b37-5cce-8fc0-ef33cc5b61da,df3b6cfbd239,191.3.22,191,2,3,22,"[117.0, 61.0, 970.0, 890.0]",List-Group,"Hubert, rue Vieille-du-Temple, 52.  ",ENTRY,"<SUBJ>Hubert</SUBJ>, <ADDR>rue Vieille-du-Temple, 52.</ADDR>",1,0,1,1.0000,,,B-ENTRY,model,0.9963,2026-09-24 14:07:28,661568a0391c
ed11e387-212a-5c53-a24f-eaef1e6fa605,812fe581-5b37-5cce-8fc0-ef33cc5b61da,2ae24fcefd6c,191.3.23,191,2,3,23,"[117.0, 61.0, 970.0, 890.0]",List-Group,"Hurel, rue Culture.S.te-Catherine, 14.  ",ENTRY,"<SUBJ>Hurel</SUBJ>, <ADDR>rue Culture.S.te-Catherine, 14.</ADDR>",1,0,1,1.0000,,,B-ENTRY,model,0.9963,2026-09-24 14:07:28,dbd9ade16489
7c30026d-f834-5f1b-8ed2-84f3ff31422c,812fe581-5b37-5cce-8fc0-ef33cc5b61da,6062df21cd5b,191.3.24,191,2,3,24,"[117.0, 61.0, 970.0, 890.0]",List-Group,"Huttier, rue Montmartre, 64.  ",ENTRY,"<SUBJ>Huttier</SUBJ>, <ADDR>rue Montmartre, 64.</ADDR>",1,0,1,1.0000,,,B-ENTRY,model,0.9963,2026-09-24 14:07:28,18a05e0cf7bb
7f020437-3943-563b-9254-2eb080891dc7,812fe581-5b37-5cce-8fc0-ef33cc5b61da,c96e99c81257,191.3.25,191,2,3,25,"[117.0, 61.0, 970.0, 890.0]",List-Group,"Jacques, rue du Coq-S.-Honoré, 15.  ",ENTRY,"<SUBJ>Jacques</SUBJ>, <ADDR>rue du Coq-S.-Honoré, 15.</ADDR>",1,0,1,1.0000,,,B-ENTRY,model,0.9959,2026-09-24 14:07:28,9f9c90382e60
21f37e14-8df1-5992-ae60-234cbf4f8a32,812fe581-5b37-5cce-8fc0-ef33cc5b61da,9eaa35434d5b,191.3.26,191,2,3,26,"[117.0, 61.0, 970.0, 890.0]",List-Group,"Jarry, rue de la Jussienne, 15.  ",ENTRY,"<SUBJ>Jarry</SUBJ>, <ADDR>rue de la Jussienne, 15.</ADDR>",1,0,1,1.0000,,,B-ENTRY,model,0.9959,2026-09-24 14:07:28,74306e5c2462
3f9916c7-7a7c-5061-9085-a70fef1b0ee6,812fe581-5b37-5cce-8fc0-ef33cc5b61da,c890c33e9819,191.3.27,191,2,3,27,"[117.0, 61.0, 970.0, 890.0]",List-Group,"Jourdain, *dent.*, quai des Augustins, 57.  ",ENTRY,"<SUBJ>Jourdain</SUBJ>, *<DESC>dent.</DESC>*, <ADDR>quai des Augustins, 57.</ADDR>",1,1,1,1.0000,,,B-ENTRY,model,0.9971,2026-09-24 14:07:28,f0829099eafc
01501ff7-901a-572b-8908-900013a6d643,812fe581-5b37-5cce-8fc0-ef33cc5b61da,b461a3342c6e,191.3.28,191,2,3,28,"[117.0, 61.0, 970.0, 890.0]",List-Group,"Jouve, *dentiste*, rue Montmartre, 145.  ",ENTRY,"<SUBJ>Jouve</SUBJ>, *<DESC>dentiste</DESC>*, <ADDR>rue Montmartre, 145.</ADDR>",1,1,1,1.0000,,,B-ENTRY,model,0.997,2026-09-24 14:07:28,f2da2eaf4d46
b469fb31-d056-55fa-b4e2-b750b7a79f41,812fe581-5b37-5cce-8fc0-ef33cc5b61da,"d35b2503a2fa,21431396b612","191.3.29,191.3.30","191,191","2,2","3,3","29,30","[117.0, 61.0, 970.0, 890.0],[117.0, 61.0, 970.0, 890.0]","List-Group,List-Group","Laborde père, *accoucheur*, rue Blanche- de-Castille, 74.",ENTRY,"<SUBJ>Laborde père</SUBJ>, *<DESC>accoucheur</DESC>*, <ADDR>rue Blanche- de-Castille, 74.</ADDR>",1,1,1,1.0000,,,"B-ENTRY,I-ENTRY","model,model","0.9944,1.0","2026-09-24 14:07:28,2026-09-24 14:07:28",0a203d3f14d6
2943df98-1024-5de3-8b49-9e45d5a6becd,812fe581-5b37-5cce-8fc0-ef33cc5b61da,"bcfb8ea19a0a,d45aa6b9dba3","191.3.31,191.3.32","191,191","2,2","3,3","31,32","[117.0, 61.0, 970.0, 890.0],[117.0, 61.0, 970.0, 890.0]","List-Group,List-Group","Laborie, rue de Grenelle, 6.—Gros-Cail- lou.",ENTRY,"<SUBJ>Laborie</SUBJ>, <ADDR>rue de Grenelle, 6.—Gros-Cail- lou.</ADDR>",1,0,1,1.0000,,,"B-ENTRY,I-ENTRY","model,model","0.9997,1.0","2026-09-24 14:07:28,2026-09-24 14:07:28",3cd4788b8dc0
2c8d4852-0593-58ed-8222-be23f999b7d1,812fe581-5b37-5cce-8fc0-ef33cc5b61da,"48e42c21c795,898712881f6e,5f94bf45bd39","191.3.33,191.3.34,191.3.35","191,191,191","2,2,2","3,3,3","33,34,35","[117.0, 61.0, 970.0, 890.0],[117.0, 61.0, 970.0, 890.0],[117.0, 61.0, 970.0, 890.0]","List-Group,List-Group,List-Group","Lacaze-Pélarrouy, *chir. en chef de l'hos- pice Beaujon*, boulevard de la Made- leine, 17.",ENTRY,"<SUBJ>Lacaze-Pélarrouy</SUBJ>, *<DESC>chir. en chef de l'hos- pice Beaujon</DESC>*, <ADDR>boulevard de la Made- leine, 17.</ADDR>",1,1,1,1.0000,,,"B-ENTRY,I-ENTRY,I-ENTRY","model,model,model","0.9984,1.0,0.9999","2026-09-24 14:07:28,2026-09-24 14:07:28,2026-09-24 14:07:28",6c7a23ea7880
2127426c-b01e-58a5-ac9a-ca5592f096ed,812fe581-5b37-5cce-8fc0-ef33cc5b61da,dc6b9e353a7a,191.3.36,191,2,3,36,"[117.0, 61.0, 970.0, 890.0]",List-Group,"Lacour, rue Beaurepaire.  ",ENTRY,"<SUBJ>Lacour</SUBJ>, <ADDR>rue Beaurepaire.</ADDR>",1,0,1,1.0000,,,B-ENTRY,model,0.996,2026-09-24 14:07:28,c6defce11413
2e45f3e6-5e57-5617-b9bd-c06c3ca43c0b,812fe581-5b37-5cce-8fc0-ef33cc5b61da,3649985c0038,191.3.37,191,2,3,37,"[117.0, 61.0, 970.0, 890.0]",List-Group,"Lafond, *hern.*, palais du Tribunal, 68.  ",ENTRY,"<SUBJ>Lafond</SUBJ>, *<DESC>hern.</DESC>*, <ADDR>palais du Tribunal, 68.</ADDR>",1,1,1,1.0000,,,B-ENTRY,model,0.9971,2026-09-24 14:07:28,318d8a33e0b5
f5f4e5b6-8cc4-5b76-8ecc-ffa2389f5d8c,812fe581-5b37-5cce-8fc0-ef33cc5b61da,81c9565c6674,191.3.38,191,2,3,38,"[117.0, 61.0, 970.0, 890.0]",List-Group,"Lagut, rue S.-Marc, 9.  ",ENTRY,"<SUBJ>Lagut</SUBJ>, <ADDR>rue S.-Marc, 9.</ADDR>",1,0,1,1.0000,,,B-ENTRY,model,0.9968,2026-09-24 14:07:28,999da6f51b99
8cb84642-893f-5873-b8e8-23860524e288,812fe581-5b37-5cce-8fc0-ef33cc5b61da,"02e0499a8a88,ad5641179de4","191.3.39,191.3.40","191,191","2,2","3,3","39,40","[117.0, 61.0, 970.0, 890.0],[117.0, 61.0, 970.0, 890.0]","List-Group,List-Group","Lallemand, boulevard de l'Hôpital, à l'hô- pital.",ENTRY,"<SUBJ>Lallemand</SUBJ>, <ADDR>boulevard de l'Hôpital, à l'hô- pital.</ADDR>",1,0,1,1.0000,,,"B-ENTRY,I-ENTRY","model,model","0.9964,1.0","2026-09-24 14:07:28,2026-09-24 14:07:28",06942eeca252
29bec110-92bc-59ef-8026-7230a0abd578,812fe581-5b37-5cce-8fc0-ef33cc5b61da,8dae7dc859aa,191.3.41,191,2,3,41,"[117.0, 61.0, 970.0, 890.0]",List-Group,"Lambert, rue Tiquetonne, 19.  ",ENTRY,"<SUBJ>Lambert</SUBJ>, <ADDR>rue Tiquetonne, 19.</ADDR>",1,0,1,1.0000,,,B-ENTRY,model,0.9989,2026-09-24 14:07:28,b71be3453ad9
897beedb-de02-52c1-942b-203d97af3b2c,812fe581-5b37-5cce-8fc0-ef33cc5b61da,640a0f28ec0d,191.3.42,191,2,3,42,"[117.0, 61.0, 970.0, 890.0]",List-Group,"Lamblin, *acc.*, rue des SS.-Pères, 59.  ",ENTRY,"<SUBJ>Lamblin</SUBJ>, *<DESC>acc.</DESC>*, <ADDR>rue des SS.-Pères, 59.</ADDR>",1,1,1,1.0000,,,B-ENTRY,model,0.9971,2026-09-24 14:07:28,084eaaf7e510
ffc5561d-0763-5032-be4b-7278dc2572af,812fe581-5b37-5cce-8fc0-ef33cc5b61da,336cf0f20eb0,191.3.43,191,2,3,43,"[117.0, 61.0, 970.0, 890.0]",List-Group,"Larrey, cul-de-sac de la Monnaie, 3.  ",ENTRY,"<SUBJ>Larrey</SUBJ>, <ADDR>cul-de-sac de la Monnaie, 3.</ADDR>",1,0,1,1.0000,,,B-ENTRY,model,0.9947,2026-09-24 14:07:28,a877675c0357
2117ebcb-90ba-579b-8e13-2f052126db9d,812fe581-5b37-5cce-8fc0-ef33cc5b61da,f9d059a7683c,191.3.44,191,2,3,44,"[117.0, 61.0, 970.0, 890.0]",List-Group,"Laveran, quai de l'Ecole, 50.  ",ENTRY,"<SUBJ>Laveran</SUBJ>, <ADDR>quai de l'Ecole, 50.</ADDR>",1,0,1,1.0000,,,B-ENTRY,model,0.9972,2026-09-24 14:07:28,6504c14a77b0
f055f8a1-cada-5b3b-a060-fa4d79ef0f57,812fe581-5b37-5cce-8fc0-ef33cc5b61da,8fbbbff09143,191.3.45,191,2,3,45,"[117.0, 61.0, 970.0, 890.0]",List-Group,"Lebreton, rue des Vieux-Augustins, 40.  ",ENTRY,"<SUBJ>Lebreton</SUBJ>, <ADDR>rue des Vieux-Augustins, 40.</ADDR>",1,0,1,1.0000,,,B-ENTRY,model,0.9972,2026-09-24 14:07:28,7427324411ce
c882495b-f5d4-55f5-8e86-61df9d956c84,812fe581-5b37-5cce-8fc0-ef33cc5b61da,"b22aa9c978ba,6204e4cb75e9","191.3.46,191.3.47","191,191","2,2","3,3","46,47","[117.0, 61.0, 970.0, 890.0],[117.0, 61.0, 970.0, 890.0]","List-Group,List-Group","Lebrun, *dentiste*, rue des Fossés-S.-Ger- main-des-Prés, 18.",ENTRY,"<SUBJ>Lebrun</SUBJ>, *<DESC>dentiste</DESC>*, <ADDR>rue des Fossés-S.-Ger- main-des-Prés, 18.</ADDR>",1,1,1,1.0000,,,"B-ENTRY,I-ENTRY","human,human","1.0,1.0","2026-09-24 14:05:21,2026-09-24 14:05:21",3134c3314b7a
68626849-b6de-5c92-92ef-90f89b1b26e4,812fe581-5b37-5cce-8fc0-ef33cc5b61da,b28f00525a30,191.3.48,191,2,3,48,"[117.0, 61.0, 970.0, 890.0]",List-Group,"Legros, *dentiste*, rue de l'Arbre-Sec, 22.  ",ENTRY,"<SUBJ>Legros</SUBJ>, *<DESC>dentiste</DESC>*, <ADDR>rue de l'Arbre-Sec, 22.</ADDR>",1,1,1,1.0000,,,B-ENTRY,model,0.9991,2026-09-24 14:07:28,d4ab3056bc09
f5ca9aa1-1012-5e9d-a769-f55ab0706df0,812fe581-5b37-5cce-8fc0-ef33cc5b61da,"958a5eafb56e,698f46804dee","191.3.49,191.3.50","191,191","2,2","3,3","49,50","[117.0, 61.0, 970.0, 890.0],[117.0, 61.0, 970.0, 890.0]","List-Group,List-Group","Lemaitre, *dentiste*, rue Croix-des-Petits- Champs, 55.",ENTRY,"<SUBJ>Lemaitre</SUBJ>, *<DESC>dentiste</DESC>*, <ADDR>rue Croix-des-Petits- Champs, 55.</ADDR>",1,1,1,1.0000,,,"B-ENTRY,I-ENTRY","human,human","1.0,1.0","2026-09-24 14:06:03,2026-09-24 14:06:03",0519e1b1eaf2
7845af90-8166-5b1a-9eba-17ca26b24aea,812fe581-5b37-5cce-8fc0-ef33cc5b61da,ad772b50d0e0,191.3.51,191,2,3,51,"[117.0, 61.0, 970.0, 890.0]",List-Group,"Lemercier, rue Montmartre, 168.  ",ENTRY,"<SUBJ>Lemercier</SUBJ>, <ADDR>rue Montmartre, 168.</ADDR>",1,0,1,1.0000,,,B-ENTRY,model,0.9989,2026-09-24 14:07:28,2e7bdc99ad0f
c7142cab-1dbe-5fdf-863e-12aef08773c3,812fe581-5b37-5cce-8fc0-ef33cc5b61da,8b57860967f1,191.3.52,191,2,3,52,"[117.0, 61.0, 970.0, 890.0]",List-Group,"Lepelletier, place de l'Hôtel-de-Ville, 6.  ",ENTRY,"<SUBJ>Lepelletier</SUBJ>, <ADDR>place de l'Hôtel-de-Ville, 6.</ADDR>",1,0,1,1.0000,,,B-ENTRY,model,0.9959,2026-09-24 14:07:28,7c4995bb1431
b8acba74-0a53-5b88-be89-e65e16dd11ff,812fe581-5b37-5cce-8fc0-ef33cc5b61da,0a5b2df61aef,191.3.53,191,2,3,53,"[117.0, 61.0, 970.0, 890.0]",List-Group,"Leroux, rue Saint-Avoye, 12.  ",ENTRY,"<SUBJ>Leroux</SUBJ>, <ADDR>rue Saint-Avoye, 12.</ADDR>",1,0,1,1.0000,,,B-ENTRY,model,0.9963,2026-09-24 14:07:28,46dd805393c3
4dbd65ca-54d7-54ad-b2a2-642cab1478ce,812fe581-5b37-5cce-8fc0-ef33cc5b61da,24689a0abafc,191.3.54,191,2,3,54,"[117.0, 61.0, 970.0, 890.0]",List-Group,"Leroy, rue des Lavandières, 4.  ",ENTRY,"<SUBJ>Leroy</SUBJ>, <ADDR>rue des Lavandières, 4.</ADDR>",1,0,1,1.0000,,,B-ENTRY,model,0.9959,2026-09-24 14:07:28,983db3946d87
9f54e0b2-410a-548f-bede-93493e7d1656,812fe581-5b37-5cce-8fc0-ef33cc5b61da,55950afe88b7,191.3.55,191,2,3,55,"[117.0, 61.0, 970.0, 890.0]",List-Group,"Leviels, rue de Cléry, 5.  ",ENTRY,"<SUBJ>Leviels</SUBJ>, <ADDR>rue de Cléry, 5.</ADDR>",1,0,1,1.0000,,,B-ENTRY,model,0.9959,2026-09-24 14:07:28,a020cad77325
dcabd35d-6fa5-5fb7-8b0a-aedecff74300,812fe581-5b37-5cce-8fc0-ef33cc5b61da,c1ef3d130b47,191.3.56,191,2,3,56,"[117.0, 61.0, 970.0, 890.0]",List-Group,"Lioult, rue de l'Echelle, 15.  ",ENTRY,"<SUBJ>Lioult</SUBJ>, <ADDR>rue de l'Echelle, 15.</ADDR>",1,0,1,1.0000,,,B-ENTRY,model,0.9972,2026-09-24 14:07:28,f385c92500bd
2103f0c7-d6ff-5d57-8060-b8a64f75c3a6,812fe581-5b37-5cce-8fc0-ef33cc5b61da,fc0a420e9f83,191.3.57,191,2,3,57,"[117.0, 61.0, 970.0, 890.0]",List-Group,"Luxembourg, rue Quincampoix, 4.  ",ENTRY,"<SUBJ>Luxembourg</SUBJ>, <ADDR>rue Quincampoix, 4.</ADDR>",1,0,1,1.0000,,,B-ENTRY,model,0.9963,2026-09-24 14:07:28,78ed2b4d7a80
7014a239-3af0-56a4-a8f4-1b3c165c8ff6,812fe581-5b37-5cce-8fc0-ef33cc5b61da,"4ad2f597eb9c,76bf41a81631","191.3.58,191.3.59","191,191","2,2","3,3","58,59","[117.0, 61.0, 970.0, 890.0],[117.0, 61.0, 970.0, 890.0]","List-Group,List-Group","Mahon, rue Sainte-Croix-de-la-Breton- nerie, 47.",ENTRY,"<SUBJ>Mahon</SUBJ>, <ADDR>rue Sainte-Croix-de-la-Breton- nerie, 47.</ADDR>",1,0,1,1.0000,,,"B-ENTRY,I-ENTRY","model,model","0.9994,1.0","2026-09-24 14:07:28,2026-09-24 14:07:28",23b0f2935e8d
475f3e14-08e8-5353-a35f-68aabacf4f92,812fe581-5b37-5cce-8fc0-ef33cc5b61da,23b9225a996f,191.3.60,191,2,3,60,"[117.0, 61.0, 970.0, 890.0]",List-Group,"Maison-Neuve, rue de Vendôme, 4.  ",ENTRY,"<SUBJ>Maison-Neuve</SUBJ>, <ADDR>rue de Vendôme, 4.</ADDR>",1,0,1,1.0000,,,B-ENTRY,model,0.9995,2026-09-24 14:07:28,786538e57555
b1fadd65-65c3-5bfa-802b-c4996b63a98f,812fe581-5b37-5cce-8fc0-ef33cc5b61da,8e78560d6c11,191.3.61,191,2,3,61,"[117.0, 61.0, 970.0, 890.0]",List-Group,"Maret, rue de la Chaise, 28.  ",ENTRY,"<SUBJ>Maret</SUBJ>, <ADDR>rue de la Chaise, 28.</ADDR>",1,0,1,1.0000,,,B-ENTRY,model,0.9959,2026-09-24 14:07:28,9488711d9e4e
73279329-5ef8-53f0-8ab3-aa7a1452be34,812fe581-5b37-5cce-8fc0-ef33cc5b61da,b1fb2a8c0a98,191.3.62,191,2,3,62,"[117.0, 61.0, 970.0, 890.0]",List-Group,"Marie, rue des Noyers, 52.  ",ENTRY,"<SUBJ>Marie</SUBJ>, <ADDR>rue des Noyers, 52.</ADDR>",1,0,1,1.0000,,,B-ENTRY,model,0.9959,2026-09-24 14:07:28,1bf28fc7780b
af0ca992-808f-509d-926a-b388af9eb162,812fe581-5b37-5cce-8fc0-ef33cc5b61da,dd81b0032baf,191.3.63,191,2,3,63,"[117.0, 61.0, 970.0, 890.0]",List-Group,"Marmont, *dentiste*, rue de Richelieu, 4.  ",ENTRY,"<SUBJ>Marmont</SUBJ>, *<DESC>dentiste</DESC>*, <ADDR>rue de Richelieu, 4.</ADDR>",1,1,1,1.0000,,,B-ENTRY,model,0.9971,2026-09-24 14:07:28,e97a7f88f92c
4d535767-ebfe-50e0-bdaf-10c4f320ec01,812fe581-5b37-5cce-8fc0-ef33cc5b61da,2dc32ac117f8,191.3.64,191,2,3,64,"[117.0, 61.0, 970.0, 890.0]",List-Group,"Marquais, rue de l'Université, 28.  ",ENTRY,"<SUBJ>Marquais</SUBJ>, <ADDR>rue de l'Université, 28.</ADDR>",1,0,1,1.0000,,,B-ENTRY,model,0.9972,2026-09-24 14:07:28,bacea7503d80
2db95529-20d1-5dea-8f46-215757d530df,812fe581-5b37-5cce-8fc0-ef33cc5b61da,207b6b665285,191.3.65,191,2,3,65,"[117.0, 61.0, 970.0, 890.0]",List-Group,"Marque, rue Saint-Martin, 77.  ",ENTRY,"<SUBJ>Marque</SUBJ>, <ADDR>rue Saint-Martin, 77.</ADDR>",1,0,1,1.0000,,,B-ENTRY,model,0.9963,2026-09-24 14:07:28,62f434b81ef9
dc5e5bf8-43f4-580a-81e0-23d529437d72,812fe581-5b37-5cce-8fc0-ef33cc5b61da,df520281791c,191.3.66,191,2,3,66,"[117.0, 61.0, 970.0, 890.0]",List-Group,"Marin, au Lycée, rue St.-Jacques, 125.  ",ENTRY,"<SUBJ>Marin</SUBJ>, <ADDR>au Lycée, rue St.-Jacques, 125.</ADDR>",1,0,1,1.0000,,,B-ENTRY,model,0.9963,2026-09-24 14:07:28,317d611d9e81
a16fbd7c-a494-5792-8ebb-550b1d750c0c,812fe581-5b37-5cce-8fc0-ef33cc5b61da,8d66185c9bdb,191.3.67,191,2,3,67,"[117.0, 61.0, 970.0, 890.0]",List-Group,"Marquis, *dit* Suigram, rue du Hasard.  ",ENTRY,"<SUBJ>Marquis, *dit* Suigram</SUBJ>, <ADDR>rue du Hasard.</ADDR>",1,0,1,1.0000,,,B-ENTRY,model,0.9941,2026-09-24 14:07:28,bcdacf60e8cf
729cb888-0951-573c-aa5b-f7ece8a40c94,812fe581-5b37-5cce-8fc0-ef33cc5b61da,"1676b0c6959a,61d707acc9ef","191.3.68,191.3.69","191,191","2,2","3,3","68,69","[117.0, 61.0, 970.0, 890.0],[117.0, 61.0, 970.0, 890.0]","List-Group,List-Group","Masson-Grandjean, *oculiste*, rue Ga- lande, 6.",ENTRY,"<SUBJ>Masson-Grandjean</SUBJ>, *<DESC>oculiste</DESC>*, <ADDR>rue Ga- lande, 6.</ADDR>",1,1,1,1.0000,,,"B-ENTRY,I-ENTRY","model,model","0.9992,1.0","2026-09-24 14:07:28,2026-09-24 14:07:28",b2d762064e6d
77950358-ef14-5da5-94f0-dddb2ac493f0,812fe581-5b37-5cce-8fc0-ef33cc5b61da,117208e110f9,191.3.70,191,2,3,70,"[117.0, 61.0, 970.0, 890.0]",List-Group,"Mativet, marché Neuf, 8.  ",ENTRY,"<SUBJ>Mativet</SUBJ>, <ADDR>marché Neuf, 8.</ADDR>",1,0,1,0.9999,,,B-ENTRY,model,0.9989,2026-09-24 14:07:28,5e37d57ca662
7203cbb8-f890-52bb-bf9c-cb84b8566957,812fe581-5b37-5cce-8fc0-ef33cc5b61da,f68349d58c5c,191.3.71,191,2,3,71,"[117.0, 61.0, 970.0, 890.0]",List-Group,"Mellet, rue Meslé, 55.  ",ENTRY,"<SUBJ>Mellet</SUBJ>, <ADDR>rue Meslé, 55.</ADDR>",1,0,1,1.0000,,,B-ENTRY,model,0.9963,2026-09-24 14:07:28,96d563cc3b63
c4b24a62-1de1-58b1-abf7-ede7b4f0c13e,812fe581-5b37-5cce-8fc0-ef33cc5b61da,18348e605d8b,191.3.72,191,2,3,72,"[117.0, 61.0, 970.0, 890.0]",List-Group,"Mercadier, rue Beaurepaire, 24.  ",ENTRY,"<SUBJ>Mercadier</SUBJ>, <ADDR>rue Beaurepaire, 24.</ADDR>",1,0,1,1.0000,,,B-ENTRY,model,0.9963,2026-09-24 14:07:28,d6af40634506
fb061d39-bd80-57ef-bcb0-7979e37c49d3,812fe581-5b37-5cce-8fc0-ef33cc5b61da,83c34fe9a289,191.3.73,191,2,3,73,"[117.0, 61.0, 970.0, 890.0]",List-Group,"Mermier, rue du Faub.-du-Roule, 44.  ",ENTRY,"<SUBJ>Mermier</SUBJ>, <ADDR>rue du Faub.-du-Roule, 44.</ADDR>",1,0,1,1.0000,,,B-ENTRY,model,0.9959,2026-09-24 14:07:28,5fd092fb84ed
da606092-cf4e-5edb-bfda-ced39aef1263,812fe581-5b37-5cce-8fc0-ef33cc5b61da,695fdf2b6c91,191.3.74,191,2,3,74,"[117.0, 61.0, 970.0, 890.0]",List-Group,"Michault, rue Aumaire, 29.  ",ENTRY,"<SUBJ>Michault</SUBJ>, <ADDR>rue Aumaire, 29.</ADDR>",1,0,1,1.0000,,,B-ENTRY,model,0.9963,2026-09-24 14:07:28,6737539f9a0b
1a513e78-b3a5-5358-8611-f828b0cbc3f7,812fe581-5b37-5cce-8fc0-ef33cc5b61da,767c8d37bd11,191.3.75,191,2,3,75,"[117.0, 61.0, 970.0, 890.0]",List-Group,"Millot, *accouc.*, rue J.-J.-Rousseau, 5.  ",ENTRY,"<SUBJ>Millot</SUBJ>, *<DESC>accouc.</DESC>*, <ADDR>rue J.-J.-Rousseau, 5.</ADDR>",1,1,1,1.0000,,,B-ENTRY,model,0.9971,2026-09-24 14:07:28,d71bbc3ea215
ef7596ca-eff6-599d-85cb-1d5e3c50f0c7,812fe581-5b37-5cce-8fc0-ef33cc5b61da,d2b77e62ed2a,191.3.76,191,2,3,76,"[117.0, 61.0, 970.0, 890.0]",List-Group,"Monier (Etienne), rue Sainte-Apolline.  ",ENTRY,"<SUBJ>Monier (Etienne)</SUBJ>, <ADDR>rue Sainte-Apolline.</ADDR>",1,0,1,1.0000,,,B-ENTRY,model,0.9956,2026-09-24 14:07:28,3c1097611328
2c56983f-d7e0-50c5-a6fb-7d13f0e923df,812fe581-5b37-5cce-8fc0-ef33cc5b61da,23f63e3aef24,191.3.77,191,2,3,77,"[117.0, 61.0, 970.0, 890.0]",List-Group,"Mossy, rue des Cinq-Diamans, 22.  ",ENTRY,"<SUBJ>Mossy</SUBJ>, <ADDR>rue des Cinq-Diamans, 22.</ADDR>",1,0,1,1.0000,,,B-ENTRY,model,0.9972,2026-09-24 14:07:28,346b1fc60fb2
3aae44c2-1cc0-5a03-b5c2-6c481ace61dd,812fe581-5b37-5cce-8fc0-ef33cc5b61da,5b3bbe6629a1~2,191.3.78,191,2,3,78,"[117.0, 61.0, 970.0, 890.0]",List-Group,"Morillon, rue d'Aboukir, 17.  ",ENTRY,"<SUBJ>Morillon</SUBJ>, <ADDR>rue d'Aboukir, 17.</ADDR>",1,0,1,1.0000,,,B-ENTRY,model,0.9959,2026-09-24 14:07:28,259b8507d88f
ce3919ca-5a64-58bb-bf10-048bac21e7be,812fe581-5b37-5cce-8fc0-ef33cc5b61da,f14304ee773e,191.3.79,191,2,3,79,"[117.0, 61.0, 970.0, 890.0]",List-Group,"Moulinet, rue de l'Oursine, 95.  ",ENTRY,"<SUBJ>Moulinet</SUBJ>, <ADDR>rue de l'Oursine, 95.</ADDR>",1,0,1,1.0000,,,B-ENTRY,model,0.9972,2026-09-24 14:07:28,4d97d1e4ca25
bcaec2ad-afc5-5080-8ade-55473fba9e4a,812fe581-5b37-5cce-8fc0-ef33cc5b61da,"f6989dfcc78f,0e8f900c68e6","191.3.80,191.3.81","191,191","2,2","3,3","80,81","[117.0, 61.0, 970.0, 890.0],[117.0, 61.0, 970.0, 890.0]","List-Group,List-Group","Naury, rue Sainte-Croix-de-la-Breton- nerie, 58.",ENTRY,"<SUBJ>Naury</SUBJ>, <ADDR>rue Sainte-Croix-de-la-Breton- nerie, 58.</ADDR>",1,0,1,1.0000,,,"B-ENTRY,I-ENTRY","model,model","0.9994,1.0","2026-09-24 14:07:28,2026-09-24 14:07:28",08484617d46b
9f804ee7-7aad-573f-848d-a9b57435556e,812fe581-5b37-5cce-8fc0-ef33cc5b61da,63f598fc1e0b,191.3.82,191,2,3,82,"[117.0, 61.0, 970.0, 890.0]",List-Group,"Neveu, rue des Lavandières, 35.  ",ENTRY,"<SUBJ>Neveu</SUBJ>, <ADDR>rue des Lavandières, 35.</ADDR>",1,0,1,1.0000,,,B-ENTRY,model,0.9988,2026-09-24 14:07:28,25683cf5855b
dfbaa8b3-28fb-53e0-b4c5-878f7d34c6fd,812fe581-5b37-5cce-8fc0-ef33cc5b61da,"df4a73912795,d223126ae18c","191.3.83,191.3.84","191,191","2,2","3,3","83,84","[117.0, 61.0, 970.0, 890.0],[117.0, 61.0, 970.0, 890.0]","List-Group,List-Group","Oudet, *herniaire*, rue des Fossés-Saint- Germain-des-Prés, 18.",ENTRY,"<SUBJ>Oudet</SUBJ>, *<DESC>herniaire</DESC>*, <ADDR>rue des Fossés-Saint- Germain-des-Prés, 18.</ADDR>",1,1,1,1.0000,,,"B-ENTRY,I-ENTRY","human,human","1.0,1.0","2026-09-24 14:06:41,2026-09-24 14:06:41",c69b27bb64d1
eb86460d-5726-5a28-8590-1950115021a0,812fe581-5b37-5cce-8fc0-ef33cc5b61da,"cd1c1c88c7d6,f6339161493f","191.3.85,191.3.86","191,191","2,2","3,3","85,86","[117.0, 61.0, 970.0, 890.0],[117.0, 61.0, 970.0, 890.0]","List-Group,List-Group","Pé de la Borde, *dentiste*, rue J.-J.-Rous- seau, 21.",ENTRY,"<SUBJ>Pé de la Borde</SUBJ>, *<DESC>dentiste</DESC>*, <ADDR>rue J.-J.-Rous- seau, 21.</ADDR>",1,1,1,1.0000,,,"B-ENTRY,I-ENTRY","model,model","0.9966,1.0","2026-09-24 14:07:28,2026-09-24 14:07:28",943463e416ad
52d0095a-6e85-56d6-94eb-85a8573a293b,812fe581-5b37-5cce-8fc0-ef33cc5b61da,"3f1d5a6c8283,e2544343be39","191.3.87,191.3.88","191,191","2,2","3,3","87,88","[117.0, 61.0, 970.0, 890.0],[117.0, 61.0, 970.0, 890.0]","List-Group,List-Group","Pelletan, *en chef del'Hôtel-Dieu*, rue St.-Christophe, 10.",ENTRY,"<SUBJ>Pelletan</SUBJ>, *<DESC>en chef del'Hôtel-Dieu</DESC>*, <ADDR>rue St.-Christophe, 10.</ADDR>",1,1,1,1.0000,,,"B-ENTRY,I-ENTRY","model,model","0.9929,0.9965","2026-09-24 14:07:28,2026-09-24 14:07:28",853eab052647
62737c22-3ce9-536f-8835-14b5a364aa8c,812fe581-5b37-5cce-8fc0-ef33cc5b61da,aec18352d587,191.3.89,191,2,3,89,"[117.0, 61.0, 970.0, 890.0]",List-Group,"Peltier, rue de l'Eglise, 1. Gros-Caillou.  ",ENTRY,"<SUBJ>Peltier</SUBJ>, <ADDR>rue de l'Eglise, 1. Gros-Caillou.</ADDR>",1,0,1,1.0000,,,B-ENTRY,model,0.9945,2026-09-24 14:07:28,d897d44b49b1
8065c109-63bc-5a3e-a570-7b97d303d7c5,812fe581-5b37-5cce-8fc0-ef33cc5b61da,e24fc60cd245,191.3.90,191,2,3,90,"[117.0, 61.0, 970.0, 890.0]",List-Group,"Pergot, rue Jacob, 3.  ",ENTRY,"<SUBJ>Pergot</SUBJ>, <ADDR>rue Jacob, 3.</ADDR>",1,0,1,1.0000,,,B-ENTRY,model,0.9963,2026-09-24 14:07:28,f40a4d7a348d
805f799a-1363-5294-a3a4-0521b8702bfa,812fe581-5b37-5cce-8fc0-ef33cc5b61da,42ddb2d03492,191.3.91,191,2,3,91,"[117.0, 61.0, 970.0, 890.0]",List-Group,"Petit-Beau, rue St.-Honoré, 414.  ",ENTRY,"<SUBJ>Petit-Beau</SUBJ>, <ADDR>rue St.-Honoré, 414.</ADDR>",1,0,1,1.0000,,,B-ENTRY,model,0.9972,2026-09-24 14:07:28,67b903c11943
8af9b579-7dde-5f8a-bb82-ca70a9474070,812fe581-5b37-5cce-8fc0-ef33cc5b61da,5ea449dde1de,191.3.92,191,2,3,92,"[117.0, 61.0, 970.0, 890.0]",List-Group,"Picard, *dentiste*, rue aux Fers, 18.  ",ENTRY,"<SUBJ>Picard</SUBJ>, *<DESC>dentiste</DESC>*, <ADDR>rue aux Fers, 18.</ADDR>",1,1,1,1.0000,,,B-ENTRY,human,1.0,2026-09-24 14:06:49,b3fa98674c79
db4199f2-afa8-5004-aed7-0b31c10c1648,812fe581-5b37-5cce-8fc0-ef33cc5b61da,1b368fd3b750,191.3.93,191,2,3,93,"[117.0, 61.0, 970.0, 890.0]",List-Group,"Pipelet fils, rue Mazarine, 21.  ",ENTRY,"<SUBJ>Pipelet fils</SUBJ>, <ADDR>rue Mazarine, 21.</ADDR>",1,0,1,1.0000,,,B-ENTRY,human,1.0,2026-09-24 14:06:49,6d765bd7d2bd
71b7492d-1433-5859-ac71-9f595d89bf84,812fe581-5b37-5cce-8fc0-ef33cc5b61da,8aa84f74f00a,191.3.94,191,2,3,94,"[117.0, 61.0, 970.0, 890.0]",List-Group,"Poisson, rue St.-Marc, 16.  ",ENTRY,"<SUBJ>Poisson</SUBJ>, <ADDR>rue St.-Marc, 16.</ADDR>",1,0,1,1.0000,,,B-ENTRY,model,0.9975,2026-09-24 14:07:28,1b3971dfce78
0c65437e-09c7-53cd-bd79-11b37a030806,812fe581-5b37-5cce-8fc0-ef33cc5b61da,"011078470519,cd8344bf13c1","191.3.95,191.3.96","191,191","2,2","3,3","95,96","[117.0, 61.0, 970.0, 890.0],[117.0, 61.0, 970.0, 890.0]","List-Group,List-Group","Pomme, *dentiste*, rue Regnault-Lefé- vre, 6.",ENTRY,"<SUBJ>Pomme</SUBJ>, *<DESC>dentiste</DESC>*, <ADDR>rue Regnault-Lefé- vre, 6.</ADDR>",1,1,1,1.0000,,,"B-ENTRY,I-ENTRY","model,model","0.9995,1.0","2026-09-24 14:07:28,2026-09-24 14:07:28",92dec52665d8
807af91c-9979-541e-8be5-59613378cc4b,812fe581-5b37-5cce-8fc0-ef33cc5b61da,7c7513c162f8,191.3.97,191,2,3,97,"[117.0, 61.0, 970.0, 890.0]",List-Group,"Pujolle, rue Neuve-d'Orléans, 2.  ",ENTRY,"<SUBJ>Pujolle</SUBJ>, <ADDR>rue Neuve-d'Orléans, 2.</ADDR>",1,0,1,1.0000,,,B-ENTRY,model,0.9989,2026-09-24 14:07:28,64df940a9c0b
f2321be0-85f6-59f5-abc6-8e7bd508606a,812fe581-5b37-5cce-8fc0-ef33cc5b61da,d38a609de54c,191.3.98,191,2,3,98,"[117.0, 61.0, 970.0, 890.0]",List-Group,"Rapeau, rue des Fossés-Saint-Germain.  ",ENTRY,"<SUBJ>Rapeau</SUBJ>, <ADDR>rue des Fossés-Saint-Germain.</ADDR>",1,0,1,1.0000,,,B-ENTRY,model,0.9962,2026-09-24 14:07:28,649f69403fa4
2856b021-f8e9-5042-9270-658eea1b4fc8,812fe581-5b37-5cce-8fc0-ef33cc5b61da,d5dd151a7f36,191.3.99,191,2,3,99,"[117.0, 61.0, 970.0, 890.0]",List-Group,"Renaud, rue Gerard-Beauquet, 7.  ",ENTRY,"<SUBJ>Renaud</SUBJ>, <ADDR>rue Gerard-Beauquet, 7.</ADDR>",1,0,1,1.0000,,,B-ENTRY,model,0.9963,2026-09-24 14:07:28,4e562749ee53
dce083c2-fd34-5dce-9e19-97b44208761a,812fe581-5b37-5cce-8fc0-ef33cc5b61da,993232bafd50,191.3.100,191,2,3,100,"[117.0, 61.0, 970.0, 890.0]",List-Group,"Ribes, rue de Vaugirard, 11.  ",ENTRY,"<SUBJ>Ribes</SUBJ>, <ADDR>rue de Vaugirard, 11.</ADDR>",1,0,1,1.0000,,,B-ENTRY,model,0.9959,2026-09-24 14:07:28,bd38a7c6af9b
ffd5c720-88d5-5996-b35e-9fba3a1537cd,812fe581-5b37-5cce-8fc0-ef33cc5b61da,"ee768f700f5c,cde8ac19fa0d","191.3.101,191.3.102","191,191","2,2","3,3","101,102","[117.0, 61.0, 970.0, 890.0],[117.0, 61.0, 970.0, 890.0]","List-Group,List-Group","Ricci, *dentiste*, rue des Fossés-Mont- martre, 27.",ENTRY,"<SUBJ>Ricci</SUBJ>, *<DESC>dentiste</DESC>*, <ADDR>rue des Fossés-Mont- martre, 27.</ADDR>",1,1,1,1.0000,,,"B-ENTRY,I-ENTRY","model,model","0.9995,1.0","2026-09-24 14:07:28,2026-09-24 14:07:28",adb5b6164b98
0212be58-39e5-5275-9333-5ddedcae24fe,812fe581-5b37-5cce-8fc0-ef33cc5b61da,10a547b7d586,191.3.103,191,2,3,103,"[117.0, 61.0, 970.0, 890.0]",List-Group,"Rivalier, rue Ste.-Marguerite, 41.  ",ENTRY,"<SUBJ>Rivalier</SUBJ>, <ADDR>rue Ste.-Marguerite, 41.</ADDR>",1,0,1,1.0000,,,B-ENTRY,model,0.9993,2026-09-24 14:07:28,b1a9d0ec0e79
c0592ac4-492c-5e30-a5b3-6ef870688717,812fe581-5b37-5cce-8fc0-ef33cc5b61da,89aba59e5f81,191.3.104,191,2,3,104,"[117.0, 61.0, 970.0, 890.0]",List-Group,"Ricomme, rue des Bons-Enfans, 21.  ",ENTRY,"<SUBJ>Ricomme</SUBJ>, <ADDR>rue des Bons-Enfans, 21.</ADDR>",1,0,1,1.0000,,,B-ENTRY,model,0.9972,2026-09-24 14:07:28,2cfa0c1c30b4
7a43f08f-961b-552b-bdab-31730d4a627c,812fe581-5b37-5cce-8fc0-ef33cc5b61da,e7303c439d57,191.3.105,191,2,3,105,"[117.0, 61.0, 970.0, 890.0]",List-Group,"Robillard, hôtel des Invalides.  ",ENTRY,"<SUBJ>Robillard</SUBJ>, <ADDR>hôtel des Invalides.</ADDR>",1,0,1,1.0000,,,B-ENTRY,model,0.9918,2026-09-24 14:07:28,d76dcf0dd9dd
236e6861-41cf-514b-b034-3ba23ea15e2d,812fe581-5b37-5cce-8fc0-ef33cc5b61da,8d0dadf1f106,191.3.106,191,2,3,106,"[117.0, 61.0, 970.0, 890.0]",List-Group,"Ronsil, *herniaire*, rue Tiquetonne, 20.  ",ENTRY,"<SUBJ>Ronsil</SUBJ>, *<DESC>herniaire</DESC>*, <ADDR>rue Tiquetonne, 20.</ADDR>",1,1,1,1.0000,,,B-ENTRY,model,0.9971,2026-09-24 14:07:28,d578eee0d6d9
44c1ebae-240d-5654-9a07-e1376b196a13,812fe581-5b37-5cce-8fc0-ef33cc5b61da,cb75423cc272,191.3.107,191,2,3,107,"[117.0, 61.0, 970.0, 890.0]",List-Group,"Roque, rue d'Orléans-St.-Honoré, 7.  ",ENTRY,"<SUBJ>Roque</SUBJ>, <ADDR>rue d'Orléans-St.-Honoré, 7.</ADDR>",1,0,1,1.0000,,,B-ENTRY,model,0.9959,2026-09-24 14:07:28,d12326b19c9b
8e7da645-9003-51f5-9e7a-93fe65c1d11a,812fe581-5b37-5cce-8fc0-ef33cc5b61da,26af8f0d4bf5,191.3.108,191,2,3,108,"[117.0, 61.0, 970.0, 890.0]",List-Group,"Roux, rue Chistine, 9.  ",ENTRY,"<SUBJ>Roux</SUBJ>, <ADDR>rue Chistine, 9.</ADDR>",1,0,1,1.0000,,,B-ENTRY,model,0.9963,2026-09-24 14:07:28,43ff40ed4132
916e16b4-cba7-565a-b4de-2cc16c2ce253,812fe581-5b37-5cce-8fc0-ef33cc5b61da,6831d4b9f573,191.3.109,191,2,3,109,"[117.0, 61.0, 970.0, 890.0]",List-Group,"Ruffin, rue de Richelieu, 99.  ",ENTRY,"<SUBJ>Ruffin</SUBJ>, <ADDR>rue de Richelieu, 99.</ADDR>",1,0,1,1.0000,,,B-ENTRY,model,0.9959,2026-09-24 14:07:28,44ecbc78190d
39fe3046-641f-56e7-a52a-bb1d175c55b9,812fe581-5b37-5cce-8fc0-ef33cc5b61da,3ce0e8e06292,191.3.110,191,2,3,110,"[117.0, 61.0, 970.0, 890.0]",List-Group,"Sabatier, aux Invalides.  ",ENTRY,"<SUBJ>Sabatier</SUBJ>, <ADDR>aux Invalides.</ADDR>",1,0,1,1.0000,,,B-ENTRY,model,0.9929,2026-09-24 14:07:28,216be255422f
4e6e85c5-bad9-5bfd-b7be-80372d5260aa,812fe581-5b37-5cce-8fc0-ef33cc5b61da,2d925cbc4ba6,191.3.111,191,2,3,111,"[117.0, 61.0, 970.0, 890.0]",List-Group,"Saint-Martin, rue Galande, 13.  ",ENTRY,"<SUBJ>Saint-Martin</SUBJ>, <ADDR>rue Galande, 13.</ADDR>",1,0,1,1.0000,,,B-ENTRY,model,0.9972,2026-09-24 14:07:28,20ed38ba650d
fd165e28-15ed-519f-bb2b-a62d8c28701d,812fe581-5b37-5cce-8fc0-ef33cc5b61da,6f2bd5e79ffe,191.3.112,191,2,3,112,"[117.0, 61.0, 970.0, 890.0]",List-Group,"Sallé, *bandagiste*, place Thionville, 5.  ",ENTRY,"<SUBJ>Sallé</SUBJ>, *<DESC>bandagiste</DESC>*, <ADDR>place Thionville, 5.</ADDR>",1,1,1,1.0000,,,B-ENTRY,model,0.9971,2026-09-24 14:07:28,42597e77353c
6788e0ba-39ef-5b18-84cc-a20b233ef98a,812fe581-5b37-5cce-8fc0-ef33cc5b61da,59f486559f4d,191.3.113,191,2,3,113,"[117.0, 61.0, 970.0, 890.0]",List-Group,"Schœck, rue Coquillière, 19.  ",ENTRY,"<SUBJ>Schœck</SUBJ>, <ADDR>rue Coquillière, 19.</ADDR>",1,0,1,1.0000,,,B-ENTRY,model,0.9963,2026-09-24 14:07:28,eeee6b0d228e
fca2eb76-a6da-5ba0-bbde-1a121e002207,812fe581-5b37-5cce-8fc0-ef33cc5b61da,1fceb552be49,191.3.114,191,2,3,114,"[117.0, 61.0, 970.0, 890.0]",List-Group,"Segard, rue Thevenot, 65.  ",ENTRY,"<SUBJ>Segard</SUBJ>, <ADDR>rue Thevenot, 65.</ADDR>",1,0,1,1.0000,,,B-ENTRY,model,0.9963,2026-09-24 14:07:28,7aa47eafe9fa
98fe8e90-9b99-50c1-a700-5f1c11d386b1,812fe581-5b37-5cce-8fc0-ef33cc5b61da,df7de41d2ac6,191.3.115,191,2,3,115,"[117.0, 61.0, 970.0, 890.0]",List-Group,"Sellez, *hern.*, place du Carrousel, 22.  ",ENTRY,"<SUBJ>Sellez</SUBJ>, *<DESC>hern.</DESC>*, <ADDR>place du Carrousel, 22.</ADDR>",1,1,1,1.0000,,,B-ENTRY,model,0.9971,2026-09-24 14:07:28,dd14f574e1ab
f4b04e23-e0d6-59f9-a2f2-a84c086065e0,812fe581-5b37-5cce-8fc0-ef33cc5b61da,5074787d027d,191.3.116,191,2,3,116,"[117.0, 61.0, 970.0, 890.0]",List-Group,"Senghuesse, rue Chabannais, 6.  ",ENTRY,"<SUBJ>Senghuesse</SUBJ>, <ADDR>rue Chabannais, 6.</ADDR>",1,0,1,1.0000,,,B-ENTRY,model,0.9963,2026-09-24 14:07:28,3ae7fa7f4c05
2c331365-6110-583a-9851-40ff33149936,812fe581-5b37-5cce-8fc0-ef33cc5b61da,4a628d7b0df1,191.3.117,191,2,3,117,"[117.0, 61.0, 970.0, 890.0]",List-Group,"Sollier, rue de Seine-St.-Germain, 12.  ",ENTRY,"<SUBJ>Sollier</SUBJ>, <ADDR>rue de Seine-St.-Germain, 12.</ADDR>",1,0,1,1.0000,,,B-ENTRY,model,0.9959,2026-09-24 14:07:28,47e45197482e
c4604ef0-42c2-5afd-b4ed-0cee51a29de8,812fe581-5b37-5cce-8fc0-ef33cc5b61da,bf32414fbec6,191.3.118,191,2,3,118,"[117.0, 61.0, 970.0, 890.0]",List-Group,"Souberbielle, rue de Richelieu, 77.  ",ENTRY,"<SUBJ>Souberbielle</SUBJ>, <ADDR>rue de Richelieu, 77.</ADDR>",1,0,1,1.0000,,,B-ENTRY,model,0.9959,2026-09-24 14:07:28,9ef85806c1fa
e6b92ea7-8354-5401-ac2c-05510448a217,812fe581-5b37-5cce-8fc0-ef33cc5b61da,952e24767b94,191.3.119,191,2,3,119,"[117.0, 61.0, 970.0, 890.0]",List-Group,"Soupé, place du Pont-Neuf, 15.  ",ENTRY,"<SUBJ>Soupé</SUBJ>, <ADDR>place du Pont-Neuf, 15.</ADDR>",1,0,1,1.0000,,,B-ENTRY,model,0.9972,2026-09-24 14:07:28,6b6ba19fe42e
2380c0ee-188f-5158-9c2e-32702d0491b0,812fe581-5b37-5cce-8fc0-ef33cc5b61da,799f01b8ac08,191.3.120,191,2,3,120,"[117.0, 61.0, 970.0, 890.0]",List-Group,"Stapart (L. C. Nic.), rue Helvétius, 13.  ",ENTRY,"<SUBJ>Stapart (L. C. Nic.)</SUBJ>, <ADDR>rue Helvétius, 13.</ADDR>",1,0,1,1.0000,,,B-ENTRY,model,0.9927,2026-09-24 14:07:28,5ab514c7d166
0855c8f7-f65e-5a69-9eb2-b3b607e5e81a,812fe581-5b37-5cce-8fc0-ef33cc5b61da,"2f3694c21030,5b1edae8c618","191.3.121,191.3.122","191,191","2,2","3,3","121,122","[117.0, 61.0, 970.0, 890.0],[117.0, 61.0, 970.0, 890.0]","List-Group,List-Group","Sue aîné, *professeur et bibliothécaire*, à l'Ecole de Médecine.",ENTRY,"<SUBJ>Sue aîné</SUBJ>, *<DESC>professeur et bibliothécaire</DESC>*, <ADDR>à l'Ecole de Médecine.</ADDR>",1,1,1,1.0000,,,"B-ENTRY,I-ENTRY","human,human","1.0,1.0","2026-09-24 14:05:35,2026-09-24 14:05:35",fe1b572b5270
ddd2bb33-d427-5040-bb92-53cb371e3571,812fe581-5b37-5cce-8fc0-ef33cc5b61da,2da556ed6c02,191.3.123,191,2,3,123,"[117.0, 61.0, 970.0, 890.0]",List-Group,"Sureau, rue Quincampoix, 62.  ",ENTRY,"<SUBJ>Sureau</SUBJ>, <ADDR>rue Quincampoix, 62.</ADDR>",1,0,1,1.0000,,,B-ENTRY,model,0.9989,2026-09-24 14:07:28,906fe11a04ad
37f0f439-3fa9-5fed-b40c-ecfcf834aeb0,812fe581-5b37-5cce-8fc0-ef33cc5b61da,"ff5670324c54,59af53b2daf0","191.3.124,191.3.125","191,191","2,2","3,3","124,125","[117.0, 61.0, 970.0, 890.0],[117.0, 61.0, 970.0, 890.0]","List-Group,List-Group","Tajan, rue des Vieilles-Etuves-Saint-Ho- noré, 5.",ENTRY,"<SUBJ>Tajan</SUBJ>, <ADDR>rue des Vieilles-Etuves-Saint-Ho- noré, 5.</ADDR>",1,0,1,1.0000,,,"B-ENTRY,I-ENTRY","model,model","0.9992,1.0","2026-09-24 14:07:28,2026-09-24 14:07:28",7c358fd13471
2c2a2932-d000-517d-87db-c0e7fdec90c4,812fe581-5b37-5cce-8fc0-ef33cc5b61da,dd26820367a6,191.3.126,191,2,3,126,"[117.0, 61.0, 970.0, 890.0]",List-Group,"Talma, *dentiste*, rue J.-J.-Rousseau, 3.  ",ENTRY,"<SUBJ>Talma</SUBJ>, *<DESC>dentiste</DESC>*, <ADDR>rue J.-J.-Rousseau, 3.</ADDR>",1,1,1,1.0000,,,B-ENTRY,human,1.0,2026-09-24 14:06:56,b0b117d9f2af
eb38e814-d0c9-549a-82c0-2ce584d7506f,812fe581-5b37-5cce-8fc0-ef33cc5b61da,acdf8eed4e4d,191.3.127,191,2,3,127,"[117.0, 61.0, 970.0, 890.0]",List-Group,"Teytaud, rue J.-J.-Rousseau, 18.",ENTRY,"<SUBJ>Teytaud</SUBJ>, <ADDR>rue J.-J.-Rousseau, 18.</ADDR>",1,0,1,1.0000,,,B-ENTRY,human,1.0,2026-09-24 14:06:56,29afe60ae71c
61005755-bfc6-52b1-ad3e-fb1e094ecede,812fe581-5b37-5cce-8fc0-ef33cc5b61da,afce047ef2ae,192.1.0,192,0,1,0,"[263.0, 32.0, 630.0, 56.0]",Page-Header,Officiers de santé.-PARIS.,OUT OF SCOPE,,,,,,,,OUT OF SCOPE,human,1.0,2026-09-24 14:07:07,400058b86da9
e5b62542-98fe-5046-842a-1c8d342bf401,812fe581-5b37-5cce-8fc0-ef33cc5b61da,81d51c78e638,192.2.0,192,1,2,0,"[788.0, 30.0, 840.0, 49.0]",Page-Header,865,OUT OF SCOPE,,,,,,,,OUT OF SCOPE,human,1.0,2026-09-24 14:07:07,400058b86da9
687f2343-4c60-5f86-8967-03b3bee57cd4,812fe581-5b37-5cce-8fc0-ef33cc5b61da,fd5211e940ff,192.3.0,192,2,3,0,"[30.0, 60.0, 441.0, 211.0]",Text,"Thevenot, rue Bon-Conseil, 22.  ",ENTRY,"<SUBJ>Thevenot</SUBJ>, <ADDR>rue Bon-Conseil, 22.</ADDR>",1,0,1,1.0000,,,B-ENTRY,model,0.9986,2026-09-24 14:07:28,5fbfcc1a3b44
6c1a8b49-ad4a-59e4-9f87-97070884feb5,812fe581-5b37-5cce-8fc0-ef33cc5b61da,2d36939d110d,192.3.1,192,2,3,1,"[30.0, 60.0, 441.0, 211.0]",Text,"Thibault, rue Saint-Honoré, 358.  ",ENTRY,"<SUBJ>Thibault</SUBJ>, <ADDR>rue Saint-Honoré, 358.</ADDR>",1,0,1,1.0000,,,B-ENTRY,model,0.9954,2026-09-24 14:07:28,28c059a86c93
94b88821-ecfb-5338-a03d-e3f7217e0c49,812fe581-5b37-5cce-8fc0-ef33cc5b61da,2ea7714673cc,192.3.2,192,2,3,2,"[30.0, 60.0, 441.0, 211.0]",Text,"Thierry-Valdajou, rue du Petit-Musc, 9.  ",ENTRY,"<SUBJ>Thierry-Valdajou</SUBJ>, <ADDR>rue du Petit-Musc, 9.</ADDR>",1,0,1,1.0000,,,B-ENTRY,model,0.9964,2026-09-24 14:07:28,7178f9a7156c
5b23b326-3ad6-5908-a663-75cbd66bb076,812fe581-5b37-5cce-8fc0-ef33cc5b61da,8f09c603c1fa,192.3.3,192,2,3,3,"[30.0, 60.0, 441.0, 211.0]",Text,"Thillaye, rue de l'Ecole-de-Médecine.  ",ENTRY,"<SUBJ>Thillaye</SUBJ>, <ADDR>rue de l'Ecole-de-Médecine.</ADDR>",1,0,1,1.0000,,,B-ENTRY,model,0.9952,2026-09-24 14:07:28,0253c4805b9c
196db5fc-2c21-50bc-93f7-dc53bb586806,812fe581-5b37-5cce-8fc0-ef33cc5b61da,ebd14a800338,192.3.4,192,2,3,4,"[30.0, 60.0, 441.0, 211.0]",Text,"Thilhard, rue Saint-Avoye, 51.  ",ENTRY,"<SUBJ>Thilhard</SUBJ>, <ADDR>rue Saint-Avoye, 51.</ADDR>",1,0,1,1.0000,,,B-ENTRY,model,0.9954,2026-09-24 14:07:28,9bb89257751a
364cc183-0173-5cfa-b195-e8ecbd4e1aa9,812fe581-5b37-5cce-8fc0-ef33cc5b61da,a12e3af9a85f,192.3.5,192,2,3,5,"[30.0, 60.0, 441.0, 211.0]",Text,"Trouillet, cour du palais de Justice, 17.  ",ENTRY,"<SUBJ>Trouillet</SUBJ>, <ADDR>cour du palais de Justice, 17.</ADDR>",1,0,1,1.0000,,,B-ENTRY,model,0.9965,2026-09-24 14:07:28,695c184054d0
f0abede8-755e-5deb-8b1a-c013f5dfc5c6,812fe581-5b37-5cce-8fc0-ef33cc5b61da,a4668e44f344,192.3.6,192,2,3,6,"[30.0, 60.0, 441.0, 211.0]",Text,"Valet, *accoucheur*, rue Neuve - Saint-Jean, 15.  ",ENTRY,"<SUBJ>Valet</SUBJ>, *<DESC>accoucheur</DESC>*, <ADDR>rue Neuve - Saint-Jean, 15.</ADDR>",1,1,1,1.0000,,,B-ENTRY,model,0.9964,2026-09-24 14:07:28,f83977d54338
4f7e072d-c3de-534d-8ae1-d36b94a73b40,812fe581-5b37-5cce-8fc0-ef33cc5b61da,c38a3fe92459,192.3.7,192,2,3,7,"[30.0, 60.0, 441.0, 211.0]",Text,"Verdier, *bandagiste*, place de Grève, 5.  ",ENTRY,"<SUBJ>Verdier</SUBJ>, *<DESC>bandagiste</DESC>*, <ADDR>place de Grève, 5.</ADDR>",1,1,1,1.0000,,,B-ENTRY,model,0.9964,2026-09-24 14:07:28,2dfd978237dc
5c9c143c-f9d4-5906-a956-91e8430b7f75,812fe581-5b37-5cce-8fc0-ef33cc5b61da,c3863dbd94ea,192.3.8,192,2,3,8,"[30.0, 60.0, 441.0, 211.0]",Text,"Vergez, rue des Filles-St.-Thomas, 25.  ",ENTRY,"<SUBJ>Vergez</SUBJ>, <ADDR>rue des Filles-St.-Thomas, 25.</ADDR>",1,0,1,1.0000,,,B-ENTRY,model,0.9949,2026-09-24 14:07:28,c09e7be775cf
b29fb3bd-ceb7-5898-83cc-3a9854b6c3f7,812fe581-5b37-5cce-8fc0-ef33cc5b61da,40311af23dec,192.3.9,192,2,3,9,"[30.0, 60.0, 441.0, 211.0]",Text,"Vert, rue des Bourdonnais, 13.",ENTRY,"<SUBJ>Vert</SUBJ>, <ADDR>rue des Bourdonnais, 13.</ADDR>",1,0,1,1.0000,,,B-ENTRY,model,0.9949,2026-09-24 14:07:28,8112b0d85ea6
e955fc54-5f6a-59ba-8824-002a6bd2a429,812fe581-5b37-5cce-8fc0-ef33cc5b61da,0e1443385c25,192.4.0,192,3,4,0,"[461.0, 57.0, 843.0, 199.0]",Text,"Vial, enclos de l'Arsenal, cour des Fonderies.  ",ENTRY,"<SUBJ>Vial</SUBJ>, <ADDR>enclos de l'Arsenal, cour des Fonderies.</ADDR>",1,0,1,1.0000,,,B-ENTRY,model,0.9904,2026-09-24 14:07:28,eda2526e8aed
62764005-d7bc-5020-8f6f-37002a9bad2a,812fe581-5b37-5cce-8fc0-ef33cc5b61da,0cd7f3571354,192.4.1,192,3,4,1,"[461.0, 57.0, 843.0, 199.0]",Text,"Viguier, rue du Faub.-Poissonnière, 99.  ",ENTRY,"<SUBJ>Viguier</SUBJ>, <ADDR>rue du Faub.-Poissonnière, 99.</ADDR>",1,0,1,1.0000,,,B-ENTRY,model,0.9949,2026-09-24 14:07:28,3a94c737a6e6
ada003a1-4907-579c-950f-34bee7ddd9e0,812fe581-5b37-5cce-8fc0-ef33cc5b61da,39ac8f7ee7f2,192.4.2,192,3,4,2,"[461.0, 57.0, 843.0, 199.0]",Text,"Viguier, rue du Gros-Chenet, 2.  ",ENTRY,"<SUBJ>Viguier</SUBJ>, <ADDR>rue du Gros-Chenet, 2.</ADDR>",1,0,1,1.0000,,,B-ENTRY,model,0.9965,2026-09-24 14:07:28,f15cba3cf67a
04756374-9c81-55d6-a05d-2e0e8db9d103,812fe581-5b37-5cce-8fc0-ef33cc5b61da,6dcb374ce284,192.4.3,192,3,4,3,"[461.0, 57.0, 843.0, 199.0]",Text,"Villette, rue Neuve-des-Petits-Champs, 65.  ",ENTRY,"<SUBJ>Villette</SUBJ>, <ADDR>rue Neuve-des-Petits-Champs, 65.</ADDR>",1,0,1,1.0000,,,B-ENTRY,model,0.9954,2026-09-24 14:07:28,bafc4339fd15
acdf8ca1-60b2-50df-9e59-c24e08d68d70,812fe581-5b37-5cce-8fc0-ef33cc5b61da,6f9cf852e07f,192.4.4,192,3,4,4,"[461.0, 57.0, 843.0, 199.0]",Text,"Wattier, rue des Martyrs, 8.  ",ENTRY,"<SUBJ>Wattier</SUBJ>, <ADDR>rue des Martyrs, 8.</ADDR>",1,0,1,1.0000,,,B-ENTRY,model,0.9949,2026-09-24 14:07:28,5948e2337d57
62823b25-236b-53a6-ac12-76548c4a3538,812fe581-5b37-5cce-8fc0-ef33cc5b61da,b14e18cd5128,192.4.5,192,3,4,5,"[461.0, 57.0, 843.0, 199.0]",Text,"Ybreliste, rue Neuve-d'Orléans, 6.  ",ENTRY,"<SUBJ>Ybreliste</SUBJ>, <ADDR>rue Neuve-d'Orléans, 6.</ADDR>",1,0,1,1.0000,,,B-ENTRY,model,0.9954,2026-09-24 14:07:28,722a3371f5dd
cab18447-7b62-5058-a443-0721d34a0cbe,812fe581-5b37-5cce-8fc0-ef33cc5b61da,7e9a9b42b868,192.4.6,192,3,4,6,"[461.0, 57.0, 843.0, 199.0]",Text,"Yvan, *premier chirurgien ordinaire de l'empereur*, hôtel des Invalides.",ENTRY,"<SUBJ>Yvan</SUBJ>, *<DESC>premier chirurgien ordinaire de l'empereur</DESC>*, <ADDR>hôtel des Invalides.</ADDR>",1,1,1,1.0000,,,B-ENTRY,human,1.0,2026-09-24 14:07:21,21f7a149f3b7
e061bee8-f494-559d-852b-4e5c342dd307,00000000-0000-0000-0000-000000000000,4f73c89a1659,192.5.0,192,4,5,0,"[297.0, 220.0, 614.0, 244.0]",Section-Header,# OFFICIERS DE SANTÉ.,TITLE,,,,,,,,B-TITLE,human,1.0,2026-09-24 14:07:21,86e3ad97ecee
cf885a25-b036-541d-a3d0-3cb6b5f33518,e061bee8-f494-559d-852b-4e5c342dd307,d6aafad0d541,192.6.0,192,5,6,0,"[40.0, 258.0, 450.0, 888.0]",Text,"Abisil, *bandagiste*, rue Mandar, 2.  ",ENTRY,"<SUBJ>Abisil</SUBJ>, *<DESC>bandagiste</DESC>*, <ADDR>rue Mandar, 2.</ADDR>",1,1,1,1.0000,,,B-ENTRY,model,0.994,2026-09-24 14:07:28,7f2a95704123
59c1fe95-3700-5540-82d0-279bf9981894,e061bee8-f494-559d-852b-4e5c342dd307,921928a4c2d3,192.6.1,192,5,6,1,"[40.0, 258.0, 450.0, 888.0]",Text,"Afforty, rue St.-Germain-l'Auxerrois, 91.  ",ENTRY,"<SUBJ>Afforty</SUBJ>, <ADDR>rue St.-Germain-l'Auxerrois, 91.</ADDR>",1,0,1,1.0000,,,B-ENTRY,model,0.9954,2026-09-24 14:07:28,2d2cd3383b81
9adc0ecf-2849-547f-80d9-e309f8630345,e061bee8-f494-559d-852b-4e5c342dd307,eaedb7f42e21,192.6.2,192,5,6,2,"[40.0, 258.0, 450.0, 888.0]",Text,"Archidet, rue J.-J.-Rousseau, 5.  ",ENTRY,"<SUBJ>Archidet</SUBJ>, <ADDR>rue J.-J.-Rousseau, 5.</ADDR>",1,0,1,1.0000,,,B-ENTRY,model,0.9942,2026-09-24 14:07:28,b263199dbada
89175a8f-0366-5a0d-b2c1-660895c2fc98,e061bee8-f494-559d-852b-4e5c342dd307,27524dbcb429,192.6.3,192,5,6,3,"[40.0, 258.0, 450.0, 888.0]",Text,"Asselinot, rue de Grenelle-St.-Honoré, 15.  ",ENTRY,"<SUBJ>Asselinot</SUBJ>, <ADDR>rue de Grenelle-St.-Honoré, 15.</ADDR>",1,0,1,1.0000,,,B-ENTRY,human,1.0,2026-09-24 14:06:53,7c9b5bff2dba
a7c9c28b-d720-56d4-b9c8-c966ef8dcbf0,e061bee8-f494-559d-852b-4e5c342dd307,21482ece2639,192.6.4,192,5,6,4,"[40.0, 258.0, 450.0, 888.0]",Text,"Audenet, rue des Noyers.  ",ENTRY,"<SUBJ>Audenet</SUBJ>, <ADDR>rue des Noyers.</ADDR>",1,0,1,1.0000,,,B-ENTRY,human,1.0,2026-09-24 14:06:53,7ae54b8b42d6
53b36b19-49db-5be0-94d0-ac036bc92bbf,e061bee8-f494-559d-852b-4e5c342dd307,f0c74c8c7c24,192.6.5,192,5,6,5,"[40.0, 258.0, 450.0, 888.0]",Text,"Audibran, *dentiste*, rue Neuve-des-Petits-Champs, 27.  ",ENTRY,"<SUBJ>Audibran</SUBJ>, *<DESC>dentiste</DESC>*, <ADDR>rue Neuve-des-Petits-Champs, 27.</ADDR>",1,1,1,1.0000,,,B-ENTRY,model,0.9964,2026-09-24 14:07:28,e49c1f79f544
93b06b55-43b5-560e-b8a6-04180f4e1031,e061bee8-f494-559d-852b-4e5c342dd307,07190668cc5d,192.6.6,192,5,6,6,"[40.0, 258.0, 450.0, 888.0]",Text,"Baltazard, rue Cit-le-Cœur, 9.  ",ENTRY,"<SUBJ>Baltazard</SUBJ>, <ADDR>rue Cit-le-Cœur, 9.</ADDR>",1,0,1,1.0000,,,B-ENTRY,model,0.9954,2026-09-24 14:07:28,f4ae99da6ed8
44e7a786-e148-5d63-9ddb-9cfd16e42f6d,e061bee8-f494-559d-852b-4e5c342dd307,b96e5732d07f,192.6.7,192,5,6,7,"[40.0, 258.0, 450.0, 888.0]",Text,"Barbes, rue de Varennes, 57.  ",ENTRY,"<SUBJ>Barbes</SUBJ>, <ADDR>rue de Varennes, 57.</ADDR>",1,0,1,1.0000,,,B-ENTRY,model,0.9949,2026-09-24 14:07:28,667ded0df7a5
8e8c11f1-9c0e-5317-a572-8c51f0f13202,e061bee8-f494-559d-852b-4e5c342dd307,21968af8cf87,192.6.8,192,5,6,8,"[40.0, 258.0, 450.0, 888.0]",Text,"Bardet, quai des Augustins, 55.  ",ENTRY,"<SUBJ>Bardet</SUBJ>, <ADDR>quai des Augustins, 55.</ADDR>",1,0,1,1.0000,,,B-ENTRY,model,0.9949,2026-09-24 14:07:28,ad6383d43111
cc21bcb1-d97e-511c-8ed6-a261cc68646c,e061bee8-f494-559d-852b-4e5c342dd307,feeaf234c6b9,192.6.9,192,5,6,9,"[40.0, 258.0, 450.0, 888.0]",Text,"Barry, rue Saint-Sauveur, 9.  ",ENTRY,"<SUBJ>Barry</SUBJ>, <ADDR>rue Saint-Sauveur, 9.</ADDR>",1,0,1,1.0000,,,B-ENTRY,human,1.0,2026-09-24 14:06:55,f3d1087e87d3
d86fbbca-ecaf-5513-b3dc-77a7650fefca,e061bee8-f494-559d-852b-4e5c342dd307,b4aeab242d02,192.6.10,192,5,6,10,"[40.0, 258.0, 450.0, 888.0]",Text,"Baudry de Balzac, rue Mouffetard, 219.  ",ENTRY,"<SUBJ>Baudry de Balzac</SUBJ>, <ADDR>rue Mouffetard, 219.</ADDR>",1,0,1,1.0000,,,B-ENTRY,human,1.0,2026-09-24 14:06:55,f4e2b99651ef
483a85b3-ced6-54cf-9e2b-f89adeb88430,e061bee8-f494-559d-852b-4e5c342dd307,47ec0019aff3,192.6.11,192,5,6,11,"[40.0, 258.0, 450.0, 888.0]",Text,"Baufils, rue Saint-Martin, passage de la Réunion, 5.  ",ENTRY,"<SUBJ>Baufils</SUBJ>, <ADDR>rue Saint-Martin, passage de la Réunion, 5.</ADDR>",1,0,1,1.0000,,,B-ENTRY,model,0.9954,2026-09-24 14:07:28,697c4c0195d0
314eb1f2-5822-592f-a477-b500876a30f7,e061bee8-f494-559d-852b-4e5c342dd307,d5a65636c4f6,192.6.12,192,5,6,12,"[40.0, 258.0, 450.0, 888.0]",Text,"Bernard, rue Batave, 13.  ",ENTRY,"<SUBJ>Bernard</SUBJ>, <ADDR>rue Batave, 13.</ADDR>",1,0,1,1.0000,,,B-ENTRY,model,0.9954,2026-09-24 14:07:28,9c9a6fdc0a90
d665e179-1dd9-5c02-b6cf-746029dbae87,e061bee8-f494-559d-852b-4e5c342dd307,83396f51397b,192.6.13,192,5,6,13,"[40.0, 258.0, 450.0, 888.0]",Text,"Bézian, rue Baillette, 7.  ",ENTRY,"<SUBJ>Bézian</SUBJ>, <ADDR>rue Baillette, 7.</ADDR>",1,0,1,1.0000,,,B-ENTRY,model,0.9954,2026-09-24 14:07:28,01fd26ab0a9a
518e21a0-0a8a-5a3f-b48b-55123f4ec884,e061bee8-f494-559d-852b-4e5c342dd307,f58a142b306d,192.6.14,192,5,6,14,"[40.0, 258.0, 450.0, 888.0]",Text,"Biel, rue Saint-Magloire, 2.  ",ENTRY,"<SUBJ>Biel</SUBJ>, <ADDR>rue Saint-Magloire, 2.</ADDR>",1,0,1,1.0000,,,B-ENTRY,model,0.9954,2026-09-24 14:07:28,74001d0c68cd
5ca2a822-a452-5178-a0da-e91741e1b722,e061bee8-f494-559d-852b-4e5c342dd307,d91b21a653f4,192.6.15,192,5,6,15,"[40.0, 258.0, 450.0, 888.0]",Text,"Blin, cour du Commerce, 1.  ",ENTRY,"<SUBJ>Blin</SUBJ>, <ADDR>cour du Commerce, 1.</ADDR>",1,0,1,1.0000,,,B-ENTRY,model,0.9949,2026-09-24 14:07:28,36ad9fe590b9
b9557b0b-8a5f-551b-9c64-ba2e07648569,e061bee8-f494-559d-852b-4e5c342dd307,c3fe5f376726,192.6.16,192,5,6,16,"[40.0, 258.0, 450.0, 888.0]",Text,"Boissière, rue de la Vieille-Draperie, 4.  ",ENTRY,"<SUBJ>Boissière</SUBJ>, <ADDR>rue de la Vieille-Draperie, 4.</ADDR>",1,0,1,1.0000,,,B-ENTRY,model,0.9949,2026-09-24 14:07:28,3cd1b8d39f7e
28cfd916-7701-5f08-b796-113b6157203d,e061bee8-f494-559d-852b-4e5c342dd307,6faea864ed35,192.6.17,192,5,6,17,"[40.0, 258.0, 450.0, 888.0]",Text,"Boué, rue du Marché-des-Jacobins, 1.  ",ENTRY,"<SUBJ>Boué</SUBJ>, <ADDR>rue du Marché-des-Jacobins, 1.</ADDR>",1,0,1,1.0000,,,B-ENTRY,model,0.9949,2026-09-24 14:07:28,657a41191f97
c4ebb617-3752-5fec-bf73-a9c3d0d12670,e061bee8-f494-559d-852b-4e5c342dd307,26eae746624a,192.6.18,192,5,6,18,"[40.0, 258.0, 450.0, 888.0]",Text,"Brewer, rue du Sentier, 15.  ",ENTRY,"<SUBJ>Brewer</SUBJ>, <ADDR>rue du Sentier, 15.</ADDR>",1,0,1,1.0000,,,B-ENTRY,model,0.9949,2026-09-24 14:07:28,0c1b33017c18
800007f7-7802-56f5-9775-f8fcad8d4aec,e061bee8-f494-559d-852b-4e5c342dd307,81ffc235e4a0,192.6.19,192,5,6,19,"[40.0, 258.0, 450.0, 888.0]",Text,"Briouse, rue du Faub.-Poissonnière, 71.  ",ENTRY,"<SUBJ>Briouse</SUBJ>, <ADDR>rue du Faub.-Poissonnière, 71.</ADDR>",1,0,1,1.0000,,,B-ENTRY,model,0.9949,2026-09-24 14:07:28,9b32e1d6e46d
f9ba7971-b19f-500b-9c0d-83938ebdda0f,e061bee8-f494-559d-852b-4e5c342dd307,d8cd5cd495fd,192.6.20,192,5,6,20,"[40.0, 258.0, 450.0, 888.0]",Text,"Brousson, rue Saint-Marc, 27.  ",ENTRY,"<SUBJ>Brousson</SUBJ>, <ADDR>rue Saint-Marc, 27.</ADDR>",1,0,1,1.0000,,,B-ENTRY,human,1.0,2026-09-24 14:06:46,4cb2db753025
06ce3640-0c25-53c1-a38f-7fa1ca49268a,e061bee8-f494-559d-852b-4e5c342dd307,bea24cfaf18c,192.6.21,192,5,6,21,"[40.0, 258.0, 450.0, 888.0]",Text,"Brun, rue de l'Ecole de Médecine.  ",ENTRY,"<SUBJ>Brun</SUBJ>, <ADDR>rue de l'Ecole de Médecine.</ADDR>",1,0,1,1.0000,,,B-ENTRY,human,1.0,2026-09-24 14:06:46,4dd354939639
0ce201b9-b65c-58d6-b6c8-05854d627ce2,e061bee8-f494-559d-852b-4e5c342dd307,4a8351ddc782,192.6.22,192,5,6,22,"[40.0, 258.0, 450.0, 888.0]",Text,"Cabarron, rue du Faub.-Poissonnière, 15.  ",ENTRY,"<SUBJ>Cabarron</SUBJ>, <ADDR>rue du Faub.-Poissonnière, 15.</ADDR>",1,0,1,1.0000,,,B-ENTRY,model,0.9949,2026-09-24 14:07:28,4deee55344af
57be643e-d156-5ffc-a1b8-9c7320c3a063,e061bee8-f494-559d-852b-4e5c342dd307,4ffd80001e3c,192.6.23,192,5,6,23,"[40.0, 258.0, 450.0, 888.0]",Text,"Caillon, rue des Bons-Eufsans, 16.  ",ENTRY,"<SUBJ>Caillon</SUBJ>, <ADDR>rue des Bons-Eufsans, 16.</ADDR>",1,0,1,1.0000,,,B-ENTRY,model,0.9965,2026-09-24 14:07:28,fa163d32c510
80949492-c2bc-5311-9491-c30fef92b074,e061bee8-f494-559d-852b-4e5c342dd307,a451bfc1e8d7,192.6.24,192,5,6,24,"[40.0, 258.0, 450.0, 888.0]",Text,"Canot, rue de la Féronnerie, 11.  ",ENTRY,"<SUBJ>Canot</SUBJ>, <ADDR>rue de la Féronnerie, 11.</ADDR>",1,0,1,1.0000,,,B-ENTRY,model,0.9949,2026-09-24 14:07:28,9c8035ed7dfe
ce2b61ac-077b-56d9-8353-6a57726ebea4,e061bee8-f494-559d-852b-4e5c342dd307,2a2aa0420580,192.6.25,192,5,6,25,"[40.0, 258.0, 450.0, 888.0]",Text,"Carlier, rue de Thionville, 24.  ",ENTRY,"<SUBJ>Carlier</SUBJ>, <ADDR>rue de Thionville, 24.</ADDR>",1,0,1,1.0000,,,B-ENTRY,model,0.9949,2026-09-24 14:07:28,5718ecd23d0c
7aaee9cc-94db-59e2-9eba-ccc6d7e2b582,e061bee8-f494-559d-852b-4e5c342dd307,8a29aca396bf,192.6.26,192,5,6,26,"[40.0, 258.0, 450.0, 888.0]",Text,"Cartier, rue du Faub.-Saint-Denis, 145.  ",ENTRY,"<SUBJ>Cartier</SUBJ>, <ADDR>rue du Faub.-Saint-Denis, 145.</ADDR>",1,0,1,1.0000,,,B-ENTRY,model,0.9949,2026-09-24 14:07:28,d720b58f4345
06fc416c-9654-5d3b-bad8-357b90c86515,e061bee8-f494-559d-852b-4e5c342dd307,5bc603a9a297,192.6.27,192,5,6,27,"[40.0, 258.0, 450.0, 888.0]",Text,"Castex, rue de la Montagne, 23.  ",ENTRY,"<SUBJ>Castex</SUBJ>, <ADDR>rue de la Montagne, 23.</ADDR>",1,0,1,1.0000,,,B-ENTRY,model,0.9949,2026-09-24 14:07:28,2b29aa81074c
021bba58-de09-5363-8841-891e61e493c5,e061bee8-f494-559d-852b-4e5c342dd307,e632c7415b87,192.6.28,192,5,6,28,"[40.0, 258.0, 450.0, 888.0]",Text,"Cau, rue d'Argentuil, 55.  ",ENTRY,"<SUBJ>Cau</SUBJ>, <ADDR>rue d'Argentuil, 55.</ADDR>",1,0,1,1.0000,,,B-ENTRY,model,0.9949,2026-09-24 14:07:28,386dc84430b0
45f2413b-b898-5bf8-8900-e88b14722e5e,e061bee8-f494-559d-852b-4e5c342dd307,2ac26d4380ba,192.6.29,192,5,6,29,"[40.0, 258.0, 450.0, 888.0]",Text,"Chamant, rue Meslé, 52.  ",ENTRY,"<SUBJ>Chamant</SUBJ>, <ADDR>rue Meslé, 52.</ADDR>",1,0,1,1.0000,,,B-ENTRY,model,0.9954,2026-09-24 14:07:28,044c6fe88db1
d482c9e5-e105-5d40-8246-00bad64d2a02,e061bee8-f494-559d-852b-4e5c342dd307,7837001d54e3,192.6.30,192,5,6,30,"[40.0, 258.0, 450.0, 888.0]",Text,"Chataigner, rue Rochechouart, 15.  ",ENTRY,"<SUBJ>Chataigner</SUBJ>, <ADDR>rue Rochechouart, 15.</ADDR>",1,0,1,1.0000,,,B-ENTRY,model,0.9954,2026-09-24 14:07:28,604a9152f90f
a58c9508-0165-5113-b723-15b9da5a78e7,e061bee8-f494-559d-852b-4e5c342dd307,450a8bccc8df,192.6.31,192,5,6,31,"[40.0, 258.0, 450.0, 888.0]",Text,"Clapier, rue des Lions, 6.  ",ENTRY,"<SUBJ>Clapier</SUBJ>, <ADDR>rue des Lions, 6.</ADDR>",1,0,1,1.0000,,,B-ENTRY,model,0.9949,2026-09-24 14:07:28,78c9af27c0ea
e410a8d8-ac00-50d3-91ed-6e9e0ee58b70,e061bee8-f494-559d-852b-4e5c342dd307,427d4640a842,192.6.32,192,5,6,32,"[40.0, 258.0, 450.0, 888.0]",Text,"Clément, rue Neuve-Saint-Méry, 45.  ",ENTRY,"<SUBJ>Clément</SUBJ>, <ADDR>rue Neuve-Saint-Méry, 45.</ADDR>",1,0,1,1.0000,,,B-ENTRY,model,0.9954,2026-09-24 14:07:28,35d08599d7f8
a873ae96-77f3-53c5-9d97-ac2849a2d855,e061bee8-f494-559d-852b-4e5c342dd307,9d162e417553,192.6.33,192,5,6,33,"[40.0, 258.0, 450.0, 888.0]",Text,"Cocquerel, rue de la Magdeleine, 8.  ",ENTRY,"<SUBJ>Cocquerel</SUBJ>, <ADDR>rue de la Magdeleine, 8.</ADDR>",1,0,1,1.0000,,,B-ENTRY,model,0.9949,2026-09-24 14:07:28,238d80e1d83e
a59051d0-48d9-58e6-9503-4d3eeb222295,e061bee8-f494-559d-852b-4e5c342dd307,e8563e175f50,192.6.34,192,5,6,34,"[40.0, 258.0, 450.0, 888.0]",Text,"Cognier, rue du Four-St.-Germain, 68.  ",ENTRY,"<SUBJ>Cognier</SUBJ>, <ADDR>rue du Four-St.-Germain, 68.</ADDR>",1,0,1,1.0000,,,B-ENTRY,human,1.0,2026-09-24 14:07:04,99d3a8876f99
df1919cd-a968-5d6b-acc4-2c427cf52d1e,e061bee8-f494-559d-852b-4e5c342dd307,5c6ef0f82cf1,192.6.35,192,5,6,35,"[40.0, 258.0, 450.0, 888.0]",Text,"Concelin, place du Château.  ",ENTRY,"<SUBJ>Concelin</SUBJ>, <ADDR>place du Château.</ADDR>",1,0,1,1.0000,,,B-ENTRY,human,1.0,2026-09-24 14:07:04,c7ef41a2691c
5f3bc7a5-479b-536b-8603-ef0b0de7d4e1,e061bee8-f494-559d-852b-4e5c342dd307,cf07e785b907,192.6.36,192,5,6,36,"[40.0, 258.0, 450.0, 888.0]",Text,"Couergou, rue des Deux-Ecus, 3.  ",ENTRY,"<SUBJ>Couergou</SUBJ>, <ADDR>rue des Deux-Ecus, 3.</ADDR>",1,0,1,1.0000,,,B-ENTRY,model,0.9965,2026-09-24 14:07:28,3e3962e6f18a
b85ca5df-81d2-5ff5-ae98-f5a9b7fa96b3,e061bee8-f494-559d-852b-4e5c342dd307,46184aa5316f,192.6.37,192,5,6,37,"[40.0, 258.0, 450.0, 888.0]",Text,"Conserans, rue Notre-Dame-des-Victoires, aux Messageries.  ",ENTRY,"<SUBJ>Conserans</SUBJ>, <ADDR>rue Notre-Dame-des-Victoires, aux Messageries.</ADDR>",1,0,1,1.0000,,,B-ENTRY,model,0.9917,2026-09-24 14:07:28,4464d8e2a486
9c295536-435b-5f54-a857-527c5ae761a6,e061bee8-f494-559d-852b-4e5c342dd307,82872573b9b6,192.6.38,192,5,6,38,"[40.0, 258.0, 450.0, 888.0]",Text,"Dailliez, rue du Pot-de-Fer, 4.  ",ENTRY,"<SUBJ>Dailliez</SUBJ>, <ADDR>rue du Pot-de-Fer, 4.</ADDR>",1,0,1,1.0000,,,B-ENTRY,model,0.9949,2026-09-24 14:07:28,de38c0733293
19f9c7e5-4223-5e29-9b31-8b34392b118c,e061bee8-f494-559d-852b-4e5c342dd307,a765113fa059,192.6.39,192,5,6,39,"[40.0, 258.0, 450.0, 888.0]",Text,"Dalle, rue Saint-Avoye, 51.  ",ENTRY,"<SUBJ>Dalle</SUBJ>, <ADDR>rue Saint-Avoye, 51.</ADDR>",1,0,1,1.0000,,,B-ENTRY,model,0.9954,2026-09-24 14:07:28,b0096fbd8732
8e36c360-8536-5415-87a7-7cd9d7f2d7c4,e061bee8-f494-559d-852b-4e5c342dd307,597d41416b2c,192.6.40,192,5,6,40,"[40.0, 258.0, 450.0, 888.0]",Text,"Damaré, rue Saint-Honoré, 250.  ",ENTRY,"<SUBJ>Damaré</SUBJ>, <ADDR>rue Saint-Honoré, 250.</ADDR>",1,0,1,1.0000,,,B-ENTRY,model,0.9954,2026-09-24 14:07:28,324d34d8a07e
4d742780-e55c-5c2b-bf60-d4c5748f8092,e061bee8-f494-559d-852b-4e5c342dd307,c2e106891549,192.6.41,192,5,6,41,"[40.0, 258.0, 450.0, 888.0]",Text,"Daste, rue Mouffetard, 107.  ",ENTRY,"<SUBJ>Daste</SUBJ>, <ADDR>rue Mouffetard, 107.</ADDR>",1,0,1,1.0000,,,B-ENTRY,model,0.9954,2026-09-24 14:07:28,b92c62cbbf38
4b806ce8-090e-539b-9298-77df0edd89df,e061bee8-f494-559d-852b-4e5c342dd307,ec2dc95e3e1a,192.6.42,192,5,6,42,"[40.0, 258.0, 450.0, 888.0]",Text,"Daurimont, rue du Faub.-St.-Honoré, 26.  ",ENTRY,"<SUBJ>Daurimont</SUBJ>, <ADDR>rue du Faub.-St.-Honoré, 26.</ADDR>",1,0,1,1.0000,,,B-ENTRY,model,0.9949,2026-09-24 14:07:28,72da71f8b38d
081ac1ab-927e-5ea5-945f-003e35ed64d9,e061bee8-f494-559d-852b-4e5c342dd307,5d274bda6a7a,192.6.43,192,5,6,43,"[40.0, 258.0, 450.0, 888.0]",Text,"Davin, rue St.-Honoré, 394.  ",ENTRY,"<SUBJ>Davin</SUBJ>, <ADDR>rue St.-Honoré, 394.</ADDR>",1,0,1,1.0000,,,B-ENTRY,model,0.9969,2026-09-24 14:07:28,b564137c00b5
15cf4d8f-7d13-56c6-9f06-45205a2b0586,e061bee8-f494-559d-852b-4e5c342dd307,0aa8d22bc604,192.6.44,192,5,6,44,"[40.0, 258.0, 450.0, 888.0]",Text,"Debalz, rue Neuve-St.-Eustache, 6.",ENTRY,"<SUBJ>Debalz</SUBJ>, <ADDR>rue Neuve-St.-Eustache, 6.</ADDR>",1,0,1,1.0000,,,B-ENTRY,model,0.9954,2026-09-24 14:07:28,bef204d53bf9
fa4ca26e-5e9f-5bb4-908b-116696aa0bd6,e061bee8-f494-559d-852b-4e5c342dd307,e58aac8386da,192.7.0,192,6,7,0,"[467.0, 253.0, 862.0, 881.0]",Text,"Delavéronnière (Moysse et Sollivet), rue et enclos du Temple.  ",ENTRY,"<SUBJ>Delavéronnière (Moysse et Sollivet)</SUBJ>, <ADDR>rue et enclos du Temple.</ADDR>",1,0,1,1.0000,,,B-ENTRY,model,0.9913,2026-09-24 14:07:28,10889a78b29b
89380f99-cf5b-5e6e-9a3e-6f7b89fafa51,e061bee8-f494-559d-852b-4e5c342dd307,c07f0f859faf,192.7.1,192,6,7,1,"[467.0, 253.0, 862.0, 881.0]",Text,"Desmaret, place de l'Hôtel-de-Ville, 53.  ",ENTRY,"<SUBJ>Desmaret</SUBJ>, <ADDR>place de l'Hôtel-de-Ville, 53.</ADDR>",1,0,1,1.0000,,,B-ENTRY,model,0.9949,2026-09-24 14:07:28,04c858a75732
b87d1d7a-33a6-56ec-ac1b-3a09eb8970f5,e061bee8-f494-559d-852b-4e5c342dd307,fc3489240f75,192.7.2,192,6,7,2,"[467.0, 253.0, 862.0, 881.0]",Text,"Demerile, rue Saint-Antoine, 66.  ",ENTRY,"<SUBJ>Demerile</SUBJ>, <ADDR>rue Saint-Antoine, 66.</ADDR>",1,0,1,1.0000,,,B-ENTRY,model,0.9954,2026-09-24 14:07:28,089662694fc1
6517f9a2-dcc1-575b-9512-724d19c87aba,e061bee8-f494-559d-852b-4e5c342dd307,fdb0592e7acb,192.7.3,192,6,7,3,"[467.0, 253.0, 862.0, 881.0]",Text,"Desplaces, quai des Ormes, 6.  ",ENTRY,"<SUBJ>Desplaces</SUBJ>, <ADDR>quai des Ormes, 6.</ADDR>",1,0,1,1.0000,,,B-ENTRY,model,0.9949,2026-09-24 14:07:28,166c9af77459
d79aefcf-d989-50f9-b695-f1ea2346c013,e061bee8-f494-559d-852b-4e5c342dd307,925c5f9e12c7,192.7.4,192,6,7,4,"[467.0, 253.0, 862.0, 881.0]",Text,"Detailles, rue St.-Paul, 9.  ",ENTRY,"<SUBJ>Detailles</SUBJ>, <ADDR>rue St.-Paul, 9.</ADDR>",1,0,1,1.0000,,,B-ENTRY,model,0.9969,2026-09-24 14:07:28,6ccc0fd0455a
0ef6481c-46bc-5240-935b-9c4748d971ac,e061bee8-f494-559d-852b-4e5c342dd307,d61f1ad2ef87,192.7.5,192,6,7,5,"[467.0, 253.0, 862.0, 881.0]",Text,"Dournel, rue Saint-Martin, 257.  ",ENTRY,"<SUBJ>Dournel</SUBJ>, <ADDR>rue Saint-Martin, 257.</ADDR>",1,0,1,1.0000,,,B-ENTRY,model,0.9954,2026-09-24 14:07:28,decf99cdadc5
60f6d0ca-d6b8-57ef-8674-327b5d7dbcc6,e061bee8-f494-559d-852b-4e5c342dd307,553f1183ddf7,192.7.6,192,6,7,6,"[467.0, 253.0, 862.0, 881.0]",Text,"Ducasse, rue de l'Oursine, 94.  ",ENTRY,"<SUBJ>Ducasse</SUBJ>, <ADDR>rue de l'Oursine, 94.</ADDR>",1,0,1,1.0000,,,B-ENTRY,model,0.9965,2026-09-24 14:07:28,8888a9de4d52
e0ed2cc8-93a5-5125-a59a-ac8249eae811,e061bee8-f494-559d-852b-4e5c342dd307,f1be8772f044,192.7.7,192,6,7,7,"[467.0, 253.0, 862.0, 881.0]",Text,"Dufay, rue St.-Honoré, 92.  ",ENTRY,"<SUBJ>Dufay</SUBJ>, <ADDR>rue St.-Honoré, 92.</ADDR>",1,0,1,1.0000,,,B-ENTRY,model,0.9968,2026-09-24 14:07:28,b2830c25efb4
b58b9341-c856-55e9-a72b-218fbfde46fc,e061bee8-f494-559d-852b-4e5c342dd307,3ec4450ce76f,192.7.8,192,6,7,8,"[467.0, 253.0, 862.0, 881.0]",Text,"Damas, rue Férou, 28.  ",ENTRY,"<SUBJ>Damas</SUBJ>, <ADDR>rue Férou, 28.</ADDR>",1,0,1,1.0000,,,B-ENTRY,human,1.0,2026-09-24 14:07:05,90545fb46b63
f7a2b612-6319-5190-b870-9bdd3d34cca6,e061bee8-f494-559d-852b-4e5c342dd307,cfad37f79955,192.7.9,192,6,7,9,"[467.0, 253.0, 862.0, 881.0]",Text,"Dumont, rue du Bouloy.  ",ENTRY,"<SUBJ>Dumont</SUBJ>, <ADDR>rue du Bouloy.</ADDR>",1,0,1,1.0000,,,B-ENTRY,human,1.0,2026-09-24 14:07:05,18f7a4ebdf11
54b9d24e-5add-565e-b9a0-f33db7958b92,e061bee8-f494-559d-852b-4e5c342dd307,a218e17dd801,192.7.10,192,6,7,10,"[467.0, 253.0, 862.0, 881.0]",Text,"Dupieux, rue Regratière, 17.  ",ENTRY,"<SUBJ>Dupieux</SUBJ>, <ADDR>rue Regratière, 17.</ADDR>",1,0,1,1.0000,,,B-ENTRY,model,0.9954,2026-09-24 14:07:28,dbac9d945acb
9ca5aaa4-4482-560a-9b66-18da8869ae80,e061bee8-f494-559d-852b-4e5c342dd307,cd893ca4979a,192.7.11,192,6,7,11,"[467.0, 253.0, 862.0, 881.0]",Text,"Escourbiac, rue Mouffetard, 252.  ",ENTRY,"<SUBJ>Escourbiac</SUBJ>, <ADDR>rue Mouffetard, 252.</ADDR>",1,0,1,1.0000,,,B-ENTRY,model,0.9954,2026-09-24 14:07:28,26dbea034da2
359c9a5e-dec7-52b8-af90-9404465c5414,e061bee8-f494-559d-852b-4e5c342dd307,362fa8aa78f1,192.7.12,192,6,7,12,"[467.0, 253.0, 862.0, 881.0]",Text,"Evesque, rue Neuve-St.-Eustache, 40.  ",ENTRY,"<SUBJ>Evesque</SUBJ>, <ADDR>rue Neuve-St.-Eustache, 40.</ADDR>",1,0,1,1.0000,,,B-ENTRY,model,0.9954,2026-09-24 14:07:28,3f90f44e0c2c
a1a2f01c-542f-5b16-874b-f23796a19e54,e061bee8-f494-559d-852b-4e5c342dd307,4d8644f7a60e,192.7.13,192,6,7,13,"[467.0, 253.0, 862.0, 881.0]",Text,"Favareille Placial (Elie), quai des Célestins, 20.  ",ENTRY,"<SUBJ>Favareille Placial (Elie)</SUBJ>, <ADDR>quai des Célestins, 20.</ADDR>",1,0,1,1.0000,,,B-ENTRY,model,0.9935,2026-09-24 14:07:28,9297f61d6928
b69ce64f-28b3-5df9-bf53-23ef7e1c15dc,e061bee8-f494-559d-852b-4e5c342dd307,23f08f1b1ca9,192.7.14,192,6,7,14,"[467.0, 253.0, 862.0, 881.0]",Text,"Ferrand (Arnault), rue Batave, 10.  ",ENTRY,"<SUBJ>Ferrand (Arnault)</SUBJ>, <ADDR>rue Batave, 10.</ADDR>",1,0,1,1.0000,,,B-ENTRY,model,0.9965,2026-09-24 14:07:28,c6261e70ce79
0d57a1d2-47cf-5426-900a-c07cd10d6e73,e061bee8-f494-559d-852b-4e5c342dd307,e137b6b23195,192.7.15,192,6,7,15,"[467.0, 253.0, 862.0, 881.0]",Text,"Fleury, cour St.-Guillaume, 15.  ",ENTRY,"<SUBJ>Fleury</SUBJ>, <ADDR>cour St.-Guillaume, 15.</ADDR>",1,0,1,1.0000,,,B-ENTRY,model,0.9968,2026-09-24 14:07:28,2b12cab7e00e
f258033b-b1b2-5faf-a240-99c5746c6e02,e061bee8-f494-559d-852b-4e5c342dd307,63359b5b56dd,192.7.16,192,6,7,16,"[467.0, 253.0, 862.0, 881.0]",Text,"Fontaine, rue Notre-Dame-des-Victoires, 16.  ",ENTRY,"<SUBJ>Fontaine</SUBJ>, <ADDR>rue Notre-Dame-des-Victoires, 16.</ADDR>",1,0,1,1.0000,,,B-ENTRY,model,0.9954,2026-09-24 14:07:28,bd3f443c90cd
e799c945-950c-58be-a443-bff2ac2bac68,e061bee8-f494-559d-852b-4e5c342dd307,bdd780c647da,192.7.17,192,6,7,17,"[467.0, 253.0, 862.0, 881.0]",Text,"Forse, rue Saint-Dominique, 48. — Gros Caillou.  ",ENTRY,"<SUBJ>Forse</SUBJ>, <ADDR>rue Saint-Dominique, 48. — Gros Caillou.</ADDR>",1,0,1,1.0000,,,B-ENTRY,model,0.9917,2026-09-24 14:07:28,1aa54358d13b
e255690a-d62b-5ca1-9770-803421d194e8,e061bee8-f494-559d-852b-4e5c342dd307,c5e386d01139,192.7.18,192,6,7,18,"[467.0, 253.0, 862.0, 881.0]",Text,"Gaillard, rue de Lancry, 28.  ",ENTRY,"<SUBJ>Gaillard</SUBJ>, <ADDR>rue de Lancry, 28.</ADDR>",1,0,1,1.0000,,,B-ENTRY,model,0.9949,2026-09-24 14:07:28,a5f9f01b9185
23ace577-1cf8-52f3-9da1-03ead438ac8b,e061bee8-f494-559d-852b-4e5c342dd307,ec3543901ee0,192.7.19,192,6,7,19,"[467.0, 253.0, 862.0, 881.0]",Text,"Gamas, rue Neuve-de-Montmorency, 1.  ",ENTRY,"<SUBJ>Gamas</SUBJ>, <ADDR>rue Neuve-de-Montmorency, 1.</ADDR>",1,0,1,1.0000,,,B-ENTRY,model,0.9954,2026-09-24 14:07:28,821db263d4f0
72988bad-94a0-518b-8302-f1359d1fb7ea,e061bee8-f494-559d-852b-4e5c342dd307,b6e73c00ff43,192.7.20,192,6,7,20,"[467.0, 253.0, 862.0, 881.0]",Text,"Gard, rue des Grands-Augustins, 16.  ",ENTRY,"<SUBJ>Gard</SUBJ>, <ADDR>rue des Grands-Augustins, 16.</ADDR>",1,0,1,1.0000,,,B-ENTRY,model,0.9965,2026-09-24 14:07:28,a318800dd6d1
c315edd2-b6c7-5afd-925f-e1c07a211e3d,e061bee8-f494-559d-852b-4e5c342dd307,9cb9af2e985a,192.7.21,192,6,7,21,"[467.0, 253.0, 862.0, 881.0]",Text,"Gauthier (Hyacinthe-Gabriel), rue des Prouvaires, 55.  ",ENTRY,"<SUBJ>Gauthier (Hyacinthe-Gabriel)</SUBJ>, <ADDR>rue des Prouvaires, 55.</ADDR>",1,0,1,1.0000,,,B-ENTRY,model,0.9951,2026-09-24 14:07:28,8d5228d33272
3856fa9e-1d25-5ba7-b11c-4d422d62fb6a,e061bee8-f494-559d-852b-4e5c342dd307,c7e7dcf4730a,192.7.22,192,6,7,22,"[467.0, 253.0, 862.0, 881.0]",Text,"Gigon, rue St.-Germain-l'Auxerrois, 87.  ",ENTRY,"<SUBJ>Gigon</SUBJ>, <ADDR>rue St.-Germain-l'Auxerrois, 87.</ADDR>",1,0,1,1.0000,,,B-ENTRY,model,0.9954,2026-09-24 14:07:28,f3701f283621
2cf60027-3777-5583-8fa1-e684e1024116,e061bee8-f494-559d-852b-4e5c342dd307,d1e70750347e,192.7.23,192,6,7,23,"[467.0, 253.0, 862.0, 881.0]",Text,"Gontier (Et.), rue de la Mortellerie, 156.  ",ENTRY,"<SUBJ>Gontier (Et.)</SUBJ>, <ADDR>rue de la Mortellerie, 156.</ADDR>",1,0,1,1.0000,,,B-ENTRY,model,0.9951,2026-09-24 14:07:28,0713f8dc2051
462d7032-c6f6-503f-bc63-1477ca9e6225,e061bee8-f494-559d-852b-4e5c342dd307,cad9cda7eeb5,192.7.24,192,6,7,24,"[467.0, 253.0, 862.0, 881.0]",Text,"Gontier (Jean), place de l'hôtel de ville, 2.  ",ENTRY,"<SUBJ>Gontier (Jean)</SUBJ>, <ADDR>place de l'hôtel de ville, 2.</ADDR>",1,0,1,1.0000,,,B-ENTRY,human,1.0,2026-09-24 14:06:43,4cc2e6040622
9f6bf5e4-c95e-5d96-a61f-96e54331169c,e061bee8-f494-559d-852b-4e5c342dd307,6ef4f43f1ce2,192.7.25,192,6,7,25,"[467.0, 253.0, 862.0, 881.0]",Text,"Goyon, rue d'Aboukir.  ",ENTRY,"<SUBJ>Goyon</SUBJ>, <ADDR>rue d'Aboukir.</ADDR>",1,0,1,1.0000,,,B-ENTRY,human,1.0,2026-09-24 14:06:43,f42941a713a8
9bff92f6-df93-5e3d-a22c-1ac434c51cfd,e061bee8-f494-559d-852b-4e5c342dd307,60ab79807300,192.7.26,192,6,7,26,"[467.0, 253.0, 862.0, 881.0]",Text,"Guillaume, rue Neuve-Notre-Dame, 2.  ",ENTRY,"<SUBJ>Guillaume</SUBJ>, <ADDR>rue Neuve-Notre-Dame, 2.</ADDR>",1,0,1,1.0000,,,B-ENTRY,model,0.9954,2026-09-24 14:07:28,3aacbcdcb482
0b7b3c15-3799-56a1-8ccd-9a65423b1a5b,e061bee8-f494-559d-852b-4e5c342dd307,3855097dd28e,192.7.27,192,6,7,27,"[467.0, 253.0, 862.0, 881.0]",Text,"Hernu, rue Neuve-Saint-Méry, 50.  ",ENTRY,"<SUBJ>Hernu</SUBJ>, <ADDR>rue Neuve-Saint-Méry, 50.</ADDR>",1,0,1,1.0000,,,B-ENTRY,model,0.9954,2026-09-24 14:07:28,56acefdb600f
591815d0-4696-5787-aa01-dfb2354fb62c,e061bee8-f494-559d-852b-4e5c342dd307,2770d2c2178b,192.7.28,192,6,7,28,"[467.0, 253.0, 862.0, 881.0]",Text,"Honoré (Bernard), rue Boucherat, 17.  ",ENTRY,"<SUBJ>Honoré (Bernard)</SUBJ>, <ADDR>rue Boucherat, 17.</ADDR>",1,0,1,1.0000,,,B-ENTRY,model,0.9965,2026-09-24 14:07:28,7e3b6db8d000
95efce7b-3e58-5139-a349-8d4d0240e86c,e061bee8-f494-559d-852b-4e5c342dd307,72d114b9ee01,192.7.29,192,6,7,29,"[467.0, 253.0, 862.0, 881.0]",Text,"Jacinthe, rue Saint-Louis du palais, 16.  ",ENTRY,"<SUBJ>Jacinthe</SUBJ>, <ADDR>rue Saint-Louis du palais, 16.</ADDR>",1,0,1,1.0000,,,B-ENTRY,model,0.9971,2026-09-24 14:07:28,1f48f765e237
aba34f74-dccc-562a-8634-00b239d5d339,e061bee8-f494-559d-852b-4e5c342dd307,bc6a9ed328a7,192.7.30,192,6,7,30,"[467.0, 253.0, 862.0, 881.0]",Text,"Jacob, rue du Petit-Carreau, 50.  ",ENTRY,"<SUBJ>Jacob</SUBJ>, <ADDR>rue du Petit-Carreau, 50.</ADDR>",1,0,1,1.0000,,,B-ENTRY,model,0.9965,2026-09-24 14:07:28,80a427831764
1745cf5c-09cd-5a98-9572-4ab50c048f02,e061bee8-f494-559d-852b-4e5c342dd307,de3b9da3f206,192.7.31,192,6,7,31,"[467.0, 253.0, 862.0, 881.0]",Text,"Janceau, place Maubert, 20.  ",ENTRY,"<SUBJ>Janceau</SUBJ>, <ADDR>place Maubert, 20.</ADDR>",1,0,1,1.0000,,,B-ENTRY,model,0.9954,2026-09-24 14:07:28,1eda3ea00095
34f8b651-8e00-54fc-8a31-26023cb998f5,e061bee8-f494-559d-852b-4e5c342dd307,fd2f72a6cb23,192.7.32,192,6,7,32,"[467.0, 253.0, 862.0, 881.0]",Text,"Jaurne Préval, rue des Deux-Portes-Saint-Sauveur, 16.  ",ENTRY,"<SUBJ>Jaurne Préval</SUBJ>, <ADDR>rue des Deux-Portes-Saint-Sauveur, 16.</ADDR>",1,0,1,1.0000,,,B-ENTRY,model,0.9929,2026-09-24 14:07:28,830910594fc4
f0e3c73c-1e03-5f47-a8d1-713ff6b5955f,e061bee8-f494-559d-852b-4e5c342dd307,116683025637,192.7.33,192,6,7,33,"[467.0, 253.0, 862.0, 881.0]",Text,"Joliet, rue de la Roquette, 5.  ",ENTRY,"<SUBJ>Joliet</SUBJ>, <ADDR>rue de la Roquette, 5.</ADDR>",1,0,1,1.0000,,,B-ENTRY,model,0.9949,2026-09-24 14:07:28,374e79eb416f
b69b60a7-a0f4-5733-9bb0-768bda298d55,e061bee8-f494-559d-852b-4e5c342dd307,ccdd920e3434,192.7.34,192,6,7,34,"[467.0, 253.0, 862.0, 881.0]",Text,"Jousseaume, rue du Mont-Blanc, 22.  ",ENTRY,"<SUBJ>Jousseaume</SUBJ>, <ADDR>rue du Mont-Blanc, 22.</ADDR>",1,0,1,1.0000,,,B-ENTRY,model,0.9965,2026-09-24 14:07:28,d4c5390ed2ab
4b9388b0-4888-56ce-b0c3-8f5c724b9012,e061bee8-f494-559d-852b-4e5c342dd307,695a4e183a52,192.7.35,192,6,7,35,"[467.0, 253.0, 862.0, 881.0]",Text,"Julien, rue de Grenelle-St.-Honoré, 14.  ",ENTRY,"<SUBJ>Julien</SUBJ>, <ADDR>rue de Grenelle-St.-Honoré, 14.</ADDR>",1,0,1,1.0000,,,B-ENTRY,model,0.9949,2026-09-24 14:07:28,6ca872598d0e
b9cb28b5-c492-5a2b-93b2-7fc02dfb2a54,e061bee8-f494-559d-852b-4e5c342dd307,18b81cc3f480,192.7.36,192,6,7,36,"[467.0, 253.0, 862.0, 881.0]",Text,"Labadens, rue Ticquetonne, 9.  ",ENTRY,"<SUBJ>Labadens</SUBJ>, <ADDR>rue Ticquetonne, 9.</ADDR>",1,0,1,1.0000,,,B-ENTRY,human,1.0,2026-09-24 14:07:02,5eab0ce69f49
d3d4e477-75ab-5e7f-9f84-0f1a7ca78dd2,e061bee8-f494-559d-852b-4e5c342dd307,793f3349854c,192.7.37,192,6,7,37,"[467.0, 253.0, 862.0, 881.0]",Text,"Laborde (L.), r. Blanche-de-Castille, 74.  ",ENTRY,"<SUBJ>Laborde (L.)</SUBJ>, <ADDR>r. Blanche-de-Castille, 74.</ADDR>",1,0,1,1.0000,,,B-ENTRY,human,1.0,2026-09-24 14:07:02,a93029ce64d9
7be279a1-c676-5b94-a56c-07c1ce7db2ea,e061bee8-f494-559d-852b-4e5c342dd307,df8728234f2a,192.7.38,192,6,7,38,"[467.0, 253.0, 862.0, 881.0]",Text,"Laccoua, rue St.-Victor, 108.  ",ENTRY,"<SUBJ>Laccoua</SUBJ>, <ADDR>rue St.-Victor, 108.</ADDR>",1,0,1,1.0000,,,B-ENTRY,model,0.9969,2026-09-24 14:07:28,de00e5814862
037e02fd-75b3-5e48-a108-bfa80fb963be,e061bee8-f494-559d-852b-4e5c342dd307,bcdaae878c6d,192.7.39,192,6,7,39,"[467.0, 253.0, 862.0, 881.0]",Text,"Lacroix, rue Coq-Héron, 16.  ",ENTRY,"<SUBJ>Lacroix</SUBJ>, <ADDR>rue Coq-Héron, 16.</ADDR>",1,0,1,1.0000,,,B-ENTRY,model,0.9954,2026-09-24 14:07:28,77a941ba231e
2863d911-00dd-5a74-b91e-a95ef1c9efe1,e061bee8-f494-559d-852b-4e5c342dd307,7c225c2252ff,192.7.40,192,6,7,40,"[467.0, 253.0, 862.0, 881.0]",Text,"Lagrave, rue de l'Oursine, 79.  ",ENTRY,"<SUBJ>Lagrave</SUBJ>, <ADDR>rue de l'Oursine, 79.</ADDR>",1,0,1,1.0000,,,B-ENTRY,human,1.0,2026-09-24 14:06:37,85315ddf3370
196770c1-260f-55ca-99b5-62e061edde20,e061bee8-f494-559d-852b-4e5c342dd307,ab35b441e3ed,192.7.41,192,6,7,41,"[467.0, 253.0, 862.0, 881.0]",Text,"Lairle dit Legnerle, rue Neuve-des-Petits-Champs, 81.",ENTRY,"<SUBJ>Lairle dit Legnerle</SUBJ>, <ADDR>rue Neuve-des-Petits-Champs, 81.</ADDR>",1,0,1,1.0000,,,B-ENTRY,human,1.0,2026-09-24 14:06:37,4ae7aef91be7
b6386ca4-1cb8-5bc4-8f13-e7b6a7f53fea,e061bee8-f494-559d-852b-4e5c342dd307,de1592e729f8,193.1.0,193,0,1,0,"[116.0, 38.0, 172.0, 57.0]",Page-Header,864,OUT OF SCOPE,,,,,,,,OUT OF SCOPE,human,1.0,2026-09-24 14:05:54,b1573957accc
07e1a7c4-8401-5a74-a87e-ab4a60f5b02a,e061bee8-f494-559d-852b-4e5c342dd307,fd83681b83d8,193.2.0,193,1,2,0,"[306.0, 36.0, 777.0, 60.0]",Page-Header,Académie de médecine-Paris.,OUT OF SCOPE,,,,,,,,OUT OF SCOPE,human,1.0,2026-09-24 14:05:54,b1573957accc
9b8acccc-f2e0-5cd4-8ff0-9c63c5218ed8,e061bee8-f494-559d-852b-4e5c342dd307,ace03061ec48,193.3.0,193,2,3,0,"[102.0, 62.0, 969.0, 623.0]",List-Group,"Lambin *dit* Lambon, rue St.-Honoré, 215.  ",ENTRY,"<SUBJ>Lambin *dit* Lambon</SUBJ>, <ADDR>rue St.-Honoré, 215.</ADDR>",1,0,1,1.0000,,,B-ENTRY,model,0.9971,2026-09-24 14:07:28,87dd77de0022
ade942d3-68c5-55c4-b31c-d83a97a1317b,e061bee8-f494-559d-852b-4e5c342dd307,94bc14ff34f1,193.3.1,193,2,3,1,"[102.0, 62.0, 969.0, 623.0]",List-Group,"Lambin, rue des Mauvais-Garçons, au Marais.  ",ENTRY,"<SUBJ>Lambin</SUBJ>, <ADDR>rue des Mauvais-Garçons, au Marais.</ADDR>",1,0,1,1.0000,,,B-ENTRY,model,0.9922,2026-09-24 14:07:28,41786484ca2a
76bf2ac2-d8c7-58a9-97f8-a9c45f6a3295,e061bee8-f494-559d-852b-4e5c342dd307,078066328ae7,193.3.2,193,2,3,2,"[102.0, 62.0, 969.0, 623.0]",List-Group,"Laribeau, rue Saint-Jacques, 187.  ",ENTRY,"<SUBJ>Laribeau</SUBJ>, <ADDR>rue Saint-Jacques, 187.</ADDR>",1,0,1,1.0000,,,B-ENTRY,model,0.9963,2026-09-24 14:07:28,ca15aa04aad9
2a29a52d-903d-52e7-82b1-c9d2d97ea2a5,e061bee8-f494-559d-852b-4e5c342dd307,a004846b50ee,193.3.3,193,2,3,3,"[102.0, 62.0, 969.0, 623.0]",List-Group,"Luroque, cloître Notre-Dame, 14.  ",ENTRY,"<SUBJ>Luroque</SUBJ>, <ADDR>cloître Notre-Dame, 14.</ADDR>",1,0,1,1.0000,,,B-ENTRY,model,0.9963,2026-09-24 14:07:28,c73ae320f11d
4fd0db29-eff5-5d5a-a9a2-ccdd6b7365c0,e061bee8-f494-559d-852b-4e5c342dd307,d4a1f5bf61e1,193.3.4,193,2,3,4,"[102.0, 62.0, 969.0, 623.0]",List-Group,"Lutappy, rue du Faub.-S.-Antoine, 157.  ",ENTRY,"<SUBJ>Lutappy</SUBJ>, <ADDR>rue du Faub.-S.-Antoine, 157.</ADDR>",1,0,1,1.0000,,,B-ENTRY,model,0.9959,2026-09-24 14:07:28,abcebf92c3d0
39f5a4cd-854a-5417-aa78-831211ca25c8,e061bee8-f494-559d-852b-4e5c342dd307,2b055f8f7133,193.3.5,193,2,3,5,"[102.0, 62.0, 969.0, 623.0]",List-Group,"Laudumier, rue de Richelieu, 7.  ",ENTRY,"<SUBJ>Laudumier</SUBJ>, <ADDR>rue de Richelieu, 7.</ADDR>",1,0,1,1.0000,,,B-ENTRY,model,0.9959,2026-09-24 14:07:28,cc547b86fa91
f17588b3-c6cc-5e38-833a-54e9abe5ef05,e061bee8-f494-559d-852b-4e5c342dd307,c5733d52d285,193.3.6,193,2,3,6,"[102.0, 62.0, 969.0, 623.0]",List-Group,"Laval, rue Regratière.  ",ENTRY,"<SUBJ>Laval</SUBJ>, <ADDR>rue Regratière.</ADDR>",1,0,1,1.0000,,,B-ENTRY,model,0.9929,2026-09-24 14:07:28,959d997440aa
7fed3988-519a-537f-8d79-30a2065b40a3,e061bee8-f494-559d-852b-4e5c342dd307,e46fc6d0a1bc,193.3.7,193,2,3,7,"[102.0, 62.0, 969.0, 623.0]",List-Group,"Leblanc, rue Férou, 24.  ",ENTRY,"<SUBJ>Leblanc</SUBJ>, <ADDR>rue Férou, 24.</ADDR>",1,0,1,1.0000,,,B-ENTRY,model,0.9963,2026-09-24 14:07:28,7f0238918b43
6c2ff1aa-30de-54ee-9497-3ae0fcf6c422,e061bee8-f494-559d-852b-4e5c342dd307,4bd839dd7587,193.3.8,193,2,3,8,"[102.0, 62.0, 969.0, 623.0]",List-Group,"Leduc, rue de Limoges, 5.  ",ENTRY,"<SUBJ>Leduc</SUBJ>, <ADDR>rue de Limoges, 5.</ADDR>",1,0,1,1.0000,,,B-ENTRY,model,0.9959,2026-09-24 14:07:28,7e2de574017b
448dca82-45ea-51d0-a7bd-08285f56451e,e061bee8-f494-559d-852b-4e5c342dd307,420b8c9f7886,193.3.9,193,2,3,9,"[102.0, 62.0, 969.0, 623.0]",List-Group,"Lefèvre (J. Jos.), rue Saint-Martin, 112.  ",ENTRY,"<SUBJ>Lefèvre (J. Jos.)</SUBJ>, <ADDR>rue Saint-Martin, 112.</ADDR>",1,0,1,1.0000,,,B-ENTRY,model,0.9929,2026-09-24 14:07:28,09efcb45d109
a2931fe5-d300-5776-bcac-1636ce9720f0,e061bee8-f494-559d-852b-4e5c342dd307,bfb7ad7273f3,193.3.10,193,2,3,10,"[102.0, 62.0, 969.0, 623.0]",List-Group,"Lefèvre (Paul), rue St.-Maur, 11.  ",ENTRY,"<SUBJ>Lefèvre (Paul)</SUBJ>, <ADDR>rue St.-Maur, 11.</ADDR>",1,0,1,1.0000,,,B-ENTRY,model,0.9957,2026-09-24 14:07:28,7296f795e623
55724d57-34b7-52c2-8464-253bfdcb9749,e061bee8-f494-559d-852b-4e5c342dd307,8a6b8180b838,193.3.11,193,2,3,11,"[102.0, 62.0, 969.0, 623.0]",List-Group,"Legeule, rue du Monceau-S.-Gervais, 17.  ",ENTRY,"<SUBJ>Legeule</SUBJ>, <ADDR>rue du Monceau-S.-Gervais, 17.</ADDR>",1,0,1,1.0000,,,B-ENTRY,model,0.9959,2026-09-24 14:07:28,ec89a909ce72
67a63b5b-705b-5d78-aba3-2e985ebef57f,e061bee8-f494-559d-852b-4e5c342dd307,0aa8057e5a30,193.3.12,193,2,3,12,"[102.0, 62.0, 969.0, 623.0]",List-Group,"Legras, rue de Marivaux, 41.  ",ENTRY,"<SUBJ>Legras</SUBJ>, <ADDR>rue de Marivaux, 41.</ADDR>",1,0,1,1.0000,,,B-ENTRY,model,0.9959,2026-09-24 14:07:28,29c19705d136
cc5f2136-b73b-50f7-bb6f-be8d6d957ca3,e061bee8-f494-559d-852b-4e5c342dd307,65427bf6ea4e,193.3.13,193,2,3,13,"[102.0, 62.0, 969.0, 623.0]",List-Group,"Le Moussu, r. de l'Ecole-de Médecine, 55.  ",ENTRY,"<SUBJ>Le Moussu</SUBJ>, <ADDR>r. de l'Ecole-de Médecine, 55.</ADDR>",1,0,1,1.0000,,,B-ENTRY,model,0.9941,2026-09-24 14:07:28,e6f0ea2a8ec5
01235c96-ddad-537b-86e3-6bcf9e5452d9,e061bee8-f494-559d-852b-4e5c342dd307,f326e869502e,193.3.14,193,2,3,14,"[102.0, 62.0, 969.0, 623.0]",List-Group,"Lesfilles, rue St. Jacques, 5.  ",ENTRY,"<SUBJ>Lesfilles</SUBJ>, <ADDR>rue St. Jacques, 5.</ADDR>",1,0,1,1.0000,,,B-ENTRY,model,0.9963,2026-09-24 14:07:28,6ad15f62cc2d
bc60507e-78b4-546a-89e7-13c9d016ac57,e061bee8-f494-559d-852b-4e5c342dd307,1ee288cddc5f,193.3.15,193,2,3,15,"[102.0, 62.0, 969.0, 623.0]",List-Group,"Mackers, rue Salle-au-Comte, 7.  ",ENTRY,"<SUBJ>Mackers</SUBJ>, <ADDR>rue Salle-au-Comte, 7.</ADDR>",1,0,1,1.0000,,,B-ENTRY,model,0.9963,2026-09-24 14:07:28,553300b3ccea
cd84a8a7-17be-5c33-bb90-b3d2bb3b246b,e061bee8-f494-559d-852b-4e5c342dd307,bce95811b372,193.3.16,193,2,3,16,"[102.0, 62.0, 969.0, 623.0]",List-Group,"Magendie, rue de Verneuil, 32.  ",ENTRY,"<SUBJ>Magendie</SUBJ>, <ADDR>rue de Verneuil, 32.</ADDR>",1,0,1,1.0000,,,B-ENTRY,model,0.9959,2026-09-24 14:07:28,d29ea2d6349f
e79cee62-2281-5cf5-a155-383902902558,e061bee8-f494-559d-852b-4e5c342dd307,6ddc5c2785b5,193.3.17,193,2,3,17,"[102.0, 62.0, 969.0, 623.0]",List-Group,"Maglier, rue J.-J.-Rousseau, 7.  ",ENTRY,"<SUBJ>Maglier</SUBJ>, <ADDR>rue J.-J.-Rousseau, 7.</ADDR>",1,0,1,1.0000,,,B-ENTRY,model,0.9953,2026-09-24 14:07:28,8ab79a6e82ca
966ed3be-5e57-576e-a5ad-f3a6d2bff865,e061bee8-f494-559d-852b-4e5c342dd307,572109196f38,193.3.18,193,2,3,18,"[102.0, 62.0, 969.0, 623.0]",List-Group,"Magné, rue Traversière-St.-Honoré, 2.  ",ENTRY,"<SUBJ>Magné</SUBJ>, <ADDR>rue Traversière-St.-Honoré, 2.</ADDR>",1,0,1,1.0000,,,B-ENTRY,model,0.9963,2026-09-24 14:07:28,bc80236c158c
4df946e0-ad7b-5ef5-bbff-63164dd497b9,e061bee8-f494-559d-852b-4e5c342dd307,7862b761b915,193.3.19,193,2,3,19,"[102.0, 62.0, 969.0, 623.0]",List-Group,"Malaese, rue du Mail, 19.  ",ENTRY,"<SUBJ>Malaese</SUBJ>, <ADDR>rue du Mail, 19.</ADDR>",1,0,1,1.0000,,,B-ENTRY,model,0.9959,2026-09-24 14:07:28,ee270dba320b
a98ea920-eeff-55bd-9f54-790f5181130a,e061bee8-f494-559d-852b-4e5c342dd307,341ce66669af,193.3.20,193,2,3,20,"[102.0, 62.0, 969.0, 623.0]",List-Group,"Martin (Cl. Mich.), rue de Savoie, 9.  ",ENTRY,"<SUBJ>Martin (Cl. Mich.)</SUBJ>, <ADDR>rue de Savoie, 9.</ADDR>",1,0,1,1.0000,,,B-ENTRY,model,0.996,2026-09-24 14:07:28,1d997b919c2c
3a600f48-4856-556e-857d-92106f235d58,e061bee8-f494-559d-852b-4e5c342dd307,5d92935f03d2,193.3.21,193,2,3,21,"[102.0, 62.0, 969.0, 623.0]",List-Group,"Marye (Ant. Jos.), rue des Noyers, 52.  ",ENTRY,"<SUBJ>Marye (Ant. Jos.)</SUBJ>, <ADDR>rue des Noyers, 52.</ADDR>",1,0,1,1.0000,,,B-ENTRY,model,0.996,2026-09-24 14:07:28,48cd8c28d5e4
eadaaa0e-d71e-599f-bc34-0e7cbbd44eb5,e061bee8-f494-559d-852b-4e5c342dd307,f7dbaccc3242,193.3.22,193,2,3,22,"[102.0, 62.0, 969.0, 623.0]",List-Group,"Masse, rue Saint-Martin, 59.  ",ENTRY,"<SUBJ>Masse</SUBJ>, <ADDR>rue Saint-Martin, 59.</ADDR>",1,0,1,1.0000,,,B-ENTRY,model,0.9963,2026-09-24 14:07:28,c78bc91939a7
eb53ad5f-300a-5ecd-bc3b-1e6149aac25b,e061bee8-f494-559d-852b-4e5c342dd307,256c4ee02a47,193.3.23,193,2,3,23,"[102.0, 62.0, 969.0, 623.0]",List-Group,"Masson, rue Saint-Denis, 244.  ",ENTRY,"<SUBJ>Masson</SUBJ>, <ADDR>rue Saint-Denis, 244.</ADDR>",1,0,1,1.0000,,,B-ENTRY,model,0.9963,2026-09-24 14:07:28,89a88981f3f2
e07b851e-9880-5dc9-a33c-d430c4f89993,e061bee8-f494-559d-852b-4e5c342dd307,24e9999459a6,193.3.24,193,2,3,24,"[102.0, 62.0, 969.0, 623.0]",List-Group,"Maublant, à l'hospice Beaujon.  ",ENTRY,"<SUBJ>Maublant</SUBJ>, <ADDR>à l'hospice Beaujon.</ADDR>",1,0,1,1.0000,,,B-ENTRY,model,0.9922,2026-09-24 14:07:28,eb9fda5eb907
80d1f814-b511-52e2-be1b-ced8f001be27,e061bee8-f494-559d-852b-4e5c342dd307,d9dcb6d96efb,193.3.25,193,2,3,25,"[102.0, 62.0, 969.0, 623.0]",List-Group,"Meillard, rue de Thionville, 40.  ",ENTRY,"<SUBJ>Meillard</SUBJ>, <ADDR>rue de Thionville, 40.</ADDR>",1,0,1,1.0000,,,B-ENTRY,model,0.9959,2026-09-24 14:07:28,7c87c0a3c280
2cf6120e-333c-5214-b86d-867051f61276,e061bee8-f494-559d-852b-4e5c342dd307,3b8fde752a76,193.3.26,193,2,3,26,"[102.0, 62.0, 969.0, 623.0]",List-Group,"Mettenberg, officier de santé de la garde et de la maison du Sénat conservateur, rue d'Enfer, 11.  ",ENTRY,"<SUBJ>Mettenberg</SUBJ>, <DESC>officier de santé de la garde et de la maison du Sénat conservateur</DESC>, <ADDR>rue d'Enfer, 11.</ADDR>",1,1,1,1.0000,,,B-ENTRY,model,0.9959,2026-09-24 14:07:28,35139315928d
6fbe8164-68aa-54f8-91fa-d9a5e0033c31,e061bee8-f494-559d-852b-4e5c342dd307,2d5e5007848b,193.3.27,193,2,3,27,"[102.0, 62.0, 969.0, 623.0]",List-Group,"Miel, quai de l'Ecole, 50.  ",ENTRY,"<SUBJ>Miel</SUBJ>, <ADDR>quai de l'Ecole, 50.</ADDR>",1,0,1,1.0000,,,B-ENTRY,model,0.9972,2026-09-24 14:07:28,a3fc19166d3f
5b475908-85de-5706-9a31-eeff52174356,e061bee8-f494-559d-852b-4e5c342dd307,2d760f5ac338,193.3.28,193,2,3,28,"[102.0, 62.0, 969.0, 623.0]",List-Group,"Millet (J. F.), *herniaire*, quai Le Pelletier, 28.  ",ENTRY,"<SUBJ>Millet (J. F.)</SUBJ>, *<DESC>herniaire</DESC>*, <ADDR>quai Le Pelletier, 28.</ADDR>",1,1,1,1.0000,,,B-ENTRY,model,0.9929,2026-09-24 14:07:28,15219e9ac66e
a9a4cb49-a00b-5fb7-b0b7-1bf0535061a3,e061bee8-f494-559d-852b-4e5c342dd307,9b6c4059eb01,193.3.29,193,2,3,29,"[102.0, 62.0, 969.0, 623.0]",List-Group,"Millet (Pierre), rue Saint-Victor, 15.  ",ENTRY,"<SUBJ>Millet (Pierre)</SUBJ>, <ADDR>rue Saint-Victor, 15.</ADDR>",1,0,1,1.0000,,,B-ENTRY,model,0.9957,2026-09-24 14:07:28,1cba2ceaa92b
8c805f21-f86f-5c9e-9b9e-08b9971b5b30,e061bee8-f494-559d-852b-4e5c342dd307,63d5a8d1afec,193.3.30,193,2,3,30,"[102.0, 62.0, 969.0, 623.0]",List-Group,"Mondet, rue des Déchargeurs, 9.  ",ENTRY,"<SUBJ>Mondet</SUBJ>, <ADDR>rue des Déchargeurs, 9.</ADDR>",1,0,1,1.0000,,,B-ENTRY,model,0.9959,2026-09-24 14:07:28,19ed325c6c6a
141b94c1-8313-5234-a929-f72a4b050c15,e061bee8-f494-559d-852b-4e5c342dd307,105007101402,193.3.31,193,2,3,31,"[102.0, 62.0, 969.0, 623.0]",List-Group,"Montaudon, rue Saint-Denis, 595.  ",ENTRY,"<SUBJ>Montaudon</SUBJ>, <ADDR>rue Saint-Denis, 595.</ADDR>",1,0,1,1.0000,,,B-ENTRY,model,0.9963,2026-09-24 14:07:28,7d721dd81796
d2043081-f767-56bd-9090-93a88d28c3ba,e061bee8-f494-559d-852b-4e5c342dd307,74214aee145c,193.3.32,193,2,3,32,"[102.0, 62.0, 969.0, 623.0]",List-Group,"Morais, rue du Faub.-Saint-Martin, 155.  ",ENTRY,"<SUBJ>Morais</SUBJ>, <ADDR>rue du Faub.-Saint-Martin, 155.</ADDR>",1,0,1,1.0000,,,B-ENTRY,model,0.9959,2026-09-24 14:07:28,6ac2070f0744
05d50bea-b9aa-5dcf-8896-49f899686bc6,e061bee8-f494-559d-852b-4e5c342dd307,ae6b55092a3d,193.3.33,193,2,3,33,"[102.0, 62.0, 969.0, 623.0]",List-Group,"Morel, rue Beauregard, 17.  ",ENTRY,"<SUBJ>Morel</SUBJ>, <ADDR>rue Beauregard, 17.</ADDR>",1,0,1,1.0000,,,B-ENTRY,model,0.9963,2026-09-24 14:07:28,d4bc06bbb819
2fe21a39-b3dd-5e30-87b4-bf760dcaae91,e061bee8-f494-559d-852b-4e5c342dd307,621c3e9cc762,193.3.34,193,2,3,34,"[102.0, 62.0, 969.0, 623.0]",List-Group,"Morizot, rue de Bourgogne, 51.  ",ENTRY,"<SUBJ>Morizot</SUBJ>, <ADDR>rue de Bourgogne, 51.</ADDR>",1,0,1,1.0000,,,B-ENTRY,model,0.9959,2026-09-24 14:07:28,1d311f749c11
e187116c-2e66-557e-8e1a-69669d1b6702,e061bee8-f494-559d-852b-4e5c342dd307,fe09d9f34a10,193.3.35,193,2,3,35,"[102.0, 62.0, 969.0, 623.0]",List-Group,"Morgon, rue de la Grande-Truanderie, 55.  ",ENTRY,"<SUBJ>Morgon</SUBJ>, <ADDR>rue de la Grande-Truanderie, 55.</ADDR>",1,0,1,1.0000,,,B-ENTRY,model,0.9959,2026-09-24 14:07:28,4a27a21b086e
4bdc150d-e041-541b-b1f8-f5e6c84b41dc,e061bee8-f494-559d-852b-4e5c342dd307,e0eeb820c1f6,193.3.36,193,2,3,36,"[102.0, 62.0, 969.0, 623.0]",List-Group,"Moulin, rue du Faub.-du-Roule, 22.  ",ENTRY,"<SUBJ>Moulin</SUBJ>, <ADDR>rue du Faub.-du-Roule, 22.</ADDR>",1,0,1,1.0000,,,B-ENTRY,model,0.9959,2026-09-24 14:07:28,9086b972d640
7248d12e-900c-5350-9900-62418a6b1022,e061bee8-f494-559d-852b-4e5c342dd307,93acad334de4,193.3.37,193,2,3,37,"[102.0, 62.0, 969.0, 623.0]",List-Group,"Pajot Laforest, rue de l'Université, 75.  ",ENTRY,"<SUBJ>Pajot Laforest</SUBJ>, <ADDR>rue de l'Université, 75.</ADDR>",1,0,1,1.0000,,,B-ENTRY,model,0.9941,2026-09-24 14:07:28,719261708434
a1e8aa18-7288-50ca-9812-f340c5afc7ce,e061bee8-f494-559d-852b-4e5c342dd307,2fdda0c6ea11,193.3.38,193,2,3,38,"[102.0, 62.0, 969.0, 623.0]",List-Group,"Pailhiés, rue du Temple, 65.  ",ENTRY,"<SUBJ>Pailhiés</SUBJ>, <ADDR>rue du Temple, 65.</ADDR>",1,0,1,1.0000,,,B-ENTRY,model,0.9959,2026-09-24 14:07:28,ff6b9adc5028
114518a7-6277-5cdd-820c-e60d5c70bda3,e061bee8-f494-559d-852b-4e5c342dd307,30ade823d7c3,193.3.39,193,2,3,39,"[102.0, 62.0, 969.0, 623.0]",List-Group,"Perrier, rue Pastourelle, 9.  ",ENTRY,"<SUBJ>Perrier</SUBJ>, <ADDR>rue Pastourelle, 9.</ADDR>",1,0,1,1.0000,,,B-ENTRY,model,0.9963,2026-09-24 14:07:28,8906d1eed81a
5fc6ba0f-40b1-529e-b845-6d5577d5a6dc,e061bee8-f494-559d-852b-4e5c342dd307,4b5824ddfe10,193.3.40,193,2,3,40,"[102.0, 62.0, 969.0, 623.0]",List-Group,"Piory, rue Coquillière, 55.  ",ENTRY,"<SUBJ>Piory</SUBJ>, <ADDR>rue Coquillière, 55.</ADDR>",1,0,1,1.0000,,,B-ENTRY,model,0.9963,2026-09-24 14:07:28,72a1cdf0947c
a2c0b4cb-9a49-5e26-a9b3-5a2a4d2ea558,e061bee8-f494-559d-852b-4e5c342dd307,9bf75941d238,193.3.41,193,2,3,41,"[102.0, 62.0, 969.0, 623.0]",List-Group,"Pissardy, rue du Faub.-S.-Antoine, 89.  ",ENTRY,"<SUBJ>Pissardy</SUBJ>, <ADDR>rue du Faub.-S.-Antoine, 89.</ADDR>",1,0,1,1.0000,,,B-ENTRY,model,0.9959,2026-09-24 14:07:28,5a740be99b9f
711a29e5-fac7-51bc-bde7-4c5748462c3b,e061bee8-f494-559d-852b-4e5c342dd307,248e4290fb2f,193.3.42,193,2,3,42,"[102.0, 62.0, 969.0, 623.0]",List-Group,"Plé, rue Thévenot, 7.  ",ENTRY,"<SUBJ>Plé</SUBJ>, <ADDR>rue Thévenot, 7.</ADDR>",1,0,1,1.0000,,,B-ENTRY,model,0.9963,2026-09-24 14:07:28,606d4cb26640
de38edc5-8c39-5557-afd1-989f28f4aa57,e061bee8-f494-559d-852b-4e5c342dd307,b97f216d9918,193.3.43,193,2,3,43,"[102.0, 62.0, 969.0, 623.0]",List-Group,"Potel, rue Neuve-S.-Eustache, 56.  ",ENTRY,"<SUBJ>Potel</SUBJ>, <ADDR>rue Neuve-S.-Eustache, 56.</ADDR>",1,0,1,1.0000,,,B-ENTRY,model,0.9963,2026-09-24 14:07:28,13bed83394d3
52255fc4-f5f0-55a4-a04f-12cb50253a9f,e061bee8-f494-559d-852b-4e5c342dd307,28dd5fa4412b,193.3.44,193,2,3,44,"[102.0, 62.0, 969.0, 623.0]",List-Group,"Proteau, rue du Petit-Carreau, 52.  ",ENTRY,"<SUBJ>Proteau</SUBJ>, <ADDR>rue du Petit-Carreau, 52.</ADDR>",1,0,1,1.0000,,,B-ENTRY,model,0.9972,2026-09-24 14:07:28,9099c79406c6
6795c7bb-2e8d-5b3d-be97-25e5144bfb76,e061bee8-f494-559d-852b-4e5c342dd307,60054f002488,193.3.45,193,2,3,45,"[102.0, 62.0, 969.0, 623.0]",List-Group,"Rapeau, rue des Fossés St.-Germ. 11, 18.  ",ENTRY,"<SUBJ>Rapeau</SUBJ>, <ADDR>rue des Fossés St.-Germ. 11, 18.</ADDR>",1,0,1,1.0000,,,B-ENTRY,model,0.9974,2026-09-24 14:07:28,92eff9fec44b
e67405eb-a9b9-5286-b8e1-de368238da51,e061bee8-f494-559d-852b-4e5c342dd307,925723e17de5,193.3.46,193,2,3,46,"[102.0, 62.0, 969.0, 623.0]",List-Group,"Regent, *oculiste*, rue Saint-Denis, 247.  ",ENTRY,"<SUBJ>Regent</SUBJ>, *<DESC>oculiste</DESC>*, <ADDR>rue Saint-Denis, 247.</ADDR>",1,1,1,1.0000,,,B-ENTRY,model,0.9971,2026-09-24 14:07:28,cfbb63c4e337
60063717-2ce3-5bab-81e0-51eb9110ccda,e061bee8-f494-559d-852b-4e5c342dd307,ba1b1df7239d,193.3.47,193,2,3,47,"[102.0, 62.0, 969.0, 623.0]",List-Group,"Regnard, rue Taranne, 18.  ",ENTRY,"<SUBJ>Regnard</SUBJ>, <ADDR>rue Taranne, 18.</ADDR>",1,0,1,1.0000,,,B-ENTRY,model,0.9963,2026-09-24 14:07:28,3d4a9b991921
5785678c-978c-5631-9550-7fb51cba578f,e061bee8-f494-559d-852b-4e5c342dd307,3c3443a7fd1a,193.3.48,193,2,3,48,"[102.0, 62.0, 969.0, 623.0]",List-Group,"Réverard, rue de la Tonnelierie, 49.  ",ENTRY,"<SUBJ>Réverard</SUBJ>, <ADDR>rue de la Tonnelierie, 49.</ADDR>",1,0,1,1.0000,,,B-ENTRY,model,0.9959,2026-09-24 14:07:28,8d41cd168a17
ccb7eb1e-c357-5951-b4db-95108ad0fcb4,e061bee8-f494-559d-852b-4e5c342dd307,0c1d0e882dcf,193.3.49,193,2,3,49,"[102.0, 62.0, 969.0, 623.0]",List-Group,"Rigal (J.), rue de Thionville, 20.  ",ENTRY,"<SUBJ>Rigal (J.)</SUBJ>, <ADDR>rue de Thionville, 20.</ADDR>",1,0,1,1.0000,,,B-ENTRY,human,1.0,2026-09-24 14:05:46,54e274ca7342
162b7b09-94f6-5e3f-9da5-1e4d1dcaf62e,e061bee8-f494-559d-852b-4e5c342dd307,3ced5da0aaf2,193.3.50,193,2,3,50,"[102.0, 62.0, 969.0, 623.0]",List-Group,Rioland Morin.  ,ENTRY,<SUBJ>Rioland Morin.</SUBJ>,1,0,0,1.0000,,,B-ENTRY,human,1.0,2026-09-24 14:05:46,77bcf177cb1b
1d0c99a4-4198-54ac-8360-40d832e08ee0,e061bee8-f494-559d-852b-4e5c342dd307,13d8c689d779,193.3.51,193,2,3,51,"[102.0, 62.0, 969.0, 623.0]",List-Group,"Rimoneau, cloître Saint-Jacques, 5.  ",ENTRY,"<SUBJ>Rimoneau</SUBJ>, <ADDR>cloître Saint-Jacques, 5.</ADDR>",1,0,1,1.0000,,,B-ENTRY,model,0.9963,2026-09-24 14:07:28,37399c1d392a
163126b5-1307-59b6-940e-1a3e1de33e18,e061bee8-f494-559d-852b-4e5c342dd307,c50828f75b40,193.3.52,193,2,3,52,"[102.0, 62.0, 969.0, 623.0]",List-Group,"Rodier, rue Saint-Martin, 50.  ",ENTRY,"<SUBJ>Rodier</SUBJ>, <ADDR>rue Saint-Martin, 50.</ADDR>",1,0,1,1.0000,,,B-ENTRY,model,0.9963,2026-09-24 14:07:28,78b3f0e65219
d42660d6-33d8-52dd-ad49-07d8b4fd6a19,e061bee8-f494-559d-852b-4e5c342dd307,00036b88b2e5,193.3.53,193,2,3,53,"[102.0, 62.0, 969.0, 623.0]",List-Group,"Rossignol, rue de Sèvres.  ",ENTRY,"<SUBJ>Rossignol</SUBJ>, <ADDR>rue de Sèvres.</ADDR>",1,0,1,1.0000,,,B-ENTRY,model,0.9918,2026-09-24 14:07:28,dd0c9a211d1d
fd7d742e-d189-5fae-a8d9-e150da9b826b,e061bee8-f494-559d-852b-4e5c342dd307,582f7d8da7c8,193.3.54,193,2,3,54,"[102.0, 62.0, 969.0, 623.0]",List-Group,"Rouvière, rue Neuve-des-Pet.-Champs, 83.  ",ENTRY,"<SUBJ>Rouvière</SUBJ>, <ADDR>rue Neuve-des-Pet.-Champs, 83.</ADDR>",1,0,1,1.0000,,,B-ENTRY,model,0.9963,2026-09-24 14:07:28,2ffd72dc661d
37f68332-4e7c-54eb-8b90-ba234ddb6c7f,e061bee8-f494-559d-852b-4e5c342dd307,c0d35d61377a,193.3.55,193,2,3,55,"[102.0, 62.0, 969.0, 623.0]",List-Group,"Ruette, rue Marceau, 15.  ",ENTRY,"<SUBJ>Ruette</SUBJ>, <ADDR>rue Marceau, 15.</ADDR>",1,0,1,1.0000,,,B-ENTRY,model,0.9963,2026-09-24 14:07:28,6d574a8405fd
07b25c2c-6d3e-5b13-8e1e-99029001f8d6,e061bee8-f494-559d-852b-4e5c342dd307,7bba03b53f82,193.3.56,193,2,3,56,"[102.0, 62.0, 969.0, 623.0]",List-Group,"Salade Lafond, rue de Richelieu, 46.  ",ENTRY,"<SUBJ>Salade Lafond</SUBJ>, <ADDR>rue de Richelieu, 46.</ADDR>",1,0,1,1.0000,,,B-ENTRY,model,0.9941,2026-09-24 14:07:28,58c80c30ba56
38cea780-8bee-5e97-aa85-478797f926f0,e061bee8-f494-559d-852b-4e5c342dd307,7ae30f5d3e10~2,193.3.57,193,2,3,57,"[102.0, 62.0, 969.0, 623.0]",List-Group,"Salvage, rue de Lille, 11.  ",ENTRY,"<SUBJ>Salvage</SUBJ>, <ADDR>rue de Lille, 11.</ADDR>",1,0,1,1.0000,,,B-ENTRY,model,0.9959,2026-09-24 14:07:28,597769b6dbf0
a560fcb8-e94a-5035-bc75-8a077116b296,e061bee8-f494-559d-852b-4e5c342dd307,6d418bf3fb50,193.3.58,193,2,3,58,"[102.0, 62.0, 969.0, 623.0]",List-Group,"Sarrade, rue du Faub.-Poissonnière, 15.  ",ENTRY,"<SUBJ>Sarrade</SUBJ>, <ADDR>rue du Faub.-Poissonnière, 15.</ADDR>",1,0,1,1.0000,,,B-ENTRY,model,0.9959,2026-09-24 14:07:28,71511fa597d7
0ef5890d-90b0-5c85-b3a9-f7f0b4743b70,e061bee8-f494-559d-852b-4e5c342dd307,1d5f3f760b24,193.3.59,193,2,3,59,"[102.0, 62.0, 969.0, 623.0]",List-Group,"Sarrazin, rue Saint-Honoré, 218.  ",ENTRY,"<SUBJ>Sarrazin</SUBJ>, <ADDR>rue Saint-Honoré, 218.</ADDR>",1,0,1,1.0000,,,B-ENTRY,model,0.9963,2026-09-24 14:07:28,dfe97f176d7e
6b5ab220-ced8-54be-a8ef-b8f903803a75,e061bee8-f494-559d-852b-4e5c342dd307,2bc1afaa712e,193.3.60,193,2,3,60,"[102.0, 62.0, 969.0, 623.0]",List-Group,"Sibilat, rue de la Lune.  ",ENTRY,"<SUBJ>Sibilat</SUBJ>, <ADDR>rue de la Lune.</ADDR>",1,0,1,1.0000,,,B-ENTRY,model,0.9918,2026-09-24 14:07:28,bb0d8575a580
0ecaea02-89ce-5709-a40d-b1f614a1027a,e061bee8-f494-559d-852b-4e5c342dd307,b6f02509ffb2,193.3.61,193,2,3,61,"[102.0, 62.0, 969.0, 623.0]",List-Group,"Solirène, rue des Pouilles, 9.  ",ENTRY,"<SUBJ>Solirène</SUBJ>, <ADDR>rue des Pouilles, 9.</ADDR>",1,0,1,1.0000,,,B-ENTRY,model,0.9959,2026-09-24 14:07:28,8f9262ab17ef
bd247b86-c560-5138-8e8b-987796098bba,e061bee8-f494-559d-852b-4e5c342dd307,b9ac5d73bdad,193.3.62,193,2,3,62,"[102.0, 62.0, 969.0, 623.0]",List-Group,"Sollier, rue de Seine, 12.—Unité.  ",ENTRY,"<SUBJ>Sollier</SUBJ>, <ADDR>rue de Seine, 12.—Unité.</ADDR>",1,0,1,1.0000,,,B-ENTRY,model,0.9961,2026-09-24 14:07:28,62454b1a9136
37d4bd69-29e7-5519-a8e0-965f0f262a3b,e061bee8-f494-559d-852b-4e5c342dd307,da843852503a,193.3.63,193,2,3,63,"[102.0, 62.0, 969.0, 623.0]",List-Group,"Swediaur, rue Jacob, 11.  ",ENTRY,"<SUBJ>Swediaur</SUBJ>, <ADDR>rue Jacob, 11.</ADDR>",1,0,1,1.0000,,,B-ENTRY,model,0.9963,2026-09-24 14:07:28,52661ca5c9e8
d5e8d877-d9f0-56e9-95ee-a12da528c7fe,e061bee8-f494-559d-852b-4e5c342dd307,8de3180c5ea9,193.3.64,193,2,3,64,"[102.0, 62.0, 969.0, 623.0]",List-Group,"Tanazac, cloître St.-Jean-de-Latran, 16.  ",ENTRY,"<SUBJ>Tanazac</SUBJ>, <ADDR>cloître St.-Jean-de-Latran, 16.</ADDR>",1,0,1,1.0000,,,B-ENTRY,model,0.9963,2026-09-24 14:07:28,46ff6930c216
6f4587e6-5539-54e9-b6ad-98b9ce7c4fe0,e061bee8-f494-559d-852b-4e5c342dd307,9489fc3a23c5,193.3.65,193,2,3,65,"[102.0, 62.0, 969.0, 623.0]",List-Group,"Tap, rue de Tracy, 5.  ",ENTRY,"<SUBJ>Tap</SUBJ>, <ADDR>rue de Tracy, 5.</ADDR>",1,0,1,1.0000,,,B-ENTRY,model,0.9959,2026-09-24 14:07:28,cc3065f7d5bd
9a5975d9-4c42-5d60-b3d7-b60295a3b372,e061bee8-f494-559d-852b-4e5c342dd307,a7b0ebfe01f3,193.3.66,193,2,3,66,"[102.0, 62.0, 969.0, 623.0]",List-Group,"Tartra, rue Gaillon, 5.  ",ENTRY,"<SUBJ>Tartra</SUBJ>, <ADDR>rue Gaillon, 5.</ADDR>",1,0,1,1.0000,,,B-ENTRY,model,0.9963,2026-09-24 14:07:28,59070b1e5ddb
e7f1e71b-c308-567b-a175-06a8b0216cc1,e061bee8-f494-559d-852b-4e5c342dd307,da7f71030d44,193.3.67,193,2,3,67,"[102.0, 62.0, 969.0, 623.0]",List-Group,"Thibault, rue Saint-Jacques, 187.  ",ENTRY,"<SUBJ>Thibault</SUBJ>, <ADDR>rue Saint-Jacques, 187.</ADDR>",1,0,1,1.0000,,,B-ENTRY,model,0.9963,2026-09-24 14:07:28,301f94b8dc34
219ca5ae-3417-5dd6-a631-9948b0a2af52,e061bee8-f494-559d-852b-4e5c342dd307,2e69d5625a89,193.3.68,193,2,3,68,"[102.0, 62.0, 969.0, 623.0]",List-Group,"Thomas, rue de l'Arbre-Sec, 4.  ",ENTRY,"<SUBJ>Thomas</SUBJ>, <ADDR>rue de l'Arbre-Sec, 4.</ADDR>",1,0,1,1.0000,,,B-ENTRY,model,0.9959,2026-09-24 14:07:28,872059772f3b
c7d5f81b-2dbb-53a3-9e0f-25648f3f21a7,e061bee8-f494-559d-852b-4e5c342dd307,ca4c47df1829,193.3.69,193,2,3,69,"[102.0, 62.0, 969.0, 623.0]",List-Group,"Vallet, rue Saint-Benoît, 12.  ",ENTRY,"<SUBJ>Vallet</SUBJ>, <ADDR>rue Saint-Benoît, 12.</ADDR>",1,0,1,1.0000,,,B-ENTRY,model,0.9963,2026-09-24 14:07:28,a135b1aaa759
5c4fdec9-b14e-5d2c-b91b-ec199de23f6b,e061bee8-f494-559d-852b-4e5c342dd307,b7e148eda443,193.3.70,193,2,3,70,"[102.0, 62.0, 969.0, 623.0]",List-Group,"Vanvalsepaer, rue du Mouton, 1.  ",ENTRY,"<SUBJ>Vanvalsepaer</SUBJ>, <ADDR>rue du Mouton, 1.</ADDR>",1,0,1,1.0000,,,B-ENTRY,model,0.9959,2026-09-24 14:07:28,1075e89c8801
eb4fcf01-a9da-5ea7-b6c8-d1e0f8c16336,e061bee8-f494-559d-852b-4e5c342dd307,6bdfc8a3d1d4,193.3.71,193,2,3,71,"[102.0, 62.0, 969.0, 623.0]",List-Group,"Vassal, rue Grenier-St.-Lazare, 5.  ",ENTRY,"<SUBJ>Vassal</SUBJ>, <ADDR>rue Grenier-St.-Lazare, 5.</ADDR>",1,0,1,1.0000,,,B-ENTRY,model,0.9963,2026-09-24 14:07:28,1e79ca0ce73e
828cd9fb-ac0f-5546-9b87-3d095d797a0b,e061bee8-f494-559d-852b-4e5c342dd307,2ce22f7b1ad4,193.3.72,193,2,3,72,"[102.0, 62.0, 969.0, 623.0]",List-Group,"Verdier, rue d'Argentuil, 19.  ",ENTRY,"<SUBJ>Verdier</SUBJ>, <ADDR>rue d'Argentuil, 19.</ADDR>",1,0,1,1.0000,,,B-ENTRY,model,0.9959,2026-09-24 14:07:28,6c2e282b9ff5
cce38a10-c866-5f66-a9e1-29e08c011815,e061bee8-f494-559d-852b-4e5c342dd307,16cbb0a88d39,193.3.73,193,2,3,73,"[102.0, 62.0, 969.0, 623.0]",List-Group,"Viallard, rue de la Verrerie, 2.  ",ENTRY,"<SUBJ>Viallard</SUBJ>, <ADDR>rue de la Verrerie, 2.</ADDR>",1,0,1,1.0000,,,B-ENTRY,model,0.9959,2026-09-24 14:07:28,4a6702cb9207
ad378711-65a5-54d1-956a-f2ba80639fd3,e061bee8-f494-559d-852b-4e5c342dd307,75c9d7a30cd5,193.3.74,193,2,3,74,"[102.0, 62.0, 969.0, 623.0]",List-Group,"Vitel, rue Saint-Roch, 10.  ",ENTRY,"<SUBJ>Vitel</SUBJ>, <ADDR>rue Saint-Roch, 10.</ADDR>",1,0,1,1.0000,,,B-ENTRY,model,0.9963,2026-09-24 14:07:28,292281a23638
030d2caa-ec7b-54fe-ad1b-20a19952be66,e061bee8-f494-559d-852b-4e5c342dd307,41e5b0088d98,193.3.75,193,2,3,75,"[102.0, 62.0, 969.0, 623.0]",List-Group,"Wagner, rue de la Bûcherie, 14.  ",ENTRY,"<SUBJ>Wagner</SUBJ>, <ADDR>rue de la Bûcherie, 14.</ADDR>",1,0,1,1.0000,,,B-ENTRY,human,1.0,2026-09-24 14:05:39,6ec535458cb3
b2a05221-802f-59dc-a245-6ce1af57d890,e061bee8-f494-559d-852b-4e5c342dd307,6786277e8158,193.3.76,193,2,3,76,"[102.0, 62.0, 969.0, 623.0]",List-Group,## *Fabricans d'instrumens de gomme élastique pour la chirurgie.*  ,TITLE,,,,,,,,B-TITLE,human,1.0,2026-09-24 14:05:39,b1573957accc
ff3fd6f8-cc65-5b63-8823-eb5911b0e6b1,b2a05221-802f-59dc-a245-6ce1af57d890,3c6b0db3b9d3,193.3.77,193,2,3,77,"[102.0, 62.0, 969.0, 623.0]",List-Group,"Bernard, rue des Fossés-S.-Germain, 21.  ",ENTRY,"<SUBJ>Bernard</SUBJ>, <ADDR>rue des Fossés-S.-Germain, 21.</ADDR>",1,0,1,1.0000,,,B-ENTRY,model,0.9934,2026-09-24 14:07:28,615ae40267c8
a2b981aa-6f1d-5e8a-ba3c-089c0f60967f,b2a05221-802f-59dc-a245-6ce1af57d890,ecea075e8d69,193.3.78,193,2,3,78,"[102.0, 62.0, 969.0, 623.0]",List-Group,"Vangameren, *bougies élastiques*, rue. ..",ENTRY,"<SUBJ>Vangameren</SUBJ>, *<DESC>bougies élastiques</DESC>*, <ADDR>rue. ..</ADDR>",1,1,1,1.0000,,,B-ENTRY,human,1.0,2026-09-24 14:05:32,ab2370aa2dd2
b34ba3e9-70a7-5264-9596-147d3aa58187,00000000-0000-0000-0000-000000000000,c692f8445be9,193.4.0,193,3,4,0,"[250.0, 640.0, 809.0, 659.0]",Section-Header,# ACADÉMIE DE MÉDECINE DE PARIS.,TITLE,,,,,,,,B-TITLE,human,1.0,2026-09-24 14:05:32,86e3ad97ecee
7f87d8a8-b42a-5cfe-916d-497eb66d9e45,b34ba3e9-70a7-5264-9596-147d3aa58187,e8359e55e8ba,193.5.0,193,4,5,0,"[435.0, 671.0, 620.0, 686.0]",Section-Header,## Administrateurs.,TITLE,,,,,,,,B-TITLE,human,1.0,2026-09-24 14:05:48,87f768ed95b2
aee98253-5b10-5998-8fb8-b084ea8db554,7f87d8a8-b42a-5cfe-916d-497eb66d9e45,61b1aafef2b4,193.6.0,193,5,6,0,"[102.0, 689.0, 369.0, 743.0]",Text,"Bourru, *président*.  ",ENTRY,"<SUBJ>Bourru</SUBJ>, *<DESC>président*.</DESC>",1,1,0,1.0000,,,B-ENTRY,human,1.0,2026-09-24 14:05:20,a8e311c7e0ad
aaf07128-94c3-5918-b149-838e09fcadfb,7f87d8a8-b42a-5cfe-916d-497eb66d9e45,dd27b3ed273b,193.6.1,193,5,6,1,"[102.0, 689.0, 369.0, 743.0]",Text,"Guillotin, *directeur*.  ",ENTRY,"<SUBJ>Guillotin</SUBJ>, *<DESC>directeur*.</DESC>",1,1,0,1.0000,,,B-ENTRY,human,1.0,2026-09-24 14:05:20,859e2a347e23
a5af6a03-d077-5df5-a213-68c2833fa04d,7f87d8a8-b42a-5cfe-916d-497eb66d9e45,5f4e32f141ef,193.6.2,193,5,6,2,"[102.0, 689.0, 369.0, 743.0]",Text,"Descemet, *vice-président*.  ",ENTRY,"<SUBJ>Descemet</SUBJ>, *<DESC>vice-président*.</DESC>",1,1,0,1.0000,,,B-ENTRY,model,0.9933,2026-09-24 14:07:28,15080f6fa78d
a299affd-c082-5144-9acc-659c9530c0ae,7f87d8a8-b42a-5cfe-916d-497eb66d9e45,3e64e69cd67b,193.6.3,193,5,6,3,"[102.0, 689.0, 369.0, 743.0]",Text,"Menuret, *vice-directeur*.",ENTRY,"<SUBJ>Menuret</SUBJ>, *<DESC>vice-directeur*.</DESC>",1,1,0,1.0000,,,B-ENTRY,human,1.0,2026-09-24 14:06:32,a63cf53e6527
c04ed7aa-aff3-5328-98e3-ad5cf3252fe6,7f87d8a8-b42a-5cfe-916d-497eb66d9e45,46f7cea3b2ed,193.7.0,193,6,7,0,"[543.0, 689.0, 810.0, 743.0]",Text,"Petit (M. A.), *secrétaire*.  ",ENTRY,"<SUBJ>Petit (M. A.)</SUBJ>, *<DESC>secrétaire*.</DESC>",1,1,0,1.0000,,,B-ENTRY,human,1.0,2026-09-24 14:06:32,ad7712123b58
affcba9d-c37a-5c24-a1d6-45539bba9209,7f87d8a8-b42a-5cfe-916d-497eb66d9e45,2f0926820814,193.7.1,193,6,7,1,"[543.0, 689.0, 810.0, 743.0]",Text,"Fabré, *secrétaire-adjoint*.  ",ENTRY,"<SUBJ>Fabré</SUBJ>, *<DESC>secrétaire-adjoint*.</DESC>",1,1,0,1.0000,,,B-ENTRY,model,0.9933,2026-09-24 14:07:28,e8c33faedc2c
43f5d8a1-19fa-5ef1-88d8-94224f2920c4,7f87d8a8-b42a-5cfe-916d-497eb66d9e45,6fa8cd4bddaf,193.7.2,193,6,7,2,"[543.0, 689.0, 810.0, 743.0]",Text,"Ledru, *trésorier*.  ",ENTRY,"<SUBJ>Ledru</SUBJ>, *<DESC>trésorier*.</DESC>",1,1,0,1.0000,,,B-ENTRY,human,1.0,2026-09-24 14:05:53,b2e68111d3fc
e4352a38-b52a-5494-b0df-d5cb180217e0,7f87d8a8-b42a-5cfe-916d-497eb66d9e45,d4b052131ef0,193.7.3,193,6,7,3,"[543.0, 689.0, 810.0, 743.0]",Text,"Bonnet, *archiv.*",ENTRY,"<SUBJ>Bonnet</SUBJ>, *<DESC>archiv.</DESC>*",1,1,0,1.0000,,,B-ENTRY,human,1.0,2026-09-24 14:05:53,f4df5bc78414
b1ece88e-e347-55a8-a572-a108efda3b42,b34ba3e9-70a7-5264-9596-147d3aa58187,502b587dd9c3,193.8.0,193,7,8,0,"[396.0, 750.0, 661.0, 764.0]",Section-Header,## Commission des travaux.,TITLE,,,,,,,,B-TITLE,human,1.0,2026-09-24 14:06:06,87f768ed95b2
348b2006-9c75-573a-a9fa-c4b5a4fe51fd,b1ece88e-e347-55a8-a572-a108efda3b42,6583d7ef6c73,193.9.0,193,8,9,0,"[126.0, 768.0, 657.0, 784.0]",Text,Desessart.—Delaporte.—Legallois.—Léveillé.—Pagès.,ENTRY,<SUBJ>Desessart</SUBJ>.—Delaporte.—Legallois.—Léveillé.—Pagès.,1,0,0,1.0000,texte non couvert,,B-ENTRY,human,1.0,2026-09-24 14:05:45,1e6d19fd11dc
053814a9-e9ad-529a-9218-89d316ccc385,b34ba3e9-70a7-5264-9596-147d3aa58187,64831dad991c,193.10.0,193,9,10,0,"[366.0, 790.0, 690.0, 806.0]",Section-Header,## Commission des consultations.,TITLE,,,,,,,,B-TITLE,human,1.0,2026-09-24 14:05:45,87f768ed95b2
91b8f008-8280-5d20-81bd-32b22ccc38b9,053814a9-e9ad-529a-9218-89d316ccc385,614127ff151a,193.11.0,193,10,11,0,"[116.0, 807.0, 963.0, 840.0]",Text,Elle est composée de quatre honoraires et de huit titulaires. Tous les Académiciens y sont appelés successivement dans l'ordre de leur inscription au tableau.,OUT OF SCOPE,,,,,,,,OUT OF SCOPE,human,1.0,2026-09-24 14:06:17,32cad13bdda6
fcba7f03-dc47-5f69-9ed4-2ae548a89823,053814a9-e9ad-529a-9218-89d316ccc385,8ec4dee69f1a,193.12.0,193,11,12,0,"[131.0, 838.0, 720.0, 857.0]",Text,"Gondret et Perey, *secrétaires annuels de cette commission*.",ENTRY,"<SUBJ>Gondret et Perey</SUBJ>, *<DESC>secrétaires annuels de cette commission*.</DESC>",1,1,0,1.0000,,,B-ENTRY,human,1.0,2026-09-24 14:06:17,c637b3f0a2ba
56e6009f-60b0-5338-9e19-0a42176f9d27,053814a9-e9ad-529a-9218-89d316ccc385,ae9260f81338,193.13.0,193,12,13,0,"[131.0, 854.0, 780.0, 874.0]",Text,"Venier, *greffier de l'académie*, rue Saint-Roch-Poissonnière, 12.",ENTRY,"<SUBJ>Venier</SUBJ>, *<DESC>greffier de l'académie</DESC>*, <ADDR>rue Saint-Roch-Poissonnière, 12.</ADDR>",1,1,1,1.0000,,,B-ENTRY,model,0.9965,2026-09-24 14:07:28,b0ce9ab87be7
00ebe7f9-b111-5e2b-ba12-9f9c6bbdbe0f,053814a9-e9ad-529a-9218-89d316ccc385,65d38619267d,193.14.0,193,13,14,0,"[131.0, 870.0, 813.0, 890.0]",Text,"Ogier, *imprimeur de l'académie*, rue Saint-Louis-Saint-Honoré, 6.",ENTRY,"<SUBJ>Ogier</SUBJ>, *<DESC>imprimeur de l'académie</DESC>*, <ADDR>rue Saint-Louis-Saint-Honoré, 6.</ADDR>",1,1,1,1.0000,,,B-ENTRY,model,0.9973,2026-09-24 14:07:28,903bc2bc78a3
