uuid,parent_uuid,cle,uid,page_index,chunk_index,data_block_index,line_index,data_block_bbox,data_block_label,markdown,entity,tagged_text,subject_count,description_count,address_count,ner_confidence,ner_suspect,corrige,classe,provenance,probability,timestamp,empreinte
918685d3-4ece-5453-89bb-e1cd485a3c1f,00000000-0000-0000-0000-000000000000,ba47813d5e09,178.1.0,178,0,1,0,"[214.0, 32.0, 695.0, 53.0]",Page-Header,Docteurs en médecine.- PARIS.,OUT OF SCOPE,,,,,,,,OUT OF SCOPE,human,1.0,2026-09-22 19:49:37,86e3ad97ecee
42fb7c93-31ca-5097-8500-e577433c5e0b,00000000-0000-0000-0000-000000000000,10d293a95915,178.2.0,178,1,2,0,"[841.0, 32.0, 901.0, 51.0]",Page-Header,513,OUT OF SCOPE,,,,,,,,OUT OF SCOPE,human,1.0,2026-09-22 19:49:37,86e3ad97ecee
f7f5fd45-cbcb-5686-9530-4d6703a1e7a8,00000000-0000-0000-0000-000000000000,e38eaf953caf,178.3.0,178,2,3,0,"[23.0, 59.0, 901.0, 89.0]",Text,"planchées et ferment à clef, et où les marchandises sont à l'abri de toute avarie et de toute dilapidation.",OUT OF SCOPE,,,,,,,,OUT OF SCOPE,human,1.0,2026-09-22 19:49:43,86e3ad97ecee
3ca3e782-c5d2-5f1f-931c-79d27d5b965b,00000000-0000-0000-0000-000000000000,def3887e14dc,178.4.0,178,3,4,0,"[23.0, 85.0, 901.0, 115.0]",Text,"L'on traite à l'amiable avec le commerce, pour le transport des fortes parties de marchandises.",OUT OF SCOPE,,,,,,,,OUT OF SCOPE,human,1.0,2026-09-22 19:49:43,86e3ad97ecee
9b795313-27c5-5f54-9efb-8cae214d4370,00000000-0000-0000-0000-000000000000,25336d96a3f4,178.5.0,178,4,5,0,"[23.0, 110.0, 901.0, 143.0]",Text,"Cette entreprise se charge aussi des transports à jour fixe pour les villes du Midi, à des prix modérés, et avec toute responsabilité et garantie, jusqu'au lieu de destination.",OUT OF SCOPE,,,,,,,,OUT OF SCOPE,model,0.9993,2026-09-22 19:53:06,86e3ad97ecee
511f6ca9-76f3-526b-a6c1-f27bd5778cbc,00000000-0000-0000-0000-000000000000,8a0f86c1d8f8,178.6.0,178,5,6,0,"[23.0, 139.0, 901.0, 180.0]",Text,"Les bureaux sont établis à Paris, au Port Saint-Paul, pour les coches de Corbeil, Montereau, Nogent et Briare; et au Port Saint-Bernard, pour les coches d'Auxerre et de Sens.",OUT OF SCOPE,,,,,,,,OUT OF SCOPE,human,1.0,2026-09-22 19:52:18,86e3ad97ecee
efa70009-4a48-581d-bccc-ddb2a04f0a5f,00000000-0000-0000-0000-000000000000,3233b81488f7,178.7.0,178,6,7,0,"[23.0, 177.0, 901.0, 218.0]",Text,"Les marchandises pour les ports de la Haute et Petite-Seine, et pour ceux des canaux du Loing et de Briare, doivent être adressées au bureau du port Saint-Paul; et celles pour les ports de l'Yonne, au bureau du port Saint-Bernard.",OUT OF SCOPE,,,,,,,,OUT OF SCOPE,human,1.0,2026-09-22 19:52:18,86e3ad97ecee
8045c9fe-d9a9-5edf-b6ab-fefa1ca2ca4f,00000000-0000-0000-0000-000000000000,7b5b70e36e29,178.8.0,178,7,8,0,"[23.0, 215.0, 901.0, 257.0]",Text,"Il y a dans chaque ville des preposés sur la route que tiennent ces voitures, chargés de recevoir les marchandises, de les rendre et de les réexpédier à leur destination, et de traiter pour les prix de transport.",OUT OF SCOPE,,,,,,,,OUT OF SCOPE,model,0.9992,2026-09-22 19:53:06,86e3ad97ecee
3b3473c7-0509-5d60-b6a3-a9bef4f4759e,00000000-0000-0000-0000-000000000000,f84441baa507,178.9.0,178,8,9,0,"[23.0, 254.0, 901.0, 283.0]",Text,"Elles se chargent de toutes réexpéditions par terre dans les places du Nord, et des réexpéditions par eau, à Rouen et au Havre.",OUT OF SCOPE,,,,,,,,OUT OF SCOPE,model,0.999,2026-09-22 19:53:06,86e3ad97ecee
076b164b-dcbb-5362-aa11-13c7865e2b1c,00000000-0000-0000-0000-000000000000,5c4976882199,178.10.0,178,9,10,0,"[23.0, 280.0, 901.0, 322.0]",Text,"Toutes ces voitures partent de Paris à 8 heures du matin, du 1.er octobre au 1.er avril; et à 7 heures du matin, du 1.er avril au 1.er octobre, à l'exception de cel. à la destination de Corbeil, qui part en tout temps le vendredi à 10 heures du matin.",OUT OF SCOPE,,,,,,,,OUT OF SCOPE,model,0.9992,2026-09-22 19:53:06,86e3ad97ecee
05a347e3-086d-55ad-9e00-e080b9377e5a,00000000-0000-0000-0000-000000000000,5f832ead1bf6,178.11.0,178,10,11,0,"[44.0, 318.0, 510.0, 334.0]",Text,Leur mouvement se fait dans l'ordre suivant :,OUT OF SCOPE,,,,,,,,OUT OF SCOPE,model,0.9962,2026-09-22 19:53:06,86e3ad97ecee
bc803ba3-60a4-52aa-94b6-de8627c5f4b7,00000000-0000-0000-0000-000000000000,6b2d0d8c91f1,178.12.0,178,11,12,0,"[23.0, 346.0, 895.0, 568.0]",Table,DÉNOMINATION,OUT OF SCOPE,,,,,,,,OUT OF SCOPE,human,1.0,2026-09-22 19:49:46,86e3ad97ecee
c73584e2-459e-5bc0-a5a5-48ec424ba150,00000000-0000-0000-0000-000000000000,a7b0af8a7956,178.12.1,178,11,12,1,"[23.0, 346.0, 895.0, 568.0]",Table,des Coches.,OUT OF SCOPE,,,,,,,,OUT OF SCOPE,human,1.0,2026-09-22 19:49:46,86e3ad97ecee
9cab11cc-1232-52d5-882a-4001da457a66,00000000-0000-0000-0000-000000000000,df9275e1c3b4,178.12.2,178,11,12,2,"[23.0, 346.0, 895.0, 568.0]",Table,PORTS,OUT OF SCOPE,,,,,,,,OUT OF SCOPE,human,1.0,2026-09-22 19:49:48,86e3ad97ecee
ee9b35a2-202d-54be-8311-2f52f818c1be,00000000-0000-0000-0000-000000000000,a8932bc4d395,178.12.3,178,11,12,3,"[23.0, 346.0, 895.0, 568.0]",Table,d'embarquem.t,OUT OF SCOPE,,,,,,,,OUT OF SCOPE,human,1.0,2026-09-22 19:49:48,86e3ad97ecee
b73695f3-6c9b-5d9a-ac65-125b7f7e658b,00000000-0000-0000-0000-000000000000,a5bc1d9b2ae7,178.12.4,178,11,12,4,"[23.0, 346.0, 895.0, 568.0]",Table,et,OUT OF SCOPE,,,,,,,,OUT OF SCOPE,human,1.0,2026-09-22 19:49:49,86e3ad97ecee
52157bec-a6b5-57bc-9daf-c28181ec0913,00000000-0000-0000-0000-000000000000,82f634b99ba0,178.12.5,178,11,12,5,"[23.0, 346.0, 895.0, 568.0]",Table,débarquem.t,OUT OF SCOPE,,,,,,,,OUT OF SCOPE,human,1.0,2026-09-22 19:49:49,86e3ad97ecee
d5a6bc72-438e-58fe-8183-db04995b5c93,00000000-0000-0000-0000-000000000000,e5904c3dc500,178.12.6,178,11,12,6,"[23.0, 346.0, 895.0, 568.0]",Table,JOURS,OUT OF SCOPE,,,,,,,,OUT OF SCOPE,model,1.0,2026-09-22 19:53:06,86e3ad97ecee
127eeef4-bf1c-584c-904a-fc097db74794,00000000-0000-0000-0000-000000000000,5cd38e893d89,178.12.7,178,11,12,7,"[23.0, 346.0, 895.0, 568.0]",Table,de départ,OUT OF SCOPE,,,,,,,,OUT OF SCOPE,model,0.9995,2026-09-22 19:53:06,86e3ad97ecee
db606df9-40ce-58ef-8961-459bf11997d4,00000000-0000-0000-0000-000000000000,858749d1857e,178.12.8,178,11,12,8,"[23.0, 346.0, 895.0, 568.0]",Table,de Paris.,OUT OF SCOPE,,,,,,,,OUT OF SCOPE,model,0.9986,2026-09-22 19:53:06,86e3ad97ecee
ec784543-8c60-5d84-aca0-f4148546daad,00000000-0000-0000-0000-000000000000,e5904c3dc500~2,178.12.9,178,11,12,9,"[23.0, 346.0, 895.0, 568.0]",Table,JOURS,OUT OF SCOPE,,,,,,,,OUT OF SCOPE,model,1.0,2026-09-22 19:53:06,86e3ad97ecee
57c6d7d3-6b6c-539c-ad7c-ed5e54cf6415,00000000-0000-0000-0000-000000000000,ea71b1eb3c4d,178.12.10,178,11,12,10,"[23.0, 346.0, 895.0, 568.0]",Table,d'arrivée,OUT OF SCOPE,,,,,,,,OUT OF SCOPE,model,0.9998,2026-09-22 19:53:06,86e3ad97ecee
af209660-d58e-534c-b557-e8a210faa317,00000000-0000-0000-0000-000000000000,469881ab1b89,178.12.11,178,11,12,11,"[23.0, 346.0, 895.0, 568.0]",Table,dans les,OUT OF SCOPE,,,,,,,,OUT OF SCOPE,model,0.9995,2026-09-22 19:53:06,86e3ad97ecee
3b9790f9-9719-53f1-afb7-e04ead48b737,00000000-0000-0000-0000-000000000000,7983b157294d,178.12.12,178,11,12,12,"[23.0, 346.0, 895.0, 568.0]",Table,Communes.,OUT OF SCOPE,,,,,,,,OUT OF SCOPE,model,0.9999,2026-09-22 19:53:06,86e3ad97ecee
ad265607-57b3-596c-8e2a-ecc69d61d1d2,00000000-0000-0000-0000-000000000000,e5904c3dc500~3,178.12.13,178,11,12,13,"[23.0, 346.0, 895.0, 568.0]",Table,JOURS,OUT OF SCOPE,,,,,,,,OUT OF SCOPE,model,1.0,2026-09-22 19:53:06,86e3ad97ecee
b757636f-0773-5fa3-b4a4-ba4ba6920801,00000000-0000-0000-0000-000000000000,5cd38e893d89~2,178.12.14,178,11,12,14,"[23.0, 346.0, 895.0, 568.0]",Table,de départ,OUT OF SCOPE,,,,,,,,OUT OF SCOPE,model,0.9995,2026-09-22 19:53:06,86e3ad97ecee
659dc549-a841-51e3-879b-35708b4a53b4,00000000-0000-0000-0000-000000000000,e9d596e7807a,178.12.15,178,11,12,15,"[23.0, 346.0, 895.0, 568.0]",Table,des,OUT OF SCOPE,,,,,,,,OUT OF SCOPE,model,0.9988,2026-09-22 19:53:06,86e3ad97ecee
82378a6e-385c-5cf4-a2ac-10f89ec988bc,00000000-0000-0000-0000-000000000000,7983b157294d~2,178.12.16,178,11,12,16,"[23.0, 346.0, 895.0, 568.0]",Table,Communes.,OUT OF SCOPE,,,,,,,,OUT OF SCOPE,model,0.9999,2026-09-22 19:53:06,86e3ad97ecee
cba7b8e0-d2af-5830-b9dc-c0e340109209,00000000-0000-0000-0000-000000000000,e5904c3dc500~4,178.12.17,178,11,12,17,"[23.0, 346.0, 895.0, 568.0]",Table,JOURS,OUT OF SCOPE,,,,,,,,OUT OF SCOPE,model,1.0,2026-09-22 19:53:06,86e3ad97ecee
51c6d255-3b25-5fe7-a136-55e466d2799e,00000000-0000-0000-0000-000000000000,ea71b1eb3c4d~2,178.12.18,178,11,12,18,"[23.0, 346.0, 895.0, 568.0]",Table,d'arrivée,OUT OF SCOPE,,,,,,,,OUT OF SCOPE,model,0.9998,2026-09-22 19:53:06,86e3ad97ecee
e4f6478f-45c0-5839-9131-f97227c9a813,00000000-0000-0000-0000-000000000000,bec50b2dc7d0,178.12.19,178,11,12,19,"[23.0, 346.0, 895.0, 568.0]",Table,à Paris.,OUT OF SCOPE,,,,,,,,OUT OF SCOPE,model,0.9986,2026-09-22 19:53:06,86e3ad97ecee
b8926c0e-8d58-5038-89ba-76637fd2bcf3,00000000-0000-0000-0000-000000000000,e2894b189112,178.12.20,178,11,12,20,"[23.0, 346.0, 895.0, 568.0]",Table,Nogent.....,OUT OF SCOPE,,,,,,,,OUT OF SCOPE,model,0.9994,2026-09-22 19:53:06,86e3ad97ecee
7e7616bf-1ed5-57f2-a129-0ecbca210631,00000000-0000-0000-0000-000000000000,15ab8e04a486,178.12.21,178,11,12,21,"[23.0, 346.0, 895.0, 568.0]",Table,Saint-Paul.....,OUT OF SCOPE,,,,,,,,OUT OF SCOPE,model,0.9989,2026-09-22 19:53:06,86e3ad97ecee
f8e21907-d6cb-50ad-b775-ce769d1dc137,00000000-0000-0000-0000-000000000000,fefc5123a2c3,178.12.22,178,11,12,22,"[23.0, 346.0, 895.0, 568.0]",Table,Dimanche.,OUT OF SCOPE,,,,,,,,OUT OF SCOPE,model,0.9999,2026-09-22 19:53:06,86e3ad97ecee
235f86de-d484-554c-a2cf-b72a4204bd43,00000000-0000-0000-0000-000000000000,fc7ea74fe37d,178.12.23,178,11,12,23,"[23.0, 346.0, 895.0, 568.0]",Table,Lundi.....,OUT OF SCOPE,,,,,,,,OUT OF SCOPE,model,0.9994,2026-09-22 19:53:06,86e3ad97ecee
02d147e1-c8af-555a-982e-e7c14ea6aec4,00000000-0000-0000-0000-000000000000,32ccef76f8d2,178.12.24,178,11,12,24,"[23.0, 346.0, 895.0, 568.0]",Table,Mercredi...,OUT OF SCOPE,,,,,,,,OUT OF SCOPE,model,0.9985,2026-09-22 19:53:06,86e3ad97ecee
6501c2f8-73bb-5591-ac59-ecdc0f878ebe,00000000-0000-0000-0000-000000000000,105321e7e47d,178.12.25,178,11,12,25,"[23.0, 346.0, 895.0, 568.0]",Table,Jeudi.,OUT OF SCOPE,,,,,,,,OUT OF SCOPE,model,0.9999,2026-09-22 19:53:06,86e3ad97ecee
7290586f-39f1-554c-a6f0-86889cb6c652,00000000-0000-0000-0000-000000000000,e561cf8cb81a,178.12.26,178,11,12,26,"[23.0, 346.0, 895.0, 568.0]",Table,Sens.....,OUT OF SCOPE,,,,,,,,OUT OF SCOPE,model,0.9994,2026-09-22 19:53:06,86e3ad97ecee
f3295e2f-c014-52d5-a1de-0c12d8055617,00000000-0000-0000-0000-000000000000,b01b636c3cf4,178.12.27,178,11,12,27,"[23.0, 346.0, 895.0, 568.0]",Table,Saint-Bernard..,OUT OF SCOPE,,,,,,,,OUT OF SCOPE,model,0.9989,2026-09-22 19:53:06,86e3ad97ecee
46b1adb3-13af-5379-b44e-31c7d177f8de,00000000-0000-0000-0000-000000000000,fc7ea74fe37d~2,178.12.28,178,11,12,28,"[23.0, 346.0, 895.0, 568.0]",Table,Lundi.....,OUT OF SCOPE,,,,,,,,OUT OF SCOPE,model,0.9994,2026-09-22 19:53:06,86e3ad97ecee
4f12fe5a-4320-5085-b04d-2366614e54e5,00000000-0000-0000-0000-000000000000,e546f0691d0d,178.12.29,178,11,12,29,"[23.0, 346.0, 895.0, 568.0]",Table,Mardi.....,OUT OF SCOPE,,,,,,,,OUT OF SCOPE,model,0.9994,2026-09-22 19:53:06,86e3ad97ecee
20fcd12b-0ecd-5149-904b-25fcb977fec7,00000000-0000-0000-0000-000000000000,0f1a564d45be,178.12.30,178,11,12,30,"[23.0, 346.0, 895.0, 568.0]",Table,Jeudi.....,OUT OF SCOPE,,,,,,,,OUT OF SCOPE,model,0.9994,2026-09-22 19:53:06,86e3ad97ecee
b7a542b2-72ae-5fe2-a578-711bea8ce35e,00000000-0000-0000-0000-000000000000,0aacb1e9a950,178.12.31,178,11,12,31,"[23.0, 346.0, 895.0, 568.0]",Table,Vendredi.,OUT OF SCOPE,,,,,,,,OUT OF SCOPE,model,0.9999,2026-09-22 19:53:06,86e3ad97ecee
9ae4e845-d396-5730-9da4-682d68c82de3,00000000-0000-0000-0000-000000000000,e390d5bdc7e0,178.12.32,178,11,12,32,"[23.0, 346.0, 895.0, 568.0]",Table,Briare.....,OUT OF SCOPE,,,,,,,,OUT OF SCOPE,human,1.0,2026-09-22 19:52:23,86e3ad97ecee
6a5812c2-5e8a-505f-b38f-d6911d799059,00000000-0000-0000-0000-000000000000,15ab8e04a486~2,178.12.33,178,11,12,33,"[23.0, 346.0, 895.0, 568.0]",Table,Saint-Paul.....,OUT OF SCOPE,,,,,,,,OUT OF SCOPE,human,1.0,2026-09-22 19:52:23,86e3ad97ecee
277bf8e1-3978-5f01-bfe5-ba951b60fd93,00000000-0000-0000-0000-000000000000,e546f0691d0d~2,178.12.34,178,11,12,34,"[23.0, 346.0, 895.0, 568.0]",Table,Mardi.....,OUT OF SCOPE,,,,,,,,OUT OF SCOPE,model,0.9994,2026-09-22 19:53:06,86e3ad97ecee
040ae868-b80a-57b7-b4dd-51e6e53a9f8a,00000000-0000-0000-0000-000000000000,0f1a564d45be~2,178.12.35,178,11,12,35,"[23.0, 346.0, 895.0, 568.0]",Table,Jeudi.....,OUT OF SCOPE,,,,,,,,OUT OF SCOPE,model,0.9994,2026-09-22 19:53:06,86e3ad97ecee
63b35749-d3a8-5114-81ad-80572caa65f3,00000000-0000-0000-0000-000000000000,a1696c660043,178.12.36,178,11,12,36,"[23.0, 346.0, 895.0, 568.0]",Table,Vendredi...,OUT OF SCOPE,,,,,,,,OUT OF SCOPE,model,0.9985,2026-09-22 19:53:06,86e3ad97ecee
2ae08893-09b3-5ab2-a8bb-d3a72c65a2a4,00000000-0000-0000-0000-000000000000,fefc5123a2c3~2,178.12.37,178,11,12,37,"[23.0, 346.0, 895.0, 568.0]",Table,Dimanche.,OUT OF SCOPE,,,,,,,,OUT OF SCOPE,model,0.9999,2026-09-22 19:53:06,86e3ad97ecee
e7dd7ae0-5170-5e61-b5a5-8d7df19ee65e,00000000-0000-0000-0000-000000000000,f66c07a60340,178.12.38,178,11,12,38,"[23.0, 346.0, 895.0, 568.0]",Table,Auxerre.....,OUT OF SCOPE,,,,,,,,OUT OF SCOPE,model,0.9994,2026-09-22 19:53:06,86e3ad97ecee
5d91f276-a1f2-5e34-b727-330d4f7c1f71,00000000-0000-0000-0000-000000000000,b01b636c3cf4~2,178.12.39,178,11,12,39,"[23.0, 346.0, 895.0, 568.0]",Table,Saint-Bernard..,OUT OF SCOPE,,,,,,,,OUT OF SCOPE,model,0.9989,2026-09-22 19:53:06,86e3ad97ecee
fa903035-0d6d-54e4-9fde-6de93f2198fa,00000000-0000-0000-0000-000000000000,32ccef76f8d2~2,178.12.40,178,11,12,40,"[23.0, 346.0, 895.0, 568.0]",Table,Mercredi...,OUT OF SCOPE,,,,,,,,OUT OF SCOPE,model,0.9985,2026-09-22 19:53:06,86e3ad97ecee
95f643b1-ee2a-5d43-8305-764b0a85f514,00000000-0000-0000-0000-000000000000,6c764b265717,178.12.41,178,11,12,41,"[23.0, 346.0, 895.0, 568.0]",Table,Dimanche..,OUT OF SCOPE,,,,,,,,OUT OF SCOPE,model,0.9998,2026-09-22 19:53:06,86e3ad97ecee
afceda23-2d7f-5376-a3ab-46be58847c37,00000000-0000-0000-0000-000000000000,fc7ea74fe37d~3,178.12.42,178,11,12,42,"[23.0, 346.0, 895.0, 568.0]",Table,Lundi.....,OUT OF SCOPE,,,,,,,,OUT OF SCOPE,model,0.9994,2026-09-22 19:53:06,86e3ad97ecee
d5236383-d5bf-5fff-8831-901b20fb1421,00000000-0000-0000-0000-000000000000,1cf9adc9a545,178.12.43,178,11,12,43,"[23.0, 346.0, 895.0, 568.0]",Table,Mercredi.,OUT OF SCOPE,,,,,,,,OUT OF SCOPE,model,0.9999,2026-09-22 19:53:06,86e3ad97ecee
5d96a3c8-763c-503e-a57f-39f9b6c68a8b,00000000-0000-0000-0000-000000000000,5e6c7e513d4b,178.12.44,178,11,12,44,"[23.0, 346.0, 895.0, 568.0]",Table,Montereau.....,OUT OF SCOPE,,,,,,,,OUT OF SCOPE,model,0.9994,2026-09-22 19:53:06,86e3ad97ecee
46a520ec-2cf5-55a4-9a81-9135c4cc70de,00000000-0000-0000-0000-000000000000,15ab8e04a486~3,178.12.45,178,11,12,45,"[23.0, 346.0, 895.0, 568.0]",Table,Saint-Paul.....,OUT OF SCOPE,,,,,,,,OUT OF SCOPE,model,0.9989,2026-09-22 19:53:06,86e3ad97ecee
20cdf128-c4dc-592c-850b-870994f62af2,00000000-0000-0000-0000-000000000000,0f1a564d45be~3,178.12.46,178,11,12,46,"[23.0, 346.0, 895.0, 568.0]",Table,Jeudi.....,OUT OF SCOPE,,,,,,,,OUT OF SCOPE,model,0.9994,2026-09-22 19:53:06,86e3ad97ecee
202eb11b-ddb2-5100-b516-9e9334c243c8,00000000-0000-0000-0000-000000000000,0f1a564d45be~4,178.12.47,178,11,12,47,"[23.0, 346.0, 895.0, 568.0]",Table,Jeudi.....,OUT OF SCOPE,,,,,,,,OUT OF SCOPE,model,0.9994,2026-09-22 19:53:06,86e3ad97ecee
bea653b9-0b96-5883-8772-6a6d5ffec597,00000000-0000-0000-0000-000000000000,fc7ea74fe37d~4,178.12.48,178,11,12,48,"[23.0, 346.0, 895.0, 568.0]",Table,Lundi.....,OUT OF SCOPE,,,,,,,,OUT OF SCOPE,model,0.9994,2026-09-22 19:53:06,86e3ad97ecee
ed8201d5-ca78-55a9-8da0-439f87dffde3,00000000-0000-0000-0000-000000000000,aeedb7db047c,178.12.49,178,11,12,49,"[23.0, 346.0, 895.0, 568.0]",Table,Lundi.,OUT OF SCOPE,,,,,,,,OUT OF SCOPE,model,0.9999,2026-09-22 19:53:06,86e3ad97ecee
54ce140d-b4bd-550e-8760-d11b0f765f8f,00000000-0000-0000-0000-000000000000,c8a4c4836436,178.12.50,178,11,12,50,"[23.0, 346.0, 895.0, 568.0]",Table,Corbeil.....,OUT OF SCOPE,,,,,,,,OUT OF SCOPE,model,0.9994,2026-09-22 19:53:06,86e3ad97ecee
14bad9c3-7171-559b-965d-013e3472c5b8,00000000-0000-0000-0000-000000000000,15ab8e04a486~4,178.12.51,178,11,12,51,"[23.0, 346.0, 895.0, 568.0]",Table,Saint-Paul.....,OUT OF SCOPE,,,,,,,,OUT OF SCOPE,model,0.9989,2026-09-22 19:53:06,86e3ad97ecee
846c424f-1cfa-5f8f-9971-e808341117bd,00000000-0000-0000-0000-000000000000,dcc15f08b432,178.12.52,178,11,12,52,"[23.0, 346.0, 895.0, 568.0]",Table,Vendredi..,OUT OF SCOPE,,,,,,,,OUT OF SCOPE,model,0.9998,2026-09-22 19:53:06,86e3ad97ecee
1107a88f-3463-5b2e-b1db-8aee0770e885,00000000-0000-0000-0000-000000000000,dcc15f08b432~2,178.12.53,178,11,12,53,"[23.0, 346.0, 895.0, 568.0]",Table,Vendredi..,OUT OF SCOPE,,,,,,,,OUT OF SCOPE,model,0.9998,2026-09-22 19:53:06,86e3ad97ecee
297f54ab-d285-5f04-93cd-9d0517af37e2,00000000-0000-0000-0000-000000000000,e546f0691d0d~3,178.12.54,178,11,12,54,"[23.0, 346.0, 895.0, 568.0]",Table,Mardi.....,OUT OF SCOPE,,,,,,,,OUT OF SCOPE,model,0.9994,2026-09-22 19:53:06,86e3ad97ecee
ad9af784-e66a-5697-9fdd-b9a73e770544,00000000-0000-0000-0000-000000000000,734523f345af,178.12.55,178,11,12,55,"[23.0, 346.0, 895.0, 568.0]",Table,Mardi.,OUT OF SCOPE,,,,,,,,OUT OF SCOPE,model,0.9999,2026-09-22 19:53:06,86e3ad97ecee
5d2468b4-9cbc-5cae-89db-74534c5081a8,00000000-0000-0000-0000-000000000000,f66c07a60340~2,178.12.56,178,11,12,56,"[23.0, 346.0, 895.0, 568.0]",Table,Auxerre.....,OUT OF SCOPE,,,,,,,,OUT OF SCOPE,model,0.9994,2026-09-22 19:53:06,86e3ad97ecee
c770ab7c-976f-5bf9-a80c-4d44d7647c93,00000000-0000-0000-0000-000000000000,b01b636c3cf4~3,178.12.57,178,11,12,57,"[23.0, 346.0, 895.0, 568.0]",Table,Saint-Bernard..,OUT OF SCOPE,,,,,,,,OUT OF SCOPE,model,0.9989,2026-09-22 19:53:06,86e3ad97ecee
5e5f1626-acec-57fb-be1c-e35ad976413b,00000000-0000-0000-0000-000000000000,52f66ea99b41,178.12.58,178,11,12,58,"[23.0, 346.0, 895.0, 568.0]",Table,Samedi.....,OUT OF SCOPE,,,,,,,,OUT OF SCOPE,model,0.9994,2026-09-22 19:53:06,86e3ad97ecee
daae1535-7219-555e-898b-1fe6ac2d9128,00000000-0000-0000-0000-000000000000,e3868208cc96,178.12.59,178,11,12,59,"[23.0, 346.0, 895.0, 568.0]",Table,Mercredi..,OUT OF SCOPE,,,,,,,,OUT OF SCOPE,model,0.9998,2026-09-22 19:53:06,86e3ad97ecee
fb40bdf8-f90b-5944-8015-7c820e98f1b4,00000000-0000-0000-0000-000000000000,0f1a564d45be~5,178.12.60,178,11,12,60,"[23.0, 346.0, 895.0, 568.0]",Table,Jeudi.....,OUT OF SCOPE,,,,,,,,OUT OF SCOPE,model,0.9993,2026-09-22 19:53:06,86e3ad97ecee
ffb3cdd1-c9b4-51cb-9b08-e3fbe201c6e9,00000000-0000-0000-0000-000000000000,27cbfa559e45,178.12.61,178,11,12,61,"[23.0, 346.0, 895.0, 568.0]",Table,Samedi.,OUT OF SCOPE,,,,,,,,OUT OF SCOPE,human,1.0,2026-09-22 19:49:41,86e3ad97ecee
0036b97c-0fa0-5c4c-a4b0-22eb05df4c98,00000000-0000-0000-0000-000000000000,9483fd2e6c53,178.13.0,178,12,13,0,"[178.0, 595.0, 741.0, 614.0]",Section-Header,## DOCTEURS EN MÉDECINE.,TITLE,,,,,,,,B-TITLE,human,1.0,2026-09-22 19:49:41,86e3ad97ecee
8f833319-c37b-5695-a633-d6f0a5640b7f,0036b97c-0fa0-5c4c-a4b0-22eb05df4c98,f133be1f015c,178.14.0,178,13,14,0,"[23.0, 622.0, 407.0, 639.0]",Text,"Abraham, rue Neuve-de-l'Abbaye, 4.",ENTRY,"<SUBJ>Abraham</SUBJ>, <ADDR>rue Neuve-de-l'Abbaye, 4.</ADDR>",1,0,1,1.0000,,,B-ENTRY,human,1.0,2026-09-22 19:50:10,25efa6e9fd63
3f817c60-6f39-5a6e-bad8-1239939e0ab0,0036b97c-0fa0-5c4c-a4b0-22eb05df4c98,1bef0e0c4119,178.15.0,178,14,15,0,"[23.0, 637.0, 374.0, 652.0]",Text,"Albert, rue du Cherche-Midi, 25.",ENTRY,"<SUBJ>Albert</SUBJ>, <ADDR>rue du Cherche-Midi, 25.</ADDR>",1,0,1,1.0000,,,B-ENTRY,human,1.0,2026-09-22 19:50:10,9973f19c92f3
ca77cb94-2f03-5043-b470-4fa53b39fb1c,0036b97c-0fa0-5c4c-a4b0-22eb05df4c98,4932129714c1,178.16.0,178,15,16,0,"[23.0, 650.0, 320.0, 665.0]",Text,"Allard, rue Hauteséuille, 19.",ENTRY,"<SUBJ>Allard</SUBJ>, <ADDR>rue Hauteséuille, 19.</ADDR>",1,0,1,1.0000,,,B-ENTRY,model,0.9709,2026-09-22 19:53:06,e57a9dc5263b
c9cfc521-4c85-5341-b000-3cd5b59f2367,0036b97c-0fa0-5c4c-a4b0-22eb05df4c98,1cadf16851c6,178.17.0,178,16,17,0,"[23.0, 663.0, 353.0, 678.0]",Text,"Allard, rue Saint-Jacques, 297.",ENTRY,"<SUBJ>Allard</SUBJ>, <ADDR>rue Saint-Jacques, 297.</ADDR>",1,0,1,1.0000,,,B-ENTRY,model,0.9825,2026-09-22 19:53:06,44fb365d5533
5961aebc-8f48-5a53-9eb1-b84aa4ddcca6,0036b97c-0fa0-5c4c-a4b0-22eb05df4c98,65d37068e06b,178.18.0,178,17,18,0,"[23.0, 676.0, 343.0, 690.0]",Text,"Andral, à l'hôtel des Invalides.",ENTRY,"<SUBJ>Andral</SUBJ>, <ADDR>à l'hôtel des Invalides.</ADDR>",1,0,1,1.0000,,,B-ENTRY,model,0.9862,2026-09-22 19:53:06,f96688253e85
bcd9fbcc-a1df-59a3-b0ac-b0fa9e162e33,0036b97c-0fa0-5c4c-a4b0-22eb05df4c98,4cb0a549a3a7,178.19.0,178,18,19,0,"[23.0, 688.0, 403.0, 703.0]",Text,"Andravit, rue Traversière-S.-Honoré.",ENTRY,"<SUBJ>Andravit</SUBJ>, <ADDR>rue Traversière-S.-Honoré.</ADDR>",1,0,1,1.0000,,,B-ENTRY,model,0.9744,2026-09-22 19:53:06,fd12498d0644
099eb7e5-9b4e-52d7-939c-2fdcf582d557,0036b97c-0fa0-5c4c-a4b0-22eb05df4c98,6384837d404e,178.20.0,178,19,20,0,"[23.0, 701.0, 287.0, 715.0]",Text,"André, rue Feydeau, 15.",ENTRY,"<SUBJ>André</SUBJ>, <ADDR>rue Feydeau, 15.</ADDR>",1,0,1,1.0000,,,B-ENTRY,model,0.9714,2026-09-22 19:53:06,2265cf221d35
062570f8-b397-5923-a14b-d032167c075d,0036b97c-0fa0-5c4c-a4b0-22eb05df4c98,cb500e0a5ceb,178.21.0,178,20,21,0,"[23.0, 714.0, 317.0, 728.0]",Text,"Andry, rue des Ecouffes, 16.",ENTRY,"<SUBJ>Andry</SUBJ>, <ADDR>rue des Ecouffes, 16.</ADDR>",1,0,1,1.0000,,,B-ENTRY,model,0.9748,2026-09-22 19:53:06,855da19bf5d4
60ef3836-606a-5cbd-9077-9c8b183add8c,0036b97c-0fa0-5c4c-a4b0-22eb05df4c98,6ca518cabac3,178.22.0,178,21,22,0,"[23.0, 727.0, 380.0, 741.0]",Text,"Asquier, rue du Cherche-Midi, 21.",ENTRY,"<SUBJ>Asquier</SUBJ>, <ADDR>rue du Cherche-Midi, 21.</ADDR>",1,0,1,1.0000,,,B-ENTRY,model,0.9884,2026-09-22 19:53:06,865326d8716f
4670a34a-3080-5398-b87c-eae681346840,0036b97c-0fa0-5c4c-a4b0-22eb05df4c98,e5b3b4389e8d,178.23.0,178,22,23,0,"[23.0, 739.0, 388.0, 754.0]",Text,"Asselin, rue Neuve-Saint-Méry, 52.",ENTRY,"<SUBJ>Asselin</SUBJ>, <ADDR>rue Neuve-Saint-Méry, 52.</ADDR>",1,0,1,1.0000,,,B-ENTRY,model,0.9708,2026-09-22 19:53:06,e179fa2e7e14
dd6249fe-56cd-5265-9d7f-a1a038113174,0036b97c-0fa0-5c4c-a4b0-22eb05df4c98,21482ece2639,178.24.0,178,23,24,0,"[23.0, 752.0, 284.0, 766.0]",Text,"Audenet, rue des Noyers.",ENTRY,"<SUBJ>Audenet</SUBJ>, <ADDR>rue des Noyers.</ADDR>",1,0,1,1.0000,,,B-ENTRY,model,0.9723,2026-09-22 19:53:06,b026a8bed3aa
ecd2a2d4-65f8-5643-8bd8-360d97f84a26,0036b97c-0fa0-5c4c-a4b0-22eb05df4c98,d238e9b97b6a,178.25.0,178,24,25,0,"[23.0, 765.0, 353.0, 779.0]",Text,"Bacher, rue de la Convention, 1.",ENTRY,"<SUBJ>Bacher</SUBJ>, <ADDR>rue de la Convention, 1.</ADDR>",1,0,1,1.0000,,,B-ENTRY,model,0.9849,2026-09-22 19:53:06,2d1ecde8c2d6
af9ab855-205a-59cd-9c49-e0dc457af1ce,0036b97c-0fa0-5c4c-a4b0-22eb05df4c98,86d47ebe3136,178.26.0,178,25,26,0,"[23.0, 777.0, 374.0, 792.0]",Text,"Bajet, rue Michel-le-Pelletier, 14.",ENTRY,"<SUBJ>Bajet</SUBJ>, <ADDR>rue Michel-le-Pelletier, 14.</ADDR>",1,0,1,1.0000,,,B-ENTRY,model,0.9714,2026-09-22 19:53:06,a40b94fb78c0
c274d506-a8ee-58f2-a670-698a0780bd63,0036b97c-0fa0-5c4c-a4b0-22eb05df4c98,63ff9b02cac4,178.27.0,178,26,27,0,"[23.0, 790.0, 353.0, 805.0]",Text,"Baillergeau, rue de Vaugirard, 9.",ENTRY,"<SUBJ>Baillergeau</SUBJ>, <ADDR>rue de Vaugirard, 9.</ADDR>",1,0,1,1.0000,,,B-ENTRY,model,0.9751,2026-09-22 19:53:06,12f88c0b5446
300d0de4-a384-5da2-8868-2a452ee426d4,0036b97c-0fa0-5c4c-a4b0-22eb05df4c98,70654157aecf,178.28.0,178,27,28,0,"[23.0, 803.0, 334.0, 817.0]",Text,"Ballerol, rue Montorgueil, 51.",ENTRY,"<SUBJ>Ballerol</SUBJ>, <ADDR>rue Montorgueil, 51.</ADDR>",1,0,1,1.0000,,,B-ENTRY,model,0.9714,2026-09-22 19:53:06,13ec0a22453f
c8014f02-3ab1-5db6-9461-4cdc69cb110e,0036b97c-0fa0-5c4c-a4b0-22eb05df4c98,ce83b73fa39d,178.29.0,178,28,29,0,"[23.0, 815.0, 334.0, 830.0]",Text,"Barras, rue du Harlay, 29.",ENTRY,"<SUBJ>Barras</SUBJ>, <ADDR>rue du Harlay, 29.</ADDR>",1,0,1,1.0000,,,B-ENTRY,model,0.9751,2026-09-22 19:53:06,ca9fcfd37643
7daad589-83da-5708-9487-004f4a6042f2,0036b97c-0fa0-5c4c-a4b0-22eb05df4c98,3bb12e4f96ce,178.30.0,178,29,30,0,"[23.0, 828.0, 334.0, 843.0]",Text,"Bartholy, rue Montorgueil, 82.",ENTRY,"<SUBJ>Bartholy</SUBJ>, <ADDR>rue Montorgueil, 82.</ADDR>",1,0,1,1.0000,,,B-ENTRY,model,0.9714,2026-09-22 19:53:06,7d296da2ab5c
8f11e06a-d484-5828-85cb-fe582da97d20,0036b97c-0fa0-5c4c-a4b0-22eb05df4c98,dd8ba4354cc9,178.31.0,178,30,31,0,"[23.0, 841.0, 334.0, 856.0]",Text,"Bayle, rue du Jardinet, 1.",ENTRY,"<SUBJ>Bayle</SUBJ>, <ADDR>rue du Jardinet, 1.</ADDR>",1,0,1,1.0000,,,B-ENTRY,model,0.9749,2026-09-22 19:53:06,4aa3310f2f9f
85101bd7-46bc-5429-9d11-341fcbee3ef6,0036b97c-0fa0-5c4c-a4b0-22eb05df4c98,bcf4881cb11e,178.32.0,178,31,32,0,"[23.0, 854.0, 450.0, 878.0]",Text,"Bazin-de-la-Repenellière, rue Notre-Dame-des-Victoires, 1.",ENTRY,"<SUBJ>Bazin-de-la-Repenellière</SUBJ>, <ADDR>rue Notre-Dame-des-Victoires, 1.</ADDR>",1,0,1,1.0000,,,B-ENTRY,model,0.9832,2026-09-22 19:53:06,5bcdef9c3570
27b4e8f7-1cb5-56d0-9b6b-b86395c0a05b,0036b97c-0fa0-5c4c-a4b0-22eb05df4c98,aaa9b012dca6,178.33.0,178,32,33,0,"[468.0, 622.0, 736.0, 639.0]",Text,"Bauduin, rue Favart, 8.",ENTRY,"<SUBJ>Bauduin</SUBJ>, <ADDR>rue Favart, 8.</ADDR>",1,0,1,1.0000,,,B-ENTRY,model,0.9712,2026-09-22 19:53:06,31a70a052f8b
52de92f8-ba91-5dd3-93f6-a72d413c0774,0036b97c-0fa0-5c4c-a4b0-22eb05df4c98,de59137ebd0c,178.34.0,178,33,34,0,"[468.0, 637.0, 750.0, 652.0]",Text,"Belloste, rue de Sèvres, 2.",ENTRY,"<SUBJ>Belloste</SUBJ>, <ADDR>rue de Sèvres, 2.</ADDR>",1,0,1,1.0000,,,B-ENTRY,model,0.9751,2026-09-22 19:53:06,764f33de00f4
68bf23ee-064c-5de1-b9c5-bcf786ffbc63,0036b97c-0fa0-5c4c-a4b0-22eb05df4c98,ec447e43c17d,178.35.0,178,34,35,0,"[468.0, 650.0, 756.0, 665.0]",Text,"Bénard, rue Mazariné, 26.",ENTRY,"<SUBJ>Bénard</SUBJ>, <ADDR>rue Mazariné, 26.</ADDR>",1,0,1,1.0000,,,B-ENTRY,human,1.0,2026-09-22 19:52:49,a455e9b935e8
e19be376-1847-543d-9d64-dfc06420dc4c,0036b97c-0fa0-5c4c-a4b0-22eb05df4c98,a39aa1c58b61,178.36.0,178,35,36,0,"[468.0, 663.0, 860.0, 678.0]",Text,"Bertholet, rue d'Enfer, 57.—Therm.",ENTRY,"<SUBJ>Bertholet</SUBJ>, <ADDR>rue d'Enfer, 57.—Therm.</ADDR>",1,0,1,1.0000,,,B-ENTRY,human,1.0,2026-09-22 19:52:49,f4b4292cf10f
a12b8552-ac69-5bc0-b5da-23dd3039af9b,0036b97c-0fa0-5c4c-a4b0-22eb05df4c98,f322518f8d40,178.37.0,178,36,37,0,"[468.0, 676.0, 770.0, 690.0]",Text,"Bertin, rue Saint-Méry, 25.",ENTRY,"<SUBJ>Bertin</SUBJ>, <ADDR>rue Saint-Méry, 25.</ADDR>",1,0,1,1.0000,,,B-ENTRY,model,0.9831,2026-09-22 19:53:06,82717a743cdb
c5972a74-4963-51ca-9382-a654b991b496,0036b97c-0fa0-5c4c-a4b0-22eb05df4c98,8769d3f5ecab,178.38.0,178,37,38,0,"[468.0, 688.0, 736.0, 703.0]",Text,"Bessard, rue Batave, 15.",ENTRY,"<SUBJ>Bessard</SUBJ>, <ADDR>rue Batave, 15.</ADDR>",1,0,1,1.0000,,,B-ENTRY,model,0.9712,2026-09-22 19:53:06,367c05c08a31
0552cc00-07a1-5811-8f98-2626f43e7c74,0036b97c-0fa0-5c4c-a4b0-22eb05df4c98,c13fa90bec51,178.39.0,178,38,39,0,"[468.0, 701.0, 783.0, 715.0]",Text,"Bezard, rue de Thorigny, 14.",ENTRY,"<SUBJ>Bezard</SUBJ>, <ADDR>rue de Thorigny, 14.</ADDR>",1,0,1,1.0000,,,B-ENTRY,model,0.9749,2026-09-22 19:53:06,8bdbef05c0ac
e41191b2-a6fb-5d50-bc5b-ce85f72a1b2f,0036b97c-0fa0-5c4c-a4b0-22eb05df4c98,545e863d1b24,178.40.0,178,39,40,0,"[468.0, 714.0, 893.0, 738.0]",Text,"Bianchi-de-Blanchet, rue Neuve-Saint-Marc.",ENTRY,"<SUBJ>Bianchi-de-Blanchet</SUBJ>, <ADDR>rue Neuve-Saint-Marc.</ADDR>",1,0,1,1.0000,,,B-ENTRY,model,0.9753,2026-09-22 19:53:06,5986931cb59b
388cabdd-a499-5da5-937e-95bd44979c85,0036b97c-0fa0-5c4c-a4b0-22eb05df4c98,f79bf759a8fc,178.41.0,178,40,41,0,"[468.0, 737.0, 766.0, 752.0]",Text,"Biron, rue de Verneuil, 57.",ENTRY,"<SUBJ>Biron</SUBJ>, <ADDR>rue de Verneuil, 57.</ADDR>",1,0,1,1.0000,,,B-ENTRY,model,0.975,2026-09-22 19:53:06,a6831e13ad33
f16b8092-db6f-595f-9de7-6e96c71936e5,0036b97c-0fa0-5c4c-a4b0-22eb05df4c98,149a28bd563a,178.42.0,178,41,42,0,"[468.0, 750.0, 853.0, 765.0]",Text,"Bodard, rue Neuve-Saint-Denis, 15.",ENTRY,"<SUBJ>Bodard</SUBJ>, <ADDR>rue Neuve-Saint-Denis, 15.</ADDR>",1,0,1,1.0000,,,B-ENTRY,model,0.9714,2026-09-22 19:53:06,3110e33ec981
9ccaf8f8-2871-519d-800d-e4db1aadfba5,0036b97c-0fa0-5c4c-a4b0-22eb05df4c98,c6a3e7411bc1,178.43.0,178,42,43,0,"[468.0, 763.0, 811.0, 777.0]",Text,"Bodin, rue de la Chanvrerie, 10.",ENTRY,"<SUBJ>Bodin</SUBJ>, <ADDR>rue de la Chanvrerie, 10.</ADDR>",1,0,1,1.0000,,,B-ENTRY,model,0.9851,2026-09-22 19:53:06,8d9729c8fa55
7089f9c3-8169-5c13-9eac-40008f28fdca,0036b97c-0fa0-5c4c-a4b0-22eb05df4c98,c33fc98d37f4,178.44.0,178,43,44,0,"[468.0, 776.0, 736.0, 790.0]",Text,"Bonnet, rue Christine, 9.",ENTRY,"<SUBJ>Bonnet</SUBJ>, <ADDR>rue Christine, 9.</ADDR>",1,0,1,1.0000,,,B-ENTRY,model,0.9712,2026-09-22 19:53:06,25a65c41dbc9
f5b58dde-cdd6-52bc-b08c-3be6359bac99,0036b97c-0fa0-5c4c-a4b0-22eb05df4c98,2819dc12f3a7,178.45.0,178,44,45,0,"[468.0, 789.0, 736.0, 803.0]",Text,"Borel, rue de Savoie, 3.",ENTRY,"<SUBJ>Borel</SUBJ>, <ADDR>rue de Savoie, 3.</ADDR>",1,0,1,1.0000,,,B-ENTRY,model,0.9748,2026-09-22 19:53:06,26341069e40e
d492d775-6197-591f-9bbe-4f5c6986ce5f,0036b97c-0fa0-5c4c-a4b0-22eb05df4c98,ac9c916dc6a2,178.46.0,178,45,46,0,"[468.0, 802.0, 874.0, 816.0]",Text,"Borie, rue des Fossés-Montmartre, 15.",ENTRY,"<SUBJ>Borie</SUBJ>, <ADDR>rue des Fossés-Montmartre, 15.</ADDR>",1,0,1,1.0000,,,B-ENTRY,model,0.9884,2026-09-22 19:53:06,fae99848fb18
d891e9a1-48ac-5439-be85-2dd02184c9a9,0036b97c-0fa0-5c4c-a4b0-22eb05df4c98,acde08cdf180,178.47.0,178,46,47,0,"[468.0, 815.0, 790.0, 829.0]",Text,"Bosquillon, place Cambry, 1.",ENTRY,"<SUBJ>Bosquillon</SUBJ>, <ADDR>place Cambry, 1.</ADDR>",1,0,1,1.0000,,,B-ENTRY,model,0.9713,2026-09-22 19:53:06,3fe83a23140e
c4ca6c16-89ef-54eb-980e-b7033c88e096,0036b97c-0fa0-5c4c-a4b0-22eb05df4c98,643cfc29989e,178.48.0,178,47,48,0,"[468.0, 828.0, 625.0, 843.0]",Text,"Boltman, rue...",ENTRY,"<SUBJ>Boltman</SUBJ>, <ADDR>rue...</ADDR>",1,0,1,1.0000,,,B-ENTRY,model,0.9628,2026-09-22 19:53:06,81549d1a5a05
5536cdf7-fef6-5ebf-9e58-b7d41ac501ca,0036b97c-0fa0-5c4c-a4b0-22eb05df4c98,21f7ec729c3f,178.49.0,178,48,49,0,"[468.0, 841.0, 841.0, 856.0]",Text,"Bourdier, place de la Monnaie, 15.",ENTRY,"<SUBJ>Bourdier</SUBJ>, <ADDR>place de la Monnaie, 15.</ADDR>",1,0,1,1.0000,,,B-ENTRY,model,0.9849,2026-09-22 19:53:06,8fecaf64f374
859c17f6-a582-5e88-9c46-00f568b23869,0036b97c-0fa0-5c4c-a4b0-22eb05df4c98,5f4e830bc9cb,178.50.0,178,49,50,0,"[468.0, 854.0, 874.0, 868.0]",Text,"Bourgeois-Delamotte, rue S.-Honoré, 56.",ENTRY,"<SUBJ>Bourgeois-Delamotte</SUBJ>, <ADDR>rue S.-Honoré, 56.</ADDR>",1,0,1,1.0000,,,B-ENTRY,human,1.0,2026-09-22 19:52:44,5ac1b99c6b44
02a084d0-80fe-5355-9d63-e6b7661fb098,0036b97c-0fa0-5c4c-a4b0-22eb05df4c98,24bcefee1a8a,178.51.0,178,50,51,0,"[468.0, 867.0, 836.0, 881.0]",Text,"Bourgeois, rue de Popincourt, 22.",ENTRY,"<SUBJ>Bourgeois</SUBJ>, <ADDR>rue de Popincourt, 22.</ADDR>",1,0,1,1.0000,,,B-ENTRY,human,1.0,2026-09-22 19:52:44,95365a6965f5
782aa0b7-561c-5927-a2fe-58fccc1428a4,0036b97c-0fa0-5c4c-a4b0-22eb05df4c98,3f1522d02559,179.1.0,179,0,1,0,"[228.0, 48.0, 279.0, 67.0]",Page-Header,514,OUT OF SCOPE,,,,,,,,OUT OF SCOPE,model,0.9854,2026-09-22 19:53:06,482274951624
5f66c164-81f0-543a-97f3-793e8574fa7a,0036b97c-0fa0-5c4c-a4b0-22eb05df4c98,6198641eda90,179.2.0,179,1,2,0,"[406.0, 44.0, 808.0, 66.0]",Page-Header,Docteurs en médecine.—PARIS.,OUT OF SCOPE,,,,,,,,OUT OF SCOPE,model,0.9984,2026-09-22 19:53:06,482274951624
2c956f6e-e3eb-55a3-8505-8c825adecff7,0036b97c-0fa0-5c4c-a4b0-22eb05df4c98,b327ae052b03,179.3.0,179,2,3,0,"[228.0, 71.0, 994.0, 914.0]",List-Group,"Bourru, rue des Maçons, 15.  ",ENTRY,"<SUBJ>Bourru</SUBJ>, <ADDR>rue des Maçons, 15.</ADDR>",1,0,1,1.0000,,,B-ENTRY,model,0.9782,2026-09-22 19:53:06,ceef4d7b8864
19a0f7f2-32fc-54ea-bec8-3180b825dae3,0036b97c-0fa0-5c4c-a4b0-22eb05df4c98,f385a9dd3c46,179.3.1,179,2,3,1,"[228.0, 71.0, 994.0, 914.0]",List-Group,"Bouvenot, rue du Chantre, 15.  ",ENTRY,"<SUBJ>Bouvenot</SUBJ>, <ADDR>rue du Chantre, 15.</ADDR>",1,0,1,1.0000,,,B-ENTRY,model,0.9871,2026-09-22 19:53:06,969901aa6bda
94ce0d60-7872-5bb7-be59-10a94ded7699,0036b97c-0fa0-5c4c-a4b0-22eb05df4c98,2d4ad0fd3196,179.3.2,179,2,3,2,"[228.0, 71.0, 994.0, 914.0]",List-Group,"Bouvier, place Desaix, 24.  ",ENTRY,"<SUBJ>Bouvier</SUBJ>, <ADDR>place Desaix, 24.</ADDR>",1,0,1,1.0000,,,B-ENTRY,model,0.9854,2026-09-22 19:53:06,89c8d52fc810
a875e359-2a35-5336-a98d-e96270820156,0036b97c-0fa0-5c4c-a4b0-22eb05df4c98,b3931895c8e3,179.3.3,179,2,3,3,"[228.0, 71.0, 994.0, 914.0]",List-Group,"Boyreau-Laffecteur, rue de Varennes, 10.  ",ENTRY,"<SUBJ>Boyreau-Laffecteur</SUBJ>, <ADDR>rue de Varennes, 10.</ADDR>",1,0,1,1.0000,,,B-ENTRY,model,0.9983,2026-09-22 19:53:06,a7777c7e5795
38c0050b-0160-500f-8ba5-a5a8b9e0d844,0036b97c-0fa0-5c4c-a4b0-22eb05df4c98,98d56346c3c4,179.3.4,179,2,3,4,"[228.0, 71.0, 994.0, 914.0]",List-Group,"Braun, rue Culture-Sainte-Catherine, 8.  ",ENTRY,"<SUBJ>Braun</SUBJ>, <ADDR>rue Culture-Sainte-Catherine, 8.</ADDR>",1,0,1,1.0000,,,B-ENTRY,model,0.9855,2026-09-22 19:53:06,4ed4af9a1a45
b54fdf67-acbb-5545-bf98-a968c8e8bb9e,0036b97c-0fa0-5c4c-a4b0-22eb05df4c98,c427d34b033f,179.3.5,179,2,3,5,"[228.0, 71.0, 994.0, 914.0]",List-Group,"Bray, rue Salle-au-Comte, 14.  ",ENTRY,"<SUBJ>Bray</SUBJ>, <ADDR>rue Salle-au-Comte, 14.</ADDR>",1,0,1,1.0000,,,B-ENTRY,model,0.9856,2026-09-22 19:53:06,32bc29af29d3
631f3952-e86d-5a97-838d-49f570b0879c,0036b97c-0fa0-5c4c-a4b0-22eb05df4c98,d1fd58a4110a,179.3.6,179,2,3,6,"[228.0, 71.0, 994.0, 914.0]",List-Group,"Brechot, rue Saint-Honoré, 515.  ",ENTRY,"<SUBJ>Brechot</SUBJ>, <ADDR>rue Saint-Honoré, 515.</ADDR>",1,0,1,1.0000,,,B-ENTRY,model,0.9914,2026-09-22 19:53:06,001a5d2ca922
6ee7ba94-fc81-59af-a11e-3958b4d003d2,0036b97c-0fa0-5c4c-a4b0-22eb05df4c98,5df911dedaa7,179.3.7,179,2,3,7,"[228.0, 71.0, 994.0, 914.0]",List-Group,"Bressy, rue du Battoir, 20.  ",ENTRY,"<SUBJ>Bressy</SUBJ>, <ADDR>rue du Battoir, 20.</ADDR>",1,0,1,1.0000,,,B-ENTRY,model,0.9875,2026-09-22 19:53:06,85c5dd02dbdf
308e8ff8-a022-5b21-96f1-1415c79c967c,0036b97c-0fa0-5c4c-a4b0-22eb05df4c98,b4ebdbd3ad5a,179.3.8,179,2,3,8,"[228.0, 71.0, 994.0, 914.0]",List-Group,"Brieu de, rue Vivienne, 22.  ",ENTRY,"<SUBJ>Brieu de</SUBJ>, <ADDR>rue Vivienne, 22.</ADDR>",1,0,1,1.0000,,,B-ENTRY,model,0.9529,2026-09-22 19:53:06,cbb66ed4f094
dcfff743-353c-5d4b-8458-838396312f1c,0036b97c-0fa0-5c4c-a4b0-22eb05df4c98,006ad86a70a8,179.3.9,179,2,3,9,"[228.0, 71.0, 994.0, 914.0]",List-Group,"Brillouet, rue de Bourgogne, 101.  ",ENTRY,"<SUBJ>Brillouet</SUBJ>, <ADDR>rue de Bourgogne, 101.</ADDR>",1,0,1,1.0000,,,B-ENTRY,model,0.9876,2026-09-22 19:53:06,7e01ffbb1b68
8400e201-1295-5fae-a39e-dda4ae1c77c5,0036b97c-0fa0-5c4c-a4b0-22eb05df4c98,cd1318ef7f2e,179.3.10,179,2,3,10,"[228.0, 71.0, 994.0, 914.0]",List-Group,"Brulois, rue de Grenelle, 114.  ",ENTRY,"<SUBJ>Brulois</SUBJ>, <ADDR>rue de Grenelle, 114.</ADDR>",1,0,1,1.0000,,,B-ENTRY,model,0.9872,2026-09-22 19:53:06,65a7f39952c1
3b36fa8a-91f1-55b5-95b7-82a7dadae85c,0036b97c-0fa0-5c4c-a4b0-22eb05df4c98,78611333a002,179.3.11,179,2,3,11,"[228.0, 71.0, 994.0, 914.0]",List-Group,"Brunneau, rue du Vieux-Colombier, 24.  ",ENTRY,"<SUBJ>Brunneau</SUBJ>, <ADDR>rue du Vieux-Colombier, 24.</ADDR>",1,0,1,1.0000,,,B-ENTRY,model,0.9941,2026-09-22 19:53:06,d358cf1e80c6
fc3c5c73-c134-5d7a-aea6-f5d82f3205f6,0036b97c-0fa0-5c4c-a4b0-22eb05df4c98,3d8aeef4e3c5,179.3.12,179,2,3,12,"[228.0, 71.0, 994.0, 914.0]",List-Group,"Brunet (J.-B.), rue des Petits-Augustins, 21.  ",ENTRY,"<SUBJ>Brunet (J.-B.)</SUBJ>, <ADDR>rue des Petits-Augustins, 21.</ADDR>",1,0,1,1.0000,,,B-ENTRY,model,0.9983,2026-09-22 19:53:06,bfaa3a3ede6d
0efc274c-6d3c-5302-ade5-f7823cd3a7d1,0036b97c-0fa0-5c4c-a4b0-22eb05df4c98,6828d0b50ac1,179.3.13,179,2,3,13,"[228.0, 71.0, 994.0, 914.0]",List-Group,"Brunet, rue Neuve-des-Petits-Champs, 26.  ",ENTRY,"<SUBJ>Brunet</SUBJ>, <ADDR>rue Neuve-des-Petits-Champs, 26.</ADDR>",1,0,1,1.0000,,,B-ENTRY,model,0.9914,2026-09-22 19:53:06,a272407509e2
fe51bea6-aad3-59c6-91fa-08876d7d50f0,0036b97c-0fa0-5c4c-a4b0-22eb05df4c98,23bed6bcfc29,179.3.14,179,2,3,14,"[228.0, 71.0, 994.0, 914.0]",List-Group,"Brunie, rue du Four-Saint-Honoré, 15.  ",ENTRY,"<SUBJ>Brunie</SUBJ>, <ADDR>rue du Four-Saint-Honoré, 15.</ADDR>",1,0,1,1.0000,,,B-ENTRY,model,0.9922,2026-09-22 19:53:06,461f4a6ad89d
5ef71bea-792a-5682-b4c3-394c7d28120a,0036b97c-0fa0-5c4c-a4b0-22eb05df4c98,b616397ccc2a,179.3.15,179,2,3,15,"[228.0, 71.0, 994.0, 914.0]",List-Group,"Braslé, rue Férou.  ",ENTRY,"<SUBJ>Braslé</SUBJ>, <ADDR>rue Férou.</ADDR>",1,0,1,1.0000,,,B-ENTRY,model,0.9883,2026-09-22 19:53:06,46428884dbdd
2c633b68-7d3d-5418-ac7b-f2a45c66da36,0036b97c-0fa0-5c4c-a4b0-22eb05df4c98,766862b4fb61,179.3.16,179,2,3,16,"[228.0, 71.0, 994.0, 914.0]",List-Group,"Buchos, rue de l'École-de-Médecine, 20.  ",ENTRY,"<SUBJ>Buchos</SUBJ>, <ADDR>rue de l'École-de-Médecine, 20.</ADDR>",1,0,1,1.0000,,,B-ENTRY,model,0.9922,2026-09-22 19:53:06,a205e41b7ed7
e42242e7-4b76-5545-ae43-7772776915f9,0036b97c-0fa0-5c4c-a4b0-22eb05df4c98,a6cb33ce643a,179.3.17,179,2,3,17,"[228.0, 71.0, 994.0, 914.0]",List-Group,"Burard, rue de l'Égalité, 4.  ",ENTRY,"<SUBJ>Burard</SUBJ>, <ADDR>rue de l'Égalité, 4.</ADDR>",1,0,1,1.0000,,,B-ENTRY,model,0.9941,2026-09-22 19:53:06,7dc42609b88d
50067d66-7876-50ff-933f-992d8fb44c97,0036b97c-0fa0-5c4c-a4b0-22eb05df4c98,78b8720e1798,179.3.18,179,2,3,18,"[228.0, 71.0, 994.0, 914.0]",List-Group,"Buynin, rue du Faub.-Saint-Antoine, 5.  ",ENTRY,"<SUBJ>Buynin</SUBJ>, <ADDR>rue du Faub.-Saint-Antoine, 5.</ADDR>",1,0,1,1.0000,,,B-ENTRY,model,0.9923,2026-09-22 19:53:06,a85867eddd66
8fa87faf-5c27-50d0-802d-65fa64c91aa6,0036b97c-0fa0-5c4c-a4b0-22eb05df4c98,228d101b3b06,179.3.19,179,2,3,19,"[228.0, 71.0, 994.0, 914.0]",List-Group,"Caille, rue de l'Université, 7.  ",ENTRY,"<SUBJ>Caille</SUBJ>, <ADDR>rue de l'Université, 7.</ADDR>",1,0,1,1.0000,,,B-ENTRY,model,0.994,2026-09-22 19:53:06,5514c07d08e4
fafee08b-ad89-5812-9a31-2e7f275ae223,0036b97c-0fa0-5c4c-a4b0-22eb05df4c98,9b7f5a5cd8ce,179.3.20,179,2,3,20,"[228.0, 71.0, 994.0, 914.0]",List-Group,"Callet, rue des Fossés-Saint-Jacques.  ",ENTRY,"<SUBJ>Callet</SUBJ>, <ADDR>rue des Fossés-Saint-Jacques.</ADDR>",1,0,1,1.0000,,,B-ENTRY,model,0.99,2026-09-22 19:53:06,6c7eda552919
0743cfce-bf0b-5075-949a-66d44d2b3e72,0036b97c-0fa0-5c4c-a4b0-22eb05df4c98,d77992e29593,179.3.21,179,2,3,21,"[228.0, 71.0, 994.0, 914.0]",List-Group,"Cauvet, rue.....  ",ENTRY,"<SUBJ>Cauvet</SUBJ>, <ADDR>rue.....</ADDR>",1,0,1,1.0000,,,B-ENTRY,model,0.9814,2026-09-22 19:53:06,e743cf5eac99
7bbbc0a8-6b5a-596a-a8de-da77a5b21533,0036b97c-0fa0-5c4c-a4b0-22eb05df4c98,86337266599b,179.3.22,179,2,3,22,"[228.0, 71.0, 994.0, 914.0]",List-Group,"Capuron, rue Saint-André-des-Arcs, 58.  ",ENTRY,"<SUBJ>Capuron</SUBJ>, <ADDR>rue Saint-André-des-Arcs, 58.</ADDR>",1,0,1,1.0000,,,B-ENTRY,model,0.9915,2026-09-22 19:53:06,1bbaff9e260f
04d0f21e-2d0b-583f-b20b-f7b7f4e257c7,0036b97c-0fa0-5c4c-a4b0-22eb05df4c98,35558ff9530d,179.3.23,179,2,3,23,"[228.0, 71.0, 994.0, 914.0]",List-Group,"Carette, rue du Faub.-Saint-Jacques, 215.  ",ENTRY,"<SUBJ>Carette</SUBJ>, <ADDR>rue du Faub.-Saint-Jacques, 215.</ADDR>",1,0,1,1.0000,,,B-ENTRY,model,0.9923,2026-09-22 19:53:06,99ac5276ba00
6781a788-6596-5677-aab7-c9ea140cc382,0036b97c-0fa0-5c4c-a4b0-22eb05df4c98,44d3ec5c21c1,179.3.24,179,2,3,24,"[228.0, 71.0, 994.0, 914.0]",List-Group,"Carré, rue Thévenot, 7.  ",ENTRY,"<SUBJ>Carré</SUBJ>, <ADDR>rue Thévenot, 7.</ADDR>",1,0,1,1.0000,,,B-ENTRY,model,0.9855,2026-09-22 19:53:06,e7aedbda67af
aee80adc-f59d-5ada-aba1-bd848924665d,0036b97c-0fa0-5c4c-a4b0-22eb05df4c98,942c8daa5cbb,179.3.25,179,2,3,25,"[228.0, 71.0, 994.0, 914.0]",List-Group,"Casenave, rue Amelot, 52.  ",ENTRY,"<SUBJ>Casenave</SUBJ>, <ADDR>rue Amelot, 52.</ADDR>",1,0,1,1.0000,,,B-ENTRY,model,0.9856,2026-09-22 19:53:06,dda6d7eb9928
9cf9065d-4115-5671-acc3-b54f4eaf459b,0036b97c-0fa0-5c4c-a4b0-22eb05df4c98,9c3b58a8b546,179.3.26,179,2,3,26,"[228.0, 71.0, 994.0, 914.0]",List-Group,"Castel, rue du Bacq, 50.  ",ENTRY,"<SUBJ>Castel</SUBJ>, <ADDR>rue du Bacq, 50.</ADDR>",1,0,1,1.0000,,,B-ENTRY,model,0.9873,2026-09-22 19:53:06,b8735cd0f7cb
f80d452c-2cb0-5fcd-9e42-9628260753d3,0036b97c-0fa0-5c4c-a4b0-22eb05df4c98,950ec181e412,179.3.27,179,2,3,27,"[228.0, 71.0, 994.0, 914.0]",List-Group,"Cattet, rue Saint-Honoré, 125.  ",ENTRY,"<SUBJ>Cattet</SUBJ>, <ADDR>rue Saint-Honoré, 125.</ADDR>",1,0,1,1.0000,,,B-ENTRY,model,0.9913,2026-09-22 19:53:06,fd14950cf750
171c8098-94e4-5119-ad5b-410f5b81c970,0036b97c-0fa0-5c4c-a4b0-22eb05df4c98,"5c051c3c458a,d18df979b9bf","179.3.28,179.3.29","179,179","2,2","3,3","28,29","[228.0, 71.0, 994.0, 914.0],[228.0, 71.0, 994.0, 914.0]","List-Group,List-Group","Cattin-de-Beaumarchel, rue des Nonnain- dières, 18.",ENTRY,"<SUBJ>Cattin-de-Beaumarchel</SUBJ>, <ADDR>rue des Nonnain- dières, 18.</ADDR>",1,0,1,1.0000,,,"B-ENTRY,I-ENTRY","model,model","0.999,1.0","2026-09-22 19:53:06,2026-09-22 19:53:06",eee94a6fecfb
3715805e-188c-538d-afdf-8646f3262b52,0036b97c-0fa0-5c4c-a4b0-22eb05df4c98,1dfe784de024,179.3.30,179,2,3,30,"[228.0, 71.0, 994.0, 914.0]",List-Group,"Caulet, rue des Enfants-Rouges, 2.  ",ENTRY,"<SUBJ>Caulet</SUBJ>, <ADDR>rue des Enfants-Rouges, 2.</ADDR>",1,0,1,1.0000,,,B-ENTRY,model,0.9989,2026-09-22 19:53:06,8e8251541be0
3154a06c-4fd5-54f1-ae57-d0d5bc924508,0036b97c-0fa0-5c4c-a4b0-22eb05df4c98,c3a59afa8598,179.3.31,179,2,3,31,"[228.0, 71.0, 994.0, 914.0]",List-Group,"Cavalan, rue de Lille, 19.  ",ENTRY,"<SUBJ>Cavalan</SUBJ>, <ADDR>rue de Lille, 19.</ADDR>",1,0,1,1.0000,,,B-ENTRY,model,0.9872,2026-09-22 19:53:06,e7db612ffd88
5576a9c8-7cc7-51c3-a4aa-240b66c18e9f,0036b97c-0fa0-5c4c-a4b0-22eb05df4c98,7fdf9b38ea01,179.3.32,179,2,3,32,"[228.0, 71.0, 994.0, 914.0]",List-Group,"Cellier, rue de Cléry, 62.  ",ENTRY,"<SUBJ>Cellier</SUBJ>, <ADDR>rue de Cléry, 62.</ADDR>",1,0,1,1.0000,,,B-ENTRY,model,0.9872,2026-09-22 19:53:06,cc4dd89f932c
9e48cb9f-bd6a-57b6-9d79-e973b33ef8f8,0036b97c-0fa0-5c4c-a4b0-22eb05df4c98,708b84bb5411,179.3.33,179,2,3,33,"[228.0, 71.0, 994.0, 914.0]",List-Group,"Chailly, rue de la Calandre, 19.  ",ENTRY,"<SUBJ>Chailly</SUBJ>, <ADDR>rue de la Calandre, 19.</ADDR>",1,0,1,1.0000,,,B-ENTRY,model,0.9924,2026-09-22 19:53:06,59e9c016ac51
60c3e68d-c2fd-5a86-baf5-9c52b4d6adf1,0036b97c-0fa0-5c4c-a4b0-22eb05df4c98,23d8023c32ef,179.3.34,179,2,3,34,"[228.0, 71.0, 994.0, 914.0]",List-Group,"Chalibert, à Saint-Denis.  ",ENTRY,"<SUBJ>Chalibert</SUBJ>, <ADDR>à Saint-Denis.</ADDR>",1,0,1,1.0000,,,B-ENTRY,model,0.979,2026-09-22 19:53:06,119c250b92b0
faa87abd-b980-54a9-921a-53663a824afb,0036b97c-0fa0-5c4c-a4b0-22eb05df4c98,1c6fb81e316b,179.3.35,179,2,3,35,"[228.0, 71.0, 994.0, 914.0]",List-Group,"Chambon-de-Montant, rue Guénégand, 51.  ",ENTRY,"<SUBJ>Chambon-de-Montant</SUBJ>, <ADDR>rue Guénégand, 51.</ADDR>",1,0,1,1.0000,,,B-ENTRY,model,0.9856,2026-09-22 19:53:06,f690d5ed1164
f5228609-b9a1-5cb0-8f11-b88c4287dab7,0036b97c-0fa0-5c4c-a4b0-22eb05df4c98,508bc0ca9243,179.3.36,179,2,3,36,"[228.0, 71.0, 994.0, 914.0]",List-Group,"Chappon, rue du Cherche-Midi, 26.  ",ENTRY,"<SUBJ>Chappon</SUBJ>, <ADDR>rue du Cherche-Midi, 26.</ADDR>",1,0,1,1.0000,,,B-ENTRY,model,0.9941,2026-09-22 19:53:06,104416b49fc3
ddf83be5-5eed-5579-a93a-a688dfd3bf80,0036b97c-0fa0-5c4c-a4b0-22eb05df4c98,"5cac9e66e126,9f2ad210f279","179.3.37,179.3.38","179,179","2,2","3,3","37,38","[228.0, 71.0, 994.0, 914.0],[228.0, 71.0, 994.0, 914.0]","List-Group,List-Group","Chanssier, rue de la Montagne-Sainte- Geneviève, à l'École polytechnique.",ENTRY,"<SUBJ>Chanssier</SUBJ>, <ADDR>rue de la Montagne-Sainte- Geneviève, à l'École polytechnique.</ADDR>",1,0,1,1.0000,,,"B-ENTRY,I-ENTRY","human,human","1.0,1.0","2026-09-22 19:52:39,2026-09-22 19:52:39",1bad1a4a3073
938c2cf4-8d19-5260-80cf-5b130ed533b1,0036b97c-0fa0-5c4c-a4b0-22eb05df4c98,"fec7691f418b,717a891dc7c2","179.3.39,179.3.40","179,179","2,2","3,3","39,40","[228.0, 71.0, 994.0, 914.0],[228.0, 71.0, 994.0, 914.0]","List-Group,List-Group","Chanrot-de-Beauchêne, rue S.-Dominique- S.-Germain, 100.",ENTRY,"<SUBJ>Chanrot-de-Beauchêne</SUBJ>, <ADDR>rue S.-Dominique- S.-Germain, 100.</ADDR>",1,0,1,1.0000,,,"B-ENTRY,I-ENTRY","human,human","1.0,1.0","2026-09-22 19:52:04,2026-09-22 19:52:04",627248025b0d
b27b09ad-1d93-5a88-a316-e232caeb5632,0036b97c-0fa0-5c4c-a4b0-22eb05df4c98,6338633afc3a,179.3.41,179,2,3,41,"[228.0, 71.0, 994.0, 914.0]",List-Group,"Chevallier-Demolle, c.-de-s. du Doyenné.  ",ENTRY,"<SUBJ>Chevallier-Demolle</SUBJ>, <ADDR>c.-de-s. du Doyenné.</ADDR>",1,0,1,1.0000,,,B-ENTRY,model,0.9986,2026-09-22 19:53:06,5fa5359b04a0
90bde3f6-fb37-5ccb-8364-454aae6f2c0f,0036b97c-0fa0-5c4c-a4b0-22eb05df4c98,2eceac188bef,179.3.42,179,2,3,42,"[228.0, 71.0, 994.0, 914.0]",List-Group,"Chigot, rue de la Marche, 7.  ",ENTRY,"<SUBJ>Chigot</SUBJ>, <ADDR>rue de la Marche, 7.</ADDR>",1,0,1,1.0000,,,B-ENTRY,model,0.9923,2026-09-22 19:53:06,d2f342f73519
9974aeb2-4743-5c44-978e-3b3cff6240b8,0036b97c-0fa0-5c4c-a4b0-22eb05df4c98,"cab327b3582e,640310fe4f17","179.3.43,179.3.44","179,179","2,2","3,3","43,44","[228.0, 71.0, 994.0, 914.0],[228.0, 71.0, 994.0, 914.0]","List-Group,List-Group","Chrétien (P.-M.), rue des Blancs-Man- teaux, 16.",ENTRY,"<SUBJ>Chrétien (P.-M.)</SUBJ>, <ADDR>rue des Blancs-Man- teaux, 16.</ADDR>",1,0,1,1.0000,,,"B-ENTRY,I-ENTRY","model,model","0.9992,1.0","2026-09-22 19:53:06,2026-09-22 19:53:06",a9f1ed90dec6
04ae43e0-a55f-5994-b1b9-60432b0175c0,0036b97c-0fa0-5c4c-a4b0-22eb05df4c98,28248c2fa9f3,179.3.45,179,2,3,45,"[228.0, 71.0, 994.0, 914.0]",List-Group,"Chrétien-Lalanne, rue de Bracque, 10.  ",ENTRY,"<SUBJ>Chrétien-Lalanne</SUBJ>, <ADDR>rue de Bracque, 10.</ADDR>",1,0,1,1.0000,,,B-ENTRY,model,0.9997,2026-09-22 19:53:06,c0e590e263c9
ae8f9774-bd09-5a86-b6f4-103cf73aae29,0036b97c-0fa0-5c4c-a4b0-22eb05df4c98,11062d92af94,179.3.46,179,2,3,46,"[228.0, 71.0, 994.0, 914.0]",List-Group,"Collinet, rue Saint-André-des-Arcs, 10.  ",ENTRY,"<SUBJ>Collinet</SUBJ>, <ADDR>rue Saint-André-des-Arcs, 10.</ADDR>",1,0,1,1.0000,,,B-ENTRY,model,0.9914,2026-09-22 19:53:06,bb29fe14d158
3baf9a18-a59c-5736-8db5-eedfb2785102,0036b97c-0fa0-5c4c-a4b0-22eb05df4c98,48e25aae6592,179.3.47,179,2,3,47,"[228.0, 71.0, 994.0, 914.0]",List-Group,"Colon, rue des Fossés-Montmartre, 14.  ",ENTRY,"<SUBJ>Colon</SUBJ>, <ADDR>rue des Fossés-Montmartre, 14.</ADDR>",1,0,1,1.0000,,,B-ENTRY,model,0.9941,2026-09-22 19:53:06,5ce16ac97dca
5331ffac-6c8b-5503-a52b-707d391a4b6b,0036b97c-0fa0-5c4c-a4b0-22eb05df4c98,e99f54a4e5ac,179.3.48,179,2,3,48,"[228.0, 71.0, 994.0, 914.0]",List-Group,"Corbe, rue du Coq-Saint-Jean, 119.  ",ENTRY,"<SUBJ>Corbe</SUBJ>, <ADDR>rue du Coq-Saint-Jean, 119.</ADDR>",1,0,1,1.0000,,,B-ENTRY,model,0.9922,2026-09-22 19:53:06,195a09f61ee5
68b38aaf-1511-552d-b9e7-5852eb139188,0036b97c-0fa0-5c4c-a4b0-22eb05df4c98,"b8b2d7dd8399,e34b51b9059f","179.3.49,179.3.50","179,179","2,2","3,3","49,50","[228.0, 71.0, 994.0, 914.0],[228.0, 71.0, 994.0, 914.0]","List-Group,List-Group","Corvisard, *prem. médecin de l'Empereur*, rue S.-Dominique-S.-Germain, 87.",ENTRY,"<SUBJ>Corvisard</SUBJ>, *<DESC>prem. médecin de l'Empereur</DESC>*, <ADDR>rue S.-Dominique-S.-Germain, 87.</ADDR>",1,1,1,1.0000,,,"B-ENTRY,I-ENTRY","model,model","0.9991,0.9816","2026-09-22 19:53:06,2026-09-22 19:53:06",5febc0279171
78da6d01-d9b6-5b64-8b32-8b9fa17c1a3f,0036b97c-0fa0-5c4c-a4b0-22eb05df4c98,fc177ec3bb66,179.3.51,179,2,3,51,"[228.0, 71.0, 994.0, 914.0]",List-Group,"Coste, hôtel des Invalides.  ",ENTRY,"<SUBJ>Coste</SUBJ>, <ADDR>hôtel des Invalides.</ADDR>",1,0,1,1.0000,,,B-ENTRY,model,0.9859,2026-09-22 19:53:06,79f74c2d5f64
c5686caa-dc03-5bb7-a15f-b98c7dd7eb5a,0036b97c-0fa0-5c4c-a4b0-22eb05df4c98,12c8edd023d8,179.3.52,179,2,3,52,"[228.0, 71.0, 994.0, 914.0]",List-Group,"Couécou, rue Saint-Marc, 21.  ",ENTRY,"<SUBJ>Couécou</SUBJ>, <ADDR>rue Saint-Marc, 21.</ADDR>",1,0,1,1.0000,,,B-ENTRY,model,0.9913,2026-09-22 19:53:06,ad94b85b2c14
606a90d9-b8d7-59da-ba8c-17ef504c0a77,0036b97c-0fa0-5c4c-a4b0-22eb05df4c98,16b84fa54c62,179.3.53,179,2,3,53,"[228.0, 71.0, 994.0, 914.0]",List-Group,"Coutard, rue Saint-Honoré, 108.  ",ENTRY,"<SUBJ>Coutard</SUBJ>, <ADDR>rue Saint-Honoré, 108.</ADDR>",1,0,1,1.0000,,,B-ENTRY,model,0.9913,2026-09-22 19:53:06,c1effc45d40a
1516f9c5-4a7b-5cd9-a76c-3998eccc88f2,0036b97c-0fa0-5c4c-a4b0-22eb05df4c98,e7c090e7c6d1,179.3.54,179,2,3,54,"[228.0, 71.0, 994.0, 914.0]",List-Group,"Couad, rue de Miromesnil, 7.  ",ENTRY,"<SUBJ>Couad</SUBJ>, <ADDR>rue de Miromesnil, 7.</ADDR>",1,0,1,1.0000,,,B-ENTRY,model,0.9872,2026-09-22 19:53:06,ed11d27aacde
1c06a874-a4a6-5fe9-850b-3c45643da119,0036b97c-0fa0-5c4c-a4b0-22eb05df4c98,697bcf336746,179.3.55,179,2,3,55,"[228.0, 71.0, 994.0, 914.0]",List-Group,"Daignan, rue du Helder, 12.  ",ENTRY,"<SUBJ>Daignan</SUBJ>, <ADDR>rue du Helder, 12.</ADDR>",1,0,1,1.0000,,,B-ENTRY,model,0.9873,2026-09-22 19:53:06,e5291d9beaac
1b637327-8df5-58cb-be03-ebb0ab5a7151,0036b97c-0fa0-5c4c-a4b0-22eb05df4c98,6189d7fedc17,179.3.56,179,2,3,56,"[228.0, 71.0, 994.0, 914.0]",List-Group,"Danyau, rue Hautefeuille, 4.  ",ENTRY,"<SUBJ>Danyau</SUBJ>, <ADDR>rue Hautefeuille, 4.</ADDR>",1,0,1,1.0000,,,B-ENTRY,model,0.9855,2026-09-22 19:53:06,81475fca429b
4049c01e-2b83-595a-88e4-3f428df5c438,0036b97c-0fa0-5c4c-a4b0-22eb05df4c98,86ceb43d9e69,179.3.57,179,2,3,57,"[228.0, 71.0, 994.0, 914.0]",List-Group,"Dansse, rue Grange-Batelière, 26.  ",ENTRY,"<SUBJ>Dansse</SUBJ>, <ADDR>rue Grange-Batelière, 26.</ADDR>",1,0,1,1.0000,,,B-ENTRY,model,0.9914,2026-09-22 19:53:06,4483ec0732b9
84803288-7e88-53c0-b4b1-130b778d793c,0036b97c-0fa0-5c4c-a4b0-22eb05df4c98,97bc9be268a1,179.3.58,179,2,3,58,"[228.0, 71.0, 994.0, 914.0]",List-Group,"Dazille, rue Bergère, 12.  ",ENTRY,"<SUBJ>Dazille</SUBJ>, <ADDR>rue Bergère, 12.</ADDR>",1,0,1,1.0000,,,B-ENTRY,model,0.9855,2026-09-22 19:53:06,c9bd4702cdcf
e548dc4b-6fdb-5fc6-bc4b-6f098d43de0c,0036b97c-0fa0-5c4c-a4b0-22eb05df4c98,524ae2dd00d4,179.3.59,179,2,3,59,"[228.0, 71.0, 994.0, 914.0]",List-Group,"Decandolle, boulevard Montmartre, 10.  ",ENTRY,"<SUBJ>Decandolle</SUBJ>, <ADDR>boulevard Montmartre, 10.</ADDR>",1,0,1,1.0000,,,B-ENTRY,model,0.9856,2026-09-22 19:53:06,6c3ffbda24c6
6942f92e-24c1-5617-b73f-77dac596cc5c,0036b97c-0fa0-5c4c-a4b0-22eb05df4c98,b2c82c60d0a6,179.3.60,179,2,3,60,"[228.0, 71.0, 994.0, 914.0]",List-Group,"Defrasne, rue Meslé, 52.  ",ENTRY,"<SUBJ>Defrasne</SUBJ>, <ADDR>rue Meslé, 52.</ADDR>",1,0,1,1.0000,,,B-ENTRY,model,0.9854,2026-09-22 19:53:06,3f4276eb9539
616bcdff-4e00-563a-b377-76095d6394d8,0036b97c-0fa0-5c4c-a4b0-22eb05df4c98,e0d25cb22b51,179.3.61,179,2,3,61,"[228.0, 71.0, 994.0, 914.0]",List-Group,"De Jussieu (A.-L.), au Jardin des Plantes.  ",ENTRY,"<SUBJ>De Jussieu (A.-L.)</SUBJ>, <ADDR>au Jardin des Plantes.</ADDR>",1,0,1,1.0000,,,B-ENTRY,model,0.9934,2026-09-22 19:53:06,cc11f99e447d
7147c1d8-d85f-54fc-95c1-ea6d926f49b2,0036b97c-0fa0-5c4c-a4b0-22eb05df4c98,e6c8aa6f3935,179.3.62,179,2,3,62,"[228.0, 71.0, 994.0, 914.0]",List-Group,"De Jussieu (Chr.-Nic.), rue d'Enfer, 15.  ",ENTRY,"<SUBJ>De Jussieu (Chr.-Nic.)</SUBJ>, <ADDR>rue d'Enfer, 15.</ADDR>",1,0,1,1.0000,,,B-ENTRY,model,0.9862,2026-09-22 19:53:06,23af7e2f129b
af1036a8-cfb3-5e94-8ace-d602b0c0aea8,0036b97c-0fa0-5c4c-a4b0-22eb05df4c98,4daf64417c00,179.3.63,179,2,3,63,"[228.0, 71.0, 994.0, 914.0]",List-Group,"Delacoudraye, rue du Petit-Carrean, 45.  ",ENTRY,"<SUBJ>Delacoudraye</SUBJ>, <ADDR>rue du Petit-Carrean, 45.</ADDR>",1,0,1,1.0000,,,B-ENTRY,model,0.9941,2026-09-22 19:53:06,e760b0f53282
0573ef98-9a6f-58a5-aee9-d53e8389c355,0036b97c-0fa0-5c4c-a4b0-22eb05df4c98,4bb94f188fb1,179.3.64,179,2,3,64,"[228.0, 71.0, 994.0, 914.0]",List-Group,"Delamontagne, rue Saint-Antoine, 37.  ",ENTRY,"<SUBJ>Delamontagne</SUBJ>, <ADDR>rue Saint-Antoine, 37.</ADDR>",1,0,1,1.0000,,,B-ENTRY,model,0.9913,2026-09-22 19:53:06,aa08d989245b
419feaea-0f50-56bb-ad31-52cfcacb5834,0036b97c-0fa0-5c4c-a4b0-22eb05df4c98,b5572b997bbc,179.3.65,179,2,3,65,"[228.0, 71.0, 994.0, 914.0]",List-Group,"Delaporte, rue N.-des-Petits-Champs, 77.  ",ENTRY,"<SUBJ>Delaporte</SUBJ>, <ADDR>rue N.-des-Petits-Champs, 77.</ADDR>",1,0,1,1.0000,,,B-ENTRY,model,0.9918,2026-09-22 19:53:06,863c2979f283
2d833744-1afe-5a5c-94dd-70c7818d2fa6,0036b97c-0fa0-5c4c-a4b0-22eb05df4c98,f5aa9bfc69e9,179.3.66,179,2,3,66,"[228.0, 71.0, 994.0, 914.0]",List-Group,"Delaroche, rue Favart, 7.  ",ENTRY,"<SUBJ>Delaroche</SUBJ>, <ADDR>rue Favart, 7.</ADDR>",1,0,1,1.0000,,,B-ENTRY,model,0.9855,2026-09-22 19:53:06,b910cccf52d1
80b076e2-6fdb-5901-b91a-ea469a7a3eab,0036b97c-0fa0-5c4c-a4b0-22eb05df4c98,264be8cfea23,179.3.67,179,2,3,67,"[228.0, 71.0, 994.0, 914.0]",List-Group,"Delatour, rue des Barres, 15.  ",ENTRY,"<SUBJ>Delatour</SUBJ>, <ADDR>rue des Barres, 15.</ADDR>",1,0,1,1.0000,,,B-ENTRY,model,0.9873,2026-09-22 19:53:06,f42560d94342
f747902c-5e7d-5bd5-974e-ec46bc7929eb,0036b97c-0fa0-5c4c-a4b0-22eb05df4c98,f968620aafe1,179.3.68,179,2,3,68,"[228.0, 71.0, 994.0, 914.0]",List-Group,"Demercy, rue Meslé, 20.  ",ENTRY,"<SUBJ>Demercy</SUBJ>, <ADDR>rue Meslé, 20.</ADDR>",1,0,1,1.0000,,,B-ENTRY,model,0.9855,2026-09-22 19:53:06,c235245379b6
16d05840-0e87-592f-9c6f-365dcacba3c6,0036b97c-0fa0-5c4c-a4b0-22eb05df4c98,95f43d87a6a7,179.3.69,179,2,3,69,"[228.0, 71.0, 994.0, 914.0]",List-Group,"Demours, *ocul.*, rue de l'Université, 19.  ",ENTRY,"<SUBJ>Demours</SUBJ>, *<DESC>ocul.</DESC>*, <ADDR>rue de l'Université, 19.</ADDR>",1,1,1,1.0000,,,B-ENTRY,model,0.9933,2026-09-22 19:53:06,396f5e9f7ab7
df08c086-bb74-54b6-aa14-6f2713ce5f43,0036b97c-0fa0-5c4c-a4b0-22eb05df4c98,c587afd85bcb,179.3.70,179,2,3,70,"[228.0, 71.0, 994.0, 914.0]",List-Group,"Descemet, rue S.-Jacques, au Lycée, 125.  ",ENTRY,"<SUBJ>Descemet</SUBJ>, <ADDR>rue S.-Jacques, au Lycée, 125.</ADDR>",1,0,1,1.0000,,,B-ENTRY,model,0.9919,2026-09-22 19:53:06,f162c9743f9a
49bf3e37-4a42-58b1-9b35-56691f956dff,0036b97c-0fa0-5c4c-a4b0-22eb05df4c98,233d707e8a41,179.3.71,179,2,3,71,"[228.0, 71.0, 994.0, 914.0]",List-Group,"Deschamps fils, rue des Saints-Pères, 25.  ",ENTRY,"<SUBJ>Deschamps fils</SUBJ>, <ADDR>rue des Saints-Pères, 25.</ADDR>",1,0,1,1.0000,,,B-ENTRY,model,0.953,2026-09-22 19:53:06,8b3c33ef905a
0164ee4a-eda5-5f6c-9e45-63f8caa3fc2b,0036b97c-0fa0-5c4c-a4b0-22eb05df4c98,d9f893d8c810,179.3.72,179,2,3,72,"[228.0, 71.0, 994.0, 914.0]",List-Group,"Des Essarts, cul-de-sac Sourdis, 1.  ",ENTRY,"<SUBJ>Des Essarts</SUBJ>, <ADDR>cul-de-sac Sourdis, 1.</ADDR>",1,0,1,1.0000,,,B-ENTRY,model,0.9909,2026-09-22 19:53:06,437b6d3f966c
c667674b-f275-5d61-8526-774f9c687fdd,0036b97c-0fa0-5c4c-a4b0-22eb05df4c98,ca1a7e8e9ec6,179.3.73,179,2,3,73,"[228.0, 71.0, 994.0, 914.0]",List-Group,"Develly, rue de la Tixeranderie, 45.  ",ENTRY,"<SUBJ>Develly</SUBJ>, <ADDR>rue de la Tixeranderie, 45.</ADDR>",1,0,1,1.0000,,,B-ENTRY,human,1.0,2026-09-22 19:52:03,7c17d3aea0fa
7e83580c-1c4e-5365-b4eb-fff4607f9522,0036b97c-0fa0-5c4c-a4b0-22eb05df4c98,c86f74aa6abc,179.3.74,179,2,3,74,"[228.0, 71.0, 994.0, 914.0]",List-Group,"D'Hotel, rue des Boudonnais, 7.  ",ENTRY,"<SUBJ>D'Hotel</SUBJ>, <ADDR>rue des Boudonnais, 7.</ADDR>",1,0,1,1.0000,,,B-ENTRY,human,1.0,2026-09-22 19:52:03,738b216d92bf
5aa9a3a3-b501-5d68-8251-8757f7ffd6bc,0036b97c-0fa0-5c4c-a4b0-22eb05df4c98,cff17c44f86e,179.3.75,179,2,3,75,"[228.0, 71.0, 994.0, 914.0]",List-Group,"Double, rue Favart, 6.  ",ENTRY,"<SUBJ>Double</SUBJ>, <ADDR>rue Favart, 6.</ADDR>",1,0,1,1.0000,,,B-ENTRY,model,0.9867,2026-09-22 19:53:06,97d921d45fed
84362408-412c-5fb0-ad6b-6c9716329fcb,0036b97c-0fa0-5c4c-a4b0-22eb05df4c98,adbff2a1f164,179.3.76,179,2,3,76,"[228.0, 71.0, 994.0, 914.0]",List-Group,"Doussin-Dubreuil, rue du Jardinet, 3.  ",ENTRY,"<SUBJ>Doussin-Dubreuil</SUBJ>, <ADDR>rue du Jardinet, 3.</ADDR>",1,0,1,1.0000,,,B-ENTRY,model,0.9983,2026-09-22 19:53:06,90b872ac9d30
5e37df53-5dec-5c51-88a0-c5cecf16223f,0036b97c-0fa0-5c4c-a4b0-22eb05df4c98,88d0f348e62e,179.3.77,179,2,3,77,"[228.0, 71.0, 994.0, 914.0]",List-Group,"Dubois, rue de l'Observance, 3.  ",ENTRY,"<SUBJ>Dubois</SUBJ>, <ADDR>rue de l'Observance, 3.</ADDR>",1,0,1,1.0000,,,B-ENTRY,model,0.994,2026-09-22 19:53:06,7b8d7740f2fd
f90cd946-d14c-54bd-80e7-79b22551b4a0,0036b97c-0fa0-5c4c-a4b0-22eb05df4c98,983125e68593,179.3.78,179,2,3,78,"[228.0, 71.0, 994.0, 914.0]",List-Group,"Dubourg, rue Saint-Honoré, 66.  ",ENTRY,"<SUBJ>Dubourg</SUBJ>, <ADDR>rue Saint-Honoré, 66.</ADDR>",1,0,1,1.0000,,,B-ENTRY,model,0.9913,2026-09-22 19:53:06,f59255a40c6e
53c13faa-bc43-586f-a837-84cb33ec9f51,0036b97c-0fa0-5c4c-a4b0-22eb05df4c98,eefd60b45008,179.3.79,179,2,3,79,"[228.0, 71.0, 994.0, 914.0]",List-Group,"Duchanoy, rue Saint-Marc, 21.  ",ENTRY,"<SUBJ>Duchanoy</SUBJ>, <ADDR>rue Saint-Marc, 21.</ADDR>",1,0,1,1.0000,,,B-ENTRY,model,0.9913,2026-09-22 19:53:06,eb4a4e190642
f5d8b113-6373-59ea-8b59-50961fcf98d3,0036b97c-0fa0-5c4c-a4b0-22eb05df4c98,246d3a602c33,179.3.80,179,2,3,80,"[228.0, 71.0, 994.0, 914.0]",List-Group,"Dudonjon, cul-de-sac du Doyenné, 5.  ",ENTRY,"<SUBJ>Dudonjon</SUBJ>, <ADDR>cul-de-sac du Doyenné, 5.</ADDR>",1,0,1,1.0000,,,B-ENTRY,model,0.9915,2026-09-22 19:53:06,a93952266925
accc433c-f112-5275-9da7-6df30e8ad25c,0036b97c-0fa0-5c4c-a4b0-22eb05df4c98,ccb7a9c24fde,179.3.81,179,2,3,81,"[228.0, 71.0, 994.0, 914.0]",List-Group,"Duffour, rue de Boudy, 6.  ",ENTRY,"<SUBJ>Duffour</SUBJ>, <ADDR>rue de Boudy, 6.</ADDR>",1,0,1,1.0000,,,B-ENTRY,model,0.9871,2026-09-22 19:53:06,e22d693fe77a
d6d93743-5ef0-572d-9ce7-6f82811842f5,0036b97c-0fa0-5c4c-a4b0-22eb05df4c98,c22abd907596,179.3.82,179,2,3,82,"[228.0, 71.0, 994.0, 914.0]",List-Group,"Dulriche-Desgenettes, rue de Tournon, 6.  ",ENTRY,"<SUBJ>Dulriche-Desgenettes</SUBJ>, <ADDR>rue de Tournon, 6.</ADDR>",1,0,1,1.0000,,,B-ENTRY,model,0.9983,2026-09-22 19:53:06,1e049e20582f
678bcabe-3fd0-5804-aaf7-5b6dfcbd03c9,0036b97c-0fa0-5c4c-a4b0-22eb05df4c98,55f0e74e03df,179.3.83,179,2,3,83,"[228.0, 71.0, 994.0, 914.0]",List-Group,"Dumanjin, rue Traversière-S.-Honoré, 25.  ",ENTRY,"<SUBJ>Dumanjin</SUBJ>, <ADDR>rue Traversière-S.-Honoré, 25.</ADDR>",1,0,1,1.0000,,,B-ENTRY,model,0.9914,2026-09-22 19:53:06,bc8bd3258590
d57a0ee1-9208-5548-ac0c-1fa0b4031cd1,0036b97c-0fa0-5c4c-a4b0-22eb05df4c98,f931e7dc10fd,179.3.84,179,2,3,84,"[228.0, 71.0, 994.0, 914.0]",List-Group,"Dumas, rue de Sèvres, 54.  ",ENTRY,"<SUBJ>Dumas</SUBJ>, <ADDR>rue de Sèvres, 54.</ADDR>",1,0,1,1.0000,,,B-ENTRY,model,0.9872,2026-09-22 19:53:06,ea8b9e965c9f
06e34e29-fd22-5f68-aaf9-d5f616b16b50,0036b97c-0fa0-5c4c-a4b0-22eb05df4c98,56c88b109bd7,179.3.85,179,2,3,85,"[228.0, 71.0, 994.0, 914.0]",List-Group,"Duméril, rue de l'Estrapade, 25.  ",ENTRY,"<SUBJ>Duméril</SUBJ>, <ADDR>rue de l'Estrapade, 25.</ADDR>",1,0,1,1.0000,,,B-ENTRY,model,0.9941,2026-09-22 19:53:06,6cd3a7bc3a0a
013f3fce-c938-5f92-804a-b607e3a2826a,0036b97c-0fa0-5c4c-a4b0-22eb05df4c98,ec54e2bf19b3,179.3.86,179,2,3,86,"[228.0, 71.0, 994.0, 914.0]",List-Group,"Dupont, rue Neuve-S.-Roch, 57.  ",ENTRY,"<SUBJ>Dupont</SUBJ>, <ADDR>rue Neuve-S.-Roch, 57.</ADDR>",1,0,1,1.0000,,,B-ENTRY,model,0.9914,2026-09-22 19:53:06,3d6cde14e3e2
00d85ad3-9952-5e5a-bb21-5777b6fe0d0c,0036b97c-0fa0-5c4c-a4b0-22eb05df4c98,"b4ea9d934291,ac0976e23c71","179.3.87,179.3.88","179,179","2,2","3,3","87,88","[228.0, 71.0, 994.0, 914.0],[228.0, 71.0, 994.0, 914.0]","List-Group,List-Group","Dupré-Petit, rues de Thionville et Con- trescarpe.",ENTRY,"<SUBJ>Dupré-Petit</SUBJ>, <ADDR>rues de Thionville et Con- trescarpe.</ADDR>",1,0,1,1.0000,,,"B-ENTRY,I-ENTRY","model,model","0.9998,1.0","2026-09-22 19:53:06,2026-09-22 19:53:06",fd83a4e653fc
fbe1d6d3-8245-57e1-b811-cbe328df9126,0036b97c-0fa0-5c4c-a4b0-22eb05df4c98,155f9af1dc85,179.3.89,179,2,3,89,"[228.0, 71.0, 994.0, 914.0]",List-Group,"Durand, rue de l'École-de-Médecine, 52.  ",ENTRY,"<SUBJ>Durand</SUBJ>, <ADDR>rue de l'École-de-Médecine, 52.</ADDR>",1,0,1,1.0000,,,B-ENTRY,model,0.9983,2026-09-22 19:53:06,041561aef831
355b975d-0612-5646-bd88-1b3dfbed93ec,0036b97c-0fa0-5c4c-a4b0-22eb05df4c98,1087f62dc8e3,179.3.90,179,2,3,90,"[228.0, 71.0, 994.0, 914.0]",List-Group,"Dutertre, rue du Mont-Blanc, 58.  ",ENTRY,"<SUBJ>Dutertre</SUBJ>, <ADDR>rue du Mont-Blanc, 58.</ADDR>",1,0,1,1.0000,,,B-ENTRY,model,0.994,2026-09-22 19:53:06,f70c914836fb
db2bcc5d-c1d0-5c66-b85f-42f86eb1e3f9,0036b97c-0fa0-5c4c-a4b0-22eb05df4c98,6771b171a3c5,179.3.91,179,2,3,91,"[228.0, 71.0, 994.0, 914.0]",List-Group,"Emmonnot, rue Traversière-S.-Honoré, 29.  ",ENTRY,"<SUBJ>Emmonnot</SUBJ>, <ADDR>rue Traversière-S.-Honoré, 29.</ADDR>",1,0,1,1.0000,,,B-ENTRY,model,0.9914,2026-09-22 19:53:06,93dbbaafcfaf
a0d67326-a7e7-5942-9552-da6c781c8451,0036b97c-0fa0-5c4c-a4b0-22eb05df4c98,37ad9ffe9dbb,179.3.92,179,2,3,92,"[228.0, 71.0, 994.0, 914.0]",List-Group,"Euguehard, rue Sainte-Apolline, 10.  ",ENTRY,"<SUBJ>Euguehard</SUBJ>, <ADDR>rue Sainte-Apolline, 10.</ADDR>",1,0,1,1.0000,,,B-ENTRY,model,0.9913,2026-09-22 19:53:06,2fe8458e498a
06fbd2f2-cfe5-54b3-856f-dc823efd9b0e,0036b97c-0fa0-5c4c-a4b0-22eb05df4c98,8ff1f0907ab3,179.3.93,179,2,3,93,"[228.0, 71.0, 994.0, 914.0]",List-Group,"Esquirol, boulevard de l'Hôpital, 16.  ",ENTRY,"<SUBJ>Esquirol</SUBJ>, <ADDR>boulevard de l'Hôpital, 16.</ADDR>",1,0,1,1.0000,,,B-ENTRY,model,0.994,2026-09-22 19:53:06,892a5764bb35
9230bdea-cc26-5564-939f-4b4e87184505,0036b97c-0fa0-5c4c-a4b0-22eb05df4c98,"a0cb035078c3,541b433a4c15","179.3.94,179.3.95","179,179","2,2","3,3","94,95","[228.0, 71.0, 994.0, 914.0],[228.0, 71.0, 994.0, 914.0]","List-Group,List-Group","Evesque, *et accoucheur*, rue des Fossés- Montmartre, 25.",ENTRY,"<SUBJ>Evesque</SUBJ>, *<DESC>et accoucheur</DESC>*, <ADDR>rue des Fossés- Montmartre, 25.</ADDR>",1,1,1,1.0000,,,"B-ENTRY,I-ENTRY","human,human","1.0,1.0","2026-09-22 19:52:38,2026-09-22 19:52:38",3dee5cf27709
eb98784d-f9a6-54e5-a245-22ad5566d5d5,0036b97c-0fa0-5c4c-a4b0-22eb05df4c98,38e201c4b499,179.3.96,179,2,3,96,"[228.0, 71.0, 994.0, 914.0]",List-Group,"Fabré, *et acc.*, rue de l'Arbre-sec, 35.  ",ENTRY,"<SUBJ>Fabré</SUBJ>, *<DESC>et acc.</DESC>*, <ADDR>rue de l'Arbre-sec, 35.</ADDR>",1,1,1,1.0000,,,B-ENTRY,model,0.9986,2026-09-22 19:53:06,4c6b7e052b54
8da42e78-ca3e-5cd5-b00a-e7531b4d611e,0036b97c-0fa0-5c4c-a4b0-22eb05df4c98,a90073cb0233,179.3.97,179,2,3,97,"[228.0, 71.0, 994.0, 914.0]",List-Group,"Fautrelle, rue de Fourcy, 1.  ",ENTRY,"<SUBJ>Fautrelle</SUBJ>, <ADDR>rue de Fourcy, 1.</ADDR>",1,0,1,1.0000,,,B-ENTRY,model,0.987,2026-09-22 19:53:06,60c139e8033b
eadf49d4-ce74-5bc5-819c-c772e53f65b0,0036b97c-0fa0-5c4c-a4b0-22eb05df4c98,"b911740ba530,3db5ca4d5bfb","179.3.98,179.3.99","179,179","2,2","3,3","98,99","[228.0, 71.0, 994.0, 914.0],[228.0, 71.0, 994.0, 914.0]","List-Group,List-Group","Favareille-Placal (P.), quai de la Tour- nelle, 55.",ENTRY,"<SUBJ>Favareille-Placal (P.)</SUBJ>, <ADDR>quai de la Tour- nelle, 55.</ADDR>",1,0,1,1.0000,,,"B-ENTRY,I-ENTRY","model,model","0.9997,1.0","2026-09-22 19:53:06,2026-09-22 19:53:06",a473c14e6588
b99aee38-9c94-51b5-ba4b-a1f5da759f36,0036b97c-0fa0-5c4c-a4b0-22eb05df4c98,64d6df7c31ee,179.3.100,179,2,3,100,"[228.0, 71.0, 994.0, 914.0]",List-Group,"Fels, rue de Sèvres, 21.  ",ENTRY,"<SUBJ>Fels</SUBJ>, <ADDR>rue de Sèvres, 21.</ADDR>",1,0,1,1.0000,,,B-ENTRY,model,0.9975,2026-09-22 19:53:06,f3b394fcafd5
7611010a-78f2-516b-a950-75e10cfee645,0036b97c-0fa0-5c4c-a4b0-22eb05df4c98,ee9c6dbee9bb,179.3.101,179,2,3,101,"[228.0, 71.0, 994.0, 914.0]",List-Group,"Ferat, à Saint-Denis.  ",ENTRY,"<SUBJ>Ferat</SUBJ>, <ADDR>à Saint-Denis.</ADDR>",1,0,1,1.0000,,,B-ENTRY,model,0.9787,2026-09-22 19:53:06,1a4ccda74e44
6c81cc26-41fa-5181-974e-55643cd20a32,0036b97c-0fa0-5c4c-a4b0-22eb05df4c98,24f31bd57e0a,179.3.102,179,2,3,102,"[228.0, 71.0, 994.0, 914.0]",List-Group,"Férey (J.-G.), rue Saint-Sauveur, 14.  ",ENTRY,"<SUBJ>Férey (J.-G.)</SUBJ>, <ADDR>rue Saint-Sauveur, 14.</ADDR>",1,0,1,1.0000,,,B-ENTRY,model,0.9983,2026-09-22 19:53:06,669cb277216c
418f9f4f-0618-5fc1-a848-f4af78d878e7,0036b97c-0fa0-5c4c-a4b0-22eb05df4c98,689e3b53dd04,179.3.103,179,2,3,103,"[228.0, 71.0, 994.0, 914.0]",List-Group,"Fizeau, rue Baillette, 5.  ",ENTRY,"<SUBJ>Fizeau</SUBJ>, <ADDR>rue Baillette, 5.</ADDR>",1,0,1,1.0000,,,B-ENTRY,model,0.9855,2026-09-22 19:53:06,d4a92ef6f313
26d38696-5053-528b-b35f-27e0735c8851,0036b97c-0fa0-5c4c-a4b0-22eb05df4c98,74d89aa2ce96,179.3.104,179,2,3,104,"[228.0, 71.0, 994.0, 914.0]",List-Group,"Foix, rue Neuve-des-Petits-Champs.  ",ENTRY,"<SUBJ>Foix</SUBJ>, <ADDR>rue Neuve-des-Petits-Champs.</ADDR>",1,0,1,1.0000,,,B-ENTRY,model,0.9792,2026-09-22 19:53:06,033534988d7f
236852f0-5d17-58a1-b0f1-bd38afb90a45,0036b97c-0fa0-5c4c-a4b0-22eb05df4c98,d8ed2b6f00ab,179.3.105,179,2,3,105,"[228.0, 71.0, 994.0, 914.0]",List-Group,"Force, gr. rue du Faub.-S.-Antoine, 274.  ",ENTRY,"<SUBJ>Force</SUBJ>, <ADDR>gr. rue du Faub.-S.-Antoine, 274.</ADDR>",1,0,1,1.0000,,,B-ENTRY,model,0.9916,2026-09-22 19:53:06,ea751aea3521
82f86c57-ec89-5fa4-897f-2a8274c7a41d,0036b97c-0fa0-5c4c-a4b0-22eb05df4c98,d5a12835c046,179.3.106,179,2,3,106,"[228.0, 71.0, 994.0, 914.0]",List-Group,"Forestier, rue de Richelieu, 7.  ",ENTRY,"<SUBJ>Forestier</SUBJ>, <ADDR>rue de Richelieu, 7.</ADDR>",1,0,1,1.0000,,,B-ENTRY,model,0.9872,2026-09-22 19:53:06,9107d859064c
aa2daa00-ea85-557a-90d8-9960072922e6,0036b97c-0fa0-5c4c-a4b0-22eb05df4c98,cbb6de12720f,179.3.107,179,2,3,107,"[228.0, 71.0, 994.0, 914.0]",List-Group,"Foubert, rue du Regard, 16.  ",ENTRY,"<SUBJ>Foubert</SUBJ>, <ADDR>rue du Regard, 16.</ADDR>",1,0,1,1.0000,,,B-ENTRY,model,0.9872,2026-09-22 19:53:06,d16b8cf25a53
381226b2-b0cd-502a-ac7f-a706f41bcd78,0036b97c-0fa0-5c4c-a4b0-22eb05df4c98,4c2ab92fc988,179.3.108,179,2,3,108,"[228.0, 71.0, 994.0, 914.0]",List-Group,"Fouquier, rue des Grands-Augustins, 21.  ",ENTRY,"<SUBJ>Fouquier</SUBJ>, <ADDR>rue des Grands-Augustins, 21.</ADDR>",1,0,1,1.0000,,,B-ENTRY,model,0.9941,2026-09-22 19:53:06,8b7821b76219
cf60d52f-294c-5633-be3c-eadd2d93bdce,0036b97c-0fa0-5c4c-a4b0-22eb05df4c98,16ec9b496e00,179.3.109,179,2,3,109,"[228.0, 71.0, 994.0, 914.0]",List-Group,"Fourcadelle, rue des Gravilliers, 48.  ",ENTRY,"<SUBJ>Fourcadelle</SUBJ>, <ADDR>rue des Gravilliers, 48.</ADDR>",1,0,1,1.0000,,,B-ENTRY,model,0.987,2026-09-22 19:53:06,33b777cac4a5
e501e9a6-b942-5d82-9874-327be8a69e49,0036b97c-0fa0-5c4c-a4b0-22eb05df4c98,"5560c35e491e,252171740e23","179.3.110,179.3.111","179,179","2,2","3,3","110,111","[228.0, 71.0, 994.0, 914.0],[228.0, 71.0, 994.0, 914.0]","List-Group,List-Group","Foureroy, *conseiller d'état*, au Jardin des Plantes.",ENTRY,"<SUBJ>Foureroy</SUBJ>, *<DESC>conseiller d'état</DESC>*, <ADDR>au Jardin des Plantes.</ADDR>",1,1,1,1.0000,,,"B-ENTRY,I-ENTRY","model,model","0.994,0.9668","2026-09-22 19:53:06,2026-09-22 19:53:06",fcb7b2e9872e
635d821d-be15-5198-8107-9dbf9e7527d4,0036b97c-0fa0-5c4c-a4b0-22eb05df4c98,"ddfd8f07cc2d,c9f66ac2ee19","179.3.112,179.3.113","179,179","2,2","3,3","112,113","[228.0, 71.0, 994.0, 914.0],[228.0, 71.0, 994.0, 914.0]","List-Group,List-Group","Foureau-Beauregard, rue J.-J.-Rous- seau, 12.",ENTRY,"<SUBJ>Foureau-Beauregard</SUBJ>, <ADDR>rue J.-J.-Rous- seau, 12.</ADDR>",1,0,1,1.0000,,,"B-ENTRY,I-ENTRY","model,model","0.9989,1.0","2026-09-22 19:53:06,2026-09-22 19:53:06",9d243ff0571c
c2d9bb14-a73b-59b9-85aa-63a0c84aefa0,0036b97c-0fa0-5c4c-a4b0-22eb05df4c98,3877bb1b6b20,179.3.114,179,2,3,114,"[228.0, 71.0, 994.0, 914.0]",List-Group,"Fourier-Duportail, rue S.-Denis, 574.  ",ENTRY,"<SUBJ>Fourier-Duportail</SUBJ>, <ADDR>rue S.-Denis, 574.</ADDR>",1,0,1,1.0000,,,B-ENTRY,model,0.9996,2026-09-22 19:53:06,eed1a95d697e
a0bb6b19-f48a-5878-94a7-9ef15bd84331,0036b97c-0fa0-5c4c-a4b0-22eb05df4c98,9354a6d8985b,179.3.115,179,2,3,115,"[228.0, 71.0, 994.0, 914.0]",List-Group,"Gardien, cloître Saint-Benoît, 4.  ",ENTRY,"<SUBJ>Gardien</SUBJ>, <ADDR>cloître Saint-Benoît, 4.</ADDR>",1,0,1,1.0000,,,B-ENTRY,model,0.9913,2026-09-22 19:53:06,5425bd064ca3
66b8d0c7-71dd-5083-97b5-5e8a9ac60217,0036b97c-0fa0-5c4c-a4b0-22eb05df4c98,8691af8c3006,179.3.116,179,2,3,116,"[228.0, 71.0, 994.0, 914.0]",List-Group,"Gardien, rue Montmartre, 157.  ",ENTRY,"<SUBJ>Gardien</SUBJ>, <ADDR>rue Montmartre, 157.</ADDR>",1,0,1,1.0000,,,B-ENTRY,model,0.9855,2026-09-22 19:53:06,8e4b827d100a
f4bc3939-fd79-5588-bb99-1c5d663c98e8,0036b97c-0fa0-5c4c-a4b0-22eb05df4c98,7ae786558815,179.3.117,179,2,3,117,"[228.0, 71.0, 994.0, 914.0]",List-Group,"Gaux, place Desaix, 24.  ",ENTRY,"<SUBJ>Gaux</SUBJ>, <ADDR>place Desaix, 24.</ADDR>",1,0,1,1.0000,,,B-ENTRY,model,0.9856,2026-09-22 19:53:06,4c45dbcb4028
431fa342-1fb5-54ce-925f-dfd346f1b6e1,0036b97c-0fa0-5c4c-a4b0-22eb05df4c98,15644dc7e377,179.3.118,179,2,3,118,"[228.0, 71.0, 994.0, 914.0]",List-Group,"Gay, rue du Doyenné, 3.  ",ENTRY,"<SUBJ>Gay</SUBJ>, <ADDR>rue du Doyenné, 3.</ADDR>",1,0,1,1.0000,,,B-ENTRY,model,0.9871,2026-09-22 19:53:06,40281f49b309
60b93d63-6a30-5f10-8d49-9aa9337fc295,0036b97c-0fa0-5c4c-a4b0-22eb05df4c98,"3fe8f4954151,9af1b165997c","179.3.119,179.3.120","179,179","2,2","3,3","119,120","[228.0, 71.0, 994.0, 914.0],[228.0, 71.0, 994.0, 914.0]","List-Group,List-Group","Geoffroy, rue S.-Jacques, aux Feuillan- tines.",ENTRY,"<SUBJ>Geoffroy</SUBJ>, <ADDR>rue S.-Jacques, aux Feuillan- tines.</ADDR>",1,0,1,1.0000,,,"B-ENTRY,I-ENTRY","human,human","1.0,1.0","2026-09-22 19:51:18,2026-09-22 19:51:18",defcb8474994
ed703250-c55b-5872-887e-e70163e4ff20,0036b97c-0fa0-5c4c-a4b0-22eb05df4c98,"c197bcb045b3,8ea4961c1b8e","179.3.121,179.3.122","179,179","2,2","3,3","121,122","[228.0, 71.0, 994.0, 914.0],[228.0, 71.0, 994.0, 914.0]","List-Group,List-Group","Geoffroy, rue Sainte-Croix-de-la-Breton- nerie, 2.",ENTRY,"<SUBJ>Geoffroy</SUBJ>, <ADDR>rue Sainte-Croix-de-la-Breton- nerie, 2.</ADDR>",1,0,1,1.0000,,,"B-ENTRY,I-ENTRY","model,model","0.9976,1.0","2026-09-22 19:53:06,2026-09-22 19:53:06",e85962e1435f
64138b32-054a-580a-a791-63499985c15d,0036b97c-0fa0-5c4c-a4b0-22eb05df4c98,18900d1ad744,179.3.123,179,2,3,123,"[228.0, 71.0, 994.0, 914.0]",List-Group,"Géraud, rue de la Harpe, 81.  ",ENTRY,"<SUBJ>Géraud</SUBJ>, <ADDR>rue de la Harpe, 81.</ADDR>",1,0,1,1.0000,,,B-ENTRY,model,0.9985,2026-09-22 19:53:06,bb24e70c24a8
a5837e07-7d7e-5650-8ecf-8f0d51af62bc,0036b97c-0fa0-5c4c-a4b0-22eb05df4c98,6b8b9b5809b8,179.3.124,179,2,3,124,"[228.0, 71.0, 994.0, 914.0]",List-Group,"Gilbert, rue d'Enfer, 42.  ",ENTRY,"<SUBJ>Gilbert</SUBJ>, <ADDR>rue d'Enfer, 42.</ADDR>",1,0,1,1.0000,,,B-ENTRY,model,0.9923,2026-09-22 19:53:06,3356730556d8
eaff38fe-bcf5-5e9f-b873-2e9b7be49b08,0036b97c-0fa0-5c4c-a4b0-22eb05df4c98,159703cb7d5b,179.3.125,179,2,3,125,"[228.0, 71.0, 994.0, 914.0]",List-Group,"Gilbert, rue du Faub.-Saint-Jacques, 59.  ",ENTRY,"<SUBJ>Gilbert</SUBJ>, <ADDR>rue du Faub.-Saint-Jacques, 59.</ADDR>",1,0,1,1.0000,,,B-ENTRY,model,0.9921,2026-09-22 19:53:06,19e0b6d5b789
8856895e-0645-5cf9-9056-21159a8674bf,0036b97c-0fa0-5c4c-a4b0-22eb05df4c98,86080a75e3ce,179.3.126,179,2,3,126,"[228.0, 71.0, 994.0, 914.0]",List-Group,"Gille, cul-de-sac de la Tixeranderie, 8.",ENTRY,"<SUBJ>Gille</SUBJ>, <ADDR>cul-de-sac de la Tixeranderie, 8.</ADDR>",1,0,1,1.0000,,,B-ENTRY,model,0.9819,2026-09-22 19:53:06,5e8f823dcf63
e00f9725-8611-5b1b-ab9b-d61e13de389f,0036b97c-0fa0-5c4c-a4b0-22eb05df4c98,b8af05eb2156,180.1.0,180,0,1,0,"[260.0, 29.0, 732.0, 54.0]",Page-Header,Docteurs en médecine. - PARIS.,OUT OF SCOPE,,,,,,,,OUT OF SCOPE,model,0.9977,2026-09-22 19:53:06,482274951624
3676bdd6-c067-58f2-aa2f-9abc74d10363,0036b97c-0fa0-5c4c-a4b0-22eb05df4c98,f6b9b6ccd044,180.2.0,180,1,2,0,"[877.0, 29.0, 940.0, 50.0]",Page-Header,315,OUT OF SCOPE,,,,,,,,OUT OF SCOPE,model,0.9934,2026-09-22 19:53:06,482274951624
928e73fa-f431-5c05-861c-d33654553092,0036b97c-0fa0-5c4c-a4b0-22eb05df4c98,571b951d9482,180.3.0,180,2,3,0,"[63.0, 58.0, 946.0, 903.0]",List-Group,"Giraudy, rue d'Argenteuil, 37.  ",ENTRY,"<SUBJ>Giraudy</SUBJ>, <ADDR>rue d'Argenteuil, 37.</ADDR>",1,0,1,1.0000,,,B-ENTRY,model,0.9871,2026-09-22 19:53:06,f79f17608747
d6c3c266-6ed0-599b-b2e9-3c86ce0393d4,0036b97c-0fa0-5c4c-a4b0-22eb05df4c98,b8360a0d1d4f,180.3.1,180,2,3,1,"[63.0, 58.0, 946.0, 903.0]",List-Group,"Gissot, rue N.e-des-Petits-Champs, 81.  ",ENTRY,"<SUBJ>Gissot</SUBJ>, <ADDR>rue N.e-des-Petits-Champs, 81.</ADDR>",1,0,1,1.0000,,,B-ENTRY,model,0.9917,2026-09-22 19:53:06,6076e547abac
b8cb71d2-9cfe-5e87-9ca5-0d04e5c8a9ca,0036b97c-0fa0-5c4c-a4b0-22eb05df4c98,6d4fc88c8d8d,180.3.2,180,2,3,2,"[63.0, 58.0, 946.0, 903.0]",List-Group,"Goetz, rue de la Bienfaisance, 5.  ",ENTRY,"<SUBJ>Goetz</SUBJ>, <ADDR>rue de la Bienfaisance, 5.</ADDR>",1,0,1,1.0000,,,B-ENTRY,model,0.9924,2026-09-22 19:53:06,4c8114778b9b
9acb1888-5348-556c-b981-a4e668c367ce,0036b97c-0fa0-5c4c-a4b0-22eb05df4c98,72b5df490b14,180.3.3,180,2,3,3,"[63.0, 58.0, 946.0, 903.0]",List-Group,"Gondret, rue de la Soudrière, 24.  ",ENTRY,"<SUBJ>Gondret</SUBJ>, <ADDR>rue de la Soudrière, 24.</ADDR>",1,0,1,1.0000,,,B-ENTRY,model,0.9924,2026-09-22 19:53:06,6539d1da6f4d
3f5cf41c-17ef-5ec9-9547-6f300ef5533c,0036b97c-0fa0-5c4c-a4b0-22eb05df4c98,30606c9ad8be,180.3.4,180,2,3,4,"[63.0, 58.0, 946.0, 903.0]",List-Group,"Goutte, rue du Sépulchre, 2.  ",ENTRY,"<SUBJ>Goutte</SUBJ>, <ADDR>rue du Sépulchre, 2.</ADDR>",1,0,1,1.0000,,,B-ENTRY,model,0.9872,2026-09-22 19:53:06,6d1ffbcf9b88
443800ad-8e74-59e5-8b00-12ebddb3f3f2,0036b97c-0fa0-5c4c-a4b0-22eb05df4c98,c87d4ea8fbe2,180.3.5,180,2,3,5,"[63.0, 58.0, 946.0, 903.0]",List-Group,"Graperon, rue Montorgueil, 71.  ",ENTRY,"<SUBJ>Graperon</SUBJ>, <ADDR>rue Montorgueil, 71.</ADDR>",1,0,1,1.0000,,,B-ENTRY,model,0.9855,2026-09-22 19:53:06,78c6e6871f33
375af4ff-01f6-515f-bb25-ab680efc32e4,0036b97c-0fa0-5c4c-a4b0-22eb05df4c98,f158e7ccec0a,180.3.6,180,2,3,6,"[63.0, 58.0, 946.0, 903.0]",List-Group,"Gras, accoucheur, rue Beaubourg, 50.  ",ENTRY,"<SUBJ>Gras</SUBJ>, <DESC>accoucheur</DESC>, <ADDR>rue Beaubourg, 50.</ADDR>",1,1,1,1.0000,,,B-ENTRY,model,0.9914,2026-09-22 19:53:06,f82aeda45c34
eee5a9d9-1950-5143-8134-25e7ec46d877,0036b97c-0fa0-5c4c-a4b0-22eb05df4c98,061145875829,180.3.7,180,2,3,7,"[63.0, 58.0, 946.0, 903.0]",List-Group,"Grozieux, rue.....  ",ENTRY,"<SUBJ>Grozieux</SUBJ>, <ADDR>rue.....</ADDR>",1,0,1,1.0000,,,B-ENTRY,model,0.9817,2026-09-22 19:53:06,dd0e9ef4de29
289098ca-72e6-599e-9beb-82ea7d04cee4,0036b97c-0fa0-5c4c-a4b0-22eb05df4c98,ab5a50c3bf0a,180.3.8,180,2,3,8,"[63.0, 58.0, 946.0, 903.0]",List-Group,"Gueneau, rue Cassette, 34.  ",ENTRY,"<SUBJ>Gueneau</SUBJ>, <ADDR>rue Cassette, 34.</ADDR>",1,0,1,1.0000,,,B-ENTRY,model,0.9854,2026-09-22 19:53:06,d3945e40b564
5e21ab93-6e3f-5e38-8f4e-685f312246a6,0036b97c-0fa0-5c4c-a4b0-22eb05df4c98,64a12a4e7897,180.3.9,180,2,3,9,"[63.0, 58.0, 946.0, 903.0]",List-Group,"Guérinet, rue de Sorbonne.  ",ENTRY,"<SUBJ>Guérinet</SUBJ>, <ADDR>rue de Sorbonne.</ADDR>",1,0,1,1.0000,,,B-ENTRY,model,0.9822,2026-09-22 19:53:06,3239ce6679c6
340c9825-1b7d-57fa-8d9d-7f201153cfb3,0036b97c-0fa0-5c4c-a4b0-22eb05df4c98,743580eb4f6c,180.3.10,180,2,3,10,"[63.0, 58.0, 946.0, 903.0]",List-Group,"Guignard, rue du Sentier, 6.  ",ENTRY,"<SUBJ>Guignard</SUBJ>, <ADDR>rue du Sentier, 6.</ADDR>",1,0,1,1.0000,,,B-ENTRY,model,0.9871,2026-09-22 19:53:06,0f118caba5f7
dd3722d8-8557-5023-8884-0ee930cf936f,0036b97c-0fa0-5c4c-a4b0-22eb05df4c98,35c50900a30d,180.3.11,180,2,3,11,"[63.0, 58.0, 946.0, 903.0]",List-Group,"Guilbert, rue d'Enfer-S.-Germain, 8.  ",ENTRY,"<SUBJ>Guilbert</SUBJ>, <ADDR>rue d'Enfer-S.-Germain, 8.</ADDR>",1,0,1,1.0000,,,B-ENTRY,model,0.9923,2026-09-22 19:53:06,a4c70194528e
446ad129-d5ab-5f0f-9d25-176e1a9cf2e8,0036b97c-0fa0-5c4c-a4b0-22eb05df4c98,d566625c380b,180.3.12,180,2,3,12,"[63.0, 58.0, 946.0, 903.0]",List-Group,"Guilbert, rue Pierre-Sarrazin, 10.  ",ENTRY,"<SUBJ>Guilbert</SUBJ>, <ADDR>rue Pierre-Sarrazin, 10.</ADDR>",1,0,1,1.0000,,,B-ENTRY,model,0.9913,2026-09-22 19:53:06,fb779dc544d7
8ff957c3-cfb2-5fb2-8732-83b4aea015f2,0036b97c-0fa0-5c4c-a4b0-22eb05df4c98,8b12ea28b08d,180.3.13,180,2,3,13,"[63.0, 58.0, 946.0, 903.0]",List-Group,"Guillotin, rue Saint-Roch, 37.  ",ENTRY,"<SUBJ>Guillotin</SUBJ>, <ADDR>rue Saint-Roch, 37.</ADDR>",1,0,1,1.0000,,,B-ENTRY,model,0.9913,2026-09-22 19:53:06,e3435fc3e7fe
f2aabc11-ac91-5daf-8ea3-f39e0087446d,0036b97c-0fa0-5c4c-a4b0-22eb05df4c98,cc5b391a7a40,180.3.14,180,2,3,14,"[63.0, 58.0, 946.0, 903.0]",List-Group,"Gainot, rue des Fontaines-Nationales, 10.  ",ENTRY,"<SUBJ>Gainot</SUBJ>, <ADDR>rue des Fontaines-Nationales, 10.</ADDR>",1,0,1,1.0000,,,B-ENTRY,model,0.994,2026-09-22 19:53:06,48f6365ba077
f0a4d1f5-ca62-5c64-a7a2-3025a6d5a9b2,0036b97c-0fa0-5c4c-a4b0-22eb05df4c98,"d316aaf02915,b283f2d9aa75","180.3.15,180.3.16","180,180","2,2","3,3","15,16","[63.0, 58.0, 946.0, 903.0],[63.0, 58.0, 946.0, 903.0]","List-Group,List-Group","Hallé, *prem. médecin ordin. de l'Empe- reur*, rue Pierre-Sarrazin, 10.",ENTRY,"<SUBJ>Hallé</SUBJ>, *<DESC>prem. médecin ordin. de l'Empe- reur</DESC>*, <ADDR>rue Pierre-Sarrazin, 10.</ADDR>",1,1,1,1.0000,,,"B-ENTRY,I-ENTRY","human,human","1.0,1.0","2026-09-22 19:52:32,2026-09-22 19:52:32",6052cf45c45d
14374f35-beb8-58e9-b89b-4ec98deba4e9,0036b97c-0fa0-5c4c-a4b0-22eb05df4c98,fd6496e1e43d,180.3.17,180,2,3,17,"[63.0, 58.0, 946.0, 903.0]",List-Group,"Hamel, rue des Fossés-Montmartre, 15.  ",ENTRY,"<SUBJ>Hamel</SUBJ>, <ADDR>rue des Fossés-Montmartre, 15.</ADDR>",1,0,1,1.0000,,,B-ENTRY,model,0.9989,2026-09-22 19:53:06,0ee3cade431f
2ab9a019-a0c8-52ef-8c68-932102dce8f8,0036b97c-0fa0-5c4c-a4b0-22eb05df4c98,ac6324abb430,180.3.18,180,2,3,18,"[63.0, 58.0, 946.0, 903.0]",List-Group,"Heurteloup, rue Favart, 8.  ",ENTRY,"<SUBJ>Heurteloup</SUBJ>, <ADDR>rue Favart, 8.</ADDR>",1,0,1,1.0000,,,B-ENTRY,model,0.9852,2026-09-22 19:53:06,19eac7907da0
9af81a1c-44d3-5464-b853-189e51a298ef,0036b97c-0fa0-5c4c-a4b0-22eb05df4c98,"b7e42b589387,145de40e20fa","180.3.19,180.3.20","180,180","2,2","3,3","19,20","[63.0, 58.0, 946.0, 903.0],[63.0, 58.0, 946.0, 903.0]","List-Group,List-Group","Hoffmann, dit Laffecteur, rue des Petits- Augustins, 11.",ENTRY,"<SUBJ>Hoffmann, dit Laffecteur</SUBJ>, <ADDR>rue des Petits- Augustins, 11.</ADDR>",1,0,1,0.9999,,,"B-ENTRY,I-ENTRY","model,model","0.9986,0.9639","2026-09-22 19:53:06,2026-09-22 19:53:06",a842ae4b9be4
70e13eb2-4287-5b10-93e4-37822b650bf0,0036b97c-0fa0-5c4c-a4b0-22eb05df4c98,e5c38399ba42,180.3.21,180,2,3,21,"[63.0, 58.0, 946.0, 903.0]",List-Group,"Horeau, rue S.-Dominique-S.-Germ., 55.  ",ENTRY,"<SUBJ>Horeau</SUBJ>, <ADDR>rue S.-Dominique-S.-Germ., 55.</ADDR>",1,0,1,1.0000,,,B-ENTRY,model,0.9974,2026-09-22 19:53:06,be01114ba0af
64f7ee1e-99b9-5977-a3ad-fd9eaf4f2e75,0036b97c-0fa0-5c4c-a4b0-22eb05df4c98,927c07a2b33d,180.3.22,180,2,3,22,"[63.0, 58.0, 946.0, 903.0]",List-Group,"Husson, à l'Ecole de Médecine.  ",ENTRY,"<SUBJ>Husson</SUBJ>, <ADDR>à l'Ecole de Médecine.</ADDR>",1,0,1,1.0000,,,B-ENTRY,model,0.9948,2026-09-22 19:53:06,91b8d2e641b8
cd4dca67-b38d-5085-8c94-2c3234b0b445,0036b97c-0fa0-5c4c-a4b0-22eb05df4c98,81217197bcc4,180.3.23,180,2,3,23,"[63.0, 58.0, 946.0, 903.0]",List-Group,"Itard, rue du Faub.-Saint-Jacques, 256.  ",ENTRY,"<SUBJ>Itard</SUBJ>, <ADDR>rue du Faub.-Saint-Jacques, 256.</ADDR>",1,0,1,1.0000,,,B-ENTRY,model,0.9923,2026-09-22 19:53:06,2949ddb6f2b5
aac93d6b-c4bf-5fb7-a3f0-f634e8e42bc2,0036b97c-0fa0-5c4c-a4b0-22eb05df4c98,5b2f4a728d9d,180.3.24,180,2,3,24,"[63.0, 58.0, 946.0, 903.0]",List-Group,"Jabalot, rue Neuve-Saint-Méry, 12.  ",ENTRY,"<SUBJ>Jabalot</SUBJ>, <ADDR>rue Neuve-Saint-Méry, 12.</ADDR>",1,0,1,1.0000,,,B-ENTRY,model,0.9855,2026-09-22 19:53:06,78493b5f77b8
ddd88280-c701-596a-b730-6993ac83d2b6,0036b97c-0fa0-5c4c-a4b0-22eb05df4c98,115ee130add3,180.3.25,180,2,3,25,"[63.0, 58.0, 946.0, 903.0]",List-Group,"Jacquemín, rue Sainte-Avoie, 9.  ",ENTRY,"<SUBJ>Jacquemín</SUBJ>, <ADDR>rue Sainte-Avoie, 9.</ADDR>",1,0,1,1.0000,,,B-ENTRY,model,0.9914,2026-09-22 19:53:06,69c042de71fe
55d4b690-eb94-51ad-9ec8-0af92dd86b8e,0036b97c-0fa0-5c4c-a4b0-22eb05df4c98,71f17d536aad,180.3.26,180,2,3,26,"[63.0, 58.0, 946.0, 903.0]",List-Group,"Jacques, rue Etienne, 3.  ",ENTRY,"<SUBJ>Jacques</SUBJ>, <ADDR>rue Etienne, 3.</ADDR>",1,0,1,1.0000,,,B-ENTRY,model,0.9855,2026-09-22 19:53:06,da93c638980b
2f4d371b-5a21-5a92-ac1a-b34cef8c6a1d,0036b97c-0fa0-5c4c-a4b0-22eb05df4c98,4db45ce344a7,180.3.27,180,2,3,27,"[63.0, 58.0, 946.0, 903.0]",List-Group,"Jadélot, rue de Vaugirard, 75.  ",ENTRY,"<SUBJ>Jadélot</SUBJ>, <ADDR>rue de Vaugirard, 75.</ADDR>",1,0,1,1.0000,,,B-ENTRY,model,0.9873,2026-09-22 19:53:06,87a3db9d31b8
0cd075d4-d715-56ba-bd07-d2023b26f2c4,0036b97c-0fa0-5c4c-a4b0-22eb05df4c98,dd06bac9e85e,180.3.28,180,2,3,28,"[63.0, 58.0, 946.0, 903.0]",List-Group,"Jeannet des Longrois, rue de la Vrillière, 2.  ",ENTRY,"<SUBJ>Jeannet des Longrois</SUBJ>, <ADDR>rue de la Vrillière, 2.</ADDR>",1,0,1,1.0000,,,B-ENTRY,model,0.9871,2026-09-22 19:53:06,a86a2743e05a
db277fc1-4848-5f56-99df-71a837ef83cb,0036b97c-0fa0-5c4c-a4b0-22eb05df4c98,c732cc43b514,180.3.29,180,2,3,29,"[63.0, 58.0, 946.0, 903.0]",List-Group,"Jeanroy (Dieudonné), rue S.-Martin, 261.  ",ENTRY,"<SUBJ>Jeanroy (Dieudonné)</SUBJ>, <ADDR>rue S.-Martin, 261.</ADDR>",1,0,1,1.0000,,,B-ENTRY,model,0.9997,2026-09-22 19:53:06,5c2997c9c236
2a482b54-bd28-590b-a0a3-069d89184e4c,0036b97c-0fa0-5c4c-a4b0-22eb05df4c98,6f2da47405be,180.3.30,180,2,3,30,"[63.0, 58.0, 946.0, 903.0]",List-Group,"Jeanroy (N.), rue du Doyenné, 3.  ",ENTRY,"<SUBJ>Jeanroy (N.)</SUBJ>, <ADDR>rue du Doyenné, 3.</ADDR>",1,0,1,1.0000,,,B-ENTRY,model,0.9982,2026-09-22 19:53:06,0b7bde4cc8e9
c6231984-318e-5237-87db-4aa28f12af7c,0036b97c-0fa0-5c4c-a4b0-22eb05df4c98,a9de0525d3e0,180.3.31,180,2,3,31,"[63.0, 58.0, 946.0, 903.0]",List-Group,"Jouarme, rue S.-Florentin, 17.  ",ENTRY,"<SUBJ>Jouarme</SUBJ>, <ADDR>rue S.-Florentin, 17.</ADDR>",1,0,1,1.0000,,,B-ENTRY,model,0.9934,2026-09-22 19:53:06,ab7248db43c7
d31487b5-6116-5c43-a898-9102f9afa252,0036b97c-0fa0-5c4c-a4b0-22eb05df4c98,6ef9debba54e,180.3.32,180,2,3,32,"[63.0, 58.0, 946.0, 903.0]",List-Group,"Jonard, marché d'Aguesseau, 502.  ",ENTRY,"<SUBJ>Jonard</SUBJ>, <ADDR>marché d'Aguesseau, 502.</ADDR>",1,0,1,0.9997,,,B-ENTRY,model,0.9923,2026-09-22 19:53:06,ffba83ebfb44
78bb7b8c-3908-5f8b-8c5b-7161fc59ae5e,0036b97c-0fa0-5c4c-a4b0-22eb05df4c98,710040fa5d61,180.3.33,180,2,3,33,"[63.0, 58.0, 946.0, 903.0]",List-Group,"Joubert (Elie), rue du Fb.-Poissonnière, 2.  ",ENTRY,"<SUBJ>Joubert (Elie)</SUBJ>, <ADDR>rue du Fb.-Poissonnière, 2.</ADDR>",1,0,1,1.0000,,,B-ENTRY,model,0.9997,2026-09-22 19:53:06,fd11f56f4a2a
5865bcb3-641f-5da6-b24a-fe4dede4a519,0036b97c-0fa0-5c4c-a4b0-22eb05df4c98,84995dbe5613,180.3.34,180,2,3,34,"[63.0, 58.0, 946.0, 903.0]",List-Group,"Joubert (Louis), rue de Bussy, 15.  ",ENTRY,"<SUBJ>Joubert (Louis)</SUBJ>, <ADDR>rue de Bussy, 15.</ADDR>",1,0,1,1.0000,,,B-ENTRY,model,0.9995,2026-09-22 19:53:06,7812104a215b
e084ffa2-da1c-5f37-932a-c29eecbe623d,0036b97c-0fa0-5c4c-a4b0-22eb05df4c98,3c38607f5e71,180.3.35,180,2,3,35,"[63.0, 58.0, 946.0, 903.0]",List-Group,"Jumelin, rue S.-Jacques, au Lycée, 121.  ",ENTRY,"<SUBJ>Jumelin</SUBJ>, <ADDR>rue S.-Jacques, au Lycée, 121.</ADDR>",1,0,1,1.0000,,,B-ENTRY,human,1.0,2026-09-22 19:49:56,8cf4a15b1f4d
001694b3-2ea0-5893-a461-b0bc458bba3a,0036b97c-0fa0-5c4c-a4b0-22eb05df4c98,"8fb6882ee095,509974014514","180.3.36,180.3.37","180,180","2,2","3,3","36,37","[63.0, 58.0, 946.0, 903.0],[63.0, 58.0, 946.0, 903.0]","List-Group,List-Group","Kéraudren, *médecin de la marine*, rue de la Place-Vendôme, 16.",ENTRY,"<SUBJ>Kéraudren</SUBJ>, *<DESC>médecin de la marine</DESC>*, <ADDR>rue de la Place-Vendôme, 16.</ADDR>",1,1,1,1.0000,,,"B-ENTRY,I-ENTRY","human,human","1.0,1.0","2026-09-22 19:49:56,2026-09-22 19:50:01",fe605d08611e
0d8231da-ba57-54f5-a9b1-687001942131,0036b97c-0fa0-5c4c-a4b0-22eb05df4c98,5f0651e0d17e,180.3.38,180,2,3,38,"[63.0, 58.0, 946.0, 903.0]",List-Group,"Kerjean, rue Croix-des-Petits-Champs, 53.  ",ENTRY,"<SUBJ>Kerjean</SUBJ>, <ADDR>rue Croix-des-Petits-Champs, 53.</ADDR>",1,0,1,1.0000,,,B-ENTRY,human,1.0,2026-09-22 19:50:01,95ae7bc750de
c8243b6c-7608-510b-b0cd-20bd9180fe69,0036b97c-0fa0-5c4c-a4b0-22eb05df4c98,3e2ed2838f17,180.3.39,180,2,3,39,"[63.0, 58.0, 946.0, 903.0]",List-Group,"Laborie (P.), rue S.-Denis, C. Batavé, 21.  ",ENTRY,"<SUBJ>Laborie (P.)</SUBJ>, <ADDR>rue S.-Denis, C. Batavé, 21.</ADDR>",1,0,1,1.0000,,,B-ENTRY,model,0.9983,2026-09-22 19:53:06,b132506eaa04
c025c3df-4f67-56e6-a111-55264e0fa7a7,0036b97c-0fa0-5c4c-a4b0-22eb05df4c98,2b04c66d1ee0,180.3.40,180,2,3,40,"[63.0, 58.0, 946.0, 903.0]",List-Group,"Laenne, rue du Jardinet, 5.  ",ENTRY,"<SUBJ>Laenne</SUBJ>, <ADDR>rue du Jardinet, 5.</ADDR>",1,0,1,1.0000,,,B-ENTRY,model,0.987,2026-09-22 19:53:06,f61735eaa622
d0afbf00-86db-5a6e-bf73-9f812d668118,0036b97c-0fa0-5c4c-a4b0-22eb05df4c98,"6096986b31d1,c1f65f6850b2","180.3.41,180.3.42","180,180","2,2","3,3","41,42","[63.0, 58.0, 946.0, 903.0],[63.0, 58.0, 946.0, 903.0]","List-Group,List-Group","Lafon (*à l'hospice des Orphelins*), rue Copeau.",ENTRY,"<SUBJ>Lafon</SUBJ> <DESC>(*à l'hospice des Orphelins*)</DESC>, <ADDR>rue Copeau.</ADDR>",1,1,1,1.0000,,,"B-ENTRY,I-ENTRY","model,model","0.9981,0.9679","2026-09-22 19:53:06,2026-09-22 19:53:06",d1ceefbe6ebc
a8f2720e-f820-5007-80ca-7e7a9a287337,0036b97c-0fa0-5c4c-a4b0-22eb05df4c98,afcede1242af,180.3.43,180,2,3,43,"[63.0, 58.0, 946.0, 903.0]",List-Group,"Lalé, rue Beaurepaire, 24.  ",ENTRY,"<SUBJ>Lalé</SUBJ>, <ADDR>rue Beaurepaire, 24.</ADDR>",1,0,1,1.0000,,,B-ENTRY,model,0.9856,2026-09-22 19:53:06,bbdf22c6f08a
2380fff9-4370-5374-bc9c-616c5f6a36fe,0036b97c-0fa0-5c4c-a4b0-22eb05df4c98,b9cd1b45a969,180.3.44,180,2,3,44,"[63.0, 58.0, 946.0, 903.0]",List-Group,"Lallemand, rue S.-Honoré, 89.  ",ENTRY,"<SUBJ>Lallemand</SUBJ>, <ADDR>rue S.-Honoré, 89.</ADDR>",1,0,1,1.0000,,,B-ENTRY,model,0.9935,2026-09-22 19:53:06,cc94f772a33a
f76cd38c-1468-562e-b5e1-581c3cef927a,0036b97c-0fa0-5c4c-a4b0-22eb05df4c98,c3e2a00ec2d3,180.3.45,180,2,3,45,"[63.0, 58.0, 946.0, 903.0]",List-Group,"Lalouette, rue Jacob, 7.  ",ENTRY,"<SUBJ>Lalouette</SUBJ>, <ADDR>rue Jacob, 7.</ADDR>",1,0,1,1.0000,,,B-ENTRY,model,0.9855,2026-09-22 19:53:06,9c9cd289af6e
8fdc5673-adf1-5a3c-b11a-3fd03dd95be6,0036b97c-0fa0-5c4c-a4b0-22eb05df4c98,8ed6ae2380d9,180.3.46,180,2,3,46,"[63.0, 58.0, 946.0, 903.0]",List-Group,"Lamotte, rue Thibautodé, 7.  ",ENTRY,"<SUBJ>Lamotte</SUBJ>, <ADDR>rue Thibautodé, 7.</ADDR>",1,0,1,1.0000,,,B-ENTRY,model,0.9854,2026-09-22 19:53:06,6946bcb3afca
b496556a-6222-5922-bf84-4b7dd9823856,0036b97c-0fa0-5c4c-a4b0-22eb05df4c98,766c4fea4bc8,180.3.47,180,2,3,47,"[63.0, 58.0, 946.0, 903.0]",List-Group,"Landré-Beanvais, à la Salpêtrière, 7.  ",ENTRY,"<SUBJ>Landré-Beanvais</SUBJ>, <ADDR>à la Salpêtrière, 7.</ADDR>",1,0,1,1.0000,,,B-ENTRY,model,0.9983,2026-09-22 19:53:06,f441bbbf738c
c01ef0d4-10fa-53f1-999e-1162a7fbfc23,0036b97c-0fa0-5c4c-a4b0-22eb05df4c98,6f24d0ced101,180.3.48,180,2,3,48,"[63.0, 58.0, 946.0, 903.0]",List-Group,"Lannefranque, rue Christine, 3.  ",ENTRY,"<SUBJ>Lannefranque</SUBJ>, <ADDR>rue Christine, 3.</ADDR>",1,0,1,1.0000,,,B-ENTRY,model,0.9854,2026-09-22 19:53:06,71ede23684da
0c1dc00b-9352-5247-a83b-61347405822d,0036b97c-0fa0-5c4c-a4b0-22eb05df4c98,bc1f799279bd,180.3.49,180,2,3,49,"[63.0, 58.0, 946.0, 903.0]",List-Group,"Larbaud, rue Montmartre, 129.  ",ENTRY,"<SUBJ>Larbaud</SUBJ>, <ADDR>rue Montmartre, 129.</ADDR>",1,0,1,1.0000,,,B-ENTRY,model,0.9856,2026-09-22 19:53:06,d9788654b605
57f14da4-5c2e-5005-af95-e8b66c1b927e,0036b97c-0fa0-5c4c-a4b0-22eb05df4c98,1760dc55e18d,180.3.50,180,2,3,50,"[63.0, 58.0, 946.0, 903.0]",List-Group,"Largueze, rue des Tournelles, 52.  ",ENTRY,"<SUBJ>Largueze</SUBJ>, <ADDR>rue des Tournelles, 52.</ADDR>",1,0,1,1.0000,,,B-ENTRY,model,0.987,2026-09-22 19:53:06,d05a61ff9252
98eebd37-d2f4-5a1a-b512-ee8fcc6c7dd0,0036b97c-0fa0-5c4c-a4b0-22eb05df4c98,0015e6aa5176,180.3.51,180,2,3,51,"[63.0, 58.0, 946.0, 903.0]",List-Group,"Laservolle, rue de la Harpe.  ",ENTRY,"<SUBJ>Laservolle</SUBJ>, <ADDR>rue de la Harpe.</ADDR>",1,0,1,1.0000,,,B-ENTRY,model,0.9864,2026-09-22 19:53:06,d367bc3205ea
4b04ccb6-af8b-5134-bfa4-45d5720114e6,0036b97c-0fa0-5c4c-a4b0-22eb05df4c98,16c69636c3bb,180.3.52,180,2,3,52,"[63.0, 58.0, 946.0, 903.0]",List-Group,"Lasne, rue Française, 4.  ",ENTRY,"<SUBJ>Lasne</SUBJ>, <ADDR>rue Française, 4.</ADDR>",1,0,1,1.0000,,,B-ENTRY,model,0.9854,2026-09-22 19:53:06,4dbbf27484f9
97f4a01e-7197-5be5-be16-597ef2e5188a,0036b97c-0fa0-5c4c-a4b0-22eb05df4c98,71a220896369,180.3.53,180,2,3,53,"[63.0, 58.0, 946.0, 903.0]",List-Group,"Lasserre, rue du Mont-Blanc, 50.  ",ENTRY,"<SUBJ>Lasserre</SUBJ>, <ADDR>rue du Mont-Blanc, 50.</ADDR>",1,0,1,1.0000,,,B-ENTRY,human,1.0,2026-09-22 19:52:30,de0ddb547e8f
1deef9b2-eae0-5a76-9ce0-2068b696c4fb,0036b97c-0fa0-5c4c-a4b0-22eb05df4c98,282737dd4a45,180.3.54,180,2,3,54,"[63.0, 58.0, 946.0, 903.0]",List-Group,"Lebegue de Presle, rue S.-Jacques.  ",ENTRY,"<SUBJ>Lebegue de Presle</SUBJ>, <ADDR>rue S.-Jacques.</ADDR>",1,0,1,1.0000,,,B-ENTRY,human,1.0,2026-09-22 19:52:30,14b64b7cc798
b06a054a-5a84-56cb-aa8c-d9078ce972ea,0036b97c-0fa0-5c4c-a4b0-22eb05df4c98,"b53d86df8127,ad91a45efda7","180.3.55,180.3.56","180,180","2,2","3,3","55,56","[63.0, 58.0, 946.0, 903.0],[63.0, 58.0, 946.0, 903.0]","List-Group,List-Group","Leblanc, rue du Fb.-S.-Jacques, à l'hos- pice des Vénériens, 59.",ENTRY,"<SUBJ>Leblanc</SUBJ>, <ADDR>rue du Fb.-S.-Jacques, à l'hos- pice des Vénériens, 59.</ADDR>",1,0,1,1.0000,,,"B-ENTRY,I-ENTRY","model,model","0.9833,1.0","2026-09-22 19:53:06,2026-09-22 19:53:06",d166646f6366
77796778-2a6e-5c5f-a895-851207b40931,0036b97c-0fa0-5c4c-a4b0-22eb05df4c98,55e076b7415d,180.3.57,180,2,3,57,"[63.0, 58.0, 946.0, 903.0]",List-Group,"Leclerc, rue de la Liberté, 12.  ",ENTRY,"<SUBJ>Leclerc</SUBJ>, <ADDR>rue de la Liberté, 12.</ADDR>",1,0,1,1.0000,,,B-ENTRY,model,0.9985,2026-09-22 19:53:06,d1e63756e964
0d370633-64b5-5277-8d07-1ce9ab92cbde,0036b97c-0fa0-5c4c-a4b0-22eb05df4c98,ed50ab27337e,180.3.58,180,2,3,58,"[63.0, 58.0, 946.0, 903.0]",List-Group,"Ledru, rue Neuve-S.-Paul, 2.  ",ENTRY,"<SUBJ>Ledru</SUBJ>, <ADDR>rue Neuve-S.-Paul, 2.</ADDR>",1,0,1,1.0000,,,B-ENTRY,model,0.9914,2026-09-22 19:53:06,417d21e7e195
582feb8e-d10a-5496-a854-bb5dbfbdcc6a,0036b97c-0fa0-5c4c-a4b0-22eb05df4c98,fefadcdbd89d,180.3.59,180,2,3,59,"[63.0, 58.0, 946.0, 903.0]",List-Group,"Legallois, rue de la Harpe, 29.  ",ENTRY,"<SUBJ>Legallois</SUBJ>, <ADDR>rue de la Harpe, 29.</ADDR>",1,0,1,1.0000,,,B-ENTRY,model,0.9923,2026-09-22 19:53:06,c76e08c529e5
366db8ec-229e-5ef8-afbd-bd71b1c69356,0036b97c-0fa0-5c4c-a4b0-22eb05df4c98,"f6c53fc37b5b,9c649f45070d","180.3.60,180.3.61","180,180","2,2","3,3","60,61","[63.0, 58.0, 946.0, 903.0],[63.0, 58.0, 946.0, 903.0]","List-Group,List-Group","Lemaire, hôtel Soubise, 1, rue Vieille-du- Temple, 87.",ENTRY,"<SUBJ>Lemaire</SUBJ>, <ADDR>hôtel Soubise, 1, rue Vieille-du- Temple, 87.</ADDR>",1,0,1,1.0000,,,"B-ENTRY,I-ENTRY","human,human","1.0,1.0","2026-09-22 19:52:54,2026-09-22 19:52:54",cfb81658f40c
d0082f1a-ba9d-5360-b633-da5b1968ac32,0036b97c-0fa0-5c4c-a4b0-22eb05df4c98,f8ae420ce5d3,180.3.62,180,2,3,62,"[63.0, 58.0, 946.0, 903.0]",List-Group,"Lemoine, rue des Vieux-Augustins, 18.  ",ENTRY,"<SUBJ>Lemoine</SUBJ>, <ADDR>rue des Vieux-Augustins, 18.</ADDR>",1,0,1,1.0000,,,B-ENTRY,human,1.0,2026-09-22 19:52:59,c5746d9cf9a3
3604eb4e-fc00-5adb-a6d5-9cd0d612605a,0036b97c-0fa0-5c4c-a4b0-22eb05df4c98,2811c88279ea,180.3.63,180,2,3,63,"[63.0, 58.0, 946.0, 903.0]",List-Group,Lepage de Liugerville.  ,ENTRY,<SUBJ>Lepage de Liugerville.</SUBJ>,1,0,0,1.0000,,,B-ENTRY,human,1.0,2026-09-22 19:52:59,691cebac1c9d
2778c516-1c47-53c7-871a-467c7474459f,0036b97c-0fa0-5c4c-a4b0-22eb05df4c98,23e7dd786331,180.3.64,180,2,3,64,"[63.0, 58.0, 946.0, 903.0]",List-Group,"Lepreux, cloître N.-Dame, 10.  ",ENTRY,"<SUBJ>Lepreux</SUBJ>, <ADDR>cloître N.-Dame, 10.</ADDR>",1,0,1,1.0000,,,B-ENTRY,model,0.9935,2026-09-22 19:53:06,b0948a3b7a91
c42b6804-dff9-5d89-ad01-0b8cd9ff60a0,0036b97c-0fa0-5c4c-a4b0-22eb05df4c98,0bd98590d165,180.3.65,180,2,3,65,"[63.0, 58.0, 946.0, 903.0]",List-Group,"Leroy (Alphonse), rue de Vaugirard, 84.  ",ENTRY,"<SUBJ>Leroy (Alphonse)</SUBJ>, <ADDR>rue de Vaugirard, 84.</ADDR>",1,0,1,1.0000,,,B-ENTRY,model,0.9995,2026-09-22 19:53:06,db064edcc81c
f85c52a5-84fe-5f92-a2fc-fcbef9426ff0,0036b97c-0fa0-5c4c-a4b0-22eb05df4c98,983c9a5e697d,180.3.66,180,2,3,66,"[63.0, 58.0, 946.0, 903.0]",List-Group,"Leroux (J. J.), rue de Verneuil, 25.  ",ENTRY,"<SUBJ>Leroux (J. J.)</SUBJ>, <ADDR>rue de Verneuil, 25.</ADDR>",1,0,1,1.0000,,,B-ENTRY,model,0.9982,2026-09-22 19:53:06,6fe1e2e5d802
bb26e70c-2f6b-5f01-89ad-8a43dd987e0b,0036b97c-0fa0-5c4c-a4b0-22eb05df4c98,db2796b45641,180.3.67,180,2,3,67,"[63.0, 58.0, 946.0, 903.0]",List-Group,"Leroy (Jacq. Agathange), rue Bailletie, 5.  ",ENTRY,"<SUBJ>Leroy (Jacq. Agathange)</SUBJ>, <ADDR>rue Bailletie, 5.</ADDR>",1,0,1,1.0000,,,B-ENTRY,model,0.9997,2026-09-22 19:53:06,b2486cea4f64
875d8966-8521-5011-b2dc-a3e45b7286d6,0036b97c-0fa0-5c4c-a4b0-22eb05df4c98,110904273eb7,180.3.68,180,2,3,68,"[63.0, 58.0, 946.0, 903.0]",List-Group,"Lesage, rue Coquillière, 20.  ",ENTRY,"<SUBJ>Lesage</SUBJ>, <ADDR>rue Coquillière, 20.</ADDR>",1,0,1,1.0000,,,B-ENTRY,model,0.9854,2026-09-22 19:53:06,07d0342fbdef
a5ece504-6d53-5163-9a6a-491ca2965068,0036b97c-0fa0-5c4c-a4b0-22eb05df4c98,f7a70f730314,180.3.69,180,2,3,69,"[63.0, 58.0, 946.0, 903.0]",List-Group,"Lesueur, rue de Paradis, 4.  ",ENTRY,"<SUBJ>Lesueur</SUBJ>, <ADDR>rue de Paradis, 4.</ADDR>",1,0,1,1.0000,,,B-ENTRY,model,0.9872,2026-09-22 19:53:06,cbc2cad5f1ba
256d273d-89fa-5e4c-be1a-5c2af94ba13f,0036b97c-0fa0-5c4c-a4b0-22eb05df4c98,32c37ee9cbe2,180.3.70,180,2,3,70,"[63.0, 58.0, 946.0, 903.0]",List-Group,"Lesvignes, rue du Fb.-S.-Martin, 148.  ",ENTRY,"<SUBJ>Lesvignes</SUBJ>, <ADDR>rue du Fb.-S.-Martin, 148.</ADDR>",1,0,1,1.0000,,,B-ENTRY,model,0.9923,2026-09-22 19:53:06,9490591d02e6
a2bd146f-9bdb-5bbc-a792-e3554be871fb,0036b97c-0fa0-5c4c-a4b0-22eb05df4c98,904e40be2173,180.3.71,180,2,3,71,"[63.0, 58.0, 946.0, 903.0]",List-Group,"Letenneur, rue des Coutures-S.-Gervais, 24.  ",ENTRY,"<SUBJ>Letenneur</SUBJ>, <ADDR>rue des Coutures-S.-Gervais, 24.</ADDR>",1,0,1,1.0000,,,B-ENTRY,model,0.9922,2026-09-22 19:53:06,d395630a4756
a7153c8f-2b0b-5482-9087-ca3341e75761,0036b97c-0fa0-5c4c-a4b0-22eb05df4c98,fbb9c153a4ec,180.3.72,180,2,3,72,"[63.0, 58.0, 946.0, 903.0]",List-Group,"Levacher, rue S.-Lazare.  ",ENTRY,"<SUBJ>Levacher</SUBJ>, <ADDR>rue S.-Lazare.</ADDR>",1,0,1,1.0000,,,B-ENTRY,model,0.9725,2026-09-22 19:53:06,779e30e5b3d1
a99e902b-b464-5475-a4cd-5b01357906e9,0036b97c-0fa0-5c4c-a4b0-22eb05df4c98,7376df6aae26,180.3.73,180,2,3,73,"[63.0, 58.0, 946.0, 903.0]",List-Group,"Léveillé, rue N.-des-Petits-Champs, 53.  ",ENTRY,"<SUBJ>Léveillé</SUBJ>, <ADDR>rue N.-des-Petits-Champs, 53.</ADDR>",1,0,1,1.0000,,,B-ENTRY,model,0.9918,2026-09-22 19:53:06,08ca025ec383
2a6a7136-e815-5013-8fe8-b9194711efa7,0036b97c-0fa0-5c4c-a4b0-22eb05df4c98,7c438967c194,180.3.74,180,2,3,74,"[63.0, 58.0, 946.0, 903.0]",List-Group,"Leverdays (J. Germain), rue....  ",ENTRY,"<SUBJ>Leverdays (J. Germain)</SUBJ>, <ADDR>rue....</ADDR>",1,0,1,1.0000,,,B-ENTRY,model,0.9966,2026-09-22 19:53:06,78a562f49f75
471557b0-094a-5471-a60f-fdb7d7a7017c,0036b97c-0fa0-5c4c-a4b0-22eb05df4c98,690ee55796f5,180.3.75,180,2,3,75,"[63.0, 58.0, 946.0, 903.0]",List-Group,"Leviers, rue de Richelieu, 15.  ",ENTRY,"<SUBJ>Leviers</SUBJ>, <ADDR>rue de Richelieu, 15.</ADDR>",1,0,1,1.0000,,,B-ENTRY,model,0.9872,2026-09-22 19:53:06,0b1cfb81d51c
e0017056-49bf-5f61-b46f-b3963c8e87f1,0036b97c-0fa0-5c4c-a4b0-22eb05df4c98,f260d8ddfe5a,180.3.76,180,2,3,76,"[63.0, 58.0, 946.0, 903.0]",List-Group,"Levraud aîné, rue S.-André-des-Arcs, 51.  ",ENTRY,"<SUBJ>Levraud aîné</SUBJ>, <ADDR>rue S.-André-des-Arcs, 51.</ADDR>",1,0,1,1.0000,,,B-ENTRY,model,0.9705,2026-09-22 19:53:06,25609471dd80
dfd18c39-0b7f-572f-899c-0359cc4cfbab,0036b97c-0fa0-5c4c-a4b0-22eb05df4c98,bde6cafa2a86,180.3.77,180,2,3,77,"[63.0, 58.0, 946.0, 903.0]",List-Group,"Levraud jeune, rue d'Argenteuil, 7.  ",ENTRY,"<SUBJ>Levraud jeune</SUBJ>, <ADDR>rue d'Argenteuil, 7.</ADDR>",1,0,1,1.0000,,,B-ENTRY,model,0.9775,2026-09-22 19:53:06,128003c99a06
86eeb050-e6b9-572f-879b-8dacb387a8e6,0036b97c-0fa0-5c4c-a4b0-22eb05df4c98,89392b4a1731,180.3.78,180,2,3,78,"[63.0, 58.0, 946.0, 903.0]",List-Group,"Leys, rue Poupée.  ",ENTRY,"<SUBJ>Leys</SUBJ>, <ADDR>rue Poupée.</ADDR>",1,0,1,1.0000,,,B-ENTRY,model,0.9883,2026-09-22 19:53:06,c6d6b3003212
749c2236-9de8-580c-b2ee-18065a86d89b,0036b97c-0fa0-5c4c-a4b0-22eb05df4c98,ebfce6304015,180.3.79,180,2,3,79,"[63.0, 58.0, 946.0, 903.0]",List-Group,"Lherminier, rue Caumartin, 14.  ",ENTRY,"<SUBJ>Lherminier</SUBJ>, <ADDR>rue Caumartin, 14.</ADDR>",1,0,1,1.0000,,,B-ENTRY,model,0.9854,2026-09-22 19:53:06,5dc52b592426
de60e485-1492-5c2d-9833-c252720362d9,0036b97c-0fa0-5c4c-a4b0-22eb05df4c98,67e8b45394a7,180.3.80,180,2,3,80,"[63.0, 58.0, 946.0, 903.0]",List-Group,"Lobinhes, rue N.-S.-Augustin, 23.  ",ENTRY,"<SUBJ>Lobinhes</SUBJ>, <ADDR>rue N.-S.-Augustin, 23.</ADDR>",1,0,1,1.0000,,,B-ENTRY,model,0.9917,2026-09-22 19:53:06,af4fc338f3c8
87cbf67c-e906-58fd-b76c-d961d7389dab,0036b97c-0fa0-5c4c-a4b0-22eb05df4c98,"5719b400757c,aac91481c978","180.3.81,180.3.82","180,180","2,2","3,3","81,82","[63.0, 58.0, 946.0, 903.0],[63.0, 58.0, 946.0, 903.0]","List-Group,List-Group","Louiche-Desfontaines, rue de Seine, 55. — Plantes.",ENTRY,"<SUBJ>Louiche-Desfontaines</SUBJ>, <ADDR>rue de Seine, 55. — Plantes.</ADDR>",1,0,1,1.0000,,,"B-ENTRY,I-ENTRY","human,human","1.0,1.0","2026-09-22 19:52:24,2026-09-22 19:52:24",e8d5704640cd
0263003f-5e45-579e-9c2f-8caaf566160d,0036b97c-0fa0-5c4c-a4b0-22eb05df4c98,e42bf384a48f,180.3.83,180,2,3,83,"[63.0, 58.0, 946.0, 903.0]",List-Group,"Lousier, rue de Richelieu.  ",ENTRY,"<SUBJ>Lousier</SUBJ>, <ADDR>rue de Richelieu.</ADDR>",1,0,1,1.0000,,,B-ENTRY,human,1.0,2026-09-22 19:52:33,e2b82cd17a59
33e6d49c-221c-5250-b0b5-a427a261a1e6,0036b97c-0fa0-5c4c-a4b0-22eb05df4c98,b6f67e556456,180.3.84,180,2,3,84,"[63.0, 58.0, 946.0, 903.0]",List-Group,"Louyer-Villermay, rue du Temple, 105.  ",ENTRY,"<SUBJ>Louyer-Villermay</SUBJ>, <ADDR>rue du Temple, 105.</ADDR>",1,0,1,1.0000,,,B-ENTRY,human,1.0,2026-09-22 19:52:33,031e9f1b98d0
d500d090-8c44-5e7e-a36b-7217a5285b35,0036b97c-0fa0-5c4c-a4b0-22eb05df4c98,e5b3d11f7ac8,180.3.85,180,2,3,85,"[63.0, 58.0, 946.0, 903.0]",List-Group,"Lullier, rue S.-Antoine, 71.  ",ENTRY,"<SUBJ>Lullier</SUBJ>, <ADDR>rue S.-Antoine, 71.</ADDR>",1,0,1,1.0000,,,B-ENTRY,model,0.9935,2026-09-22 19:53:06,094a88fdf062
e2d6ea3f-9656-5b48-9aa7-1b3bdf52370c,0036b97c-0fa0-5c4c-a4b0-22eb05df4c98,5d0a8c78dd36,180.3.86,180,2,3,86,"[63.0, 58.0, 946.0, 903.0]",List-Group,"Macartan, rue du Fb.-Poissonnière, 5.  ",ENTRY,"<SUBJ>Macartan</SUBJ>, <ADDR>rue du Fb.-Poissonnière, 5.</ADDR>",1,0,1,1.0000,,,B-ENTRY,model,0.9872,2026-09-22 19:53:06,7f31ff50460f
69657c65-2336-5f38-ba5f-cfa4e7674b57,0036b97c-0fa0-5c4c-a4b0-22eb05df4c98,9b69f184e969,180.3.87,180,2,3,87,"[63.0, 58.0, 946.0, 903.0]",List-Group,"Mac-Mahom, rue des Postes, 33.  ",ENTRY,"<SUBJ>Mac-Mahom</SUBJ>, <ADDR>rue des Postes, 33.</ADDR>",1,0,1,1.0000,,,B-ENTRY,model,0.9983,2026-09-22 19:53:06,bf45c71c5799
99286fa6-00ec-573f-9dcb-657088e917f7,0036b97c-0fa0-5c4c-a4b0-22eb05df4c98,1aa28eb8eadc,180.3.88,180,2,3,88,"[63.0, 58.0, 946.0, 903.0]",List-Group,"Madoré (J.), rue Neuve-S.-Martin, 28.  ",ENTRY,"<SUBJ>Madoré (J.)</SUBJ>, <ADDR>rue Neuve-S.-Martin, 28.</ADDR>",1,0,1,1.0000,,,B-ENTRY,model,0.9982,2026-09-22 19:53:06,dce258e9183c
23de66d1-2d94-5b6f-8c95-4b7ae73094e0,0036b97c-0fa0-5c4c-a4b0-22eb05df4c98,f37bdb78fc41,180.3.89,180,2,3,89,"[63.0, 58.0, 946.0, 903.0]",List-Group,"Maigrier, rue des Deux-Écus, 38.  ",ENTRY,"<SUBJ>Maigrier</SUBJ>, <ADDR>rue des Deux-Écus, 38.</ADDR>",1,0,1,1.0000,,,B-ENTRY,model,0.994,2026-09-22 19:53:06,dacd0dd0ca33
099f5ee3-6b98-5d6d-a405-b6e1d852b8f2,0036b97c-0fa0-5c4c-a4b0-22eb05df4c98,5076bff80427,180.3.90,180,2,3,90,"[63.0, 58.0, 946.0, 903.0]",List-Group,"Maigrot, rue du Faub.-S.-Denis, 41.  ",ENTRY,"<SUBJ>Maigrot</SUBJ>, <ADDR>rue du Faub.-S.-Denis, 41.</ADDR>",1,0,1,1.0000,,,B-ENTRY,model,0.9922,2026-09-22 19:53:06,aaa33c475a50
f5fbe705-8941-52b7-929b-f9b594d70b54,0036b97c-0fa0-5c4c-a4b0-22eb05df4c98,d1df9cda5ad2,180.3.91,180,2,3,91,"[63.0, 58.0, 946.0, 903.0]",List-Group,"Mailhol, rue des Mauvais-Garçons.  ",ENTRY,"<SUBJ>Mailhol</SUBJ>, <ADDR>rue des Mauvais-Garçons.</ADDR>",1,0,1,1.0000,,,B-ENTRY,model,0.9788,2026-09-22 19:53:06,62a6d377b5ac
8f339b86-bd08-5967-82ab-003d393b208d,0036b97c-0fa0-5c4c-a4b0-22eb05df4c98,424aefb32a3e,180.3.92,180,2,3,92,"[63.0, 58.0, 946.0, 903.0]",List-Group,"Mallet, rue de Jouy, 8.  ",ENTRY,"<SUBJ>Mallet</SUBJ>, <ADDR>rue de Jouy, 8.</ADDR>",1,0,1,1.0000,,,B-ENTRY,model,0.9872,2026-09-22 19:53:06,5af492c30855
cb93d549-0db0-5f79-8deb-9dc91ee95527,0036b97c-0fa0-5c4c-a4b0-22eb05df4c98,35983fb2f775,180.3.93,180,2,3,93,"[63.0, 58.0, 946.0, 903.0]",List-Group,"Maloet, rue Neuve-S.-Augustin, 37.  ",ENTRY,"<SUBJ>Maloet</SUBJ>, <ADDR>rue Neuve-S.-Augustin, 37.</ADDR>",1,0,1,1.0000,,,B-ENTRY,model,0.9915,2026-09-22 19:53:06,27f1214bcb8b
7742eb16-fec7-55f4-9200-7ed5774775a4,0036b97c-0fa0-5c4c-a4b0-22eb05df4c98,0f996747b098,180.3.94,180,2,3,94,"[63.0, 58.0, 946.0, 903.0]",List-Group,"Marcescheau, rue du Hazard, 15.  ",ENTRY,"<SUBJ>Marcescheau</SUBJ>, <ADDR>rue du Hazard, 15.</ADDR>",1,0,1,1.0000,,,B-ENTRY,model,0.9872,2026-09-22 19:53:06,911505c7677f
fa89d889-0f5d-5647-a761-133ed6af3ed7,0036b97c-0fa0-5c4c-a4b0-22eb05df4c98,6757306b84da,180.3.95,180,2,3,95,"[63.0, 58.0, 946.0, 903.0]",List-Group,"Marc, rue Saint-Martin, 77.  ",ENTRY,"<SUBJ>Marc</SUBJ>, <ADDR>rue Saint-Martin, 77.</ADDR>",1,0,1,1.0000,,,B-ENTRY,model,0.9913,2026-09-22 19:53:06,d0a9caa8e559
704c3b4b-00fe-58d0-af9d-c9b44a0ff725,0036b97c-0fa0-5c4c-a4b0-22eb05df4c98,b94eb578564e,180.3.96,180,2,3,96,"[63.0, 58.0, 946.0, 903.0]",List-Group,"Marie, rue N.-Dame-des-Victoires, 40.  ",ENTRY,"<SUBJ>Marie</SUBJ>, <ADDR>rue N.-Dame-des-Victoires, 40.</ADDR>",1,0,1,1.0000,,,B-ENTRY,model,0.9918,2026-09-22 19:53:06,342829a23587
61e879b5-5ac3-5073-8c18-0465197137ab,0036b97c-0fa0-5c4c-a4b0-22eb05df4c98,3e1c616cbead,180.3.97,180,2,3,97,"[63.0, 58.0, 946.0, 903.0]",List-Group,"Marie-S.-Ursin, rue des SS.-Pères, 5.  ",ENTRY,"<SUBJ>Marie-S.-Ursin</SUBJ>, <ADDR>rue des SS.-Pères, 5.</ADDR>",1,0,1,1.0000,,,B-ENTRY,model,0.9879,2026-09-22 19:53:06,ae330b577991
89609f85-ab03-5c8a-b47d-78673aa1a8a9,0036b97c-0fa0-5c4c-a4b0-22eb05df4c98,e0a33d894c4f,180.3.98,180,2,3,98,"[63.0, 58.0, 946.0, 903.0]",List-Group,"Marinier, rue du Théâtre-Français, 21.  ",ENTRY,"<SUBJ>Marinier</SUBJ>, <ADDR>rue du Théâtre-Français, 21.</ADDR>",1,0,1,1.0000,,,B-ENTRY,model,0.9941,2026-09-22 19:53:06,c97cce044938
b3d4bc54-04b9-5192-b462-37950ec39640,0036b97c-0fa0-5c4c-a4b0-22eb05df4c98,f910695fe593,180.3.99,180,2,3,99,"[63.0, 58.0, 946.0, 903.0]",List-Group,"Marquis, rue du Hazard, 15.  ",ENTRY,"<SUBJ>Marquis</SUBJ>, <ADDR>rue du Hazard, 15.</ADDR>",1,0,1,1.0000,,,B-ENTRY,model,0.9871,2026-09-22 19:53:06,edcf0e8e9377
92698f98-af4c-5882-8047-efc94d1e44a4,0036b97c-0fa0-5c4c-a4b0-22eb05df4c98,"b8516df10633,6662df498068","180.3.100,180.3.101","180,180","2,2","3,3","100,101","[63.0, 58.0, 946.0, 903.0],[63.0, 58.0, 946.0, 903.0]","List-Group,List-Group","Maurice, rue du Cimetière-Saint-André- des-Arcs, 15.",ENTRY,"<SUBJ>Maurice</SUBJ>, <ADDR>rue du Cimetière-Saint-André- des-Arcs, 15.</ADDR>",1,0,1,1.0000,,,"B-ENTRY,I-ENTRY","human,human","1.0,1.0","2026-09-22 19:50:02,2026-09-22 19:50:02",4070a7797534
db84e1f0-335e-5cbb-8ed4-acd6de494b3f,0036b97c-0fa0-5c4c-a4b0-22eb05df4c98,329adad086ba,180.3.102,180,2,3,102,"[63.0, 58.0, 946.0, 903.0]",List-Group,"Menuet, rue du Bacq, 33.  ",ENTRY,"<SUBJ>Menuet</SUBJ>, <ADDR>rue du Bacq, 33.</ADDR>",1,0,1,1.0000,,,B-ENTRY,model,0.9975,2026-09-22 19:53:06,f816b4e4c03e
7697f3bf-c514-50e0-a4a8-b4f443ea2938,0036b97c-0fa0-5c4c-a4b0-22eb05df4c98,c460810ed902,180.3.103,180,2,3,103,"[63.0, 58.0, 946.0, 903.0]",List-Group,"Mercier, rue Bon-Conseil, 25.  ",ENTRY,"<SUBJ>Mercier</SUBJ>, <ADDR>rue Bon-Conseil, 25.</ADDR>",1,0,1,1.0000,,,B-ENTRY,model,0.9913,2026-09-22 19:53:06,7d9fcc67a154
ad468e60-e7e6-51c9-bbbc-99bfa6f07338,0036b97c-0fa0-5c4c-a4b0-22eb05df4c98,e192c64a8b72,180.3.104,180,2,3,104,"[63.0, 58.0, 946.0, 903.0]",List-Group,"Mestais, rue des Fossés-S.-Victor, 20.  ",ENTRY,"<SUBJ>Mestais</SUBJ>, <ADDR>rue des Fossés-S.-Victor, 20.</ADDR>",1,0,1,1.0000,,,B-ENTRY,model,0.9922,2026-09-22 19:53:06,30f5bf24758d
376b441b-c45b-5455-87f7-90c1a6561d77,0036b97c-0fa0-5c4c-a4b0-22eb05df4c98,"01f3460b4066,cbb5305a9cef","180.3.105,180.3.106","180,180","2,2","3,3","105,106","[63.0, 58.0, 946.0, 903.0],[63.0, 58.0, 946.0, 903.0]","List-Group,List-Group","Milon-Redemayer (L. A.), rue Saint- Sébastien, 52.",ENTRY,"<SUBJ>Milon-Redemayer (L. A.)</SUBJ>, <ADDR>rue Saint- Sébastien, 52.</ADDR>",1,0,1,1.0000,,,"B-ENTRY,I-ENTRY","model,model","0.9994,0.9638","2026-09-22 19:53:06,2026-09-22 19:53:06",6f17fa258d7e
c1664ce9-7879-5026-b5cb-36a3e4baedf8,0036b97c-0fa0-5c4c-a4b0-22eb05df4c98,62a74ccb1725,180.3.107,180,2,3,107,"[63.0, 58.0, 946.0, 903.0]",List-Group,"Molet, rue Neuve-du-Luxembourg, 25.  ",ENTRY,"<SUBJ>Molet</SUBJ>, <ADDR>rue Neuve-du-Luxembourg, 25.</ADDR>",1,0,1,1.0000,,,B-ENTRY,model,0.997,2026-09-22 19:53:06,2db132c17a8f
584ac08f-75c9-5649-80e7-b89deba9aaf4,0036b97c-0fa0-5c4c-a4b0-22eb05df4c98,8ed78909af39,180.3.108,180,2,3,108,"[63.0, 58.0, 946.0, 903.0]",List-Group,"Mongenot, rue du Four, 47. — Lux.  ",ENTRY,"<SUBJ>Mongenot</SUBJ>, <ADDR>rue du Four, 47. — Lux.</ADDR>",1,0,1,1.0000,,,B-ENTRY,model,0.9639,2026-09-22 19:53:06,38b8fd50e33d
4ca36a88-8d6e-5227-86ea-09731c912ce9,0036b97c-0fa0-5c4c-a4b0-22eb05df4c98,3d0691d5f64f,180.3.109,180,2,3,109,"[63.0, 58.0, 946.0, 903.0]",List-Group,"Monnier, rue de la Place-Vendôme, 6.  ",ENTRY,"<SUBJ>Monnier</SUBJ>, <ADDR>rue de la Place-Vendôme, 6.</ADDR>",1,0,1,1.0000,,,B-ENTRY,model,0.9873,2026-09-22 19:53:06,a7d12b8e0cf9
f461f7db-a838-5f49-9ddd-19a730049e79,0036b97c-0fa0-5c4c-a4b0-22eb05df4c98,9d38a92b6812,180.3.110,180,2,3,110,"[63.0, 58.0, 946.0, 903.0]",List-Group,"Montaigu, rue St.-André-des-Arcs, 43.  ",ENTRY,"<SUBJ>Montaigu</SUBJ>, <ADDR>rue St.-André-des-Arcs, 43.</ADDR>",1,0,1,1.0000,,,B-ENTRY,model,0.9914,2026-09-22 19:53:06,1fbff9d09c00
c488260a-ceaa-5259-a03d-b09beb226e9f,0036b97c-0fa0-5c4c-a4b0-22eb05df4c98,89a5bdcfb1ae,180.3.111,180,2,3,111,"[63.0, 58.0, 946.0, 903.0]",List-Group,"Moutaubin-Duchesne, r. du P.-Carreau, 1.  ",ENTRY,"<SUBJ>Moutaubin-Duchesne</SUBJ>, <ADDR>r. du P.-Carreau, 1.</ADDR>",1,0,1,1.0000,,,B-ENTRY,model,0.9978,2026-09-22 19:53:06,edeb73cf4ce9
cd70d1b1-dd44-59c0-af1f-42baa42cd1f2,0036b97c-0fa0-5c4c-a4b0-22eb05df4c98,052b798a39d1,180.3.112,180,2,3,112,"[63.0, 58.0, 946.0, 903.0]",List-Group,"Morillon, rue Neuve-de-l'Égalité, 17.  ",ENTRY,"<SUBJ>Morillon</SUBJ>, <ADDR>rue Neuve-de-l'Égalité, 17.</ADDR>",1,0,1,1.0000,,,B-ENTRY,model,0.9914,2026-09-22 19:53:06,6fdd3c77c3de
96d3c140-022e-5e60-b22c-110ba216f6ee,0036b97c-0fa0-5c4c-a4b0-22eb05df4c98,d547df42f427,180.3.113,180,2,3,113,"[63.0, 58.0, 946.0, 903.0]",List-Group,"Mouillet, rue Saint-Martin, 65.  ",ENTRY,"<SUBJ>Mouillet</SUBJ>, <ADDR>rue Saint-Martin, 65.</ADDR>",1,0,1,1.0000,,,B-ENTRY,model,0.9914,2026-09-22 19:53:06,0bfc62321597
0ff86d6c-4cac-51f6-99a7-bda146e8408a,0036b97c-0fa0-5c4c-a4b0-22eb05df4c98,300d31ca6edd,180.3.114,180,2,3,114,"[63.0, 58.0, 946.0, 903.0]",List-Group,"Moore, rue Thévenot, 9.  ",ENTRY,"<SUBJ>Moore</SUBJ>, <ADDR>rue Thévenot, 9.</ADDR>",1,0,1,1.0000,,,B-ENTRY,model,0.9854,2026-09-22 19:53:06,a42b77588717
09dd0df4-50b5-5f45-9756-90be7fa215b3,0036b97c-0fa0-5c4c-a4b0-22eb05df4c98,c8ec2c537409,180.3.115,180,2,3,115,"[63.0, 58.0, 946.0, 903.0]",List-Group,"Murat, boulevard de l'Hôpital, 7.  ",ENTRY,"<SUBJ>Murat</SUBJ>, <ADDR>boulevard de l'Hôpital, 7.</ADDR>",1,0,1,1.0000,,,B-ENTRY,model,0.9941,2026-09-22 19:53:06,d45db1fda494
790830f6-9c4f-5503-a723-353fb6a38f95,0036b97c-0fa0-5c4c-a4b0-22eb05df4c98,15cad53eb6e6,180.3.116,180,2,3,116,"[63.0, 58.0, 946.0, 903.0]",List-Group,"Nacquart, rue d'Anjou, au Marais, 23.  ",ENTRY,"<SUBJ>Nacquart</SUBJ>, <ADDR>rue d'Anjou, au Marais, 23.</ADDR>",1,0,1,1.0000,,,B-ENTRY,model,0.9923,2026-09-22 19:53:06,1ce7fc97ac51
303361db-f811-551b-8614-d753b1906202,0036b97c-0fa0-5c4c-a4b0-22eb05df4c98,603797444a75,180.3.117,180,2,3,117,"[63.0, 58.0, 946.0, 903.0]",List-Group,"Nauche, rue du Bouloy, 8.  ",ENTRY,"<SUBJ>Nauche</SUBJ>, <ADDR>rue du Bouloy, 8.</ADDR>",1,0,1,1.0000,,,B-ENTRY,model,0.9871,2026-09-22 19:53:06,aa826463d39a
b4358ff8-b196-5f6c-ae16-a63b8bc2c835,0036b97c-0fa0-5c4c-a4b0-22eb05df4c98,f06ff681457d,180.3.118,180,2,3,118,"[63.0, 58.0, 946.0, 903.0]",List-Group,"Naudin, rue des Grands-Augustins, 5.  ",ENTRY,"<SUBJ>Naudin</SUBJ>, <ADDR>rue des Grands-Augustins, 5.</ADDR>",1,0,1,1.0000,,,B-ENTRY,model,0.9941,2026-09-22 19:53:06,b0337d5fc567
7ca70423-06b1-50b3-8cbb-0e26f83824b0,0036b97c-0fa0-5c4c-a4b0-22eb05df4c98,3b1756d2f05c,180.3.119,180,2,3,119,"[63.0, 58.0, 946.0, 903.0]",List-Group,"Noblesse, rue.....  ",ENTRY,"<SUBJ>Noblesse</SUBJ>, <ADDR>rue.....</ADDR>",1,0,1,1.0000,,,B-ENTRY,model,0.9815,2026-09-22 19:53:06,8aefb7a59c51
437a4843-748a-54d7-b1f5-0ac8ef1dff0a,0036b97c-0fa0-5c4c-a4b0-22eb05df4c98,f5155a27b395,180.3.120,180,2,3,120,"[63.0, 58.0, 946.0, 903.0]",List-Group,"Nollan, rue du Petit-Carreau, 13.  ",ENTRY,"<SUBJ>Nollan</SUBJ>, <ADDR>rue du Petit-Carreau, 13.</ADDR>",1,0,1,1.0000,,,B-ENTRY,model,0.9941,2026-09-22 19:53:06,48e6df335a88
71ddad6c-d0bf-5cd2-a2d5-b04ffa34c39d,0036b97c-0fa0-5c4c-a4b0-22eb05df4c98,f96acf3aebe3,180.3.121,180,2,3,121,"[63.0, 58.0, 946.0, 903.0]",List-Group,"Obœuf, rue Christine, 5; et au Pet  ",ENTRY,"<SUBJ>Obœuf</SUBJ>, <ADDR>rue Christine, 5; et au Pet</ADDR>",1,0,1,1.0000,,,B-ENTRY,model,0.9876,2026-09-22 19:53:06,09096cc811c7
5fd5973f-516e-514d-8868-e693d7cdd664,0036b97c-0fa0-5c4c-a4b0-22eb05df4c98,8162335b1c61,180.3.122,180,2,3,122,"[63.0, 58.0, 946.0, 903.0]",List-Group,"Bellevue, commune de Meudon.  ",ENTRY,"<SUBJ>Bellevue</SUBJ>, <ADDR>commune de Meudon.</ADDR>",1,0,1,0.9532,,,B-ENTRY,model,0.981,2026-09-22 19:53:06,da239cc8c9d7
fbd8bbf2-74bc-5b9a-bf84-cc6466406661,0036b97c-0fa0-5c4c-a4b0-22eb05df4c98,637d18b5e97f,180.3.123,180,2,3,123,"[63.0, 58.0, 946.0, 903.0]",List-Group,"Pagès, rue du Four-S.-Germain, 19.  ",ENTRY,"<SUBJ>Pagès</SUBJ>, <ADDR>rue du Four-S.-Germain, 19.</ADDR>",1,0,1,1.0000,,,B-ENTRY,model,0.9922,2026-09-22 19:53:06,c78025a8f6de
ee3fc7fe-79c2-5dc7-ac2a-7b250a79f44c,0036b97c-0fa0-5c4c-a4b0-22eb05df4c98,749f4c35d843,180.3.124,180,2,3,124,"[63.0, 58.0, 946.0, 903.0]",List-Group,"Parfait, rue Taibout, 7.  ",ENTRY,"<SUBJ>Parfait</SUBJ>, <ADDR>rue Taibout, 7.</ADDR>",1,0,1,1.0000,,,B-ENTRY,model,0.9854,2026-09-22 19:53:06,ee18f188fa73
66fbd9dc-c1a7-52a0-af1b-e634953ed70b,0036b97c-0fa0-5c4c-a4b0-22eb05df4c98,946690f2533d,180.3.125,180,2,3,125,"[63.0, 58.0, 946.0, 903.0]",List-Group,"Paschalis, rue Neuve-des-Bons-Enfants, 7.  ",ENTRY,"<SUBJ>Paschalis</SUBJ>, <ADDR>rue Neuve-des-Bons-Enfants, 7.</ADDR>",1,0,1,1.0000,,,B-ENTRY,model,0.9914,2026-09-22 19:53:06,927bff4c915b
3dca8efa-a107-5c91-b999-cd9cd5300c2e,0036b97c-0fa0-5c4c-a4b0-22eb05df4c98,44ba9bcbefc4,180.3.126,180,2,3,126,"[63.0, 58.0, 946.0, 903.0]",List-Group,"Paly-Rasch, aux Invalides.  ",ENTRY,"<SUBJ>Paly-Rasch</SUBJ>, <ADDR>aux Invalides.</ADDR>",1,0,1,1.0000,,,B-ENTRY,human,1.0,2026-09-22 19:51:33,a236f11c151d
86feb581-1214-5451-95b1-490ffc44a03b,0036b97c-0fa0-5c4c-a4b0-22eb05df4c98,58ea80546da1,180.3.127,180,2,3,127,"[63.0, 58.0, 946.0, 903.0]",List-Group,"Paulet, rue Saint-Dominique, 11. — Inv.",ENTRY,"<SUBJ>Paulet</SUBJ>, <ADDR>rue Saint-Dominique, 11. — Inv.</ADDR>",1,0,1,1.0000,,,B-ENTRY,human,1.0,2026-09-22 19:51:33,e990f9a4c7d2
c98e09a6-3e2f-537f-b748-a65b62d754fb,0036b97c-0fa0-5c4c-a4b0-22eb05df4c98,b903ea6300ff,181.1.0,181,0,1,0,"[61.0, 49.0, 120.0, 68.0]",Page-Header,516,OUT OF SCOPE,,,,,,,,OUT OF SCOPE,model,0.9892,2026-09-22 19:53:06,482274951624
67e80e8a-d55d-50d6-8d5c-2b333d8b9986,0036b97c-0fa0-5c4c-a4b0-22eb05df4c98,2d51340fb0a0,181.2.0,181,1,2,0,"[262.0, 46.0, 745.0, 68.0]",Page-Header,Docteurs en chirurgie. — PARIS.,OUT OF SCOPE,,,,,,,,OUT OF SCOPE,model,0.9985,2026-09-22 19:53:06,482274951624
175eb5f4-4914-5aa1-b7a2-27fe4ab8999a,0036b97c-0fa0-5c4c-a4b0-22eb05df4c98,33dac78827ac,181.3.0,181,2,3,0,"[61.0, 72.0, 500.0, 537.0]",Text,"Péborde, rue Saint-Honoré, 573.  ",ENTRY,"<SUBJ>Péborde</SUBJ>, <ADDR>rue Saint-Honoré, 573.</ADDR>",1,0,1,1.0000,,,B-ENTRY,model,0.9889,2026-09-22 19:53:06,71d4967900f4
c645ec64-02d9-5e60-be10-725d1336ce00,0036b97c-0fa0-5c4c-a4b0-22eb05df4c98,faf895d2c77f,181.3.1,181,2,3,1,"[61.0, 72.0, 500.0, 537.0]",Text,"Percy, rue des Trois-Pavillons, 10.  ",ENTRY,"<SUBJ>Percy</SUBJ>, <ADDR>rue des Trois-Pavillons, 10.</ADDR>",1,0,1,1.0000,,,B-ENTRY,model,0.9881,2026-09-22 19:53:06,3ca9c6a5f919
9112091f-2e0f-5868-b7ef-cec9a82dfdf1,0036b97c-0fa0-5c4c-a4b0-22eb05df4c98,4b9e103907ed,181.3.2,181,2,3,2,"[61.0, 72.0, 500.0, 537.0]",Text,"Petit, rue de la Liberté, 25.  ",ENTRY,"<SUBJ>Petit</SUBJ>, <ADDR>rue de la Liberté, 25.</ADDR>",1,0,1,1.0000,,,B-ENTRY,model,0.9846,2026-09-22 19:53:06,5bdda3f82d2a
124cf075-9f40-5363-8204-a972bbf1e9ae,0036b97c-0fa0-5c4c-a4b0-22eb05df4c98,19ba33ba6f79,181.3.3,181,2,3,3,"[61.0, 72.0, 500.0, 537.0]",Text,"Petit-Radel, rue du Jardinier, 1.  ",ENTRY,"<SUBJ>Petit-Radel</SUBJ>, <ADDR>rue du Jardinier, 1.</ADDR>",1,0,1,1.0000,,,B-ENTRY,model,0.9965,2026-09-22 19:53:06,fc0a1ea3d37d
3da5ef9c-5848-5c5a-a467-1bdd0f4831d9,0036b97c-0fa0-5c4c-a4b0-22eb05df4c98,"8214260f8f42,1adc97da1058","181.3.4,181.3.5","181,181","2,2","3,3","4,5","[61.0, 72.0, 500.0, 537.0],[61.0, 72.0, 500.0, 537.0]","Text,Text","Peyre (*médecin de la princesse Pauline*), rue de Surène, 19.",ENTRY,"<SUBJ>Peyre</SUBJ> <DESC>(*médecin de la princesse Pauline*)</DESC>, <ADDR>rue de Surène, 19.</ADDR>",1,1,1,1.0000,,,"B-ENTRY,I-ENTRY","model,model","0.9993,0.9979","2026-09-22 19:53:06,2026-09-22 19:53:06",fd871f5a4da4
6937bfc1-5812-50da-8f3d-9ef9007dcb06,0036b97c-0fa0-5c4c-a4b0-22eb05df4c98,"406695fe09d3,35028de45259","181.3.6,181.3.7","181,181","2,2","3,3","6,7","[61.0, 72.0, 500.0, 537.0],[61.0, 72.0, 500.0, 537.0]","Text,Text","Pinel (*médecin de l'hospice de la Sal-* *pétrière*), à l'hospice.",ENTRY,"<SUBJ>Pinel</SUBJ> <DESC>(*médecin de l'hospice de la Sal-* *pétrière*)</DESC>, à l'hospice.",1,1,0,0.9983,texte non couvert,,"B-ENTRY,I-ENTRY","human,human","1.0,1.0","2026-09-22 19:51:20,2026-09-22 19:51:20",109ec2a21f74
a9e1cdd6-2bac-5afb-9da3-083627275dbf,0036b97c-0fa0-5c4c-a4b0-22eb05df4c98,86c481431ec6,181.3.8,181,2,3,8,"[61.0, 72.0, 500.0, 537.0]",Text,"Pluvinet, à Clichy.  ",ENTRY,"<SUBJ>Pluvinet</SUBJ>, <ADDR>à Clichy.</ADDR>",1,0,1,1.0000,,,B-ENTRY,model,0.9846,2026-09-22 19:53:06,85cdf5d160a4
efa66f5a-19bf-5cbf-8d70-7d8d4e3b0b61,0036b97c-0fa0-5c4c-a4b0-22eb05df4c98,a5ca901a4c3a,181.3.9,181,2,3,9,"[61.0, 72.0, 500.0, 537.0]",Text,"Portal, rue Pavée, 5. — Th. Fr.  ",ENTRY,"<SUBJ>Portal</SUBJ>, <ADDR>rue Pavée, 5. — Th. Fr.</ADDR>",1,0,1,1.0000,,,B-ENTRY,model,0.974,2026-09-22 19:53:06,3c681b24bb25
9969c7dd-901f-5aba-9cca-8dd5f8b9d971,0036b97c-0fa0-5c4c-a4b0-22eb05df4c98,93ff293bda92,181.3.10,181,2,3,10,"[61.0, 72.0, 500.0, 537.0]",Text,"Potel, rue Baurepaire, 22.  ",ENTRY,"<SUBJ>Potel</SUBJ>, <ADDR>rue Baurepaire, 22.</ADDR>",1,0,1,1.0000,,,B-ENTRY,human,1.0,2026-09-22 19:52:56,fc120f99ded1
44306a9d-1848-5b3f-ad2f-b47efa3edbe0,0036b97c-0fa0-5c4c-a4b0-22eb05df4c98,a40296c34aec,181.3.11,181,2,3,11,"[61.0, 72.0, 500.0, 537.0]",Text,"Poupillier, rue....  ",ENTRY,"<SUBJ>Poupillier</SUBJ>, <ADDR>rue....</ADDR>",1,0,1,1.0000,,,B-ENTRY,human,1.0,2026-09-22 19:52:56,1ce830995373
55041472-7384-5e63-9473-6c13da6f95c8,0036b97c-0fa0-5c4c-a4b0-22eb05df4c98,dc1c4d3bb116,181.3.12,181,2,3,12,"[61.0, 72.0, 500.0, 537.0]",Text,"Bouqueville, rue de Lille, 17.  ",ENTRY,"<SUBJ>Bouqueville</SUBJ>, <ADDR>rue de Lille, 17.</ADDR>",1,0,1,1.0000,,,B-ENTRY,model,0.9749,2026-09-22 19:53:06,b29183fc4eb8
766eed83-e62d-5660-9a74-fa83ba30817b,0036b97c-0fa0-5c4c-a4b0-22eb05df4c98,5fc2433f05f4,181.3.13,181,2,3,13,"[61.0, 72.0, 500.0, 537.0]",Text,"Porcher, quai de la Tournelle, 9.  ",ENTRY,"<SUBJ>Porcher</SUBJ>, <ADDR>quai de la Tournelle, 9.</ADDR>",1,0,1,1.0000,,,B-ENTRY,model,0.9849,2026-09-22 19:53:06,d49a18dcaec6
177ec637-3690-5898-88fe-37bee6cbdcb2,0036b97c-0fa0-5c4c-a4b0-22eb05df4c98,dfed8cdb17a9,181.3.14,181,2,3,14,"[61.0, 72.0, 500.0, 537.0]",Text,"Prat, rue Saint-Marc, 21.  ",ENTRY,"<SUBJ>Prat</SUBJ>, <ADDR>rue Saint-Marc, 21.</ADDR>",1,0,1,1.0000,,,B-ENTRY,model,0.9828,2026-09-22 19:53:06,670a8be682fb
d3a20b28-b1bd-5c3d-83bb-e6c3d408391f,0036b97c-0fa0-5c4c-a4b0-22eb05df4c98,4184c9502a26,181.3.15,181,2,3,15,"[61.0, 72.0, 500.0, 537.0]",Text,"Pressac, rue Bouribourg, 23.  ",ENTRY,"<SUBJ>Pressac</SUBJ>, <ADDR>rue Bouribourg, 23.</ADDR>",1,0,1,1.0000,,,B-ENTRY,model,0.9713,2026-09-22 19:53:06,9ead06f07f68
dbfcf89f-9f59-539c-b7d0-16985fa360c1,0036b97c-0fa0-5c4c-a4b0-22eb05df4c98,9a8a701bf2e8,181.3.16,181,2,3,16,"[61.0, 72.0, 500.0, 537.0]",Text,"Prost, rue de Seine, 31.  ",ENTRY,"<SUBJ>Prost</SUBJ>, <ADDR>rue de Seine, 31.</ADDR>",1,0,1,1.0000,,,B-ENTRY,model,0.9748,2026-09-22 19:53:06,262a72a9065b
04f32ac0-92c1-593a-92d1-26af8e9f76d5,0036b97c-0fa0-5c4c-a4b0-22eb05df4c98,05aab042228a,181.3.17,181,2,3,17,"[61.0, 72.0, 500.0, 537.0]",Text,"Pujos, rue du Grand-Heurleur, 25.  ",ENTRY,"<SUBJ>Pujos</SUBJ>, <ADDR>rue du Grand-Heurleur, 25.</ADDR>",1,0,1,1.0000,,,B-ENTRY,model,0.9881,2026-09-22 19:53:06,6199199ee411
57b55ad2-a531-5da7-93aa-63f17bfeeb8d,0036b97c-0fa0-5c4c-a4b0-22eb05df4c98,967b9fdfc189,181.3.18,181,2,3,18,"[61.0, 72.0, 500.0, 537.0]",Text,"Quevremont-Delamotte, r. des SS.-Pères, 46.  ",ENTRY,"<SUBJ>Quevremont-Delamotte</SUBJ>, <ADDR>r. des SS.-Pères, 46.</ADDR>",1,0,1,1.0000,,,B-ENTRY,model,0.9957,2026-09-22 19:53:06,df7faebd1d61
f398492b-56ea-5d08-89d3-2ed908490839,0036b97c-0fa0-5c4c-a4b0-22eb05df4c98,b8881f4bf3de,181.3.19,181,2,3,19,"[61.0, 72.0, 500.0, 537.0]",Text,"Racine, rue de la Grande-Truanderie, 54.  ",ENTRY,"<SUBJ>Racine</SUBJ>, <ADDR>rue de la Grande-Truanderie, 54.</ADDR>",1,0,1,1.0000,,,B-ENTRY,model,0.9745,2026-09-22 19:53:06,8859d6a23d8c
1a89dba2-6570-5bdb-a5b9-8a2180892eaa,0036b97c-0fa0-5c4c-a4b0-22eb05df4c98,937002ee483c,181.3.20,181,2,3,20,"[61.0, 72.0, 500.0, 537.0]",Text,"Recamier, rue St.-Honoré, 319.  ",ENTRY,"<SUBJ>Recamier</SUBJ>, <ADDR>rue St.-Honoré, 319.</ADDR>",1,0,1,1.0000,,,B-ENTRY,model,0.9868,2026-09-22 19:53:06,a06523ff6189
844bd496-75bd-572b-89ee-d7518a123402,0036b97c-0fa0-5c4c-a4b0-22eb05df4c98,e3f60034ed83,181.3.21,181,2,3,21,"[61.0, 72.0, 500.0, 537.0]",Text,"Redemver, rue Saint-Sébastien.  ",ENTRY,"<SUBJ>Redemver</SUBJ>, <ADDR>rue Saint-Sébastien.</ADDR>",1,0,1,1.0000,,,B-ENTRY,model,0.9602,2026-09-22 19:53:06,4a2b2dcc42e9
3b89ddc6-5bf3-5bd1-aee4-da577adacb90,0036b97c-0fa0-5c4c-a4b0-22eb05df4c98,433ecb3a232f,181.3.22,181,2,3,22,"[61.0, 72.0, 500.0, 537.0]",Text,"Reis, rue Caumartin, 39.  ",ENTRY,"<SUBJ>Reis</SUBJ>, <ADDR>rue Caumartin, 39.</ADDR>",1,0,1,1.0000,,,B-ENTRY,model,0.9719,2026-09-22 19:53:06,02a5a0cd081e
53cf027a-54d4-5295-9dc5-242de10a9929,0036b97c-0fa0-5c4c-a4b0-22eb05df4c98,9ce00ff14c81,181.3.23,181,2,3,23,"[61.0, 72.0, 500.0, 537.0]",Text,"Renauldin, rue Taibout, 14.  ",ENTRY,"<SUBJ>Renauldin</SUBJ>, <ADDR>rue Taibout, 14.</ADDR>",1,0,1,1.0000,,,B-ENTRY,model,0.9718,2026-09-22 19:53:06,15bf2ac6a880
32f0bd41-d2f0-5b96-8b5f-6ea7b41560e4,0036b97c-0fa0-5c4c-a4b0-22eb05df4c98,36a70a9540a9,181.3.24,181,2,3,24,"[61.0, 72.0, 500.0, 537.0]",Text,"Roques, rue Saint-Honoré.  ",ENTRY,"<SUBJ>Roques</SUBJ>, <ADDR>rue Saint-Honoré.</ADDR>",1,0,1,1.0000,,,B-ENTRY,model,0.9595,2026-09-22 19:53:06,c21a46663508
1e907566-5170-5b51-a1a1-f50d0778706f,0036b97c-0fa0-5c4c-a4b0-22eb05df4c98,75f92d11e897,181.3.25,181,2,3,25,"[61.0, 72.0, 500.0, 537.0]",Text,"Rougeot, cul-de-sac Sourdis, 1. — Mas.  ",ENTRY,"<SUBJ>Rougeot</SUBJ>, <ADDR>cul-de-sac Sourdis, 1. — Mas.</ADDR>",1,0,1,1.0000,,,B-ENTRY,model,0.9631,2026-09-22 19:53:06,5dd32bc9c9ec
23eda530-c32a-56f0-b3ff-45e29ea89d8a,0036b97c-0fa0-5c4c-a4b0-22eb05df4c98,26de7fd51722,181.3.26,181,2,3,26,"[61.0, 72.0, 500.0, 537.0]",Text,"Roussel-Vauzèsme, rue de l'Université, 1.  ",ENTRY,"<SUBJ>Roussel-Vauzèsme</SUBJ>, <ADDR>rue de l'Université, 1.</ADDR>",1,0,1,1.0000,,,B-ENTRY,model,0.9957,2026-09-22 19:53:06,444a53061e68
00a10584-ddc5-5acd-9978-fe5dfadf67d0,0036b97c-0fa0-5c4c-a4b0-22eb05df4c98,2df14c86504b,181.3.27,181,2,3,27,"[61.0, 72.0, 500.0, 537.0]",Text,"Roussel-Duchez, rue S.-Jacques, 264.  ",ENTRY,"<SUBJ>Roussel-Duchez</SUBJ>, <ADDR>rue S.-Jacques, 264.</ADDR>",1,0,1,1.0000,,,B-ENTRY,model,0.9956,2026-09-22 19:53:06,98a8b7d74a0a
2da5ab22-4cf4-55f3-a2b9-08d0f6661959,0036b97c-0fa0-5c4c-a4b0-22eb05df4c98,5a32dc7e21c6,181.3.28,181,2,3,28,"[61.0, 72.0, 500.0, 537.0]",Text,"Roussille de Champseru, rue Favart, 8.  ",ENTRY,"<SUBJ>Roussille de Champseru</SUBJ>, <ADDR>rue Favart, 8.</ADDR>",1,0,1,1.0000,,,B-ENTRY,model,0.9847,2026-09-22 19:53:06,d71216da1216
b4c3133a-170e-5db7-ab5e-5ea06f4d1180,0036b97c-0fa0-5c4c-a4b0-22eb05df4c98,569169697336,181.3.29,181,2,3,29,"[61.0, 72.0, 500.0, 537.0]",Text,"Roy, place de l'Ecole, 5.  ",ENTRY,"<SUBJ>Roy</SUBJ>, <ADDR>place de l'Ecole, 5.</ADDR>",1,0,1,1.0000,,,B-ENTRY,model,0.9881,2026-09-22 19:53:06,d74ccc8c7fb1
99fe32c4-78c9-588d-bb95-519ac1b22630,0036b97c-0fa0-5c4c-a4b0-22eb05df4c98,a3c08239ae90,181.3.30,181,2,3,30,"[61.0, 72.0, 500.0, 537.0]",Text,"Royer-Collard, rue des Marais. — Unité.  ",ENTRY,"<SUBJ>Royer-Collard</SUBJ>, <ADDR>rue des Marais. — Unité.</ADDR>",1,0,1,1.0000,,,B-ENTRY,model,0.9873,2026-09-22 19:53:06,2fcab97b871a
c13a1420-58c5-54d9-abf8-16e1a8431bf3,0036b97c-0fa0-5c4c-a4b0-22eb05df4c98,028f9306ff12,181.3.31,181,2,3,31,"[61.0, 72.0, 500.0, 537.0]",Text,"Ruette, rue des Champs-Elysées, 5.  ",ENTRY,"<SUBJ>Ruette</SUBJ>, <ADDR>rue des Champs-Elysées, 5.</ADDR>",1,0,1,1.0000,,,B-ENTRY,model,0.9879,2026-09-22 19:53:06,eeb757b3ee8a
37ec3386-3728-5158-9b11-5de2282c0c1f,0036b97c-0fa0-5c4c-a4b0-22eb05df4c98,ac8f4be02a93,181.3.32,181,2,3,32,"[61.0, 72.0, 500.0, 537.0]",Text,"Sacombe (*accoucheur*), rue Marceau.  ",ENTRY,"<SUBJ>Sacombe</SUBJ> <DESC>(*accoucheur*)</DESC>, <ADDR>rue Marceau.</ADDR>",1,1,1,1.0000,,,B-ENTRY,model,0.997,2026-09-22 19:53:06,f1a96ff5928e
ce8392b2-8125-5672-84f7-6bb5c81e3a23,0036b97c-0fa0-5c4c-a4b0-22eb05df4c98,"153b135028c5,8e5a0aa63164","181.3.33,181.3.34","181,181","2,2","3,3","33,34","[61.0, 72.0, 500.0, 537.0],[61.0, 72.0, 500.0, 537.0]","Text,Text","Saiffert, rue S.-Dominique, 25. — Font. de Gren.",ENTRY,"<SUBJ>Saiffert</SUBJ>, <ADDR>rue S.-Dominique, 25. — Font. de Gren.</ADDR>",1,0,1,1.0000,,,"B-ENTRY,I-ENTRY","human,human","1.0,1.0","2026-09-22 19:51:17,2026-09-22 19:51:17",7ed581cd5f30
ddba2426-b220-51a1-964b-59aa62ae72dd,0036b97c-0fa0-5c4c-a4b0-22eb05df4c98,fe7cc6eb3182,181.4.0,181,3,4,0,"[511.0, 71.0, 957.0, 524.0]",Text,"Saillant, rue de Bièvre.  ",ENTRY,"<SUBJ>Saillant</SUBJ>, <ADDR>rue de Bièvre.</ADDR>",1,0,1,1.0000,,,B-ENTRY,human,1.0,2026-09-22 19:52:12,1d4286e16b21
f65ef7e5-490d-5ad2-9aa5-4da09f3da2bb,0036b97c-0fa0-5c4c-a4b0-22eb05df4c98,becf7ac772f0,181.4.1,181,3,4,1,"[511.0, 71.0, 957.0, 524.0]",Text,"Salmade, rue de la Concorde, 8.  ",ENTRY,"<SUBJ>Salmade</SUBJ>, <ADDR>rue de la Concorde, 8.</ADDR>",1,0,1,1.0000,,,B-ENTRY,human,1.0,2026-09-22 19:52:12,45d12eb5e432
f663021c-d2da-5ef3-a0fb-0ff128ad04b9,0036b97c-0fa0-5c4c-a4b0-22eb05df4c98,00e73912da88,181.4.2,181,3,4,2,"[511.0, 71.0, 957.0, 524.0]",Text,"Ségard, rue Thévenot, 26.  ",ENTRY,"<SUBJ>Ségard</SUBJ>, <ADDR>rue Thévenot, 26.</ADDR>",1,0,1,1.0000,,,B-ENTRY,model,0.9713,2026-09-22 19:53:06,ee461b223893
051c1b78-9c14-5aba-8f01-2e74f2b91882,0036b97c-0fa0-5c4c-a4b0-22eb05df4c98,cac6e648709d,181.4.3,181,3,4,3,"[511.0, 71.0, 957.0, 524.0]",Text,"Sengense, rue Chabannais, 6.  ",ENTRY,"<SUBJ>Sengense</SUBJ>, <ADDR>rue Chabannais, 6.</ADDR>",1,0,1,1.0000,,,B-ENTRY,model,0.971,2026-09-22 19:53:06,910498764731
fc9713cb-cbbf-536f-a03a-90a7134f1e00,0036b97c-0fa0-5c4c-a4b0-22eb05df4c98,afa0cd41b48e,181.4.4,181,3,4,4,"[511.0, 71.0, 957.0, 524.0]",Text,"Sedillot (Jean), rue Favart, 6.  ",ENTRY,"<SUBJ>Sedillot (Jean)</SUBJ>, <ADDR>rue Favart, 6.</ADDR>",1,0,1,1.0000,,,B-ENTRY,model,0.9995,2026-09-22 19:53:06,350b78c84af5
0343956a-696c-50b2-babc-b78e1d273be7,0036b97c-0fa0-5c4c-a4b0-22eb05df4c98,ea78cbc55018,181.4.5,181,3,4,5,"[511.0, 71.0, 957.0, 524.0]",Text,"Sedillot (Jos.), rue Thibautodé, 16.  ",ENTRY,"<SUBJ>Sedillot (Jos.)</SUBJ>, <ADDR>rue Thibautodé, 16.</ADDR>",1,0,1,1.0000,,,B-ENTRY,model,0.999,2026-09-22 19:53:06,ff59fecf340e
057a00f8-efaa-55ae-badd-85cbe4f66146,0036b97c-0fa0-5c4c-a4b0-22eb05df4c98,93301e6027c4,181.4.6,181,3,4,6,"[511.0, 71.0, 957.0, 524.0]",Text,"Seguy, rue S.-Honoré, 226.  ",ENTRY,"<SUBJ>Seguy</SUBJ>, <ADDR>rue S.-Honoré, 226.</ADDR>",1,0,1,1.0000,,,B-ENTRY,model,0.9866,2026-09-22 19:53:06,84a0385bac03
d1a0d405-d974-5bd2-97ec-97d5ef370220,0036b97c-0fa0-5c4c-a4b0-22eb05df4c98,97e17a06576c,181.4.7,181,3,4,7,"[511.0, 71.0, 957.0, 524.0]",Text,"Simon, au Palais du Tribunal.  ",ENTRY,"<SUBJ>Simon</SUBJ>, <ADDR>au Palais du Tribunal.</ADDR>",1,0,1,1.0000,,,B-ENTRY,model,0.988,2026-09-22 19:53:06,8c152ba92979
38d1fc4f-9248-51bf-8af6-505dea27e244,0036b97c-0fa0-5c4c-a4b0-22eb05df4c98,b969436997ae,181.4.8,181,3,4,8,"[511.0, 71.0, 957.0, 524.0]",Text,"Souchette, rue S.-Jacques, 174.  ",ENTRY,"<SUBJ>Souchette</SUBJ>, <ADDR>rue S.-Jacques, 174.</ADDR>",1,0,1,1.0000,,,B-ENTRY,human,1.0,2026-09-22 19:51:48,28502d73945f
1ea5fa12-9627-55d5-a528-5af3acc0e6f4,0036b97c-0fa0-5c4c-a4b0-22eb05df4c98,8508d7e68968,181.4.9,181,3,4,9,"[511.0, 71.0, 957.0, 524.0]",Text,"Sue jeune, rue de Surène, 5.  ",ENTRY,"<SUBJ>Sue jeune</SUBJ>, <ADDR>rue de Surène, 5.</ADDR>",1,0,1,1.0000,,,B-ENTRY,human,1.0,2026-09-22 19:51:48,6da808db538a
fe5eaf57-2709-5b9e-8ca8-76a0dd1c916b,0036b97c-0fa0-5c4c-a4b0-22eb05df4c98,43ae9a853d7b,181.4.10,181,3,4,10,"[511.0, 71.0, 957.0, 524.0]",Text,"Tessières, rue Guisac-S.-Sulpice.  ",ENTRY,"<SUBJ>Tessières</SUBJ>, <ADDR>rue Guisac-S.-Sulpice.</ADDR>",1,0,1,1.0000,,,B-ENTRY,model,0.9758,2026-09-22 19:53:06,1611c2dfb53c
c659ebaa-f9c0-50a8-afaa-665f6747fcff,0036b97c-0fa0-5c4c-a4b0-22eb05df4c98,49a51039aae9,181.4.11,181,3,4,11,"[511.0, 71.0, 957.0, 524.0]",Text,"Tessier, rue de l'Oratoire, 4.  ",ENTRY,"<SUBJ>Tessier</SUBJ>, <ADDR>rue de l'Oratoire, 4.</ADDR>",1,0,1,1.0000,,,B-ENTRY,model,0.9883,2026-09-22 19:53:06,0f6929dda4f7
4bbfb3ed-9ad5-5252-8696-c9850a2bd075,0036b97c-0fa0-5c4c-a4b0-22eb05df4c98,e7156a9408d2,181.4.12,181,3,4,12,"[511.0, 71.0, 957.0, 524.0]",Text,"Thery, rue Christine, 9.  ",ENTRY,"<SUBJ>Thery</SUBJ>, <ADDR>rue Christine, 9.</ADDR>",1,0,1,1.0000,,,B-ENTRY,model,0.9709,2026-09-22 19:53:06,39f4939b38ea
9a7d6f1c-4562-50e9-bf79-537a1ee9dc9a,0036b97c-0fa0-5c4c-a4b0-22eb05df4c98,c2d59891a49d,181.4.13,181,3,4,13,"[511.0, 71.0, 957.0, 524.0]",Text,"Thomas-d'Onglée, rue de Verneuil, 1.  ",ENTRY,"<SUBJ>Thomas-d'Onglée</SUBJ>, <ADDR>rue de Verneuil, 1.</ADDR>",1,0,1,1.0000,,,B-ENTRY,model,0.9829,2026-09-22 19:53:06,d748ab0cabba
7950f43a-5a1f-5f08-b92c-5375dcb3f149,0036b97c-0fa0-5c4c-a4b0-22eb05df4c98,"6276e9d43774,a2c9e6238a9b","181.4.14,181.4.15","181,181","3,3","4,4","14,15","[511.0, 71.0, 957.0, 524.0],[511.0, 71.0, 957.0, 524.0]","Text,Text","Thouret (*direct. de l'Ecole de Médecine*), à l'Ecole de Médecine.",ENTRY,"<SUBJ>Thouret</SUBJ> <DESC>(*direct. de l'Ecole de Médecine*)</DESC>, à l'Ecole de Médecine.",1,1,0,0.9950,texte non couvert,,"B-ENTRY,I-ENTRY","model,model","0.9995,0.9899","2026-09-22 19:53:06,2026-09-22 19:53:06",9daf23af46ad
a853b5a0-ef07-5e2d-ad1d-692a054bf0bf,0036b97c-0fa0-5c4c-a4b0-22eb05df4c98,3d0b591e409d,181.4.16,181,3,4,16,"[511.0, 71.0, 957.0, 524.0]",Text,"Tollard, place des Trois-Maris, 22.  ",ENTRY,"<SUBJ>Tollard</SUBJ>, <ADDR>place des Trois-Maris, 22.</ADDR>",1,0,1,1.0000,,,B-ENTRY,model,0.9978,2026-09-22 19:53:06,450cb705985f
4d3abb0a-103e-5f21-98d2-29ffbfd9bd2a,0036b97c-0fa0-5c4c-a4b0-22eb05df4c98,c92ffd00abd5,181.4.17,181,3,4,17,"[511.0, 71.0, 957.0, 524.0]",Text,"Tourlet, rue Mazarine, 48.  ",ENTRY,"<SUBJ>Tourlet</SUBJ>, <ADDR>rue Mazarine, 48.</ADDR>",1,0,1,1.0000,,,B-ENTRY,model,0.9704,2026-09-22 19:53:06,c140e08b0563
292eec3a-70c3-590f-b87c-0017f0c94031,0036b97c-0fa0-5c4c-a4b0-22eb05df4c98,bcaa6c9b916f,181.4.18,181,3,4,18,"[511.0, 71.0, 957.0, 524.0]",Text,"Tranche-Labaussé, rue du Mail, 1.  ",ENTRY,"<SUBJ>Tranche-Labaussé</SUBJ>, <ADDR>rue du Mail, 1.</ADDR>",1,0,1,1.0000,,,B-ENTRY,model,0.9966,2026-09-22 19:53:06,6f6529776fd0
5b0a0ff5-fb21-5e69-a65c-335e84906440,0036b97c-0fa0-5c4c-a4b0-22eb05df4c98,39c4a55c2de3,181.4.19,181,3,4,19,"[511.0, 71.0, 957.0, 524.0]",Text,"Trappe, rue de Bussy.  ",ENTRY,"<SUBJ>Trappe</SUBJ>, <ADDR>rue de Bussy.</ADDR>",1,0,1,1.0000,,,B-ENTRY,model,0.9725,2026-09-22 19:53:06,1d65c7ad0e67
50ebade4-8e39-5f65-a6cc-6d2a111180e6,0036b97c-0fa0-5c4c-a4b0-22eb05df4c98,bc99c6a160a6,181.4.20,181,3,4,20,"[511.0, 71.0, 957.0, 524.0]",Text,"Yachier, rue Montorgueil, 77.  ",ENTRY,"<SUBJ>Yachier</SUBJ>, <ADDR>rue Montorgueil, 77.</ADDR>",1,0,1,1.0000,,,B-ENTRY,model,0.9714,2026-09-22 19:53:06,dc4c66a56e2c
fbbce592-2d97-534c-8382-ddb1a56c1df8,0036b97c-0fa0-5c4c-a4b0-22eb05df4c98,e76eac7a8008,181.4.21,181,3,4,21,"[511.0, 71.0, 957.0, 524.0]",Text,"Vaidy, rue Jacob, 22.  ",ENTRY,"<SUBJ>Vaidy</SUBJ>, <ADDR>rue Jacob, 22.</ADDR>",1,0,1,1.0000,,,B-ENTRY,model,0.9711,2026-09-22 19:53:06,25cff4a48046
5b3d54cf-aa1b-51af-91ac-5ad163aea393,0036b97c-0fa0-5c4c-a4b0-22eb05df4c98,b7c4fd32108f,181.4.22,181,3,4,22,"[511.0, 71.0, 957.0, 524.0]",Text,"Vallée, rue Feydeau.  ",ENTRY,"<SUBJ>Vallée</SUBJ>, <ADDR>rue Feydeau.</ADDR>",1,0,1,1.0000,,,B-ENTRY,model,0.9808,2026-09-22 19:53:06,2e0412f0c9be
a4560960-08e1-5b15-ae23-ea8eb385f080,0036b97c-0fa0-5c4c-a4b0-22eb05df4c98,4d0a64e1a616,181.4.23,181,3,4,23,"[511.0, 71.0, 957.0, 524.0]",Text,"Varin, rue des Bons-Enfans, 34.  ",ENTRY,"<SUBJ>Varin</SUBJ>, <ADDR>rue des Bons-Enfans, 34.</ADDR>",1,0,1,1.0000,,,B-ENTRY,model,0.9881,2026-09-22 19:53:06,dc8a74b77554
460495b5-7a91-5a19-8b46-64a4fd30f1bf,0036b97c-0fa0-5c4c-a4b0-22eb05df4c98,e3dc1f807c4b,181.4.24,181,3,4,24,"[511.0, 71.0, 957.0, 524.0]",Text,"Vareliand, rue des Saints-Pères, 44.  ",ENTRY,"<SUBJ>Vareliand</SUBJ>, <ADDR>rue des Saints-Pères, 44.</ADDR>",1,0,1,1.0000,,,B-ENTRY,model,0.9881,2026-09-22 19:53:06,d2b4d283af00
86563964-d96f-5d76-8d77-147670c1d10f,0036b97c-0fa0-5c4c-a4b0-22eb05df4c98,35f94d6ba11a,181.4.25,181,3,4,25,"[511.0, 71.0, 957.0, 524.0]",Text,"Varnier, boulev. du Dépôt, 10.  ",ENTRY,"<SUBJ>Varnier</SUBJ>, <ADDR>boulev. du Dépôt, 10.</ADDR>",1,0,1,1.0000,,,B-ENTRY,model,0.9827,2026-09-22 19:53:06,714c6b625a15
e38f05a4-7e7b-55a3-a68e-15e969b17218,0036b97c-0fa0-5c4c-a4b0-22eb05df4c98,631f51e953ad,181.4.26,181,3,4,26,"[511.0, 71.0, 957.0, 524.0]",Text,"Vaudelaunay, rue du Colombier, 17.  ",ENTRY,"<SUBJ>Vaudelaunay</SUBJ>, <ADDR>rue du Colombier, 17.</ADDR>",1,0,1,1.0000,,,B-ENTRY,model,0.9748,2026-09-22 19:53:06,48038ade004e
58f0bfc0-a339-5f4b-979e-ec5c4d818dea,0036b97c-0fa0-5c4c-a4b0-22eb05df4c98,2c0de5cc3c49,181.4.27,181,3,4,27,"[511.0, 71.0, 957.0, 524.0]",Text,"Vaume, rue de Chaillot, 103.  ",ENTRY,"<SUBJ>Vaume</SUBJ>, <ADDR>rue de Chaillot, 103.</ADDR>",1,0,1,1.0000,,,B-ENTRY,model,0.9745,2026-09-22 19:53:06,8110a8395dea
b851be47-195a-587e-be78-7f02eeb6c8f0,0036b97c-0fa0-5c4c-a4b0-22eb05df4c98,16eb2c67792b,181.4.28,181,3,4,28,"[511.0, 71.0, 957.0, 524.0]",Text,"Verdier-Henrini, rue des Prouvaires, 10.  ",ENTRY,"<SUBJ>Verdier-Henrini</SUBJ>, <ADDR>rue des Prouvaires, 10.</ADDR>",1,0,1,1.0000,,,B-ENTRY,model,0.9966,2026-09-22 19:53:06,fd842af928ed
3372a63a-344d-5bf3-8f3f-0ca7acb47a3f,0036b97c-0fa0-5c4c-a4b0-22eb05df4c98,e4adf9da4a56,181.4.29,181,3,4,29,"[511.0, 71.0, 957.0, 524.0]",Text,"Vergès, rue de Richelieu, 84.  ",ENTRY,"<SUBJ>Vergès</SUBJ>, <ADDR>rue de Richelieu, 84.</ADDR>",1,0,1,1.0000,,,B-ENTRY,model,0.9746,2026-09-22 19:53:06,c0847131d5a3
fe5dc055-d06f-590d-9893-a1e92c30476b,0036b97c-0fa0-5c4c-a4b0-22eb05df4c98,ab66adbc67f0,181.4.30,181,3,4,30,"[511.0, 71.0, 957.0, 524.0]",Text,"Vigaroux, rue Caumartin, 1.  ",ENTRY,"<SUBJ>Vigaroux</SUBJ>, <ADDR>rue Caumartin, 1.</ADDR>",1,0,1,1.0000,,,B-ENTRY,model,0.9713,2026-09-22 19:53:06,517648d4ed40
df04a392-301b-500f-9bb5-1bf113db955f,0036b97c-0fa0-5c4c-a4b0-22eb05df4c98,b5e6cca3d664,181.4.31,181,3,4,31,"[511.0, 71.0, 957.0, 524.0]",Text,"Vosdey, faub.-S.-Denis, 154.  ",ENTRY,"<SUBJ>Vosdey</SUBJ>, <ADDR>faub.-S.-Denis, 154.</ADDR>",1,0,1,1.0000,,,B-ENTRY,model,0.9829,2026-09-22 19:53:06,e87d1c8ec81b
df84f27c-cb10-50a9-80f9-82b4a6ec37a2,0036b97c-0fa0-5c4c-a4b0-22eb05df4c98,d404c3ba75a1,181.4.32,181,3,4,32,"[511.0, 71.0, 957.0, 524.0]",Text,"Wentzel (*oculiste*), rue Charlot, 18.",ENTRY,"<SUBJ>Wentzel</SUBJ> <DESC>(*oculiste*)</DESC>, <ADDR>rue Charlot, 18.</ADDR>",1,1,1,1.0000,,,B-ENTRY,human,1.0,2026-09-22 19:52:57,46e07a0d671c
32812b93-b48d-5497-a396-68d35f85637f,00000000-0000-0000-0000-000000000000,833ea718af95,181.5.0,181,4,5,0,"[216.0, 538.0, 811.0, 560.0]",Section-Header,## DOCTEURS EN CHIRURGIE.,TITLE,,,,,,,,B-TITLE,human,1.0,2026-09-22 19:52:57,86e3ad97ecee
4dfeaa65-dd90-57ac-99ff-6516609dabf2,32812b93-b48d-5497-a396-68d35f85637f,00078b2b0ca7,181.6.0,181,5,6,0,"[70.0, 563.0, 511.0, 920.0]",Text,"Alain, rue de Seine, 31.  ",ENTRY,"<SUBJ>Alain</SUBJ>, <ADDR>rue de Seine, 31.</ADDR>",1,0,1,1.0000,,,B-ENTRY,model,0.9847,2026-09-22 19:53:06,c7b4dc04ab0f
1d70c1f3-d9f6-53de-a28f-849eabd3d21f,32812b93-b48d-5497-a396-68d35f85637f,"65a6e618ee78,b65d5650c43a","181.6.1,181.6.2","181,181","5,5","6,6","1,2","[70.0, 563.0, 511.0, 920.0],[70.0, 563.0, 511.0, 920.0]","Text,Text","Ané, *chir. de la princesse Pauline*, rue S.-Guillaume, 7.",ENTRY,"<SUBJ>Ané</SUBJ>, *<DESC>chir. de la princesse Pauline</DESC>*, <ADDR>rue S.-Guillaume, 7.</ADDR>",1,1,1,1.0000,,,"B-ENTRY,I-ENTRY","human,human","1.0,1.0","2026-09-22 19:50:21,2026-09-22 19:50:21",fe803f51c966
7adbaa43-2889-5e1d-9035-962fd088ba09,32812b93-b48d-5497-a396-68d35f85637f,dd94eccf4954,181.6.3,181,5,6,3,"[70.0, 563.0, 511.0, 920.0]",Text,"Angard, rue Ste-Apolline, 10.  ",ENTRY,"<SUBJ>Angard</SUBJ>, <ADDR>rue Ste-Apolline, 10.</ADDR>",1,0,1,1.0000,,,B-ENTRY,model,0.9964,2026-09-22 19:53:06,190f29a43739
02783103-c01d-54e4-a87c-d08115475ce5,32812b93-b48d-5497-a396-68d35f85637f,d47ccd04be0e,181.6.4,181,5,6,4,"[70.0, 563.0, 511.0, 920.0]",Text,"Asseline, *herniaire*, quai de l'Ecole, 8.  ",ENTRY,"<SUBJ>Asseline</SUBJ>, *<DESC>herniaire</DESC>*, <ADDR>quai de l'Ecole, 8.</ADDR>",1,1,1,1.0000,,,B-ENTRY,model,0.9864,2026-09-22 19:53:06,79d2a35aa758
c4a4d271-f78e-5d5d-a415-69fd54378cbe,32812b93-b48d-5497-a396-68d35f85637f,fe7ceb2ebf3e,181.6.5,181,5,6,5,"[70.0, 563.0, 511.0, 920.0]",Text,"Arrachart, quai de l'Égalité, 10.  ",ENTRY,"<SUBJ>Arrachart</SUBJ>, <ADDR>quai de l'Égalité, 10.</ADDR>",1,0,1,1.0000,,,B-ENTRY,model,0.9879,2026-09-22 19:53:06,3cea26498e82
41000967-1257-5696-9230-772049a02e58,32812b93-b48d-5497-a396-68d35f85637f,"a48dd4a40d7c,510e8350ecf7","181.6.6,181.6.7","181,181","5,5","6,6","6,7","[70.0, 563.0, 511.0, 920.0],[70.0, 563.0, 511.0, 920.0]","Text,Text","Audet, rue des SS.-Pères, à l'hospice de l'Unité, 45.",ENTRY,"<SUBJ>Audet</SUBJ>, <ADDR>rue des SS.-Pères, à l'hospice de l'Unité, 45.</ADDR>",1,0,1,1.0000,,,"B-ENTRY,I-ENTRY","human,human","1.0,1.0","2026-09-22 19:52:09,2026-09-22 19:52:09",de21844da0dd
5c93addf-064b-5f92-9b1c-50b26efee2fb,32812b93-b48d-5497-a396-68d35f85637f,60732695c257,181.6.8,181,5,6,8,"[70.0, 563.0, 511.0, 920.0]",Text,"Audibert, rue Michel-le-Pelletier, 4.  ",ENTRY,"<SUBJ>Audibert</SUBJ>, <ADDR>rue Michel-le-Pelletier, 4.</ADDR>",1,0,1,1.0000,,,B-ENTRY,model,0.9942,2026-09-22 19:53:06,8b3b33d4e2af
48484962-f132-53ae-a5c6-9af89aabd0c5,32812b93-b48d-5497-a396-68d35f85637f,e05754ffdf57,181.6.9,181,5,6,9,"[70.0, 563.0, 511.0, 920.0]",Text,"Anvity, rue du Bacq., 45.  ",ENTRY,"<SUBJ>Anvity</SUBJ>, <ADDR>rue du Bacq., 45.</ADDR>",1,0,1,1.0000,,,B-ENTRY,model,0.9815,2026-09-22 19:53:06,81e64ba7987c
a0be0bd8-c6cf-5698-9ebf-bc2b3a5eaf57,32812b93-b48d-5497-a396-68d35f85637f,7cd5ad9a88a8,181.6.10,181,5,6,10,"[70.0, 563.0, 511.0, 920.0]",Text,"Babel, rue S.-Avoye, 18.  ",ENTRY,"<SUBJ>Babel</SUBJ>, <ADDR>rue S.-Avoye, 18.</ADDR>",1,0,1,1.0000,,,B-ENTRY,model,0.9868,2026-09-22 19:53:06,f4d2f2acb1d2
50517952-1fd9-5024-b771-f005433978b2,32812b93-b48d-5497-a396-68d35f85637f,"5a7968ed4ab2,636b1ad0b907","181.6.11,181.6.12","181,181","5,5","6,6","11,12","[70.0, 563.0, 511.0, 920.0],[70.0, 563.0, 511.0, 920.0]","Text,Text","Balin, *herniaire*, place de l'Hôtel-de- Ville, 7.",ENTRY,"<SUBJ>Balin</SUBJ>, *<DESC>herniaire</DESC>*, <ADDR>place de l'Hôtel-de- Ville, 7.</ADDR>",1,1,1,1.0000,,,"B-ENTRY,I-ENTRY","model,model","0.9883,0.9813","2026-09-22 19:53:06,2026-09-22 19:53:06",70b8f8cc5c71
70e1fe9f-9a5b-5873-9ab2-22045926cee1,32812b93-b48d-5497-a396-68d35f85637f,834e83830f79,181.6.13,181,5,6,13,"[70.0, 563.0, 511.0, 920.0]",Text,"Balluet, rue S.-Honoré, 224.  ",ENTRY,"<SUBJ>Balluet</SUBJ>, <ADDR>rue S.-Honoré, 224.</ADDR>",1,0,1,1.0000,,,B-ENTRY,model,0.9976,2026-09-22 19:53:06,9b9fcb4478f3
99094a17-fdbe-5aef-a77b-7a33f2a579ee,32812b93-b48d-5497-a396-68d35f85637f,f07465ffde13,181.6.14,181,5,6,14,"[70.0, 563.0, 511.0, 920.0]",Text,"Barbès, rue de Bourgogne, 45.  ",ENTRY,"<SUBJ>Barbès</SUBJ>, <ADDR>rue de Bourgogne, 45.</ADDR>",1,0,1,1.0000,,,B-ENTRY,model,0.9743,2026-09-22 19:53:06,85d65b4efaaf
82dc76c5-9412-5379-9c48-c5bc13b9e232,32812b93-b48d-5497-a396-68d35f85637f,d2421a6b8933,181.6.15,181,5,6,15,"[70.0, 563.0, 511.0, 920.0]",Text,"Barbier, rue S.-Jacques, 279.  ",ENTRY,"<SUBJ>Barbier</SUBJ>, <ADDR>rue S.-Jacques, 279.</ADDR>",1,0,1,1.0000,,,B-ENTRY,model,0.9868,2026-09-22 19:53:06,8de73e63ad66
72f42f7e-b551-5640-97fb-1a7c67093e57,32812b93-b48d-5497-a396-68d35f85637f,"9661d6d49192,315bd12f3603","181.6.16,181.6.17","181,181","5,5","6,6","16,17","[70.0, 563.0, 511.0, 920.0],[70.0, 563.0, 511.0, 920.0]","Text,Text","Baronat, *herniaire*, place de la colonnade du Louvre, 22.",ENTRY,"<SUBJ>Baronat</SUBJ>, *<DESC>herniaire</DESC>*, <ADDR>place de la colonnade du Louvre, 22.</ADDR>",1,1,1,1.0000,,,"B-ENTRY,I-ENTRY","model,model","0.9979,0.9983","2026-09-22 19:53:06,2026-09-22 19:53:06",210c3168db4e
61683e1b-19f1-5e05-8b34-0d8efcaeb9ad,32812b93-b48d-5497-a396-68d35f85637f,bd498e873ff3,181.6.18,181,5,6,18,"[70.0, 563.0, 511.0, 920.0]",Text,"Bayard, rue Basse-Porte-S.-Denis, 18.  ",ENTRY,"<SUBJ>Bayard</SUBJ>, <ADDR>rue Basse-Porte-S.-Denis, 18.</ADDR>",1,0,1,1.0000,,,B-ENTRY,model,0.997,2026-09-22 19:53:06,88debb5f8fbe
04da4e1f-9beb-5220-b79e-e88e035bccc4,32812b93-b48d-5497-a396-68d35f85637f,1423b04270f2,181.6.19,181,5,6,19,"[70.0, 563.0, 511.0, 920.0]",Text,"Beaudelocque, *accouch.*, rue Jacob, 16.  ",ENTRY,"<SUBJ>Beaudelocque</SUBJ>, *<DESC>accouch.</DESC>*, <ADDR>rue Jacob, 16.</ADDR>",1,1,1,1.0000,,,B-ENTRY,model,0.9866,2026-09-22 19:53:06,88d0dc00d2b7
c4782aee-2e0b-5631-a600-a6550eeef24a,32812b93-b48d-5497-a396-68d35f85637f,5eddb52d4eca,181.6.20,181,5,6,20,"[70.0, 563.0, 511.0, 920.0]",Text,"Beaugregard, rue Batavel, 6.  ",ENTRY,"<SUBJ>Beaugregard</SUBJ>, <ADDR>rue Batavel, 6.</ADDR>",1,0,1,1.0000,,,B-ENTRY,model,0.9709,2026-09-22 19:53:06,ed914a843446
5a3599e6-1ccc-5b01-ae2c-51852400a665,32812b93-b48d-5497-a396-68d35f85637f,df17ff667f73,181.6.21,181,5,6,21,"[70.0, 563.0, 511.0, 920.0]",Text,"Becquet, *ocul.*, rue des Prouvaires, 53.  ",ENTRY,"<SUBJ>Becquet</SUBJ>, *<DESC>ocul.</DESC>*, <ADDR>rue des Prouvaires, 53.</ADDR>",1,1,1,1.0000,,,B-ENTRY,model,0.9865,2026-09-22 19:53:06,d339ea51815a
fd123acf-0fbf-5b22-8d20-2ad5fd3966a7,32812b93-b48d-5497-a396-68d35f85637f,"49721977882f,1983c839845c","181.6.22,181.6.23","181,181","5,5","6,6","22,23","[70.0, 563.0, 511.0, 920.0],[70.0, 563.0, 511.0, 920.0]","Text,Text","Belivier, rue de Charenton, aux Quinze- Vingt, 38.",ENTRY,"<SUBJ>Belivier</SUBJ>, <ADDR>rue de Charenton, aux Quinze- Vingt, 38.</ADDR>",1,0,1,1.0000,,,"B-ENTRY,I-ENTRY","human,human","1.0,1.0","2026-09-22 19:52:37,2026-09-22 19:52:37",1b6161f4d0c5
280e523b-0703-532d-bd4e-f062ccd6d6a8,32812b93-b48d-5497-a396-68d35f85637f,79a53ca1276a,181.6.24,181,5,6,24,"[70.0, 563.0, 511.0, 920.0]",Text,"Bernardin, rue J. J. Rousseau.  ",ENTRY,"<SUBJ>Bernardin</SUBJ>, <ADDR>rue J. J. Rousseau.</ADDR>",1,0,1,1.0000,,,B-ENTRY,human,1.0,2026-09-22 19:52:42,3534f99295ac
94b80123-a4df-58c9-b6d9-b4e16ae179e4,32812b93-b48d-5497-a396-68d35f85637f,f2e644d0d789,181.6.25,181,5,6,25,"[70.0, 563.0, 511.0, 920.0]",Text,"Bertholet, rue des Lavandières, 35. — M.  ",ENTRY,"<SUBJ>Bertholet</SUBJ>, <ADDR>rue des Lavandières, 35. — M.</ADDR>",1,0,1,1.0000,,,B-ENTRY,human,1.0,2026-09-22 19:52:42,9e637ad98320
c4887e98-6e19-5a89-b43e-369bb6caf617,32812b93-b48d-5497-a396-68d35f85637f,878681da5cd9,181.6.26,181,5,6,26,"[70.0, 563.0, 511.0, 920.0]",Text,"Bigot, rue Chabannais, 4.",ENTRY,"<SUBJ>Bigot</SUBJ>, <ADDR>rue Chabannais, 4.</ADDR>",1,0,1,1.0000,,,B-ENTRY,model,0.9718,2026-09-22 19:53:06,c63069f09879
019696fb-7226-522a-a0b1-2e8aeeb25bd9,32812b93-b48d-5497-a396-68d35f85637f,accdc93e5d69,181.7.0,181,6,7,0,"[520.0, 563.0, 970.0, 914.0]",Text,"Biscarat, rue Gaillon, 15.  ",ENTRY,"<SUBJ>Biscarat</SUBJ>, <ADDR>rue Gaillon, 15.</ADDR>",1,0,1,1.0000,,,B-ENTRY,model,0.9712,2026-09-22 19:53:06,c65332ce843e
82e56475-4ac7-5c9a-8827-6a1728a0a61a,32812b93-b48d-5497-a396-68d35f85637f,db46f4c96ac3,181.7.1,181,6,7,1,"[520.0, 563.0, 970.0, 914.0]",Text,"Blasy, rue du Gros-Chenet, 7.  ",ENTRY,"<SUBJ>Blasy</SUBJ>, <ADDR>rue du Gros-Chenet, 7.</ADDR>",1,0,1,1.0000,,,B-ENTRY,model,0.9883,2026-09-22 19:53:06,dc88e5335999
3539a446-b237-51e5-9350-456e33960572,32812b93-b48d-5497-a396-68d35f85637f,9be51e3bc654,181.7.2,181,6,7,2,"[520.0, 563.0, 970.0, 914.0]",Text,"Boblier, rue Ste-Apolline, 2.  ",ENTRY,"<SUBJ>Boblier</SUBJ>, <ADDR>rue Ste-Apolline, 2.</ADDR>",1,0,1,1.0000,,,B-ENTRY,model,0.9827,2026-09-22 19:53:06,b22c1cf82a1b
b5213385-c9cf-5fdb-8d28-56136c350bf1,32812b93-b48d-5497-a396-68d35f85637f,6b733ed651a0,181.7.3,181,6,7,3,"[520.0, 563.0, 970.0, 914.0]",Text,"Bonjour, rue des Nonnaindières, 1.  ",ENTRY,"<SUBJ>Bonjour</SUBJ>, <ADDR>rue des Nonnaindières, 1.</ADDR>",1,0,1,1.0000,,,B-ENTRY,model,0.975,2026-09-22 19:53:06,ab718d99906a
6cd43a29-33c5-5118-931b-73f5b6312591,32812b93-b48d-5497-a396-68d35f85637f,ac203083fcf5,181.7.4,181,6,7,4,"[520.0, 563.0, 970.0, 914.0]",Text,"Bonnye, rue S.-Dominique. — Inval.  ",ENTRY,"<SUBJ>Bonnye</SUBJ>, <ADDR>rue S.-Dominique. — Inval.</ADDR>",1,0,1,1.0000,,,B-ENTRY,model,0.9501,2026-09-22 19:53:06,61a00b4ce518
fe81e5df-de7b-5ee6-9ba9-e6261a0b1b50,32812b93-b48d-5497-a396-68d35f85637f,0f91a2d1da3a,181.7.5,181,6,7,5,"[520.0, 563.0, 970.0, 914.0]",Text,"Botentuit-Langlois, rue Montmartre, 26.  ",ENTRY,"<SUBJ>Botentuit-Langlois</SUBJ>, <ADDR>rue Montmartre, 26.</ADDR>",1,0,1,1.0000,,,B-ENTRY,model,0.9957,2026-09-22 19:53:06,f16602401643
700d8fbb-d5cf-5666-920a-731b98b2832b,32812b93-b48d-5497-a396-68d35f85637f,bdf2f4414f20,181.7.6,181,6,7,6,"[520.0, 563.0, 970.0, 914.0]",Text,"Boulay, rue Charlot, 43.  ",ENTRY,"<SUBJ>Boulay</SUBJ>, <ADDR>rue Charlot, 43.</ADDR>",1,0,1,1.0000,,,B-ENTRY,model,0.9703,2026-09-22 19:53:06,77ca1f842fdd
a8a1147e-b8bc-5d4f-9a90-4a0232bfac03,32812b93-b48d-5497-a396-68d35f85637f,"4a30700b1774,8d89c34dc2c5","181.7.7,181.7.8","181,181","6,6","7,7","7,8","[520.0, 563.0, 970.0, 914.0],[520.0, 563.0, 970.0, 914.0]","Text,Text","Bousquet (J. Bernard), rue des Écrivains, 15.",ENTRY,"<SUBJ>Bousquet (J. Bernard)</SUBJ>, <ADDR>rue des Écrivains, 15.</ADDR>",1,0,1,1.0000,,,"B-ENTRY,I-ENTRY","human,human","1.0,1.0","2026-09-22 19:51:34,2026-09-22 19:51:34",b139e2a313dd
c103248c-f525-58d9-88c8-ce7504db3f5a,32812b93-b48d-5497-a396-68d35f85637f,e89765246761,181.7.9,181,6,7,9,"[520.0, 563.0, 970.0, 914.0]",Text,"Bousquet (Michel), rue Chappon, 7.  ",ENTRY,"<SUBJ>Bousquet (Michel)</SUBJ>, <ADDR>rue Chappon, 7.</ADDR>",1,0,1,1.0000,,,B-ENTRY,model,0.9999,2026-09-22 19:53:06,d2a4907724ef
b0c79e93-8c0f-5769-9ed4-d814554a8025,32812b93-b48d-5497-a396-68d35f85637f,6de422e12e72,181.7.10,181,6,7,10,"[520.0, 563.0, 970.0, 914.0]",Text,"Bousquet (Ant. Nic.), rue de Richelieu, 48.  ",ENTRY,"<SUBJ>Bousquet (Ant. Nic.)</SUBJ>, <ADDR>rue de Richelieu, 48.</ADDR>",1,0,1,1.0000,,,B-ENTRY,model,0.9994,2026-09-22 19:53:06,5628847cb6e3
fdef2f1f-ebb7-5fec-90bd-aca975146d57,32812b93-b48d-5497-a396-68d35f85637f,cc380a60f99e,181.7.11,181,6,7,11,"[520.0, 563.0, 970.0, 914.0]",Text,"Boy, rue Ste-Croix-de-la-Bretonnerie, 42.  ",ENTRY,"<SUBJ>Boy</SUBJ>, <ADDR>rue Ste-Croix-de-la-Bretonnerie, 42.</ADDR>",1,0,1,1.0000,,,B-ENTRY,model,0.9825,2026-09-22 19:53:06,25b6fd97db50
8ba269cd-6c15-5a38-88d7-d4a31242de62,32812b93-b48d-5497-a396-68d35f85637f,"0538f22742bf,fffb4be4e94f","181.7.12,181.7.13","181,181","6,6","7,7","12,13","[520.0, 563.0, 970.0, 914.0],[520.0, 563.0, 970.0, 914.0]","Text,Text","Boyer, *premier chir. de l'Empereur et de* *l'Impératrice*, rue des SS.-Pères, 45.",ENTRY,"<SUBJ>Boyer</SUBJ>, *<DESC>premier chir. de l'Empereur et de* *l'Impératrice</DESC>*, <ADDR>rue des SS.-Pères, 45.</ADDR>",1,1,1,1.0000,,,"B-ENTRY,I-ENTRY","model,human","0.9976,1.0","2026-09-22 19:53:06,2026-09-22 19:50:19",bf804f3fe293
a57848a1-d0f9-58f8-8bda-b2a0ae794a70,32812b93-b48d-5497-a396-68d35f85637f,"dda57bbd4d8c,f2cb7f68e063","181.7.14,181.7.15","181,181","6,6","7,7","14,15","[520.0, 563.0, 970.0, 914.0],[520.0, 563.0, 970.0, 914.0]","Text,Text","Brézillon, *accoucheur*, rue Montorgueil, 17.",ENTRY,"<SUBJ>Brézillon</SUBJ>, *<DESC>accoucheur</DESC>*, <ADDR>rue Montorgueil, 17.</ADDR>",1,1,1,1.0000,,,"B-ENTRY,I-ENTRY","human,human","1.0,1.0","2026-09-22 19:50:19,2026-09-22 19:52:26",8ce8eb12a444
95ca0ed3-33f1-50a6-9197-0d8b04a40ba3,32812b93-b48d-5497-a396-68d35f85637f,234f64d47cd3,181.7.16,181,6,7,16,"[520.0, 563.0, 970.0, 914.0]",Text,"Brillouet, place du Corps-Législatif, 10.  ",ENTRY,"<SUBJ>Brillouet</SUBJ>, <ADDR>place du Corps-Législatif, 10.</ADDR>",1,0,1,1.0000,,,B-ENTRY,human,1.0,2026-09-22 19:52:26,653eae7386d1
4b2d7e4a-0001-5037-9d2f-35ed035a7334,32812b93-b48d-5497-a396-68d35f85637f,32ff33f4d9d1,181.7.17,181,6,7,17,"[520.0, 563.0, 970.0, 914.0]",Text,"Bunel, rue de Cléry, 29.  ",ENTRY,"<SUBJ>Bunel</SUBJ>, <ADDR>rue de Cléry, 29.</ADDR>",1,0,1,1.0000,,,B-ENTRY,model,0.9746,2026-09-22 19:53:06,cbe0a91aee38
ec9a88be-6c66-502e-abd2-21e59758d9fd,32812b93-b48d-5497-a396-68d35f85637f,79c912f83cdd,181.7.18,181,6,7,18,"[520.0, 563.0, 970.0, 914.0]",Text,"By, rue Greneta, 38.  ",ENTRY,"<SUBJ>By</SUBJ>, <ADDR>rue Greneta, 38.</ADDR>",1,0,1,1.0000,,,B-ENTRY,model,0.9712,2026-09-22 19:53:06,7f5c97e09577
6b1472d8-55f0-5ae0-a182-a87680b41f36,32812b93-b48d-5497-a396-68d35f85637f,287bc2c620fd,181.7.19,181,6,7,19,"[520.0, 563.0, 970.0, 914.0]",Text,"Cadot, rue Basse-S.-Denis, 26.  ",ENTRY,"<SUBJ>Cadot</SUBJ>, <ADDR>rue Basse-S.-Denis, 26.</ADDR>",1,0,1,1.0000,,,B-ENTRY,human,1.0,2026-09-22 19:52:14,b1b98edbf4cc
5baa5f92-c1a9-511b-9a9c-0d34a8863b02,32812b93-b48d-5497-a396-68d35f85637f,89b44ffca6c9,181.7.20,181,6,7,20,"[520.0, 563.0, 970.0, 914.0]",Text,"Caillard fils, rue de l'Observance, 6.  ",ENTRY,"<SUBJ>Caillard fils</SUBJ>, <ADDR>rue de l'Observance, 6.</ADDR>",1,0,1,1.0000,,,B-ENTRY,human,1.0,2026-09-22 19:52:14,3cba7e6612d4
c4f6e223-429f-555a-b945-eb7a33d595dc,32812b93-b48d-5497-a396-68d35f85637f,379be51ba71a,181.7.21,181,6,7,21,"[520.0, 563.0, 970.0, 914.0]",Text,"Calluet, rue de Chaillot, 99.  ",ENTRY,"<SUBJ>Calluet</SUBJ>, <ADDR>rue de Chaillot, 99.</ADDR>",1,0,1,1.0000,,,B-ENTRY,model,0.9762,2026-09-22 19:53:06,b210f2c4706c
37a06c1c-3ab3-5696-aa6f-2683e09f6086,32812b93-b48d-5497-a396-68d35f85637f,3248934d2b45,181.7.22,181,6,7,22,"[520.0, 563.0, 970.0, 914.0]",Text,"Carrere, rue du Four, 88.  ",ENTRY,"<SUBJ>Carrere</SUBJ>, <ADDR>rue du Four, 88.</ADDR>",1,0,1,1.0000,,,B-ENTRY,model,0.9744,2026-09-22 19:53:06,c5cd807524b9
49613589-2735-516b-857a-91f83a2ee983,32812b93-b48d-5497-a396-68d35f85637f,"431b27a7afd5,f2da22b2faf5","181.7.23,181.7.24","181,181","6,6","7,7","23,24","[520.0, 563.0, 970.0, 914.0],[520.0, 563.0, 970.0, 914.0]","Text,Text","Caron, *chirurgien à l'hospice du Val-de-* *Grâce*, rue de la Harpe, 117.",ENTRY,"<SUBJ>Caron</SUBJ>, *<DESC>chirurgien à l'hospice du Val-de-* *Grâce</DESC>*, <ADDR>rue de la Harpe, 117.</ADDR>",1,1,1,1.0000,,,"B-ENTRY,I-ENTRY","human,human","1.0,1.0","2026-09-22 19:52:15,2026-09-22 19:52:15",b6ffae1d024a
c9ce6b15-a591-5a70-a2ed-2fcca8794e8c,32812b93-b48d-5497-a396-68d35f85637f,03e6092c145f,181.7.25,181,6,7,25,"[520.0, 563.0, 970.0, 914.0]",Text,"Casaubon, rue J.-J.-Rousseau, 14.  ",ENTRY,"<SUBJ>Casaubon</SUBJ>, <ADDR>rue J.-J.-Rousseau, 14.</ADDR>",1,0,1,1.0000,,,B-ENTRY,model,0.9967,2026-09-22 19:53:06,d97cf206c535
c4e20c00-b533-5968-9a21-41cb3dbfd064,32812b93-b48d-5497-a396-68d35f85637f,aa2b5aac1bb2,181.7.26,181,6,7,26,"[520.0, 563.0, 970.0, 914.0]",Text,"Caste, rue de la Montagne, 25.",ENTRY,"<SUBJ>Caste</SUBJ>, <ADDR>rue de la Montagne, 25.</ADDR>",1,0,1,1.0000,,,B-ENTRY,model,0.9667,2026-09-22 19:53:06,a1a15b5510ff
59024b93-3d4e-599f-aacc-71f5f426cf33,32812b93-b48d-5497-a396-68d35f85637f,2d51340fb0a0~2,182.1.0,182,0,1,0,"[239.0, 31.0, 720.0, 55.0]",Page-Header,Docteurs en chirurgie. — PARIS.,OUT OF SCOPE,,,,,,,,OUT OF SCOPE,model,0.9977,2026-09-22 19:53:06,13299fb400a6
50ad1f4f-3072-52aa-86e7-154ba07f08df,32812b93-b48d-5497-a396-68d35f85637f,142e9ae35ca0,182.2.0,182,1,2,0,"[861.0, 32.0, 920.0, 53.0]",Page-Header,517,OUT OF SCOPE,,,,,,,,OUT OF SCOPE,model,0.9934,2026-09-22 19:53:06,13299fb400a6
c217411e-4a84-50c0-81ad-1b5c26f8ba82,32812b93-b48d-5497-a396-68d35f85637f,a8ff94712635,182.3.0,182,2,3,0,"[49.0, 57.0, 933.0, 899.0]",List-Group,"Catalan, *dentiste*, rue de Thionville, 33.  ",ENTRY,"<SUBJ>Catalan</SUBJ>, *<DESC>dentiste</DESC>*, <ADDR>rue de Thionville, 33.</ADDR>",1,1,1,1.0000,,,B-ENTRY,model,0.99,2026-09-22 19:53:06,034370632d32
647ff495-1fe6-587a-8ef8-5f33beb02c92,32812b93-b48d-5497-a396-68d35f85637f,748da5db6f30,182.3.1,182,2,3,1,"[49.0, 57.0, 933.0, 899.0]",List-Group,"Cathelot, rue S.-Antoine, 170.  ",ENTRY,"<SUBJ>Cathelot</SUBJ>, <ADDR>rue S.-Antoine, 170.</ADDR>",1,0,1,1.0000,,,B-ENTRY,model,0.9934,2026-09-22 19:53:06,b32749542e9c
e42e1c22-a72c-505b-bae8-ab4a4e054aca,32812b93-b48d-5497-a396-68d35f85637f,e912d9ed1ea1,182.3.2,182,2,3,2,"[49.0, 57.0, 933.0, 899.0]",List-Group,"Cavanon, *accoucheur*, rue de Lille, 68.  ",ENTRY,"<SUBJ>Cavanon</SUBJ>, *<DESC>accoucheur</DESC>*, <ADDR>rue de Lille, 68.</ADDR>",1,1,1,1.0000,,,B-ENTRY,model,0.9933,2026-09-22 19:53:06,94d39b616bc9
a7929030-9e34-5c24-89f1-0402e339bb33,32812b93-b48d-5497-a396-68d35f85637f,5ee0342dd496,182.3.3,182,2,3,3,"[49.0, 57.0, 933.0, 899.0]",List-Group,"Cervenon, rue Michel-le-Pelletier.  ",ENTRY,"<SUBJ>Cervenon</SUBJ>, <ADDR>rue Michel-le-Pelletier.</ADDR>",1,0,1,1.0000,,,B-ENTRY,model,0.989,2026-09-22 19:53:06,b0436973bf18
28a18bd4-00e3-5bda-ba15-17506fa59f70,32812b93-b48d-5497-a396-68d35f85637f,6bf26596880d,182.3.4,182,2,3,4,"[49.0, 57.0, 933.0, 899.0]",List-Group,"Cézérac, rue Neuve-Ste-Genève, 9.  ",ENTRY,"<SUBJ>Cézérac</SUBJ>, <ADDR>rue Neuve-Ste-Genève, 9.</ADDR>",1,0,1,1.0000,,,B-ENTRY,model,0.9854,2026-09-22 19:53:06,4391a6431fd8
7ee2a315-2695-54c9-8bf1-faba1b978129,32812b93-b48d-5497-a396-68d35f85637f,"2e826cfcf331,cc7b337d7b89","182.3.5,182.3.6","182,182","2,2","3,3","5,6","[49.0, 57.0, 933.0, 899.0],[49.0, 57.0, 933.0, 899.0]","List-Group,List-Group","Chabanette, *herniaire*, cour du Commerce. — Th.-Fr.",ENTRY,"<SUBJ>Chabanette</SUBJ>, *<DESC>herniaire</DESC>*, <ADDR>cour du Commerce. — Th.-Fr</ADDR>.",1,1,1,1.0000,,,"B-ENTRY,I-ENTRY","human,human","1.0,1.0","2026-09-22 19:51:36,2026-09-22 19:51:36",74d17ef55811
d13db580-e4dc-5bf8-8d29-3545c8fe1f78,32812b93-b48d-5497-a396-68d35f85637f,91f6241eaa57,182.3.7,182,2,3,7,"[49.0, 57.0, 933.0, 899.0]",List-Group,"Chabanneau, rue Vieille-du-Temple, 23.  ",ENTRY,"<SUBJ>Chabanneau</SUBJ>, <ADDR>rue Vieille-du-Temple, 23.</ADDR>",1,0,1,1.0000,,,B-ENTRY,model,0.9972,2026-09-22 19:53:06,1e522b0978a0
c9100f52-b84d-5623-aa62-4e5322bc85f8,32812b93-b48d-5497-a396-68d35f85637f,3bc005d93146,182.3.8,182,2,3,8,"[49.0, 57.0, 933.0, 899.0]",List-Group,"Champenois, rue Feydeau, 11.  ",ENTRY,"<SUBJ>Champenois</SUBJ>, <ADDR>rue Feydeau, 11.</ADDR>",1,0,1,1.0000,,,B-ENTRY,model,0.9854,2026-09-22 19:53:06,f4f58bf57d52
8fc9e7b6-4492-5fe5-8958-5ab5bd7ebc51,32812b93-b48d-5497-a396-68d35f85637f,830e1011460f,182.3.9,182,2,3,9,"[49.0, 57.0, 933.0, 899.0]",List-Group,"Chansauld, rue de la Harpe, 88.  ",ENTRY,"<SUBJ>Chansauld</SUBJ>, <ADDR>rue de la Harpe, 88.</ADDR>",1,0,1,1.0000,,,B-ENTRY,model,0.9924,2026-09-22 19:53:06,b53e2baa3a9c
1ab9d2e9-84fe-5f2f-b30e-615441f655f2,32812b93-b48d-5497-a396-68d35f85637f,c2c329e80364,182.3.10,182,2,3,10,"[49.0, 57.0, 933.0, 899.0]",List-Group,"Chappe, rue de Verneuil, 29.  ",ENTRY,"<SUBJ>Chappe</SUBJ>, <ADDR>rue de Verneuil, 29.</ADDR>",1,0,1,1.0000,,,B-ENTRY,model,0.9872,2026-09-22 19:53:06,b1ea09ca61db
dbbf95d6-1021-57d6-b001-b63cc4f46d36,32812b93-b48d-5497-a396-68d35f85637f,422bd4adb7e8,182.3.11,182,2,3,11,"[49.0, 57.0, 933.0, 899.0]",List-Group,"Charles, rue du Faub.-du-Temple, 37.  ",ENTRY,"<SUBJ>Charles</SUBJ>, <ADDR>rue du Faub.-du-Temple, 37.</ADDR>",1,0,1,1.0000,,,B-ENTRY,model,0.9923,2026-09-22 19:53:06,aed60d937bec
a0abd5f7-2eb4-57d3-853b-9f03be00cd7e,32812b93-b48d-5497-a396-68d35f85637f,bb93120dfc8d,182.3.12,182,2,3,12,"[49.0, 57.0, 933.0, 899.0]",List-Group,"Chauvot, rue de la Harpe, 24.  ",ENTRY,"<SUBJ>Chauvot</SUBJ>, <ADDR>rue de la Harpe, 24.</ADDR>",1,0,1,1.0000,,,B-ENTRY,model,0.9923,2026-09-22 19:53:06,7c26e1496cd0
bebe3060-e6ef-513f-ac9f-52a90c1399f7,32812b93-b48d-5497-a396-68d35f85637f,25464437c21a,182.3.13,182,2,3,13,"[49.0, 57.0, 933.0, 899.0]",List-Group,"Chouchotte, rue S.-Jacques, 174.  ",ENTRY,"<SUBJ>Chouchotte</SUBJ>, <ADDR>rue S.-Jacques, 174.</ADDR>",1,0,1,1.0000,,,B-ENTRY,model,0.9935,2026-09-22 19:53:06,8a1a0ba057eb
350399a9-28e2-5a60-85ad-7b61ea3da661,32812b93-b48d-5497-a396-68d35f85637f,54f943a6cb22,182.3.14,182,2,3,14,"[49.0, 57.0, 933.0, 899.0]",List-Group,"Clavery, rue Neuve-S.-Augustin, 55.  ",ENTRY,"<SUBJ>Clavery</SUBJ>, <ADDR>rue Neuve-S.-Augustin, 55.</ADDR>",1,0,1,1.0000,,,B-ENTRY,model,0.9915,2026-09-22 19:53:06,53ad151eddc2
38232f16-ab0d-532b-a794-e6cd5cf8191d,32812b93-b48d-5497-a396-68d35f85637f,620319383949,182.3.15,182,2,3,15,"[49.0, 57.0, 933.0, 899.0]",List-Group,"Colon, rue du Temple, 57.  ",ENTRY,"<SUBJ>Colon</SUBJ>, <ADDR>rue du Temple, 57.</ADDR>",1,0,1,1.0000,,,B-ENTRY,model,0.9872,2026-09-22 19:53:06,ee6a211058c4
da755c82-4877-53ed-9a12-9225caedc9c8,32812b93-b48d-5497-a396-68d35f85637f,436ba611de9a,182.3.16,182,2,3,16,"[49.0, 57.0, 933.0, 899.0]",List-Group,"Cornilliau, au Grand-Charonne, 17.  ",ENTRY,"<SUBJ>Cornilliau</SUBJ>, <ADDR>au Grand-Charonne, 17.</ADDR>",1,0,1,1.0000,,,B-ENTRY,model,0.9913,2026-09-22 19:53:06,c9028ce98748
d93e1b7f-275f-52f9-89a6-00b7ac938896,32812b93-b48d-5497-a396-68d35f85637f,86331abf007c,182.3.17,182,2,3,17,"[49.0, 57.0, 933.0, 899.0]",List-Group,"Coste (Louis), rue Bon-Conseil, 30.  ",ENTRY,"<SUBJ>Coste (Louis)</SUBJ>, <ADDR>rue Bon-Conseil, 30.</ADDR>",1,0,1,1.0000,,,B-ENTRY,model,0.9997,2026-09-22 19:53:06,440d07efaa4b
f6ffde72-c961-5516-be1a-e3fc4d7309aa,32812b93-b48d-5497-a396-68d35f85637f,c1ab27357e27,182.3.18,182,2,3,18,"[49.0, 57.0, 933.0, 899.0]",List-Group,"Coste (Th.), rue du Faub.-S.-Honoré, 14.  ",ENTRY,"<SUBJ>Coste (Th.)</SUBJ>, <ADDR>rue du Faub.-S.-Honoré, 14.</ADDR>",1,0,1,1.0000,,,B-ENTRY,model,0.9997,2026-09-22 19:53:06,0c8decd10317
35d03879-f402-52ed-a488-1804d62291fa,32812b93-b48d-5497-a396-68d35f85637f,5c610a2d5893,182.3.19,182,2,3,19,"[49.0, 57.0, 933.0, 899.0]",List-Group,"Coutanceau, rue Thionville, 38.  ",ENTRY,"<SUBJ>Coutanceau</SUBJ>, <ADDR>rue Thionville, 38.</ADDR>",1,0,1,1.0000,,,B-ENTRY,model,0.9853,2026-09-22 19:53:06,17c21f92c809
429c805a-bb48-5265-90e5-e080ab86124d,32812b93-b48d-5497-a396-68d35f85637f,4c0f13ef3592,182.3.20,182,2,3,20,"[49.0, 57.0, 933.0, 899.0]",List-Group,"Culleriez, rue du Chainp-des-Capucins, 39.  ",ENTRY,"<SUBJ>Culleriez</SUBJ>, <ADDR>rue du Chainp-des-Capucins, 39.</ADDR>",1,0,1,1.0000,,,B-ENTRY,model,0.9921,2026-09-22 19:53:06,90f2925c3b85
ee9187a9-e271-5ef7-8e37-9e9a5007ecfe,32812b93-b48d-5497-a396-68d35f85637f,bfa4e3207d48,182.3.21,182,2,3,21,"[49.0, 57.0, 933.0, 899.0]",List-Group,"Dailliez, rue Pot-de-Fer. — Lux.  ",ENTRY,"<SUBJ>Dailliez</SUBJ>, <ADDR>rue Pot-de-Fer. — Lux.</ADDR>",1,0,1,1.0000,,,B-ENTRY,model,0.9755,2026-09-22 19:53:06,1a0f5d65ce7f
fe39e05b-a5a2-5895-aa8b-d5a929b5ec34,32812b93-b48d-5497-a396-68d35f85637f,975a67b4cc96,182.3.22,182,2,3,22,"[49.0, 57.0, 933.0, 899.0]",List-Group,"Dartigues, rue S.-Denis, près la porte.  ",ENTRY,"<SUBJ>Dartigues</SUBJ>, <ADDR>rue S.-Denis, près la porte.</ADDR>",1,0,1,1.0000,,,B-ENTRY,human,1.0,2026-09-22 19:52:02,5c163f210e2b
b71a299a-cacd-5c86-8f7a-9cce98165fb8,32812b93-b48d-5497-a396-68d35f85637f,5728c5d69c5b,182.3.23,182,2,3,23,"[49.0, 57.0, 933.0, 899.0]",List-Group,"D'Astruc, rue du Faub.-S.-Antoine, 215.  ",ENTRY,"<SUBJ>D'Astruc</SUBJ>, <ADDR>rue du Faub.-S.-Antoine, 215.</ADDR>",1,0,1,1.0000,,,B-ENTRY,human,1.0,2026-09-22 19:52:02,da58d9255e76
7ea64ddd-6653-5b7d-9568-7f39e76abf54,32812b93-b48d-5497-a396-68d35f85637f,bd7f6d588a70,182.3.24,182,2,3,24,"[49.0, 57.0, 933.0, 899.0]",List-Group,"Debray, passage de la Réunion, 4, rue S.-Martin.  ",ENTRY,"<SUBJ>Debray</SUBJ>, <ADDR>passage de la Réunion, 4, rue S.-Martin.</ADDR>",1,0,1,1.0000,,,B-ENTRY,model,0.9584,2026-09-22 19:53:06,dfc2bed7cbdc
c777223e-2c53-538d-be4c-076b39c89369,32812b93-b48d-5497-a396-68d35f85637f,78ee08ddf5e9,182.3.25,182,2,3,25,"[49.0, 57.0, 933.0, 899.0]",List-Group,"Decelles, rue des SS.-Pères, 41.  ",ENTRY,"<SUBJ>Decelles</SUBJ>, <ADDR>rue des SS.-Pères, 41.</ADDR>",1,0,1,1.0000,,,B-ENTRY,model,0.9871,2026-09-22 19:53:06,6809210987aa
33e0ea3f-ce5e-5339-8919-543e38719d0a,32812b93-b48d-5497-a396-68d35f85637f,42887a33f7be,182.3.26,182,2,3,26,"[49.0, 57.0, 933.0, 899.0]",List-Group,"Delacoste, rue Neuve-du-Luxembourg, 16.  ",ENTRY,"<SUBJ>Delacoste</SUBJ>, <ADDR>rue Neuve-du-Luxembourg, 16.</ADDR>",1,0,1,1.0000,,,B-ENTRY,model,0.9856,2026-09-22 19:53:06,457281f7ea4c
5c714391-7a29-51be-bcfa-0d015c10655b,32812b93-b48d-5497-a396-68d35f85637f,0095938dff69,182.3.27,182,2,3,27,"[49.0, 57.0, 933.0, 899.0]",List-Group,"Delarue, rue du Mont-Blanc, 50.  ",ENTRY,"<SUBJ>Delarue</SUBJ>, <ADDR>rue du Mont-Blanc, 50.</ADDR>",1,0,1,1.0000,,,B-ENTRY,model,0.9941,2026-09-22 19:53:06,b191078aebb1
987f1db2-5ab8-58d3-a702-27a3d977e7d9,32812b93-b48d-5497-a396-68d35f85637f,4e5aee9a37f4,182.3.28,182,2,3,28,"[49.0, 57.0, 933.0, 899.0]",List-Group,"Delmas, rue S.-Lazare, 33.  ",ENTRY,"<SUBJ>Delmas</SUBJ>, <ADDR>rue S.-Lazare, 33.</ADDR>",1,0,1,1.0000,,,B-ENTRY,model,0.9935,2026-09-22 19:53:06,b2ba82726ea5
6663b4e8-1710-53b0-8570-3b31dc464102,32812b93-b48d-5497-a396-68d35f85637f,ce23007f411e,182.3.29,182,2,3,29,"[49.0, 57.0, 933.0, 899.0]",List-Group,"Demontiguy, rue de la Monnaie, 19.  ",ENTRY,"<SUBJ>Demontiguy</SUBJ>, <ADDR>rue de la Monnaie, 19.</ADDR>",1,0,1,1.0000,,,B-ENTRY,model,0.9923,2026-09-22 19:53:06,1bac515e7b27
c6d27098-76ff-5529-89c2-3f0c0ca8b6b4,32812b93-b48d-5497-a396-68d35f85637f,42f1835e9e19,182.3.30,182,2,3,30,"[49.0, 57.0, 933.0, 899.0]",List-Group,"Deschamps, *chir. en chef de l'hospice de l'Unité*, rue des SS.-Pères, 45.  ",ENTRY,"<SUBJ>Deschamps</SUBJ>, *<DESC>chir. en chef de l'hospice de l'Unité</DESC>*, <ADDR>rue des SS.-Pères, 45.</ADDR>",1,1,1,1.0000,,,B-ENTRY,model,0.9933,2026-09-22 19:53:06,7bd8509b266a
46efd413-c3f8-58b4-aae0-c4333a15aa33,32812b93-b48d-5497-a396-68d35f85637f,d7ce9776b226,182.3.31,182,2,3,31,"[49.0, 57.0, 933.0, 899.0]",List-Group,"Descloche, rue Coquillière, 38.  ",ENTRY,"<SUBJ>Descloche</SUBJ>, <ADDR>rue Coquillière, 38.</ADDR>",1,0,1,1.0000,,,B-ENTRY,model,0.9854,2026-09-22 19:53:06,db0f4745b675
482951ea-6c70-52b4-b702-e45234c515cc,32812b93-b48d-5497-a396-68d35f85637f,43c2cf2db6c7,182.3.32,182,2,3,32,"[49.0, 57.0, 933.0, 899.0]",List-Group,"Devilliers, rue S.-Jacques, 161.  ",ENTRY,"<SUBJ>Devilliers</SUBJ>, <ADDR>rue S.-Jacques, 161.</ADDR>",1,0,1,1.0000,,,B-ENTRY,model,0.9935,2026-09-22 19:53:06,b22fdf0463c3
38e75200-8b43-5bd3-a9c0-462976c4b101,32812b93-b48d-5497-a396-68d35f85637f,286039d4d5a4,182.3.33,182,2,3,33,"[49.0, 57.0, 933.0, 899.0]",List-Group,"Dewaldt, *oculiste*, rue du Temple.  ",ENTRY,"<SUBJ>Dewaldt</SUBJ>, *<DESC>oculiste</DESC>*, <ADDR>rue du Temple.</ADDR>",1,1,1,1.0000,,,B-ENTRY,model,0.9971,2026-09-22 19:53:06,201c77527f26
659baca1-2158-51bf-8b6e-978a28102aa9,32812b93-b48d-5497-a396-68d35f85637f,2ba1f14574d5,182.3.34,182,2,3,34,"[49.0, 57.0, 933.0, 899.0]",List-Group,"Didier, rue S.-Denis, 338.  ",ENTRY,"<SUBJ>Didier</SUBJ>, <ADDR>rue S.-Denis, 338.</ADDR>",1,0,1,1.0000,,,B-ENTRY,model,0.9935,2026-09-22 19:53:06,f83451d34aa3
1e48e183-7ad6-5ee3-b8d9-5c100ac4c373,32812b93-b48d-5497-a396-68d35f85637f,ba555a6b68d8,182.3.35,182,2,3,35,"[49.0, 57.0, 933.0, 899.0]",List-Group,"Dubertrand, rue du Temple, 85.  ",ENTRY,"<SUBJ>Dubertrand</SUBJ>, <ADDR>rue du Temple, 85.</ADDR>",1,0,1,1.0000,,,B-ENTRY,model,0.9871,2026-09-22 19:53:06,59a559a532d9
b9ab8e76-285c-54eb-8e15-a1c2585eb07c,32812b93-b48d-5497-a396-68d35f85637f,550a18e64bf9,182.3.36,182,2,3,36,"[49.0, 57.0, 933.0, 899.0]",List-Group,"Dubois (Ant.), rue de l'Observance, 1.  ",ENTRY,"<SUBJ>Dubois (Ant.)</SUBJ>, <ADDR>rue de l'Observance, 1.</ADDR>",1,0,1,1.0000,,,B-ENTRY,model,0.9997,2026-09-22 19:53:06,48e09765350a
5991d907-639b-5e67-add0-0961a174cbab,32812b93-b48d-5497-a396-68d35f85637f,62fab7b8689e,182.3.37,182,2,3,37,"[49.0, 57.0, 933.0, 899.0]",List-Group,"Dubois (Etienne), rue des Filles-du-Calvaire, 5.  ",ENTRY,"<SUBJ>Dubois (Etienne)</SUBJ>, <ADDR>rue des Filles-du-Calvaire, 5.</ADDR>",1,0,1,1.0000,,,B-ENTRY,model,0.9997,2026-09-22 19:53:06,ee5e640fec18
a058db94-00ac-5542-bd1f-0dbe7013665e,32812b93-b48d-5497-a396-68d35f85637f,55544bb5be47,182.3.38,182,2,3,38,"[49.0, 57.0, 933.0, 899.0]",List-Group,"Dubois-Foucou, *dentiste*, rue des Bons-Enfants, 1.  ",ENTRY,"<SUBJ>Dubois-Foucou</SUBJ>, *<DESC>dentiste</DESC>*, <ADDR>rue des Bons-Enfants, 1.</ADDR>",1,1,1,1.0000,,,B-ENTRY,model,0.9978,2026-09-22 19:53:06,7a2e97f0cc3e
dcb8db6b-9be4-5115-9ddf-82dbd02bd1fc,32812b93-b48d-5497-a396-68d35f85637f,e6e38690243a,182.3.39,182,2,3,39,"[49.0, 57.0, 933.0, 899.0]",List-Group,"Duchateau, cul-de-sac Sourdis, 3.  ",ENTRY,"<SUBJ>Duchateau</SUBJ>, <ADDR>cul-de-sac Sourdis, 3.</ADDR>",1,0,1,1.0000,,,B-ENTRY,model,0.9854,2026-09-22 19:53:06,e1f2acb3177e
ce373fdb-8df5-5175-a96e-16b5f288635a,32812b93-b48d-5497-a396-68d35f85637f,82cbd479321d,182.3.40,182,2,3,40,"[49.0, 57.0, 933.0, 899.0]",List-Group,"Ducluzeau, rue S.-Nicaise, 8.  ",ENTRY,"<SUBJ>Ducluzeau</SUBJ>, <ADDR>rue S.-Nicaise, 8.</ADDR>",1,0,1,1.0000,,,B-ENTRY,model,0.9935,2026-09-22 19:53:06,63b51b740070
18732227-3cf5-5380-a74e-00e2a2472abc,32812b93-b48d-5497-a396-68d35f85637f,26289758fd35,182.3.41,182,2,3,41,"[49.0, 57.0, 933.0, 899.0]",List-Group,"Dufour, rue des Ecouvies, 22.  ",ENTRY,"<SUBJ>Dufour</SUBJ>, <ADDR>rue des Ecouvies, 22.</ADDR>",1,0,1,1.0000,,,B-ENTRY,model,0.9872,2026-09-22 19:53:06,877417f88605
538a82ae-89dc-5efd-b906-d5b6585968b4,32812b93-b48d-5497-a396-68d35f85637f,a16f4b2ea2df,182.3.42,182,2,3,42,"[49.0, 57.0, 933.0, 899.0]",List-Group,"Dufoure, rue des Gravilliers, 18.  ",ENTRY,"<SUBJ>Dufoure</SUBJ>, <ADDR>rue des Gravilliers, 18.</ADDR>",1,0,1,1.0000,,,B-ENTRY,model,0.9872,2026-09-22 19:53:06,6a9771ea92b8
5e72bbe0-ae92-54e1-8137-8ae940c6bff4,32812b93-b48d-5497-a396-68d35f85637f,c8c81bcd664b,182.3.43,182,2,3,43,"[49.0, 57.0, 933.0, 899.0]",List-Group,"Dufouare, rue S.-Jacques, 279.  ",ENTRY,"<SUBJ>Dufouare</SUBJ>, <ADDR>rue S.-Jacques, 279.</ADDR>",1,0,1,1.0000,,,B-ENTRY,model,0.9935,2026-09-22 19:53:06,44e0da21179c
d89f8bb4-b547-5f2b-a3a3-d5438b8a37b7,32812b93-b48d-5497-a396-68d35f85637f,a73dab20dff0,182.3.44,182,2,3,44,"[49.0, 57.0, 933.0, 899.0]",List-Group,"Dupont Lamotte, rue (Charlot), 12.  ",ENTRY,"<SUBJ>Dupont Lamotte</SUBJ>, <ADDR>rue (Charlot), 12.</ADDR>",1,0,1,1.0000,,,B-ENTRY,model,0.991,2026-09-22 19:53:06,929d38707287
dabee23c-8ce5-5659-aec2-0cecdfbff17b,32812b93-b48d-5497-a396-68d35f85637f,c9aefce79fda,182.3.45,182,2,3,45,"[49.0, 57.0, 933.0, 899.0]",List-Group,"Dussault (Ant. Fél.), rue de Sèvres, 24.  ",ENTRY,"<SUBJ>Dussault (Ant. Fél.)</SUBJ>, <ADDR>rue de Sèvres, 24.</ADDR>",1,0,1,1.0000,,,B-ENTRY,model,0.9997,2026-09-22 19:53:06,cd10340f0c7e
0c887369-cab0-5da8-81d9-590fb6791abb,32812b93-b48d-5497-a396-68d35f85637f,25e022e0461e,182.3.46,182,2,3,46,"[49.0, 57.0, 933.0, 899.0]",List-Group,"Dutaret, rue des Enfants-Rouges, 13.  ",ENTRY,"<SUBJ>Dutaret</SUBJ>, <ADDR>rue des Enfants-Rouges, 13.</ADDR>",1,0,1,1.0000,,,B-ENTRY,model,0.994,2026-09-22 19:53:06,7715e19d2ccd
3076dc08-b134-5ed5-b7a6-39189d864063,32812b93-b48d-5497-a396-68d35f85637f,87e0e327fd93,182.3.47,182,2,3,47,"[49.0, 57.0, 933.0, 899.0]",List-Group,"Duval, *dentiste*, place des Vosges, 5.  ",ENTRY,"<SUBJ>Duval</SUBJ>, *<DESC>dentiste</DESC>*, <ADDR>place des Vosges, 5.</ADDR>",1,1,1,1.0000,,,B-ENTRY,model,0.9933,2026-09-22 19:53:06,d0fcf6edfac0
7bcaf974-99ed-530e-93a2-51b58fe74e63,32812b93-b48d-5497-a396-68d35f85637f,e8ce5ddf5029,182.3.48,182,2,3,48,"[49.0, 57.0, 933.0, 899.0]",List-Group,"Eclancher, rue Christine, 7.  ",ENTRY,"<SUBJ>Eclancher</SUBJ>, <ADDR>rue Christine, 7.</ADDR>",1,0,1,1.0000,,,B-ENTRY,model,0.9854,2026-09-22 19:53:06,84bda9249ef9
ac2ff54d-e127-51f1-80c2-f4b556d72e12,32812b93-b48d-5497-a396-68d35f85637f,633812bf89ed,182.3.49,182,2,3,49,"[49.0, 57.0, 933.0, 899.0]",List-Group,"Elisse, *dentiste*, rue S.-Sauveur, 6.  ",ENTRY,"<SUBJ>Elisse</SUBJ>, *<DESC>dentiste</DESC>*, <ADDR>rue S.-Sauveur, 6.</ADDR>",1,1,1,1.0000,,,B-ENTRY,model,0.9933,2026-09-22 19:53:06,0a02ef98f6fe
d343b83e-dab4-5387-8323-280be35b0501,32812b93-b48d-5497-a396-68d35f85637f,f2becb39ce4c,182.3.50,182,2,3,50,"[49.0, 57.0, 933.0, 899.0]",List-Group,"Evrat, *accoucheur*, rue de Sèvres, 23.  ",ENTRY,"<SUBJ>Evrat</SUBJ>, *<DESC>accoucheur</DESC>*, <ADDR>rue de Sèvres, 23.</ADDR>",1,1,1,1.0000,,,B-ENTRY,model,0.9933,2026-09-22 19:53:06,e98d05ef4157
6f5f8e94-3567-5fb2-b0a0-8ac86491d404,32812b93-b48d-5497-a396-68d35f85637f,2b294f3b4992,182.3.51,182,2,3,51,"[49.0, 57.0, 933.0, 899.0]",List-Group,"Fabre de Molène, rue du Faub.-S.-Laurent, 205.  ",ENTRY,"<SUBJ>Fabre de Molène</SUBJ>, <ADDR>rue du Faub.-S.-Laurent, 205.</ADDR>",1,0,1,1.0000,,,B-ENTRY,model,0.9923,2026-09-22 19:53:06,f8417f9c49c7
9f11cf5f-eed2-5814-ac9f-53c296216475,32812b93-b48d-5497-a396-68d35f85637f,6847971db151,182.3.52,182,2,3,52,"[49.0, 57.0, 933.0, 899.0]",List-Group,"Faulcon, rue S.-Martin, 291.  ",ENTRY,"<SUBJ>Faulcon</SUBJ>, <ADDR>rue S.-Martin, 291.</ADDR>",1,0,1,1.0000,,,B-ENTRY,model,0.9935,2026-09-22 19:53:06,e41b1c09d9dc
71393d94-e837-5b04-a3b6-1e7a59e921b8,32812b93-b48d-5497-a396-68d35f85637f,170557ba65d7,182.3.53,182,2,3,53,"[49.0, 57.0, 933.0, 899.0]",List-Group,"Favrol, rue des Fossés-S.-Germain-l'Auxerrois, 6.  ",ENTRY,"<SUBJ>Favrol</SUBJ>, <ADDR>rue des Fossés-S.-Germain-l'Auxerrois, 6.</ADDR>",1,0,1,1.0000,,,B-ENTRY,model,0.9923,2026-09-22 19:53:06,1e3f33784f4d
59a9091d-2b6f-5587-96c1-9497b35d39ea,32812b93-b48d-5497-a396-68d35f85637f,84e104be8ffc,182.3.54,182,2,3,54,"[49.0, 57.0, 933.0, 899.0]",List-Group,"Ferray, rue de Chaillot, 110.  ",ENTRY,"<SUBJ>Ferray</SUBJ>, <ADDR>rue de Chaillot, 110.</ADDR>",1,0,1,1.0000,,,B-ENTRY,model,0.9872,2026-09-22 19:53:06,d6da4ea550a0
7552fdd0-fa47-5a0f-b9a0-1ed42bf481f7,32812b93-b48d-5497-a396-68d35f85637f,c83010cf57e3,182.3.55,182,2,3,55,"[49.0, 57.0, 933.0, 899.0]",List-Group,"Ferlus, rue de la Chaise, 8.  ",ENTRY,"<SUBJ>Ferlus</SUBJ>, <ADDR>rue de la Chaise, 8.</ADDR>",1,0,1,1.0000,,,B-ENTRY,model,0.9924,2026-09-22 19:53:06,fbf395242453
968c41ca-de32-5afe-88b2-18f60aa99589,32812b93-b48d-5497-a396-68d35f85637f,7484f1b9c344,182.3.56,182,2,3,56,"[49.0, 57.0, 933.0, 899.0]",List-Group,"Fievé, rue Neuve-des Petits-Champs, 79.  ",ENTRY,"<SUBJ>Fievé</SUBJ>, <ADDR>rue Neuve-des Petits-Champs, 79.</ADDR>",1,0,1,1.0000,,,B-ENTRY,model,0.9915,2026-09-22 19:53:06,6d297859e954
1996d768-2c8f-57cd-867e-83683bcea1ce,32812b93-b48d-5497-a396-68d35f85637f,6c9fc41d30fd,182.3.57,182,2,3,57,"[49.0, 57.0, 933.0, 899.0]",List-Group,"Filliet, cour de la Ste-Chapelle, 9.  ",ENTRY,"<SUBJ>Filliet</SUBJ>, <ADDR>cour de la Ste-Chapelle, 9.</ADDR>",1,0,1,1.0000,,,B-ENTRY,model,0.9873,2026-09-22 19:53:06,6fef81094f2b
1c8cde40-5e74-51cf-b790-6c41dfa0588c,32812b93-b48d-5497-a396-68d35f85637f,aea9381d7a89,182.3.58,182,2,3,58,"[49.0, 57.0, 933.0, 899.0]",List-Group,"Fillot, rue Bon-Conseil, 14.  ",ENTRY,"<SUBJ>Fillot</SUBJ>, <ADDR>rue Bon-Conseil, 14.</ADDR>",1,0,1,1.0000,,,B-ENTRY,model,0.9914,2026-09-22 19:53:06,1e437f89cc95
33c3d975-c947-530f-bf8b-edbc5c1020a7,32812b93-b48d-5497-a396-68d35f85637f,6f64a609b399,182.3.59,182,2,3,59,"[49.0, 57.0, 933.0, 899.0]",List-Group,"Fleury, rue du Temple, 71.  ",ENTRY,"<SUBJ>Fleury</SUBJ>, <ADDR>rue du Temple, 71.</ADDR>",1,0,1,1.0000,,,B-ENTRY,model,0.987,2026-09-22 19:53:06,5e37728b3ba6
8ff0bee1-6241-5da7-a08f-f6bb3424aa3a,32812b93-b48d-5497-a396-68d35f85637f,ce3a168715d6,182.3.60,182,2,3,60,"[49.0, 57.0, 933.0, 899.0]",List-Group,"Fleury, à l'hospice de l'Ecole de Médecine.  ",ENTRY,"<SUBJ>Fleury</SUBJ>, <ADDR>à l'hospice de l'Ecole de Médecine.</ADDR>",1,0,1,1.0000,,,B-ENTRY,model,0.9922,2026-09-22 19:53:06,29e05dafcf4a
815a0a50-ffa8-557c-8a58-46a1252b1b8d,32812b93-b48d-5497-a396-68d35f85637f,38f3b18b612a,182.3.61,182,2,3,61,"[49.0, 57.0, 933.0, 899.0]",List-Group,"Fluquay, rue S.-Christophe, 14.  ",ENTRY,"<SUBJ>Fluquay</SUBJ>, <ADDR>rue S.-Christophe, 14.</ADDR>",1,0,1,1.0000,,,B-ENTRY,model,0.9934,2026-09-22 19:53:06,8925c1dee6e4
777e9fc5-6917-5102-863f-95b114f79f1b,32812b93-b48d-5497-a396-68d35f85637f,acb944bec4cd,182.3.62,182,2,3,62,"[49.0, 57.0, 933.0, 899.0]",List-Group,"Forestier, *accoucheur*, rue des Moulins, 1.  ",ENTRY,"<SUBJ>Forestier</SUBJ>, *<DESC>accoucheur</DESC>*, <ADDR>rue des Moulins, 1.</ADDR>",1,1,1,1.0000,,,B-ENTRY,model,0.9933,2026-09-22 19:53:06,96e8ae85010d
4b37afde-33ce-5432-8973-eaddce3458b8,32812b93-b48d-5497-a396-68d35f85637f,bc9abc23d428,182.3.63,182,2,3,63,"[49.0, 57.0, 933.0, 899.0]",List-Group,"Forlence, *oculiste*, rue des SS.-Pères, 46.  ",ENTRY,"<SUBJ>Forlence</SUBJ>, *<DESC>oculiste</DESC>*, <ADDR>rue des SS.-Pères, 46.</ADDR>",1,1,1,1.0000,,,B-ENTRY,model,0.9933,2026-09-22 19:53:06,2d642831fcb6
16936b00-686e-5649-852d-130123afe1ca,32812b93-b48d-5497-a396-68d35f85637f,fdb87bb0c6b1,182.3.64,182,2,3,64,"[49.0, 57.0, 933.0, 899.0]",List-Group,"Fouillot, rue Ste-Marguerite.  ",ENTRY,"<SUBJ>Fouillot</SUBJ>, <ADDR>rue Ste-Marguerite.</ADDR>",1,0,1,1.0000,,,B-ENTRY,model,0.9788,2026-09-22 19:53:06,4c418506a67d
d3476020-e968-52fc-9c61-9670c25a1311,32812b93-b48d-5497-a396-68d35f85637f,5d684db393a9,182.3.65,182,2,3,65,"[49.0, 57.0, 933.0, 899.0]",List-Group,"Gaillard (Lefèvre, dit), rue S.-Florentin, 10.  ",ENTRY,"<SUBJ>Gaillard (Lefèvre, dit)</SUBJ>, <ADDR>rue S.-Florentin, 10.</ADDR>",1,0,1,1.0000,,,B-ENTRY,model,0.9997,2026-09-22 19:53:06,5048631c6211
78d197d7-3c1a-59f8-8a8c-321a9cc88231,32812b93-b48d-5497-a396-68d35f85637f,2dea45d1624f,182.3.66,182,2,3,66,"[49.0, 57.0, 933.0, 899.0]",List-Group,"Gardanne-Duport, rue du Mail, 29.  ",ENTRY,"<SUBJ>Gardanne-Duport</SUBJ>, <ADDR>rue du Mail, 29.</ADDR>",1,0,1,1.0000,,,B-ENTRY,model,0.9983,2026-09-22 19:53:06,1972b9d625e3
48eefec2-c37d-5843-8ef0-55b35111edb7,32812b93-b48d-5497-a396-68d35f85637f,e50bbddea190,182.3.67,182,2,3,67,"[49.0, 57.0, 933.0, 899.0]",List-Group,"Gauthier, rue de Tracy, 14.  ",ENTRY,"<SUBJ>Gauthier</SUBJ>, <ADDR>rue de Tracy, 14.</ADDR>",1,0,1,1.0000,,,B-ENTRY,model,0.9871,2026-09-22 19:53:06,28eb0515a5d1
24c54c4a-a7eb-5401-af7d-c808f0fa7221,32812b93-b48d-5497-a396-68d35f85637f,dcbec81afafe,182.3.68,182,2,3,68,"[49.0, 57.0, 933.0, 899.0]",List-Group,"Gauthier de Claubry, rue de l'Université, 4.  ",ENTRY,"<SUBJ>Gauthier de Claubry</SUBJ>, <ADDR>rue de l'Université, 4.</ADDR>",1,0,1,1.0000,,,B-ENTRY,model,0.9923,2026-09-22 19:53:06,277f238f8abc
99c19090-ef0c-55a4-a988-a6cd2ee81e75,32812b93-b48d-5497-a396-68d35f85637f,40f6af96b45d,182.3.69,182,2,3,69,"[49.0, 57.0, 933.0, 899.0]",List-Group,"Gay, rue du Bacq., 14.  ",ENTRY,"<SUBJ>Gay</SUBJ>, <ADDR>rue du Bacq., 14.</ADDR>",1,0,1,1.0000,,,B-ENTRY,model,0.9906,2026-09-22 19:53:06,7bd3dd40e298
1adefb91-fe38-5268-ba11-abe0d62d0634,32812b93-b48d-5497-a396-68d35f85637f,980b738b2996,182.3.70,182,2,3,70,"[49.0, 57.0, 933.0, 899.0]",List-Group,"Gélède, rue S.-Pierre-aux-Boufs, 10.  ",ENTRY,"<SUBJ>Gélède</SUBJ>, <ADDR>rue S.-Pierre-aux-Boufs, 10.</ADDR>",1,0,1,1.0000,,,B-ENTRY,model,0.9917,2026-09-22 19:53:06,80e8010f5d42
a861d4f6-6e9a-50d6-be79-604dd78b0adb,32812b93-b48d-5497-a396-68d35f85637f,63c8252b014b,182.3.71,182,2,3,71,"[49.0, 57.0, 933.0, 899.0]",List-Group,"Génouville, rue du Cherche-Midi, 2.  ",ENTRY,"<SUBJ>Génouville</SUBJ>, <ADDR>rue du Cherche-Midi, 2.</ADDR>",1,0,1,1.0000,,,B-ENTRY,model,0.994,2026-09-22 19:53:06,434c3f7457fd
7758deb7-e2de-52c7-b6ab-0854efb42326,32812b93-b48d-5497-a396-68d35f85637f,494214eee148,182.3.72,182,2,3,72,"[49.0, 57.0, 933.0, 899.0]",List-Group,"Gérard, rue des Bourdonnais.  ",ENTRY,"<SUBJ>Gérard</SUBJ>, <ADDR>rue des Bourdonnais.</ADDR>",1,0,1,1.0000,,,B-ENTRY,model,0.9822,2026-09-22 19:53:06,097c0fcbd561
1b225acc-a59c-5d94-95e4-9f6a0ddb79fe,32812b93-b48d-5497-a396-68d35f85637f,b4e2c20a1189,182.3.73,182,2,3,73,"[49.0, 57.0, 933.0, 899.0]",List-Group,"Girard, rue du Fouare, 7.  ",ENTRY,"<SUBJ>Girard</SUBJ>, <ADDR>rue du Fouare, 7.</ADDR>",1,0,1,1.0000,,,B-ENTRY,model,0.9872,2026-09-22 19:53:06,8d7dd876975a
91564bfa-73d7-5ea6-b7b7-50bcea00e6dc,32812b93-b48d-5497-a396-68d35f85637f,273125e0b8cf,182.3.74,182,2,3,74,"[49.0, 57.0, 933.0, 899.0]",List-Group,"Gobert, rue Git-le-Cœur, 12.  ",ENTRY,"<SUBJ>Gobert</SUBJ>, <ADDR>rue Git-le-Cœur, 12.</ADDR>",1,0,1,1.0000,,,B-ENTRY,model,0.9856,2026-09-22 19:53:06,71ad84316bf9
64d2cf64-a086-5832-822d-704f4eab1383,32812b93-b48d-5497-a396-68d35f85637f,17b8a4899b02,182.3.75,182,2,3,75,"[49.0, 57.0, 933.0, 899.0]",List-Group,"Grandchand, rue des SS.-Pères, 24.  ",ENTRY,"<SUBJ>Grandchand</SUBJ>, <ADDR>rue des SS.-Pères, 24.</ADDR>",1,0,1,1.0000,,,B-ENTRY,model,0.9873,2026-09-22 19:53:06,0e797d1eac4b
dbb66f99-c055-50f2-8403-c703131e7445,32812b93-b48d-5497-a396-68d35f85637f,5cf296a0ec58,182.3.76,182,2,3,76,"[49.0, 57.0, 933.0, 899.0]",List-Group,"Gratereau, *accouch.*, rue Baillette, 3.  ",ENTRY,"<SUBJ>Gratereau</SUBJ>, *<DESC>accouch.</DESC>*, <ADDR>rue Baillette, 3.</ADDR>",1,1,1,1.0000,,,B-ENTRY,model,0.9933,2026-09-22 19:53:06,c0984eb40bb8
b316d4b5-8354-5d92-90aa-aff86f246469,32812b93-b48d-5497-a396-68d35f85637f,607662c1ef27,182.3.77,182,2,3,77,"[49.0, 57.0, 933.0, 899.0]",List-Group,"Gratty, rue des Filles-S.-Thomas, 9.  ",ENTRY,"<SUBJ>Gratty</SUBJ>, <ADDR>rue des Filles-S.-Thomas, 9.</ADDR>",1,0,1,1.0000,,,B-ENTRY,model,0.9922,2026-09-22 19:53:06,dd605bf127b6
a299b703-9e3d-52d6-b867-027faec4f4a3,32812b93-b48d-5497-a396-68d35f85637f,68dcae53ad96,182.3.78,182,2,3,78,"[49.0, 57.0, 933.0, 899.0]",List-Group,"Guérin (Claude), *accoucheur*, rue du Montceau, 12.  ",ENTRY,"<SUBJ>Guérin (Claude)</SUBJ>, *<DESC>accoucheur</DESC>*, <ADDR>rue du Montceau, 12.</ADDR>",1,1,1,1.0000,,,B-ENTRY,model,0.9997,2026-09-22 19:53:06,d06e02bae30a
1bcff415-9717-51c0-9bfc-44b027c3742a,32812b93-b48d-5497-a396-68d35f85637f,b7772e233a22,182.3.79,182,2,3,79,"[49.0, 57.0, 933.0, 899.0]",List-Group,"Guérin (Pierre-Alex.), rue de Cléry, 45.  ",ENTRY,"<SUBJ>Guérin (Pierre-Alex.)</SUBJ>, <ADDR>rue de Cléry, 45.</ADDR>",1,0,1,1.0000,,,B-ENTRY,model,0.9997,2026-09-22 19:53:06,2d68c23c1148
75889303-80c8-5c3f-97d6-afa832199d7a,32812b93-b48d-5497-a396-68d35f85637f,8221241758ba,182.3.80,182,2,3,80,"[49.0, 57.0, 933.0, 899.0]",List-Group,"Guilbart, rue Pierre-Sarazin, 10.  ",ENTRY,"<SUBJ>Guilbart</SUBJ>, <ADDR>rue Pierre-Sarazin, 10.</ADDR>",1,0,1,1.0000,,,B-ENTRY,model,0.9913,2026-09-22 19:53:06,f72f5d850efd
a06e3863-f202-5e1a-814d-595f0b7bdbee,32812b93-b48d-5497-a396-68d35f85637f,89c944677039,182.3.81,182,2,3,81,"[49.0, 57.0, 933.0, 899.0]",List-Group,"Hévin, rue Notre-Dame-de-Nazareth, 52.  ",ENTRY,"<SUBJ>Hévin</SUBJ>, <ADDR>rue Notre-Dame-de-Nazareth, 52.</ADDR>",1,0,1,1.0000,,,B-ENTRY,model,0.9915,2026-09-22 19:53:06,aa99da552983
9d7993fd-339b-53a7-aac1-3d0024b06b64,32812b93-b48d-5497-a396-68d35f85637f,df3b6cfbd239,182.3.82,182,2,3,82,"[49.0, 57.0, 933.0, 899.0]",List-Group,"Hubert, rue Vieille-du-Temple, 52.  ",ENTRY,"<SUBJ>Hubert</SUBJ>, <ADDR>rue Vieille-du-Temple, 52.</ADDR>",1,0,1,1.0000,,,B-ENTRY,model,0.9856,2026-09-22 19:53:06,b2e9ee602b20
0843102e-c469-58db-8323-d484525ac52c,32812b93-b48d-5497-a396-68d35f85637f,c9dc1406c816,182.3.83,182,2,3,83,"[49.0, 57.0, 933.0, 899.0]",List-Group,"Hurel, rue Culture-Ste-Catherine, 14.  ",ENTRY,"<SUBJ>Hurel</SUBJ>, <ADDR>rue Culture-Ste-Catherine, 14.</ADDR>",1,0,1,1.0000,,,B-ENTRY,model,0.9857,2026-09-22 19:53:06,ada9f64528c0
267d0406-5226-54d8-8cf9-f81bf2b02e0e,32812b93-b48d-5497-a396-68d35f85637f,6062df21cd5b,182.3.84,182,2,3,84,"[49.0, 57.0, 933.0, 899.0]",List-Group,"Huttier, rue Montmartre, 64.  ",ENTRY,"<SUBJ>Huttier</SUBJ>, <ADDR>rue Montmartre, 64.</ADDR>",1,0,1,1.0000,,,B-ENTRY,model,0.9856,2026-09-22 19:53:06,7b97322fd1f7
b4032461-83b1-521c-aa3d-c8d2f19ca0fa,32812b93-b48d-5497-a396-68d35f85637f,f530c84a1dc5,182.3.85,182,2,3,85,"[49.0, 57.0, 933.0, 899.0]",List-Group,"Ibrelisle, rue Neuve-d'Orléans, 6.  ",ENTRY,"<SUBJ>Ibrelisle</SUBJ>, <ADDR>rue Neuve-d'Orléans, 6.</ADDR>",1,0,1,1.0000,,,B-ENTRY,model,0.9854,2026-09-22 19:53:06,2baa02dca5b0
184d527d-6545-5614-86c5-476e22f2ff7c,32812b93-b48d-5497-a396-68d35f85637f,2780245e32ac,182.3.86,182,2,3,86,"[49.0, 57.0, 933.0, 899.0]",List-Group,"Jacques, rue du Coq, 13. — Gard.-Fr.  ",ENTRY,"<SUBJ>Jacques</SUBJ>, <ADDR>rue du Coq, 13. — Gard.-Fr</ADDR>.",1,0,1,1.0000,,,B-ENTRY,model,0.9656,2026-09-22 19:53:06,92542df92fc6
9d6a7ab8-d850-511b-9cc8-2f6e35e32d48,32812b93-b48d-5497-a396-68d35f85637f,9eaa35434d5b,182.3.87,182,2,3,87,"[49.0, 57.0, 933.0, 899.0]",List-Group,"Jarry, rue de la Jussienne, 15.  ",ENTRY,"<SUBJ>Jarry</SUBJ>, <ADDR>rue de la Jussienne, 15.</ADDR>",1,0,1,1.0000,,,B-ENTRY,model,0.9923,2026-09-22 19:53:06,fd99697b5315
dc90fe84-5754-5f92-90a5-fb1a64c4d74a,32812b93-b48d-5497-a396-68d35f85637f,6493693d9933,182.3.88,182,2,3,88,"[49.0, 57.0, 933.0, 899.0]",List-Group,"Jourdain, *dentiste*, quai des Augustins, 37.  ",ENTRY,"<SUBJ>Jourdain</SUBJ>, *<DESC>dentiste</DESC>*, <ADDR>quai des Augustins, 37.</ADDR>",1,1,1,1.0000,,,B-ENTRY,model,0.9933,2026-09-22 19:53:06,521115a7301a
73d98353-fff9-5283-a22d-bea9bf8ef176,32812b93-b48d-5497-a396-68d35f85637f,b461a3342c6e,182.3.89,182,2,3,89,"[49.0, 57.0, 933.0, 899.0]",List-Group,"Jouve, *dentiste*, rue Montmartre, 145.  ",ENTRY,"<SUBJ>Jouve</SUBJ>, *<DESC>dentiste</DESC>*, <ADDR>rue Montmartre, 145.</ADDR>",1,1,1,1.0000,,,B-ENTRY,model,0.9887,2026-09-22 19:53:06,f1aecdd115f0
87d4ac4d-e6b2-5be1-b4f2-9c89f2386171,32812b93-b48d-5497-a396-68d35f85637f,eda6731e5c4f,182.3.90,182,2,3,90,"[49.0, 57.0, 933.0, 899.0]",List-Group,"Laboïde père, *accoucheur*, rue et île Saint-Louis, 74.  ",ENTRY,"<SUBJ>Laboïde père</SUBJ>, *<DESC>accoucheur</DESC>*, <ADDR>rue et île Saint-Louis, 74.</ADDR>",1,1,1,1.0000,,,B-ENTRY,model,0.9826,2026-09-22 19:53:06,360c5b9eded1
fac5803e-71fe-51f0-b850-ec92e6b00fbe,32812b93-b48d-5497-a396-68d35f85637f,2cc13554b6af,182.3.91,182,2,3,91,"[49.0, 57.0, 933.0, 899.0]",List-Group,"Laborie, rue de Grenelle, 6. — Inval.  ",ENTRY,"<SUBJ>Laborie</SUBJ>, <ADDR>rue de Grenelle, 6. — Inval.</ADDR>",1,0,1,1.0000,,,B-ENTRY,model,0.9638,2026-09-22 19:53:06,2323f2162e6e
f81af596-c088-5989-a0e1-33c561d8937c,32812b93-b48d-5497-a396-68d35f85637f,d967545ab58e,182.3.92,182,2,3,92,"[49.0, 57.0, 933.0, 899.0]",List-Group,"Lacaze-Pélarroy, *chir. en chef de l'hospice Baujon*, boulevard de la Magdeleine, 17.  ",ENTRY,"<SUBJ>Lacaze-Pélarroy</SUBJ>, *<DESC>chir. en chef de l'hospice Baujon</DESC>*, <ADDR>boulevard de la Magdeleine, 17.</ADDR>",1,1,1,1.0000,,,B-ENTRY,model,0.9979,2026-09-22 19:53:06,46345d11ab0a
ba017bf4-f7fb-58c3-b2f3-f3154cd41656,32812b93-b48d-5497-a396-68d35f85637f,9616730b1df3,182.3.93,182,2,3,93,"[49.0, 57.0, 933.0, 899.0]",List-Group,"Lacour, rue Montorgueil, 8.  ",ENTRY,"<SUBJ>Lacour</SUBJ>, <ADDR>rue Montorgueil, 8.</ADDR>",1,0,1,1.0000,,,B-ENTRY,model,0.9854,2026-09-22 19:53:06,49700f0f50ea
bc0eda2f-6a58-5dc8-a6a9-cfdcd06d267a,32812b93-b48d-5497-a396-68d35f85637f,bcdaae878c6d,182.3.94,182,2,3,94,"[49.0, 57.0, 933.0, 899.0]",List-Group,"Lacroix, rue Coq-Héron, 16.  ",ENTRY,"<SUBJ>Lacroix</SUBJ>, <ADDR>rue Coq-Héron, 16.</ADDR>",1,0,1,1.0000,,,B-ENTRY,model,0.9913,2026-09-22 19:53:06,24e611ec5484
bb2e939e-9166-5847-966b-071a1b676798,32812b93-b48d-5497-a396-68d35f85637f,775e9c887ce9,182.3.95,182,2,3,95,"[49.0, 57.0, 933.0, 899.0]",List-Group,"Lafond, *herniaire*, palais du Tribunal, 72.  ",ENTRY,"<SUBJ>Lafond</SUBJ>, *<DESC>herniaire</DESC>*, <ADDR>palais du Tribunal, 72.</ADDR>",1,1,1,1.0000,,,B-ENTRY,model,0.9933,2026-09-22 19:53:06,0477110c189a
556385c5-327c-585e-8c19-117fcc847db3,32812b93-b48d-5497-a396-68d35f85637f,2a5b8c109297,182.3.96,182,2,3,96,"[49.0, 57.0, 933.0, 899.0]",List-Group,"Lafond, rue des Prouvaires, 18.  ",ENTRY,"<SUBJ>Lafond</SUBJ>, <ADDR>rue des Prouvaires, 18.</ADDR>",1,0,1,1.0000,,,B-ENTRY,model,0.9872,2026-09-22 19:53:06,f4a5703e7e16
6f8fd626-1b6f-5e8a-a394-804974056aee,32812b93-b48d-5497-a396-68d35f85637f,b4f2d4cd2498,182.3.97,182,2,3,97,"[49.0, 57.0, 933.0, 899.0]",List-Group,"Laforgue, rue des Fossés-S.-Germain-des-Prés, 7.  ",ENTRY,"<SUBJ>Laforgue</SUBJ>, <ADDR>rue des Fossés-S.-Germain-des-Prés, 7.</ADDR>",1,0,1,1.0000,,,B-ENTRY,model,0.9923,2026-09-22 19:53:06,49ae69a82665
927e9ca4-3829-53b9-a1f4-0133ddcb3039,32812b93-b48d-5497-a396-68d35f85637f,b8a6db6c270b,182.3.98,182,2,3,98,"[49.0, 57.0, 933.0, 899.0]",List-Group,"Lallemand, boulevard de l'Hôpital, 7.  ",ENTRY,"<SUBJ>Lallemand</SUBJ>, <ADDR>boulevard de l'Hôpital, 7.</ADDR>",1,0,1,1.0000,,,B-ENTRY,model,0.9941,2026-09-22 19:53:06,692627e16235
1f47e4f5-1c91-5573-9910-d8599ebb39a1,32812b93-b48d-5497-a396-68d35f85637f,8dae7dc859aa,182.3.99,182,2,3,99,"[49.0, 57.0, 933.0, 899.0]",List-Group,"Lambert, rue Tiquetonne, 19.  ",ENTRY,"<SUBJ>Lambert</SUBJ>, <ADDR>rue Tiquetonne, 19.</ADDR>",1,0,1,1.0000,,,B-ENTRY,model,0.9854,2026-09-22 19:53:06,a06079fdad7c
fc385c33-2a9f-5525-89ca-0318105a911e,32812b93-b48d-5497-a396-68d35f85637f,46c36c7403c2,182.3.100,182,2,3,100,"[49.0, 57.0, 933.0, 899.0]",List-Group,"Lamblin, *accouch.*, rue des SS.-Pères, 59.  ",ENTRY,"<SUBJ>Lamblin</SUBJ>, *<DESC>accouch.</DESC>*, <ADDR>rue des SS.-Pères, 59.</ADDR>",1,1,1,1.0000,,,B-ENTRY,model,0.9933,2026-09-22 19:53:06,0ddcf7028729
9485ee10-455e-57e5-8c87-994889456866,32812b93-b48d-5497-a396-68d35f85637f,336cf0f20eb0,182.3.101,182,2,3,101,"[49.0, 57.0, 933.0, 899.0]",List-Group,"Larrey, cul-de-sac de la Monnaie, 3.  ",ENTRY,"<SUBJ>Larrey</SUBJ>, <ADDR>cul-de-sac de la Monnaie, 3.</ADDR>",1,0,1,1.0000,,,B-ENTRY,model,0.9914,2026-09-22 19:53:06,136ce4440304
d0b555ec-4db1-5886-95c4-b46f590e036a,32812b93-b48d-5497-a396-68d35f85637f,25a068141ee2,182.3.102,182,2,3,102,"[49.0, 57.0, 933.0, 899.0]",List-Group,"Lassimonie, rue S.-Denis, 241.  ",ENTRY,"<SUBJ>Lassimonie</SUBJ>, <ADDR>rue S.-Denis, 241.</ADDR>",1,0,1,1.0000,,,B-ENTRY,model,0.9935,2026-09-22 19:53:06,e1f3fa91b32e
acf885f9-3c54-503c-a569-8c4cc37b0aa5,32812b93-b48d-5497-a396-68d35f85637f,a3fba4c986c1,182.3.103,182,2,3,103,"[49.0, 57.0, 933.0, 899.0]",List-Group,"Lassus, rue de Seine, 10. — Unité.  ",ENTRY,"<SUBJ>Lassus</SUBJ>, <ADDR>rue de Seine, 10. — Unité.</ADDR>",1,0,1,1.0000,,,B-ENTRY,model,0.9639,2026-09-22 19:53:06,f16e3f16d9db
ea3f633a-01c1-5b69-820c-46bf00eb9a22,32812b93-b48d-5497-a396-68d35f85637f,47df088be0fc,182.3.104,182,2,3,104,"[49.0, 57.0, 933.0, 899.0]",List-Group,"Latour de Fonpudie, rue du Faub.-S.-Antoine, 129.  ",ENTRY,"<SUBJ>Latour de Fonpudie</SUBJ>, <ADDR>rue du Faub.-S.-Antoine, 129.</ADDR>",1,0,1,1.0000,,,B-ENTRY,model,0.9921,2026-09-22 19:53:06,0cf495aae1ab
12883253-bcfa-5816-aacc-fb773723b08b,32812b93-b48d-5497-a396-68d35f85637f,a0bed2a5319d,182.3.105,182,2,3,105,"[49.0, 57.0, 933.0, 899.0]",List-Group,"Layerau, quai de l'Ecole, 30.  ",ENTRY,"<SUBJ>Layerau</SUBJ>, <ADDR>quai de l'Ecole, 30.</ADDR>",1,0,1,1.0000,,,B-ENTRY,model,0.9941,2026-09-22 19:53:06,bffe4ab3a0ad
9801b5c9-4d8f-52e2-aa26-64a497aa1664,32812b93-b48d-5497-a396-68d35f85637f,8fbbbff09143,182.3.106,182,2,3,106,"[49.0, 57.0, 933.0, 899.0]",List-Group,"Lebreton, rue des Vieux-Augustins, 40.  ",ENTRY,"<SUBJ>Lebreton</SUBJ>, <ADDR>rue des Vieux-Augustins, 40.</ADDR>",1,0,1,1.0000,,,B-ENTRY,model,0.9941,2026-09-22 19:53:06,1c47dc99efb0
d58b32a6-0f7f-521e-9249-38592a99467e,32812b93-b48d-5497-a396-68d35f85637f,117001bbf673,182.3.107,182,2,3,107,"[49.0, 57.0, 933.0, 899.0]",List-Group,"Lebrun, *dentiste*, rue des Fossés-S.-Germain-des-Prés, 18.  ",ENTRY,"<SUBJ>Lebrun</SUBJ>, *<DESC>dentiste</DESC>*, <ADDR>rue des Fossés-S.-Germain-des-Prés, 18.</ADDR>",1,1,1,1.0000,,,B-ENTRY,model,0.9932,2026-09-22 19:53:06,0bcd82ca5443
4fe1376d-6f5d-56e0-a05f-1b5857b474e6,32812b93-b48d-5497-a396-68d35f85637f,6e25ca827f55,182.3.108,182,2,3,108,"[49.0, 57.0, 933.0, 899.0]",List-Group,"Leclerc, hôtel des Invalides.  ",ENTRY,"<SUBJ>Leclerc</SUBJ>, <ADDR>hôtel des Invalides.</ADDR>",1,0,1,1.0000,,,B-ENTRY,model,0.9822,2026-09-22 19:53:06,40cf94bcee55
1ca4d4f3-f0c8-5cac-85eb-8ba40665836a,32812b93-b48d-5497-a396-68d35f85637f,b28f00525a30,182.3.109,182,2,3,109,"[49.0, 57.0, 933.0, 899.0]",List-Group,"Legros, *dentiste*, rue de l'Arbre-Sec, 22.  ",ENTRY,"<SUBJ>Legros</SUBJ>, *<DESC>dentiste</DESC>*, <ADDR>rue de l'Arbre-Sec, 22.</ADDR>",1,1,1,1.0000,,,B-ENTRY,model,0.9933,2026-09-22 19:53:06,266d7278a7ea
62d09e95-027a-5fb9-ada3-6fab139ecbd6,32812b93-b48d-5497-a396-68d35f85637f,808da429c2be,182.3.110,182,2,3,110,"[49.0, 57.0, 933.0, 899.0]",List-Group,"Lemaître, *dentiste*, rue Croix-des-Petits-Champs, 33.  ",ENTRY,"<SUBJ>Lemaître</SUBJ>, *<DESC>dentiste</DESC>*, <ADDR>rue Croix-des-Petits-Champs, 33.</ADDR>",1,1,1,1.0000,,,B-ENTRY,model,0.9933,2026-09-22 19:53:06,aeb9ccdac575
183a468e-ae16-5603-86e1-63bc45e80e70,32812b93-b48d-5497-a396-68d35f85637f,8b57860967f1,182.3.111,182,2,3,111,"[49.0, 57.0, 933.0, 899.0]",List-Group,"Lepelletier, place de l'Hôtel-de-Ville, 6.  ",ENTRY,"<SUBJ>Lepelletier</SUBJ>, <ADDR>place de l'Hôtel-de-Ville, 6.</ADDR>",1,0,1,1.0000,,,B-ENTRY,human,1.0,2026-09-22 19:51:51,c22b245d0ae7
2c05c14e-daa1-5dd7-a9ba-7ffd770b6a38,32812b93-b48d-5497-a396-68d35f85637f,824a01c8ed6e,182.3.112,182,2,3,112,"[49.0, 57.0, 933.0, 899.0]",List-Group,"Lepere de Lapéreuse, rue du Faub.-S.-Antoine, 155.",ENTRY,"<SUBJ>Lepere de Lapéreuse</SUBJ>, <ADDR>rue du Faub.-S.-Antoine, 155.</ADDR>",1,0,1,1.0000,,,B-ENTRY,human,1.0,2026-09-22 19:51:51,e406b7cdc8ec
788212d0-db8f-5313-bb69-f07672780069,32812b93-b48d-5497-a396-68d35f85637f,0486ffb0d9c8,183.1.0,183,0,1,0,"[176.0, 47.0, 227.0, 66.0]",Page-Header,518,OUT OF SCOPE,,,,,,,,OUT OF SCOPE,human,1.0,2026-09-22 19:52:51,13299fb400a6
f2d51918-f636-5ac7-912c-adbf82dbae2f,32812b93-b48d-5497-a396-68d35f85637f,2fc0ed382de7,183.2.0,183,1,2,0,"[381.0, 45.0, 740.0, 67.0]",Page-Header,Officiers de santé. - PARIS.,OUT OF SCOPE,,,,,,,,OUT OF SCOPE,human,1.0,2026-09-22 19:52:51,13299fb400a6
e9a1f4e6-4ecf-5b8f-867e-eef948a74349,32812b93-b48d-5497-a396-68d35f85637f,1093146b58f4,183.3.0,183,2,3,0,"[172.0, 72.0, 952.0, 685.0]",List-Group,"Leroux, rue S.-Avoye, 12.  ",ENTRY,"<SUBJ>Leroux</SUBJ>, <ADDR>rue S.-Avoye, 12.</ADDR>",1,0,1,1.0000,,,B-ENTRY,model,0.9931,2026-09-22 19:53:06,bbc010a53097
328166bc-feed-5409-9b36-829e5b008ecf,32812b93-b48d-5497-a396-68d35f85637f,146933ce0455,183.3.1,183,2,3,1,"[172.0, 72.0, 952.0, 685.0]",List-Group,"Leroy, rue des Lavandières, 4. — Mus.  ",ENTRY,"<SUBJ>Leroy</SUBJ>, <ADDR>rue des Lavandières, 4. — Mus.</ADDR>",1,0,1,1.0000,,,B-ENTRY,model,0.9607,2026-09-22 19:53:06,2b574ff5a176
613a2e7e-e911-53c4-9a4c-16bb1121495b,32812b93-b48d-5497-a396-68d35f85637f,3b902be27741,183.3.2,183,2,3,2,"[172.0, 72.0, 952.0, 685.0]",List-Group,"Lesclavy, rue ....  ",ENTRY,"<SUBJ>Lesclavy</SUBJ>, <ADDR>rue ....</ADDR>",1,0,1,1.0000,,,B-ENTRY,model,0.98,2026-09-22 19:53:06,822d74722d2d
17784ff8-88dc-5255-8ee2-98de2f4d0965,32812b93-b48d-5497-a396-68d35f85637f,5b2992a8ea29,183.3.3,183,2,3,3,"[172.0, 72.0, 952.0, 685.0]",List-Group,"Lioult, rue de l'Échelle, 13.  ",ENTRY,"<SUBJ>Lioult</SUBJ>, <ADDR>rue de l'Échelle, 13.</ADDR>",1,0,1,1.0000,,,B-ENTRY,model,0.9941,2026-09-22 19:53:06,047b10dc26a7
429f1b0c-f5fe-5fca-af49-c166770df1ca,32812b93-b48d-5497-a396-68d35f85637f,ac2df5b0fb97,183.3.4,183,2,3,4,"[172.0, 72.0, 952.0, 685.0]",List-Group,"Loquin, *dentiste*, place Maubert, 37.  ",ENTRY,"<SUBJ>Loquin</SUBJ>, *<DESC>dentiste</DESC>*, <ADDR>place Maubert, 37.</ADDR>",1,1,1,1.0000,,,B-ENTRY,model,0.9887,2026-09-22 19:53:06,2af9e28a8157
245b77d3-5eea-590b-95d6-7279f4ebb602,32812b93-b48d-5497-a396-68d35f85637f,fc0a420e9f83,183.3.5,183,2,3,5,"[172.0, 72.0, 952.0, 685.0]",List-Group,"Luxembourg, rue Quincampoix, 4.  ",ENTRY,"<SUBJ>Luxembourg</SUBJ>, <ADDR>rue Quincampoix, 4.</ADDR>",1,0,1,1.0000,,,B-ENTRY,model,0.9855,2026-09-22 19:53:06,31b3b7a50b6d
ec1676e4-bac7-5d46-b415-c825bbc22539,32812b93-b48d-5497-a396-68d35f85637f,45e8daa38e71,183.3.6,183,2,3,6,"[172.0, 72.0, 952.0, 685.0]",List-Group,"Mahon, rue Ste-Croix-de-la-Bretonnerie, 47.  ",ENTRY,"<SUBJ>Mahon</SUBJ>, <ADDR>rue Ste-Croix-de-la-Bretonnerie, 47.</ADDR>",1,0,1,1.0000,,,B-ENTRY,model,0.9915,2026-09-22 19:53:06,2038301b090c
b196530d-0a03-534a-bf82-4a179a016555,32812b93-b48d-5497-a396-68d35f85637f,23b9225a996f,183.3.7,183,2,3,7,"[172.0, 72.0, 952.0, 685.0]",List-Group,"Maison-Neuve, rue de Vendôme, 4.  ",ENTRY,"<SUBJ>Maison-Neuve</SUBJ>, <ADDR>rue de Vendôme, 4.</ADDR>",1,0,1,1.0000,,,B-ENTRY,model,0.9983,2026-09-22 19:53:06,7c9944efdcd0
a6cfb5b0-bf3e-52cc-9d22-74460f3dd747,32812b93-b48d-5497-a396-68d35f85637f,8e78560d6c11,183.3.8,183,2,3,8,"[172.0, 72.0, 952.0, 685.0]",List-Group,"Maret, rue de la Chaise, 28.  ",ENTRY,"<SUBJ>Maret</SUBJ>, <ADDR>rue de la Chaise, 28.</ADDR>",1,0,1,1.0000,,,B-ENTRY,model,0.9923,2026-09-22 19:53:06,f85fd7747774
c573b988-7901-557a-a6de-e798e0ced73a,32812b93-b48d-5497-a396-68d35f85637f,b1fb2a8c0a98,183.3.9,183,2,3,9,"[172.0, 72.0, 952.0, 685.0]",List-Group,"Marie, rue des Noyers, 52.  ",ENTRY,"<SUBJ>Marie</SUBJ>, <ADDR>rue des Noyers, 52.</ADDR>",1,0,1,1.0000,,,B-ENTRY,model,0.9872,2026-09-22 19:53:06,dbd7e69379e1
36756b58-1e46-5013-8681-76c3ffbad5cc,32812b93-b48d-5497-a396-68d35f85637f,dd81b0032baf,183.3.10,183,2,3,10,"[172.0, 72.0, 952.0, 685.0]",List-Group,"Marmont, *dentiste*, rue de Richelieu, 4.  ",ENTRY,"<SUBJ>Marmont</SUBJ>, *<DESC>dentiste</DESC>*, <ADDR>rue de Richelieu, 4.</ADDR>",1,1,1,1.0000,,,B-ENTRY,model,0.9933,2026-09-22 19:53:06,12c6fbefcfa4
49124fc0-76ae-57ed-91ab-cfa614a37512,32812b93-b48d-5497-a396-68d35f85637f,2dc32ac117f8,183.3.11,183,2,3,11,"[172.0, 72.0, 952.0, 685.0]",List-Group,"Marquais, rue de l'Université, 28.  ",ENTRY,"<SUBJ>Marquais</SUBJ>, <ADDR>rue de l'Université, 28.</ADDR>",1,0,1,1.0000,,,B-ENTRY,model,0.9941,2026-09-22 19:53:06,9d2959abda3c
26fe330e-689f-5de6-b6b0-9c6d6da735a4,32812b93-b48d-5497-a396-68d35f85637f,2beb66d141fb,183.3.12,183,2,3,12,"[172.0, 72.0, 952.0, 685.0]",List-Group,"Marque, rue S.-Martin, 77.  ",ENTRY,"<SUBJ>Marque</SUBJ>, <ADDR>rue S.-Martin, 77.</ADDR>",1,0,1,1.0000,,,B-ENTRY,model,0.9935,2026-09-22 19:53:06,7a9a817ae5ca
9dac04b5-e9e9-5090-bb82-51b3dbc299d5,32812b93-b48d-5497-a396-68d35f85637f,2d4dc421eb8e,183.3.13,183,2,3,13,"[172.0, 72.0, 952.0, 685.0]",List-Group,"Martin, au Lycée, rue S.-Jacques, 123.  ",ENTRY,"<SUBJ>Martin</SUBJ>, <ADDR>au Lycée, rue S.-Jacques, 123.</ADDR>",1,0,1,0.9999,,,B-ENTRY,model,0.9914,2026-09-22 19:53:06,be66a5fea79e
d436e040-c28a-5a39-8a63-4dee1887161d,32812b93-b48d-5497-a396-68d35f85637f,e8269289721d,183.3.14,183,2,3,14,"[172.0, 72.0, 952.0, 685.0]",List-Group,"Marquis, dit Suigram, rue du Hasard.  ",ENTRY,"<SUBJ>Marquis, dit Suigram</SUBJ>, <ADDR>rue du Hasard.</ADDR>",1,0,1,1.0000,,,B-ENTRY,model,0.9956,2026-09-22 19:53:06,cabbcb5ec5b0
75a87746-4530-575c-81d3-9617d2bce69c,32812b93-b48d-5497-a396-68d35f85637f,48c724cfe6ec,183.3.15,183,2,3,15,"[172.0, 72.0, 952.0, 685.0]",List-Group,"Mativet, marché Neuf, 9.  ",ENTRY,"<SUBJ>Mativet</SUBJ>, <ADDR>marché Neuf, 9.</ADDR>",1,0,1,0.9999,,,B-ENTRY,model,0.9854,2026-09-22 19:53:06,cc523beec263
7889ed26-f456-54bb-b00a-7892cf3d828e,32812b93-b48d-5497-a396-68d35f85637f,8ee3ecd7ad03,183.3.16,183,2,3,16,"[172.0, 72.0, 952.0, 685.0]",List-Group,"Mellet, rue Meslé, 35.  ",ENTRY,"<SUBJ>Mellet</SUBJ>, <ADDR>rue Meslé, 35.</ADDR>",1,0,1,1.0000,,,B-ENTRY,model,0.9856,2026-09-22 19:53:06,ae3690fa62b9
c98d453b-de8c-5360-aa2c-0f06ef3d00ad,32812b93-b48d-5497-a396-68d35f85637f,18348e605d8b,183.3.17,183,2,3,17,"[172.0, 72.0, 952.0, 685.0]",List-Group,"Mercadier, rue Beaurepaire, 24.  ",ENTRY,"<SUBJ>Mercadier</SUBJ>, <ADDR>rue Beaurepaire, 24.</ADDR>",1,0,1,1.0000,,,B-ENTRY,model,0.9855,2026-09-22 19:53:06,84c1c85ed050
2af53cde-1664-521b-bf61-e43cd90ed84d,32812b93-b48d-5497-a396-68d35f85637f,83c34fe9a289,183.3.18,183,2,3,18,"[172.0, 72.0, 952.0, 685.0]",List-Group,"Mermier, rue du Faub.-du-Roule, 44.  ",ENTRY,"<SUBJ>Mermier</SUBJ>, <ADDR>rue du Faub.-du-Roule, 44.</ADDR>",1,0,1,1.0000,,,B-ENTRY,model,0.9923,2026-09-22 19:53:06,ab78021971e1
da005f52-75a9-5c9c-ad6e-9e691cea76a7,32812b93-b48d-5497-a396-68d35f85637f,abe1d7ddd5c2,183.3.19,183,2,3,19,"[172.0, 72.0, 952.0, 685.0]",List-Group,"Michaud (Ch. F.), rue Aumaire, 57.  ",ENTRY,"<SUBJ>Michaud (Ch. F.)</SUBJ>, <ADDR>rue Aumaire, 57.</ADDR>",1,0,1,1.0000,,,B-ENTRY,model,0.9997,2026-09-22 19:53:06,b3ab2ab39736
92c243c6-35d4-5404-be8b-d5fe7c79d77b,32812b93-b48d-5497-a396-68d35f85637f,695fdf2b6c91,183.3.20,183,2,3,20,"[172.0, 72.0, 952.0, 685.0]",List-Group,"Michault, rue Aumaire, 29.  ",ENTRY,"<SUBJ>Michault</SUBJ>, <ADDR>rue Aumaire, 29.</ADDR>",1,0,1,1.0000,,,B-ENTRY,model,0.9853,2026-09-22 19:53:06,6d3094ae9d62
a3c77d9e-c174-5573-bfc4-dd5bc5c368a2,32812b93-b48d-5497-a396-68d35f85637f,6e8c1add0cc8,183.3.21,183,2,3,21,"[172.0, 72.0, 952.0, 685.0]",List-Group,"Millot, *accoucheur*, rue J.-J.-Rousseau, 5.  ",ENTRY,"<SUBJ>Millot</SUBJ>, *<DESC>accoucheur</DESC>*, <ADDR>rue J.-J.-Rousseau, 5.</ADDR>",1,1,1,1.0000,,,B-ENTRY,model,0.9933,2026-09-22 19:53:06,721ba97244ee
acd8b4e3-4d70-5eb4-ba62-eefac7347048,32812b93-b48d-5497-a396-68d35f85637f,9cafe427ce47,183.3.22,183,2,3,22,"[172.0, 72.0, 952.0, 685.0]",List-Group,"Monier (Etienne), rue S.-Martin, 297.  ",ENTRY,"<SUBJ>Monier (Etienne)</SUBJ>, <ADDR>rue S.-Martin, 297.</ADDR>",1,0,1,1.0000,,,B-ENTRY,model,0.9997,2026-09-22 19:53:06,abb7c4e94040
57dfbdae-224c-5a90-b2e9-21b0d0003941,32812b93-b48d-5497-a396-68d35f85637f,222e6c028983,183.3.23,183,2,3,23,"[172.0, 72.0, 952.0, 685.0]",List-Group,"Monier (J. J. B.), rue N.-Ste-Catherine, 3.  ",ENTRY,"<SUBJ>Monier (J. J. B.)</SUBJ>, <ADDR>rue N.-Ste-Catherine, 3.</ADDR>",1,0,1,1.0000,,,B-ENTRY,model,0.9982,2026-09-22 19:53:06,ccdd9a1b0fe8
d22a2802-7d32-578e-b798-0460be675c57,32812b93-b48d-5497-a396-68d35f85637f,23f63e3aef24,183.3.24,183,2,3,24,"[172.0, 72.0, 952.0, 685.0]",List-Group,"Mossy, rue des Cinq-Diamans, 22.  ",ENTRY,"<SUBJ>Mossy</SUBJ>, <ADDR>rue des Cinq-Diamans, 22.</ADDR>",1,0,1,1.0000,,,B-ENTRY,model,0.994,2026-09-22 19:53:06,1cd51fddf169
1f46f0d5-ce09-58db-bebd-25d0114db70b,32812b93-b48d-5497-a396-68d35f85637f,c16b15592b84,183.3.25,183,2,3,25,"[172.0, 72.0, 952.0, 685.0]",List-Group,Mounier (François).  ,ENTRY,<SUBJ>Mounier (François)</SUBJ>.,1,0,0,1.0000,,,B-ENTRY,model,0.999,2026-09-22 19:53:06,9e64a1a98540
8277516c-c9ca-5936-9c23-c7b9b1720aad,32812b93-b48d-5497-a396-68d35f85637f,d11c7d8999ca,183.3.26,183,2,3,26,"[172.0, 72.0, 952.0, 685.0]",List-Group,"Morillon, rue Nerve-Egalité, 17.  ",ENTRY,"<SUBJ>Morillon</SUBJ>, <ADDR>rue Nerve-Egalité, 17.</ADDR>",1,0,1,1.0000,,,B-ENTRY,model,0.9912,2026-09-22 19:53:06,135fed1d85c8
7a6b26ae-d862-51c0-9fb4-d2d196727a7b,32812b93-b48d-5497-a396-68d35f85637f,f14304ee773e,183.3.27,183,2,3,27,"[172.0, 72.0, 952.0, 685.0]",List-Group,"Moulinet, rue de l'Oursine, 95.  ",ENTRY,"<SUBJ>Moulinet</SUBJ>, <ADDR>rue de l'Oursine, 95.</ADDR>",1,0,1,1.0000,,,B-ENTRY,model,0.9941,2026-09-22 19:53:06,ccaf3ab065e7
2c0ea34c-c7a4-524e-b964-a0bd20872a72,32812b93-b48d-5497-a396-68d35f85637f,b68d8ae9d758,183.3.28,183,2,3,28,"[172.0, 72.0, 952.0, 685.0]",List-Group,"Naudin, cloître S.-Méry, 16.  ",ENTRY,"<SUBJ>Naudin</SUBJ>, <ADDR>cloître S.-Méry, 16.</ADDR>",1,0,1,1.0000,,,B-ENTRY,model,0.9935,2026-09-22 19:53:06,d3d51487c169
50d7fb73-376b-5335-809b-baed8ee7600c,32812b93-b48d-5497-a396-68d35f85637f,23b78b474c41,183.3.29,183,2,3,29,"[172.0, 72.0, 952.0, 685.0]",List-Group,"Nauray, rue Ste-Cr.-de-la-Bretonnerie, 38.  ",ENTRY,"<SUBJ>Nauray</SUBJ>, <ADDR>rue Ste-Cr.-de-la-Bretonnerie, 38.</ADDR>",1,0,1,1.0000,,,B-ENTRY,model,0.9915,2026-09-22 19:53:06,9d074a282844
5c1ee941-4437-5e17-a82f-f4f17af0eea0,32812b93-b48d-5497-a396-68d35f85637f,aabe16293e69,183.3.30,183,2,3,30,"[172.0, 72.0, 952.0, 685.0]",List-Group,"Neveu, rue des Lavandières, 21.  ",ENTRY,"<SUBJ>Neveu</SUBJ>, <ADDR>rue des Lavandières, 21.</ADDR>",1,0,1,1.0000,,,B-ENTRY,model,0.9872,2026-09-22 19:53:06,2d1ac86b1295
d736f30d-258d-5dcb-b019-7dd699ac54fe,32812b93-b48d-5497-a396-68d35f85637f,937f288fd2f7,183.3.31,183,2,3,31,"[172.0, 72.0, 952.0, 685.0]",List-Group,"Nicolle, *accoucheur*, rue St.-Martin, 78.  ",ENTRY,"<SUBJ>Nicolle</SUBJ>, *<DESC>accoucheur</DESC>*, <ADDR>rue St.-Martin, 78.</ADDR>",1,1,1,1.0000,,,B-ENTRY,human,1.0,2026-09-22 19:52:29,0fbf3aff23cf
ea440dfa-b03d-5abd-84de-16279711b356,32812b93-b48d-5497-a396-68d35f85637f,eb4f8db23cd3,183.3.32,183,2,3,32,"[172.0, 72.0, 952.0, 685.0]",List-Group,"Pé de la Borde, *dentiste*, rue J.-J.-Rousseau, 21.  ",ENTRY,"<SUBJ>Pé de la Borde</SUBJ>, *<DESC>dentiste</DESC>*, <ADDR>rue J.-J.-Rousseau, 21.</ADDR>",1,1,1,1.0000,,,B-ENTRY,human,1.0,2026-09-22 19:52:29,17b450986952
ec0ff4a3-da76-5387-aaca-6e9597d95bef,32812b93-b48d-5497-a396-68d35f85637f,e217a3aa24e6,183.3.33,183,2,3,33,"[172.0, 72.0, 952.0, 685.0]",List-Group,"Pelletan, en chef de l'Hôtel-Dieu, rue S.-Christophe, 10.  ",ENTRY,"<SUBJ>Pelletan</SUBJ>, <DESC>en chef de l'Hôtel-Dieu</DESC>, <ADDR>rue S.-Christophe, 10.</ADDR>",1,1,1,1.0000,,,B-ENTRY,model,0.9917,2026-09-22 19:53:06,d8675138ae87
5455f226-8b9b-5080-9e1f-e273f4e58705,32812b93-b48d-5497-a396-68d35f85637f,36de78cbdcbd,183.3.34,183,2,3,34,"[172.0, 72.0, 952.0, 685.0]",List-Group,"Peltier, rue de l'Église, 1. — Inval.  ",ENTRY,"<SUBJ>Peltier</SUBJ>, <ADDR>rue de l'Église, 1. — Inval.</ADDR>",1,0,1,1.0000,,,B-ENTRY,model,0.9654,2026-09-22 19:53:06,3d00bfc02cb8
f0ab4b67-e6cf-5cf7-b91b-6b38a5858a57,32812b93-b48d-5497-a396-68d35f85637f,436c308b8831,183.3.35,183,2,3,35,"[172.0, 72.0, 952.0, 685.0]",List-Group,"Peigot, rue Jacob, 3.  ",ENTRY,"<SUBJ>Peigot</SUBJ>, <ADDR>rue Jacob, 3.</ADDR>",1,0,1,1.0000,,,B-ENTRY,model,0.9857,2026-09-22 19:53:06,a18486a277a4
ce0ee1c0-f363-5050-b58b-7cbe781b3785,32812b93-b48d-5497-a396-68d35f85637f,cff975b93cb8,183.3.36,183,2,3,36,"[172.0, 72.0, 952.0, 685.0]",List-Group,"Perron, rue Bon-Conseil.  ",ENTRY,"<SUBJ>Perron</SUBJ>, <ADDR>rue Bon-Conseil.</ADDR>",1,0,1,1.0000,,,B-ENTRY,model,0.9789,2026-09-22 19:53:06,dcb5096931df
be8676d8-7db3-5964-92b6-59e240d0cbf9,32812b93-b48d-5497-a396-68d35f85637f,7a6fde3d4294,183.3.37,183,2,3,37,"[172.0, 72.0, 952.0, 685.0]",List-Group,"Petit-Beau, rue S.-Honoré, 414.  ",ENTRY,"<SUBJ>Petit-Beau</SUBJ>, <ADDR>rue S.-Honoré, 414.</ADDR>",1,0,1,1.0000,,,B-ENTRY,model,0.9979,2026-09-22 19:53:06,b8466f75619d
b325a6d5-f2b9-5599-8647-43206adc48f1,32812b93-b48d-5497-a396-68d35f85637f,5ea449dde1de,183.3.38,183,2,3,38,"[172.0, 72.0, 952.0, 685.0]",List-Group,"Picard, *dentiste*, rue aux Fers, 18.  ",ENTRY,"<SUBJ>Picard</SUBJ>, *<DESC>dentiste</DESC>*, <ADDR>rue aux Fers, 18.</ADDR>",1,1,1,1.0000,,,B-ENTRY,model,0.9933,2026-09-22 19:53:06,5a96db94abdb
fda90ddc-68ba-5077-82a7-ab698c7666e9,32812b93-b48d-5497-a396-68d35f85637f,8e70e0c897aa,183.3.39,183,2,3,39,"[172.0, 72.0, 952.0, 685.0]",List-Group,"Piet, rue du Faub.-Montmartre, 33.  ",ENTRY,"<SUBJ>Piet</SUBJ>, <ADDR>rue du Faub.-Montmartre, 33.</ADDR>",1,0,1,1.0000,,,B-ENTRY,human,1.0,2026-09-22 19:52:52,a28ff48790e5
e104cd28-1e55-5118-a511-f131ed45ef62,32812b93-b48d-5497-a396-68d35f85637f,1b368fd3b750,183.3.40,183,2,3,40,"[172.0, 72.0, 952.0, 685.0]",List-Group,"Pipelet fils, rue Mazarine, 21.  ",ENTRY,"<SUBJ>Pipelet fils</SUBJ>, <ADDR>rue Mazarine, 21.</ADDR>",1,0,1,1.0000,,,B-ENTRY,human,1.0,2026-09-22 19:52:52,4e926ed1a26f
acddee2d-eee3-5ccd-8f94-861e706cbf06,32812b93-b48d-5497-a396-68d35f85637f,a365745ca107,183.3.41,183,2,3,41,"[172.0, 72.0, 952.0, 685.0]",List-Group,"Poisson, rue S.-Marc, 16.  ",ENTRY,"<SUBJ>Poisson</SUBJ>, <ADDR>rue S.-Marc, 16.</ADDR>",1,0,1,1.0000,,,B-ENTRY,model,0.9937,2026-09-22 19:53:06,783733d4e079
a45bbe14-237d-5a3e-846b-0674583eab52,32812b93-b48d-5497-a396-68d35f85637f,9eac4a967db5,183.3.42,183,2,3,42,"[172.0, 72.0, 952.0, 685.0]",List-Group,"Pommez, *dentiste*, rue Regnault-Lefevre, 6.  ",ENTRY,"<SUBJ>Pommez</SUBJ>, *<DESC>dentiste</DESC>*, <ADDR>rue Regnault-Lefevre, 6.</ADDR>",1,1,1,1.0000,,,B-ENTRY,model,0.9933,2026-09-22 19:53:06,22f5c276db9b
d717f314-63a5-578e-a806-494b3fbfbb1c,32812b93-b48d-5497-a396-68d35f85637f,154de64f7af6,183.3.43,183,2,3,43,"[172.0, 72.0, 952.0, 685.0]",List-Group,"Potain, rue S.-Antoine, 64.  ",ENTRY,"<SUBJ>Potain</SUBJ>, <ADDR>rue S.-Antoine, 64.</ADDR>",1,0,1,1.0000,,,B-ENTRY,model,0.9935,2026-09-22 19:53:06,97d3b72fee8a
6449bc4b-7915-5812-8533-e3698ae18813,32812b93-b48d-5497-a396-68d35f85637f,7c7513c162f8,183.3.44,183,2,3,44,"[172.0, 72.0, 952.0, 685.0]",List-Group,"Pujolle, rue Neuve-d'Orléans, 2.  ",ENTRY,"<SUBJ>Pujolle</SUBJ>, <ADDR>rue Neuve-d'Orléans, 2.</ADDR>",1,0,1,1.0000,,,B-ENTRY,model,0.9855,2026-09-22 19:53:06,11adf495de66
14ea96b2-ebb8-5b2f-864b-40b088c55e63,32812b93-b48d-5497-a396-68d35f85637f,d5dd151a7f36,183.3.45,183,2,3,45,"[172.0, 72.0, 952.0, 685.0]",List-Group,"Renaud, rue Gerard-Beauquet, 7.  ",ENTRY,"<SUBJ>Renaud</SUBJ>, <ADDR>rue Gerard-Beauquet, 7.</ADDR>",1,0,1,1.0000,,,B-ENTRY,model,0.9914,2026-09-22 19:53:06,ad03531061c5
ae4516e5-8a1b-5c50-bcba-ee2e7df98f91,32812b93-b48d-5497-a396-68d35f85637f,993232bafd50,183.3.46,183,2,3,46,"[172.0, 72.0, 952.0, 685.0]",List-Group,"Ribes, rue de Vaugirard, 11.  ",ENTRY,"<SUBJ>Ribes</SUBJ>, <ADDR>rue de Vaugirard, 11.</ADDR>",1,0,1,1.0000,,,B-ENTRY,model,0.9872,2026-09-22 19:53:06,a6328d2e500c
369efb37-0bbd-5131-a577-b859e4ac4bb4,32812b93-b48d-5497-a396-68d35f85637f,e5798e5cc45f,183.3.47,183,2,3,47,"[172.0, 72.0, 952.0, 685.0]",List-Group,"Ricci, *dentiste*, r. des Fos.-Montmartre, 27.  ",ENTRY,"<SUBJ>Ricci</SUBJ>, *<DESC>dentiste</DESC>*, <ADDR>r. des Fos.-Montmartre, 27.</ADDR>",1,1,1,1.0000,,,B-ENTRY,model,0.9932,2026-09-22 19:53:06,72623d1e0985
504062d6-cdaf-5ad8-b81c-1f22b536c31f,32812b93-b48d-5497-a396-68d35f85637f,3def2a2f812f,183.3.48,183,2,3,48,"[172.0, 72.0, 952.0, 685.0]",List-Group,"Richerand, à l'hôpital S.-Louis.  ",ENTRY,"<SUBJ>Richerand</SUBJ>, <ADDR>à l'hôpital S.-Louis.</ADDR>",1,0,1,1.0000,,,B-ENTRY,model,0.9641,2026-09-22 19:53:06,6694a5e2ee93
8d426997-44eb-5ddf-9589-6779042b7cd5,32812b93-b48d-5497-a396-68d35f85637f,4c0e7c478998,183.3.49,183,2,3,49,"[172.0, 72.0, 952.0, 685.0]",List-Group,"Rivalier, rue Ste-Marguerite, 41.  ",ENTRY,"<SUBJ>Rivalier</SUBJ>, <ADDR>rue Ste-Marguerite, 41.</ADDR>",1,0,1,1.0000,,,B-ENTRY,model,0.9914,2026-09-22 19:53:06,403a53f01f30
8b15cd80-2754-537d-b28a-a7bc4c47e81d,32812b93-b48d-5497-a396-68d35f85637f,262f27cf1738,183.3.50,183,2,3,50,"[172.0, 72.0, 952.0, 685.0]",List-Group,"Ricoombe, rue des Bons-Enfans, 21.  ",ENTRY,"<SUBJ>Ricoombe</SUBJ>, <ADDR>rue des Bons-Enfans, 21.</ADDR>",1,0,1,1.0000,,,B-ENTRY,model,0.994,2026-09-22 19:53:06,729ec5a86628
34d91b32-d4b2-5209-a121-6dd2cd5aa275,32812b93-b48d-5497-a396-68d35f85637f,e7303c439d57,183.3.51,183,2,3,51,"[172.0, 72.0, 952.0, 685.0]",List-Group,"Robillard, hôtel des Invalides.  ",ENTRY,"<SUBJ>Robillard</SUBJ>, <ADDR>hôtel des Invalides.</ADDR>",1,0,1,1.0000,,,B-ENTRY,model,0.9822,2026-09-22 19:53:06,b179480f3ab3
e7ff558a-a30e-5c07-94bc-1ff0fceca36b,32812b93-b48d-5497-a396-68d35f85637f,4ea2acbacc21,183.3.52,183,2,3,52,"[172.0, 72.0, 952.0, 685.0]",List-Group,"Roblot, *dentiste*, palais du Tribunat, 45.  ",ENTRY,"<SUBJ>Roblot</SUBJ>, *<DESC>dentiste</DESC>*, <ADDR>palais du Tribunat, 45.</ADDR>",1,1,1,1.0000,,,B-ENTRY,model,0.9933,2026-09-22 19:53:06,e258214fb10d
f2e794aa-b795-5d9e-b690-ef54687006ac,32812b93-b48d-5497-a396-68d35f85637f,8d0dadf1f106,183.3.53,183,2,3,53,"[172.0, 72.0, 952.0, 685.0]",List-Group,"Ronsil, *herniaire*, rue Tiquetonne, 20.  ",ENTRY,"<SUBJ>Ronsil</SUBJ>, *<DESC>herniaire</DESC>*, <ADDR>rue Tiquetonne, 20.</ADDR>",1,1,1,1.0000,,,B-ENTRY,model,0.9887,2026-09-22 19:53:06,6ab57851617e
5a7cba6b-91e1-5bc1-b41d-377972270e4d,32812b93-b48d-5497-a396-68d35f85637f,3009b0cdc1e0,183.3.54,183,2,3,54,"[172.0, 72.0, 952.0, 685.0]",List-Group,"Roque, rue d'Orléans-S.-Honoré, 7.  ",ENTRY,"<SUBJ>Roque</SUBJ>, <ADDR>rue d'Orléans-S.-Honoré, 7.</ADDR>",1,0,1,1.0000,,,B-ENTRY,model,0.9924,2026-09-22 19:53:06,d846df54d1bf
70560a12-6440-5a2c-a14d-be8e69935a23,32812b93-b48d-5497-a396-68d35f85637f,5e66eebf2cb8,183.3.55,183,2,3,55,"[172.0, 72.0, 952.0, 685.0]",List-Group,"Roux, rue Christine, 9.  ",ENTRY,"<SUBJ>Roux</SUBJ>, <ADDR>rue Christine, 9.</ADDR>",1,0,1,1.0000,,,B-ENTRY,model,0.9854,2026-09-22 19:53:06,683059af9013
563aeb45-b0c8-50e3-b50e-ccf557630ff1,32812b93-b48d-5497-a396-68d35f85637f,4250280ce4c3,183.3.56,183,2,3,56,"[172.0, 72.0, 952.0, 685.0]",List-Group,"Ruffin, rue d'Amboise, 7.  ",ENTRY,"<SUBJ>Ruffin</SUBJ>, <ADDR>rue d'Amboise, 7.</ADDR>",1,0,1,1.0000,,,B-ENTRY,model,0.9923,2026-09-22 19:53:06,4bac7ac04a29
9aac5407-f679-5073-959d-3095d787a878,32812b93-b48d-5497-a396-68d35f85637f,3ce0e8e06292,183.3.57,183,2,3,57,"[172.0, 72.0, 952.0, 685.0]",List-Group,"Sabatier, aux Invalides.  ",ENTRY,"<SUBJ>Sabatier</SUBJ>, <ADDR>aux Invalides.</ADDR>",1,0,1,1.0000,,,B-ENTRY,model,0.9884,2026-09-22 19:53:06,be09c0117edf
f9cbda19-6fb1-582a-ac8b-2657c1fca86d,32812b93-b48d-5497-a396-68d35f85637f,6f2bd5e79ffe,183.3.58,183,2,3,58,"[172.0, 72.0, 952.0, 685.0]",List-Group,"Sallé, *bandagiste*, place Thionville, 5.  ",ENTRY,"<SUBJ>Sallé</SUBJ>, *<DESC>bandagiste</DESC>*, <ADDR>place Thionville, 5.</ADDR>",1,1,1,1.0000,,,B-ENTRY,model,0.9887,2026-09-22 19:53:06,bd68df1f2839
0af29b63-de60-591c-ae3d-b35d8f81541b,32812b93-b48d-5497-a396-68d35f85637f,ac7a09c4a4cc,183.3.59,183,2,3,59,"[172.0, 72.0, 952.0, 685.0]",List-Group,"Schoeck, rue Coquillière, 19.  ",ENTRY,"<SUBJ>Schoeck</SUBJ>, <ADDR>rue Coquillière, 19.</ADDR>",1,0,1,1.0000,,,B-ENTRY,model,0.9855,2026-09-22 19:53:06,be56bbcb4163
47ffbd35-4dae-58ea-a780-0423068c3661,32812b93-b48d-5497-a396-68d35f85637f,e0ac6e303104,183.3.60,183,2,3,60,"[172.0, 72.0, 952.0, 685.0]",List-Group,"Segard, rue Thevenot, 63.  ",ENTRY,"<SUBJ>Segard</SUBJ>, <ADDR>rue Thevenot, 63.</ADDR>",1,0,1,1.0000,,,B-ENTRY,model,0.9855,2026-09-22 19:53:06,ff9825783663
db60cc41-fd6f-5224-9d96-6aa0f4051eb1,32812b93-b48d-5497-a396-68d35f85637f,44ac3f8ef8c0,183.3.61,183,2,3,61,"[172.0, 72.0, 952.0, 685.0]",List-Group,"Sellez, *herniaire*, place du Carrousel, 22.  ",ENTRY,"<SUBJ>Sellez</SUBJ>, *<DESC>herniaire</DESC>*, <ADDR>place du Carrousel, 22.</ADDR>",1,1,1,1.0000,,,B-ENTRY,model,0.9934,2026-09-22 19:53:06,031ac24819de
55b12e00-2522-5f3e-ab93-a25655ce7572,32812b93-b48d-5497-a396-68d35f85637f,5074787d027d,183.3.62,183,2,3,62,"[172.0, 72.0, 952.0, 685.0]",List-Group,"Senghuesse, rue Chabannais, 6.  ",ENTRY,"<SUBJ>Senghuesse</SUBJ>, <ADDR>rue Chabannais, 6.</ADDR>",1,0,1,1.0000,,,B-ENTRY,model,0.9855,2026-09-22 19:53:06,4d561d8f6d36
4ae4bade-71ef-59ad-abc5-c6fb83a2b116,32812b93-b48d-5497-a396-68d35f85637f,bf32414fbec6,183.3.63,183,2,3,63,"[172.0, 72.0, 952.0, 685.0]",List-Group,"Souberbielle, rue de Richelieu, 77.  ",ENTRY,"<SUBJ>Souberbielle</SUBJ>, <ADDR>rue de Richelieu, 77.</ADDR>",1,0,1,1.0000,,,B-ENTRY,model,0.9872,2026-09-22 19:53:06,6de12448fd74
307ee28f-1f69-595d-962c-5a661ee4735c,32812b93-b48d-5497-a396-68d35f85637f,952e24767b94,183.3.64,183,2,3,64,"[172.0, 72.0, 952.0, 685.0]",List-Group,"Soupé, place du Pont-Neuf, 15.  ",ENTRY,"<SUBJ>Soupé</SUBJ>, <ADDR>place du Pont-Neuf, 15.</ADDR>",1,0,1,1.0000,,,B-ENTRY,model,0.9941,2026-09-22 19:53:06,7783e81780e0
75a747fd-33f2-5c95-ab9a-5de5fb3a5536,32812b93-b48d-5497-a396-68d35f85637f,799f01b8ac08,183.3.65,183,2,3,65,"[172.0, 72.0, 952.0, 685.0]",List-Group,"Stapart (L. C. Nic.), rue Helvétius, 13.  ",ENTRY,"<SUBJ>Stapart (L. C. Nic.)</SUBJ>, <ADDR>rue Helvétius, 13.</ADDR>",1,0,1,1.0000,,,B-ENTRY,model,0.9983,2026-09-22 19:53:06,b15ec12b12c4
f254f7e8-5d4d-56ee-a14b-244439645bc1,32812b93-b48d-5497-a396-68d35f85637f,5f5ae2c1c54e,183.3.66,183,2,3,66,"[172.0, 72.0, 952.0, 685.0]",List-Group,"Stinville, *herniaire*, passage du Saumon, 46.  ",ENTRY,"<SUBJ>Stinville</SUBJ>, *<DESC>herniaire</DESC>*, <ADDR>passage du Saumon, 46.</ADDR>",1,1,1,1.0000,,,B-ENTRY,model,0.9932,2026-09-22 19:53:06,1e43a6c1acb1
d4d2bc97-3223-5b17-8f9d-fd8d517b0551,32812b93-b48d-5497-a396-68d35f85637f,7a03d393168e,183.3.67,183,2,3,67,"[172.0, 72.0, 952.0, 685.0]",List-Group,"Sue ainé, *professeur et bibliothécaire de l'École de Médecine*.  ",ENTRY,"<SUBJ>Sue ainé</SUBJ>, *<DESC>professeur et bibliothécaire de l'École de Médecine*.</DESC>",1,1,0,1.0000,,,B-ENTRY,model,0.9931,2026-09-22 19:53:06,12bcfe9ae2e0
e21a222a-c8b3-5d81-8adc-5f3948f136f2,32812b93-b48d-5497-a396-68d35f85637f,2da556ed6c02,183.3.68,183,2,3,68,"[172.0, 72.0, 952.0, 685.0]",List-Group,"Sureau, rue Quincampoix, 62.  ",ENTRY,"<SUBJ>Sureau</SUBJ>, <ADDR>rue Quincampoix, 62.</ADDR>",1,0,1,1.0000,,,B-ENTRY,model,0.9854,2026-09-22 19:53:06,609023bf7a7b
a8b019a2-eef9-5952-aaa2-a51f18501eaf,32812b93-b48d-5497-a396-68d35f85637f,dd26820367a6,183.3.69,183,2,3,69,"[172.0, 72.0, 952.0, 685.0]",List-Group,"Talma, *dentiste*, rue J.-J.-Rousseau, 3.  ",ENTRY,"<SUBJ>Talma</SUBJ>, *<DESC>dentiste</DESC>*, <ADDR>rue J.-J.-Rousseau, 3.</ADDR>",1,1,1,1.0000,,,B-ENTRY,model,0.9933,2026-09-22 19:53:06,b3a4dc118afa
e794d432-2283-5c78-b519-37d58a4a542a,32812b93-b48d-5497-a396-68d35f85637f,acdf8eed4e4d,183.3.70,183,2,3,70,"[172.0, 72.0, 952.0, 685.0]",List-Group,"Teytaud, rue J.-J.-Rousseau, 18.  ",ENTRY,"<SUBJ>Teytaud</SUBJ>, <ADDR>rue J.-J.-Rousseau, 18.</ADDR>",1,0,1,1.0000,,,B-ENTRY,model,0.9918,2026-09-22 19:53:06,a25b2370fb18
d1475e7e-eab2-5926-bd81-8f1189931c67,32812b93-b48d-5497-a396-68d35f85637f,0c011e630b31,183.3.71,183,2,3,71,"[172.0, 72.0, 952.0, 685.0]",List-Group,"Thebault, rue Boucher, 8.  ",ENTRY,"<SUBJ>Thebault</SUBJ>, <ADDR>rue Boucher, 8.</ADDR>",1,0,1,1.0000,,,B-ENTRY,model,0.9854,2026-09-22 19:53:06,253e12d7a0f3
0b55272f-d48e-5215-bac3-8ff07e218411,32812b93-b48d-5497-a396-68d35f85637f,2ea7714673cc,183.3.72,183,2,3,72,"[172.0, 72.0, 952.0, 685.0]",List-Group,"Thierry-Valdajou, rue du Petit-Musc, 9.  ",ENTRY,"<SUBJ>Thierry-Valdajou</SUBJ>, <ADDR>rue du Petit-Musc, 9.</ADDR>",1,0,1,1.0000,,,B-ENTRY,model,0.9978,2026-09-22 19:53:06,3ea484ed0695
b4a97866-4e3f-58db-a284-148756cd3e06,32812b93-b48d-5497-a396-68d35f85637f,e3559a7186a6,183.3.73,183,2,3,73,"[172.0, 72.0, 952.0, 685.0]",List-Group,"Thillaye, rue de l'École-de-Médecine.  ",ENTRY,"<SUBJ>Thillaye</SUBJ>, <ADDR>rue de l'École-de-Médecine.</ADDR>",1,0,1,1.0000,,,B-ENTRY,model,0.9777,2026-09-22 19:53:06,21dd80616b81
adeedc8e-6ae8-5ace-9ac5-2da821cb6759,32812b93-b48d-5497-a396-68d35f85637f,e8dd3dd26000,183.3.74,183,2,3,74,"[172.0, 72.0, 952.0, 685.0]",List-Group,"Thilhard, rue S.-Avoye, 31.  ",ENTRY,"<SUBJ>Thilhard</SUBJ>, <ADDR>rue S.-Avoye, 31.</ADDR>",1,0,1,1.0000,,,B-ENTRY,model,0.9935,2026-09-22 19:53:06,2d5a2402ba5f
6a6a28e7-efc6-52fb-b583-6e5b5bddb86c,32812b93-b48d-5497-a396-68d35f85637f,a12e3af9a85f,183.3.75,183,2,3,75,"[172.0, 72.0, 952.0, 685.0]",List-Group,"Trouillet, cour du palais de Justice, 17.  ",ENTRY,"<SUBJ>Trouillet</SUBJ>, <ADDR>cour du palais de Justice, 17.</ADDR>",1,0,1,1.0000,,,B-ENTRY,model,0.9941,2026-09-22 19:53:06,28c788d67dce
1b0cc3fb-3a60-597e-b71c-0e9edbddff6b,32812b93-b48d-5497-a396-68d35f85637f,06d604ebfb29,183.3.76,183,2,3,76,"[172.0, 72.0, 952.0, 685.0]",List-Group,"Valette, rue Neuve-S.-Jean, 15.  ",ENTRY,"<SUBJ>Valette</SUBJ>, <ADDR>rue Neuve-S.-Jean, 15.</ADDR>",1,0,1,1.0000,,,B-ENTRY,model,0.9914,2026-09-22 19:53:06,b8195adc08e1
ab75e5f1-f0c6-5ef0-9915-8533259bddf7,32812b93-b48d-5497-a396-68d35f85637f,28562ca3b681,183.3.77,183,2,3,77,"[172.0, 72.0, 952.0, 685.0]",List-Group,"Verdier, *bandagiste*, place de Grève, 3.  ",ENTRY,"<SUBJ>Verdier</SUBJ>, *<DESC>bandagiste</DESC>*, <ADDR>place de Grève, 3.</ADDR>",1,1,1,1.0000,,,B-ENTRY,model,0.9933,2026-09-22 19:53:06,35a4ddea2dcf
a3e8921f-1936-563a-91f5-2e7814a0eb6c,32812b93-b48d-5497-a396-68d35f85637f,41d6d34252a0,183.3.78,183,2,3,78,"[172.0, 72.0, 952.0, 685.0]",List-Group,"Verdiguier, rue de Malte, 7.  ",ENTRY,"<SUBJ>Verdiguier</SUBJ>, <ADDR>rue de Malte, 7.</ADDR>",1,0,1,1.0000,,,B-ENTRY,model,0.9871,2026-09-22 19:53:06,069b4306ae87
b2807a64-e02d-5421-8c39-6f7f91ebf567,32812b93-b48d-5497-a396-68d35f85637f,996e39514b67,183.3.79,183,2,3,79,"[172.0, 72.0, 952.0, 685.0]",List-Group,"Vergez, rue des Filles-S.-Thomas, 23.  ",ENTRY,"<SUBJ>Vergez</SUBJ>, <ADDR>rue des Filles-S.-Thomas, 23.</ADDR>",1,0,1,1.0000,,,B-ENTRY,model,0.9923,2026-09-22 19:53:06,280f50cc3932
ad27bde2-30e1-58ec-afa4-bdef6374dea1,32812b93-b48d-5497-a396-68d35f85637f,40311af23dec,183.3.80,183,2,3,80,"[172.0, 72.0, 952.0, 685.0]",List-Group,"Vert, rue des Bourdonnais, 13.  ",ENTRY,"<SUBJ>Vert</SUBJ>, <ADDR>rue des Bourdonnais, 13.</ADDR>",1,0,1,1.0000,,,B-ENTRY,model,0.9868,2026-09-22 19:53:06,849c7cc236ac
436926a7-76fe-5508-9f0a-404a58c8af09,32812b93-b48d-5497-a396-68d35f85637f,0e1443385c25,183.3.81,183,2,3,81,"[172.0, 72.0, 952.0, 685.0]",List-Group,"Vial, enclos de l'Arsenal, cour des Fonderies.  ",ENTRY,"<SUBJ>Vial</SUBJ>, <ADDR>enclos de l'Arsenal, cour des Fonderies.</ADDR>",1,0,1,1.0000,,,B-ENTRY,model,0.9841,2026-09-22 19:53:06,b02c6798a045
2bdd6d7e-b078-5aa7-8c7b-43cf370b4b1c,32812b93-b48d-5497-a396-68d35f85637f,da2c81b87863,183.3.82,183,2,3,82,"[172.0, 72.0, 952.0, 685.0]",List-Group,"Viguer, rue du Faub.-Poissonnière, 91.  ",ENTRY,"<SUBJ>Viguer</SUBJ>, <ADDR>rue du Faub.-Poissonnière, 91.</ADDR>",1,0,1,1.0000,,,B-ENTRY,model,0.9871,2026-09-22 19:53:06,266eecb66aa9
f33424a3-ead1-5831-ab6b-e86c5972eed9,32812b93-b48d-5497-a396-68d35f85637f,39ac8f7ee7f2,183.3.83,183,2,3,83,"[172.0, 72.0, 952.0, 685.0]",List-Group,"Viguier, rue du Gros-Chenet, 2.  ",ENTRY,"<SUBJ>Viguier</SUBJ>, <ADDR>rue du Gros-Chenet, 2.</ADDR>",1,0,1,1.0000,,,B-ENTRY,model,0.9941,2026-09-22 19:53:06,d36dca5eda0f
54cf6b40-c3a1-5820-a553-7f64b4024f89,32812b93-b48d-5497-a396-68d35f85637f,8216b416e649,183.3.84,183,2,3,84,"[172.0, 72.0, 952.0, 685.0]",List-Group,"Villette, rue N.-des-Petits-Champs, 65.  ",ENTRY,"<SUBJ>Villette</SUBJ>, <ADDR>rue N.-des-Petits-Champs, 65.</ADDR>",1,0,1,1.0000,,,B-ENTRY,model,0.9917,2026-09-22 19:53:06,796676bfc252
79d1f2fc-3b07-5918-9528-d8a7d07fc39e,32812b93-b48d-5497-a396-68d35f85637f,fa319ab6710c,183.3.85,183,2,3,85,"[172.0, 72.0, 952.0, 685.0]",List-Group,"Wattier, rue du Champ-du-Repos, 8.  ",ENTRY,"<SUBJ>Wattier</SUBJ>, <ADDR>rue du Champ-du-Repos, 8.</ADDR>",1,0,1,1.0000,,,B-ENTRY,model,0.9923,2026-09-22 19:53:06,e8b459f2b906
f7e039d9-118e-50b7-bc73-0cb04cc0dd12,32812b93-b48d-5497-a396-68d35f85637f,7a35b11e6cd5,183.3.86,183,2,3,86,"[172.0, 72.0, 952.0, 685.0]",List-Group,"Ybeliste, rue Neuve-d'Orléans, 6.  ",ENTRY,"<SUBJ>Ybeliste</SUBJ>, <ADDR>rue Neuve-d'Orléans, 6.</ADDR>",1,0,1,1.0000,,,B-ENTRY,model,0.9854,2026-09-22 19:53:06,95f3fd1e9ff8
f05ab006-2c9a-5c09-993e-9b5b5c562c63,32812b93-b48d-5497-a396-68d35f85637f,55172e78922b,183.3.87,183,2,3,87,"[172.0, 72.0, 952.0, 685.0]",List-Group,"Yvan, premier *chir. ordinaire de l'Empereur*, hôtel des Invalides.",ENTRY,"<SUBJ>Yvan</SUBJ>, <DESC>premier *chir. ordinaire de l'Empereur</DESC>*, <ADDR>hôtel des Invalides.</ADDR>",1,1,1,1.0000,,,B-ENTRY,human,1.0,2026-09-22 19:51:24,a0661de0c544
66e2d4cf-6f44-5f28-ae4a-8c1ffc7d660c,00000000-0000-0000-0000-000000000000,4f73c89a1659,183.4.0,183,3,4,0,"[348.0, 700.0, 777.0, 721.0]",Section-Header,## OFFICIERS DE SANTÉ.,TITLE,,,,,,,,B-TITLE,human,1.0,2026-09-22 19:51:24,86e3ad97ecee
1e5c3cdf-d116-5f46-ac8b-f90acbe61d26,66e2d4cf-6f44-5f28-ae4a-8c1ffc7d660c,0f6a2867f4ca,183.5.0,183,4,5,0,"[172.0, 724.0, 954.0, 924.0]",List-Group,"Absil, *bandagiste*, rue Mandar, 2.  ",ENTRY,"<SUBJ>Absil</SUBJ>, *<DESC>bandagiste</DESC>*, <ADDR>rue Mandar, 2.</ADDR>",1,1,1,1.0000,,,B-ENTRY,model,0.9938,2026-09-22 19:53:06,ccf822aa1683
3659ddbf-ba4f-5b83-b97b-d91f444b4a5b,66e2d4cf-6f44-5f28-ae4a-8c1ffc7d660c,29897badaa24,183.5.1,183,4,5,1,"[172.0, 724.0, 954.0, 924.0]",List-Group,"Absorty, rue S.-Germain-l'Auxerrois, 91.  ",ENTRY,"<SUBJ>Absorty</SUBJ>, <ADDR>rue S.-Germain-l'Auxerrois, 91.</ADDR>",1,0,1,1.0000,,,B-ENTRY,model,0.9917,2026-09-22 19:53:06,4b4edcee8fd2
14c5594a-c8a1-5d6e-8244-a2f8693b5eae,66e2d4cf-6f44-5f28-ae4a-8c1ffc7d660c,83558c193fa9,183.5.2,183,4,5,2,"[172.0, 724.0, 954.0, 924.0]",List-Group,"Archidet, rue Neuve-S.-Eustache, 11.  ",ENTRY,"<SUBJ>Archidet</SUBJ>, <ADDR>rue Neuve-S.-Eustache, 11.</ADDR>",1,0,1,1.0000,,,B-ENTRY,model,0.9915,2026-09-22 19:53:06,45378fbfe6d2
d1616275-cfb6-508c-91c9-a0b38f20ff68,66e2d4cf-6f44-5f28-ae4a-8c1ffc7d660c,b26d135c3718,183.5.3,183,4,5,3,"[172.0, 724.0, 954.0, 924.0]",List-Group,"Armengaud, rue Mesnilmontant, 72.  ",ENTRY,"<SUBJ>Armengaud</SUBJ>, <ADDR>rue Mesnilmontant, 72.</ADDR>",1,0,1,1.0000,,,B-ENTRY,model,0.9854,2026-09-22 19:53:06,a981d4133b23
f28b4c20-e7fa-59eb-a7b7-b10ea68140d2,66e2d4cf-6f44-5f28-ae4a-8c1ffc7d660c,ed23a3858e0e,183.5.4,183,4,5,4,"[172.0, 724.0, 954.0, 924.0]",List-Group,"Arnaud, rue de la Tixérandierel, 9.  ",ENTRY,"<SUBJ>Arnaud</SUBJ>, <ADDR>rue de la Tixérandierel, 9.</ADDR>",1,0,1,1.0000,,,B-ENTRY,model,0.9924,2026-09-22 19:53:06,5d1036c1ad2a
2ff952e8-2e9d-50f7-a806-95cd5fede7e3,66e2d4cf-6f44-5f28-ae4a-8c1ffc7d660c,4396c86b1335,183.5.5,183,4,5,5,"[172.0, 724.0, 954.0, 924.0]",List-Group,"Asselinot, rue des Deux-Écús, 33.  ",ENTRY,"<SUBJ>Asselinot</SUBJ>, <ADDR>rue des Deux-Écús, 33.</ADDR>",1,0,1,1.0000,,,B-ENTRY,human,1.0,2026-09-22 19:52:35,0b67f4a160e5
afc24a32-ec5d-57e3-bf93-79ad17dbd858,66e2d4cf-6f44-5f28-ae4a-8c1ffc7d660c,d9caa5ec3e1e,183.5.6,183,4,5,6,"[172.0, 724.0, 954.0, 924.0]",List-Group,"Avoine Duhamel, rue...  ",ENTRY,"<SUBJ>Avoine Duhamel</SUBJ>, <ADDR>rue...</ADDR>",1,0,1,1.0000,,,B-ENTRY,human,1.0,2026-09-22 19:52:35,0ccc999221cc
8f1c8600-afee-5d92-b927-be8e16758830,66e2d4cf-6f44-5f28-ae4a-8c1ffc7d660c,21482ece2639~2,183.5.7,183,4,5,7,"[172.0, 724.0, 954.0, 924.0]",List-Group,"Audenet, rue des Noyers.  ",ENTRY,"<SUBJ>Audenet</SUBJ>, <ADDR>rue des Noyers.</ADDR>",1,0,1,1.0000,,,B-ENTRY,model,0.9813,2026-09-22 19:53:06,4e88dfea12f6
663853d7-2f12-5a1a-9ef8-dd81f9e6abdc,66e2d4cf-6f44-5f28-ae4a-8c1ffc7d660c,4b2e22792842,183.5.8,183,4,5,8,"[172.0, 724.0, 954.0, 924.0]",List-Group,"Audibran, *dentiste*, pal. du Tribunat, 101.  ",ENTRY,"<SUBJ>Audibran</SUBJ>, *<DESC>dentiste</DESC>*, <ADDR>pal. du Tribunat, 101.</ADDR>",1,1,1,1.0000,,,B-ENTRY,model,0.9933,2026-09-22 19:53:06,5c5febe18aa2
adbbb162-5d58-55ba-8fa0-2b0faccba847,66e2d4cf-6f44-5f28-ae4a-8c1ffc7d660c,a2d816dd2664,183.5.9,183,4,5,9,"[172.0, 724.0, 954.0, 924.0]",List-Group,"Baltazard, rue Git-le-Cœur, 9.  ",ENTRY,"<SUBJ>Baltazard</SUBJ>, <ADDR>rue Git-le-Cœur, 9.</ADDR>",1,0,1,1.0000,,,B-ENTRY,model,0.9855,2026-09-22 19:53:06,5d26a56fffc8
526586c3-0b4c-5f41-af1c-dadbc834dbe1,66e2d4cf-6f44-5f28-ae4a-8c1ffc7d660c,aa84f27c714d,183.5.10,183,4,5,10,"[172.0, 724.0, 954.0, 924.0]",List-Group,"Baraigne, quai de l'École, 10.  ",ENTRY,"<SUBJ>Baraigne</SUBJ>, <ADDR>quai de l'École, 10.</ADDR>",1,0,1,1.0000,,,B-ENTRY,model,0.9941,2026-09-22 19:53:06,5b0037261e5a
0d03e6d0-d67a-5508-8d6c-379da8d0ecfc,66e2d4cf-6f44-5f28-ae4a-8c1ffc7d660c,348c325fcdd6,183.5.11,183,4,5,11,"[172.0, 724.0, 954.0, 924.0]",List-Group,"Barbes, rue de Varennes, 37.  ",ENTRY,"<SUBJ>Barbes</SUBJ>, <ADDR>rue de Varennes, 37.</ADDR>",1,0,1,1.0000,,,B-ENTRY,model,0.9872,2026-09-22 19:53:06,b99e9a4003e3
69114714-fc13-5f93-a77f-442e54f8a5dd,66e2d4cf-6f44-5f28-ae4a-8c1ffc7d660c,21968af8cf87,183.5.12,183,4,5,12,"[172.0, 724.0, 954.0, 924.0]",List-Group,"Bardet, quai des Augustins, 55.  ",ENTRY,"<SUBJ>Bardet</SUBJ>, <ADDR>quai des Augustins, 55.</ADDR>",1,0,1,1.0000,,,B-ENTRY,model,0.9873,2026-09-22 19:53:06,c1682b2bc6e9
b4d8c53b-4b53-556c-858a-de63cde52fd4,66e2d4cf-6f44-5f28-ae4a-8c1ffc7d660c,bedf5734fa1d,183.5.13,183,4,5,13,"[172.0, 724.0, 954.0, 924.0]",List-Group,"Barry, rue Meslé, 56.  ",ENTRY,"<SUBJ>Barry</SUBJ>, <ADDR>rue Meslé, 56.</ADDR>",1,0,1,1.0000,,,B-ENTRY,model,0.9854,2026-09-22 19:53:06,f8148ae58be6
45b2fee5-48be-508a-94fb-5dbe53380cc4,66e2d4cf-6f44-5f28-ae4a-8c1ffc7d660c,fb537ea49e4d,183.5.14,183,4,5,14,"[172.0, 724.0, 954.0, 924.0]",List-Group,"Bastier, rue de Montreuil.  ",ENTRY,"<SUBJ>Bastier</SUBJ>, <ADDR>rue de Montreuil.</ADDR>",1,0,1,1.0000,,,B-ENTRY,model,0.9823,2026-09-22 19:53:06,7337bcbe96fc
a4090704-d9b7-5030-85ab-a545e3a26eba,66e2d4cf-6f44-5f28-ae4a-8c1ffc7d660c,b4aeab242d02,183.5.15,183,4,5,15,"[172.0, 724.0, 954.0, 924.0]",List-Group,"Baudry de Balzac, rue Mouffetard, 219.  ",ENTRY,"<SUBJ>Baudry de Balzac</SUBJ>, <ADDR>rue Mouffetard, 219.</ADDR>",1,0,1,1.0000,,,B-ENTRY,model,0.9923,2026-09-22 19:53:06,6a801f64c487
a5ba5831-65fe-5fcb-bb04-dc94967c6ea9,66e2d4cf-6f44-5f28-ae4a-8c1ffc7d660c,336e005e0a3d,183.5.16,183,4,5,16,"[172.0, 724.0, 954.0, 924.0]",List-Group,"Beaufils, rue Saint-Martin, passage de la Réunion, 5.  ",ENTRY,"<SUBJ>Beaufils</SUBJ>, <ADDR>rue Saint-Martin, passage de la Réunion, 5.</ADDR>",1,0,1,1.0000,,,B-ENTRY,model,0.9914,2026-09-22 19:53:06,80b14bc4ca81
d2a91a81-99f6-54d3-9d64-e3f7b2355bd8,66e2d4cf-6f44-5f28-ae4a-8c1ffc7d660c,a23029aa469a,183.5.17,183,4,5,17,"[172.0, 724.0, 954.0, 924.0]",List-Group,"Begon, rue du Petit-Heurleur, 7.  ",ENTRY,"<SUBJ>Begon</SUBJ>, <ADDR>rue du Petit-Heurleur, 7.</ADDR>",1,0,1,1.0000,,,B-ENTRY,model,0.9941,2026-09-22 19:53:06,9a1b4b9dc67d
b7690c8c-d7ed-5d60-9f67-f3e416b32e43,66e2d4cf-6f44-5f28-ae4a-8c1ffc7d660c,7b8efcde5b45,183.5.18,183,4,5,18,"[172.0, 724.0, 954.0, 924.0]",List-Group,"Bellier, rue du Temple, 83.  ",ENTRY,"<SUBJ>Bellier</SUBJ>, <ADDR>rue du Temple, 83.</ADDR>",1,0,1,1.0000,,,B-ENTRY,model,0.9872,2026-09-22 19:53:06,8528d0225281
0fc4302f-a87f-52c9-a82c-a801d68b049f,66e2d4cf-6f44-5f28-ae4a-8c1ffc7d660c,d5a65636c4f6,183.5.19,183,4,5,19,"[172.0, 724.0, 954.0, 924.0]",List-Group,"Bernard, rue Batave, 13.  ",ENTRY,"<SUBJ>Bernard</SUBJ>, <ADDR>rue Batave, 13.</ADDR>",1,0,1,1.0000,,,B-ENTRY,model,0.9856,2026-09-22 19:53:06,2b79959b6932
86ce3b10-198a-590b-ba5f-d1f4857295ff,66e2d4cf-6f44-5f28-ae4a-8c1ffc7d660c,83396f51397b,183.5.20,183,4,5,20,"[172.0, 724.0, 954.0, 924.0]",List-Group,"Bézian, rue Baillette, 7.  ",ENTRY,"<SUBJ>Bézian</SUBJ>, <ADDR>rue Baillette, 7.</ADDR>",1,0,1,1.0000,,,B-ENTRY,model,0.9855,2026-09-22 19:53:06,83b4943b047c
c1838cb2-0a7e-5dc6-99ea-0580f7ac20b7,66e2d4cf-6f44-5f28-ae4a-8c1ffc7d660c,f58a142b306d,183.5.21,183,4,5,21,"[172.0, 724.0, 954.0, 924.0]",List-Group,"Biel, rue Saint-Magloire, 2.  ",ENTRY,"<SUBJ>Biel</SUBJ>, <ADDR>rue Saint-Magloire, 2.</ADDR>",1,0,1,1.0000,,,B-ENTRY,model,0.9913,2026-09-22 19:53:06,e0c0fb112467
3d5a2861-38d7-5348-a307-e8322e3fef77,66e2d4cf-6f44-5f28-ae4a-8c1ffc7d660c,6ac9ac91c594,183.5.22,183,4,5,22,"[172.0, 724.0, 954.0, 924.0]",List-Group,"Blin, cour du Commerce. — Th.-Fr.  ",ENTRY,"<SUBJ>Blin</SUBJ>, <ADDR>cour du Commerce. — Th.-Fr</ADDR>.",1,0,1,1.0000,,,B-ENTRY,model,0.9658,2026-09-22 19:53:06,7118d4993d4c
bf54e7ce-d51f-57d3-a425-2d8b33bb18e9,66e2d4cf-6f44-5f28-ae4a-8c1ffc7d660c,fd6a61d811e9,183.5.23,183,4,5,23,"[172.0, 724.0, 954.0, 924.0]",List-Group,"Boissière, cloître Notre-Dame, 14.  ",ENTRY,"<SUBJ>Boissière</SUBJ>, <ADDR>cloître Notre-Dame, 14.</ADDR>",1,0,1,1.0000,,,B-ENTRY,model,0.9914,2026-09-22 19:53:06,8b1126c708e5
d06785a8-8c26-5198-860c-edefe0f7e3ff,66e2d4cf-6f44-5f28-ae4a-8c1ffc7d660c,dcfb7d3e4fbc,183.5.24,183,4,5,24,"[172.0, 724.0, 954.0, 924.0]",List-Group,"Boné, marché des Jacobins-S.-Honoré, 19.  ",ENTRY,"<SUBJ>Boné</SUBJ>, <ADDR>marché des Jacobins-S.-Honoré, 19.</ADDR>",1,0,1,0.9998,,,B-ENTRY,model,0.9923,2026-09-22 19:53:06,4f00cd578dbc
368c0182-c427-5c64-90d1-d22da0ed4330,66e2d4cf-6f44-5f28-ae4a-8c1ffc7d660c,e6d4fa826bb0,183.5.25,183,4,5,25,"[172.0, 724.0, 954.0, 924.0]",List-Group,"Boverie, rue de la Bacherie, 9.  ",ENTRY,"<SUBJ>Boverie</SUBJ>, <ADDR>rue de la Bacherie, 9.</ADDR>",1,0,1,1.0000,,,B-ENTRY,model,0.9924,2026-09-22 19:53:06,bf676a533314
cf779c36-7ddb-5004-ac4d-e73d4346d335,66e2d4cf-6f44-5f28-ae4a-8c1ffc7d660c,7759c0ef154d,183.5.26,183,4,5,26,"[172.0, 724.0, 954.0, 924.0]",List-Group,"Brenwer, rue du Sentier, 15.  ",ENTRY,"<SUBJ>Brenwer</SUBJ>, <ADDR>rue du Sentier, 15.</ADDR>",1,0,1,1.0000,,,B-ENTRY,model,0.9872,2026-09-22 19:53:06,b5b711acf4ac
1a23f1a1-4fb5-5259-9f87-c9ea390488dc,66e2d4cf-6f44-5f28-ae4a-8c1ffc7d660c,443733d2bc87,183.5.27,183,4,5,27,"[172.0, 724.0, 954.0, 924.0]",List-Group,"Brioussé, rue Poissonnière, 71.  ",ENTRY,"<SUBJ>Brioussé</SUBJ>, <ADDR>rue Poissonnière, 71.</ADDR>",1,0,1,1.0000,,,B-ENTRY,model,0.9855,2026-09-22 19:53:06,2f3c29fa7ed6
c7bee6aa-98b3-5417-b20b-073beccb0ee6,66e2d4cf-6f44-5f28-ae4a-8c1ffc7d660c,d8cd5cd495fd,183.5.28,183,4,5,28,"[172.0, 724.0, 954.0, 924.0]",List-Group,"Brousson, rue Saint-Marc, 27.",ENTRY,"<SUBJ>Brousson</SUBJ>, <ADDR>rue Saint-Marc, 27.</ADDR>",1,0,1,1.0000,,,B-ENTRY,model,0.9861,2026-09-22 19:53:06,ea6d4aa5de6e
57bdf2c5-7fc8-58f7-9ab1-94f06c204737,66e2d4cf-6f44-5f28-ae4a-8c1ffc7d660c,2fc0ed382de7~2,184.1.0,184,0,1,0,"[212.0, 30.0, 567.0, 54.0]",Page-Header,Officiers de santé. - PARIS.,OUT OF SCOPE,,,,,,,,OUT OF SCOPE,model,0.9977,2026-09-22 19:53:06,217bfe7781c4
be9a56a7-57e5-584a-b0c4-a6806fd9b990,66e2d4cf-6f44-5f28-ae4a-8c1ffc7d660c,8a279e5c5354,184.2.0,184,1,2,0,"[722.0, 30.0, 774.0, 52.0]",Page-Header,519,OUT OF SCOPE,,,,,,,,OUT OF SCOPE,model,0.9934,2026-09-22 19:53:06,217bfe7781c4
c3524f8b-7769-5980-8e15-2dacd9506a41,66e2d4cf-6f44-5f28-ae4a-8c1ffc7d660c,8fe0df9a288e,184.3.0,184,2,3,0,"[17.0, 58.0, 395.0, 904.0]",Text,"Brun, rue de l'Égalité, 1.  ",ENTRY,"<SUBJ>Brun</SUBJ>, <ADDR>rue de l'Égalité, 1.</ADDR>",1,0,1,1.0000,,,B-ENTRY,model,0.9842,2026-09-22 19:53:06,7b9fbfec4df6
8451a768-ae7b-5edc-aa11-6113378b5109,66e2d4cf-6f44-5f28-ae4a-8c1ffc7d660c,8c77a14d885f,184.3.1,184,2,3,1,"[17.0, 58.0, 395.0, 904.0]",Text,"Bussière, enclos de la Cité, 14.  ",ENTRY,"<SUBJ>Bussière</SUBJ>, <ADDR>enclos de la Cité, 14.</ADDR>",1,0,1,1.0000,,,B-ENTRY,model,0.9847,2026-09-22 19:53:06,18eaaef1b8c4
b5740ba4-290b-5f81-a25b-556d89610102,66e2d4cf-6f44-5f28-ae4a-8c1ffc7d660c,4a8351ddc782,184.3.2,184,2,3,2,"[17.0, 58.0, 395.0, 904.0]",Text,"Cabarron, rue du Faub.-Poissonnière, 15.  ",ENTRY,"<SUBJ>Cabarron</SUBJ>, <ADDR>rue du Faub.-Poissonnière, 15.</ADDR>",1,0,1,1.0000,,,B-ENTRY,model,0.9747,2026-09-22 19:53:06,05ad1012436e
41577e6e-dad6-56e0-9e52-580457de2042,66e2d4cf-6f44-5f28-ae4a-8c1ffc7d660c,2a6e0256542e,184.3.3,184,2,3,3,"[17.0, 58.0, 395.0, 904.0]",Text,"Caillon, rue des Bons-Enfants, 16.  ",ENTRY,"<SUBJ>Caillon</SUBJ>, <ADDR>rue des Bons-Enfants, 16.</ADDR>",1,0,1,1.0000,,,B-ENTRY,model,0.9882,2026-09-22 19:53:06,fd19d6322167
78a05a9e-150e-54cc-9072-eacc733c9cf9,66e2d4cf-6f44-5f28-ae4a-8c1ffc7d660c,75a6bf1a9675,184.3.4,184,2,3,4,"[17.0, 58.0, 395.0, 904.0]",Text,"Canot, rue de la Feronnerie, 11.  ",ENTRY,"<SUBJ>Canot</SUBJ>, <ADDR>rue de la Feronnerie, 11.</ADDR>",1,0,1,1.0000,,,B-ENTRY,model,0.9848,2026-09-22 19:53:06,13c2f3323419
a8cbf726-2fe4-57bb-be49-d01a6ab9dd19,66e2d4cf-6f44-5f28-ae4a-8c1ffc7d660c,70c8039c30aa,184.3.5,184,2,3,5,"[17.0, 58.0, 395.0, 904.0]",Text,"Cartier, rue de Thionville, 24.  ",ENTRY,"<SUBJ>Cartier</SUBJ>, <ADDR>rue de Thionville, 24.</ADDR>",1,0,1,1.0000,,,B-ENTRY,model,0.9745,2026-09-22 19:53:06,27b6a9fed0e5
b7b49632-f893-59f8-8931-59a59bf1da16,66e2d4cf-6f44-5f28-ae4a-8c1ffc7d660c,e43ab87b83be,184.3.6,184,2,3,6,"[17.0, 58.0, 395.0, 904.0]",Text,"Cartier, rue du Faub.-S.-Denis, 145.  ",ENTRY,"<SUBJ>Cartier</SUBJ>, <ADDR>rue du Faub.-S.-Denis, 145.</ADDR>",1,0,1,1.0000,,,B-ENTRY,model,0.9845,2026-09-22 19:53:06,e568a9dffa68
594a4a89-e6af-58cf-ad47-31a61554aeb3,66e2d4cf-6f44-5f28-ae4a-8c1ffc7d660c,0349629d253b,184.3.7,184,2,3,7,"[17.0, 58.0, 395.0, 904.0]",Text,"Castex, rue de la Montagne. — Panthéon.  ",ENTRY,"<SUBJ>Castex</SUBJ>, <ADDR>rue de la Montagne. — Panthéon.</ADDR>",1,0,1,1.0000,,,B-ENTRY,model,0.971,2026-09-22 19:53:06,f0271a052662
1592c1ad-a451-5b0d-8a18-906cbea1e811,66e2d4cf-6f44-5f28-ae4a-8c1ffc7d660c,2ac26d4380ba,184.3.8,184,2,3,8,"[17.0, 58.0, 395.0, 904.0]",Text,"Chamant, rue Meslé, 52.  ",ENTRY,"<SUBJ>Chamant</SUBJ>, <ADDR>rue Meslé, 52.</ADDR>",1,0,1,1.0000,,,B-ENTRY,model,0.9715,2026-09-22 19:53:06,02aa98024f26
9fd90bd5-02c5-55f8-b84d-66509a57c0fa,66e2d4cf-6f44-5f28-ae4a-8c1ffc7d660c,204abf3d3ba2,184.3.9,184,2,3,9,"[17.0, 58.0, 395.0, 904.0]",Text,"Chataiger, rue Rochehouart, 9.  ",ENTRY,"<SUBJ>Chataiger</SUBJ>, <ADDR>rue Rochehouart, 9.</ADDR>",1,0,1,1.0000,,,B-ENTRY,model,0.9715,2026-09-22 19:53:06,cbfa9e7c6eaa
4c247b8c-ca47-5c77-b2bc-8a10225a7d50,66e2d4cf-6f44-5f28-ae4a-8c1ffc7d660c,cd9eec5c28d7,184.3.10,184,2,3,10,"[17.0, 58.0, 395.0, 904.0]",Text,"Chirac, rue du Sépulcre, 21.  ",ENTRY,"<SUBJ>Chirac</SUBJ>, <ADDR>rue du Sépulcre, 21.</ADDR>",1,0,1,1.0000,,,B-ENTRY,model,0.9748,2026-09-22 19:53:06,9ca844fbda2a
1249881f-751b-5da3-953e-7d86ea202516,66e2d4cf-6f44-5f28-ae4a-8c1ffc7d660c,18ab267d53d4,184.3.11,184,2,3,11,"[17.0, 58.0, 395.0, 904.0]",Text,"Card de Beaulieux, rue Jean-Pain-Mollet, 15.  ",ENTRY,"<SUBJ>Card de Beaulieux</SUBJ>, <ADDR>rue Jean-Pain-Mollet, 15.</ADDR>",1,0,1,1.0000,,,B-ENTRY,model,0.9852,2026-09-22 19:53:06,9750cc606769
c4e82b4f-370e-5584-b4d1-21d4175b25cf,66e2d4cf-6f44-5f28-ae4a-8c1ffc7d660c,450a8bccc8df,184.3.12,184,2,3,12,"[17.0, 58.0, 395.0, 904.0]",Text,"Clapier, rue des Lions, 6.  ",ENTRY,"<SUBJ>Clapier</SUBJ>, <ADDR>rue des Lions, 6.</ADDR>",1,0,1,1.0000,,,B-ENTRY,model,0.9748,2026-09-22 19:53:06,cfd76b8d86d3
8ed20744-82a3-5ba1-8ad4-a7644d53437d,66e2d4cf-6f44-5f28-ae4a-8c1ffc7d660c,427d4640a842,184.3.13,184,2,3,13,"[17.0, 58.0, 395.0, 904.0]",Text,"Clément, rue Neuve-Saint-Méry, 45.  ",ENTRY,"<SUBJ>Clément</SUBJ>, <ADDR>rue Neuve-Saint-Méry, 45.</ADDR>",1,0,1,1.0000,,,B-ENTRY,model,0.9714,2026-09-22 19:53:06,a1258b6a53d4
7cd7e680-1803-56ed-bd3a-606180155ac2,66e2d4cf-6f44-5f28-ae4a-8c1ffc7d660c,9d162e417553,184.3.14,184,2,3,14,"[17.0, 58.0, 395.0, 904.0]",Text,"Cocquerel, rue de la Magdeleine, 8.  ",ENTRY,"<SUBJ>Cocquerel</SUBJ>, <ADDR>rue de la Magdeleine, 8.</ADDR>",1,0,1,1.0000,,,B-ENTRY,model,0.9849,2026-09-22 19:53:06,3ab3161dab19
8642c696-af6c-59bf-8f7d-a5a695b33aae,66e2d4cf-6f44-5f28-ae4a-8c1ffc7d660c,c146375643b0,184.3.15,184,2,3,15,"[17.0, 58.0, 395.0, 904.0]",Text,"Cognier, rue du Four-S.-Germain, 68.  ",ENTRY,"<SUBJ>Cognier</SUBJ>, <ADDR>rue du Four-S.-Germain, 68.</ADDR>",1,0,1,1.0000,,,B-ENTRY,model,0.9843,2026-09-22 19:53:06,62bdffd3ada3
5df8335e-4f1c-510f-923b-39064b6d34e3,66e2d4cf-6f44-5f28-ae4a-8c1ffc7d660c,b4d3fb67837d,184.3.16,184,2,3,16,"[17.0, 58.0, 395.0, 904.0]",Text,"Concelin, place du Châtelet.  ",ENTRY,"<SUBJ>Concelin</SUBJ>, <ADDR>place du Châtelet.</ADDR>",1,0,1,1.0000,,,B-ENTRY,model,0.972,2026-09-22 19:53:06,32953cf07f31
08d1d44b-7080-5cf3-aa58-63ac67d1b121,66e2d4cf-6f44-5f28-ae4a-8c1ffc7d660c,e992b30dd5bc,184.3.17,184,2,3,17,"[17.0, 58.0, 395.0, 904.0]",Text,"Corafa, rue Gervais-Laurent, 1.  ",ENTRY,"<SUBJ>Corafa</SUBJ>, <ADDR>rue Gervais-Laurent, 1.</ADDR>",1,0,1,1.0000,,,B-ENTRY,model,0.9828,2026-09-22 19:53:06,956784604f3d
54a67144-0aaa-5083-a745-de93f0373c53,66e2d4cf-6f44-5f28-ae4a-8c1ffc7d660c,0fb6a738468c,184.3.18,184,2,3,18,"[17.0, 58.0, 395.0, 904.0]",Text,"Corona, rue du Faub.-Poissonnière, 24.  ",ENTRY,"<SUBJ>Corona</SUBJ>, <ADDR>rue du Faub.-Poissonnière, 24.</ADDR>",1,0,1,1.0000,,,B-ENTRY,model,0.9747,2026-09-22 19:53:06,4d9c4bde3836
a9f46364-5523-5a32-886a-900449e36eb9,66e2d4cf-6f44-5f28-ae4a-8c1ffc7d660c,0a638390e586,184.3.19,184,2,3,19,"[17.0, 58.0, 395.0, 904.0]",Text,"Couergou, rue des Deux-Écus, 5.  ",ENTRY,"<SUBJ>Couergou</SUBJ>, <ADDR>rue des Deux-Écus, 5.</ADDR>",1,0,1,1.0000,,,B-ENTRY,model,0.988,2026-09-22 19:53:06,7c8e3400f492
04615588-d3b2-588e-be0c-b305ccbf28aa,66e2d4cf-6f44-5f28-ae4a-8c1ffc7d660c,48b3b233ce5d,184.3.20,184,2,3,20,"[17.0, 58.0, 395.0, 904.0]",Text,"Couserans, rue Notre-Dame-des-Victoires, aux Messageries.  ",ENTRY,"<SUBJ>Couserans</SUBJ>, <ADDR>rue Notre-Dame-des-Victoires, aux Messageries.</ADDR>",1,0,1,1.0000,,,B-ENTRY,model,0.9801,2026-09-22 19:53:06,2eeef303f89f
9bc51a50-6a9d-5946-9fbb-9775397c6161,66e2d4cf-6f44-5f28-ae4a-8c1ffc7d660c,d2273e4b93ae,184.3.21,184,2,3,21,"[17.0, 58.0, 395.0, 904.0]",Text,"Cressia, à Passy.  ",ENTRY,"<SUBJ>Cressia</SUBJ>, <ADDR>à Passy.</ADDR>",1,0,1,1.0000,,,B-ENTRY,model,0.9774,2026-09-22 19:53:06,3646e0c10120
a35b50aa-39c8-5514-b12a-f3a98b7b00b9,66e2d4cf-6f44-5f28-ae4a-8c1ffc7d660c,82872573b9b6,184.3.22,184,2,3,22,"[17.0, 58.0, 395.0, 904.0]",Text,"Dailliez, rue du Pot-de-Fer, 4.  ",ENTRY,"<SUBJ>Dailliez</SUBJ>, <ADDR>rue du Pot-de-Fer, 4.</ADDR>",1,0,1,1.0000,,,B-ENTRY,model,0.9845,2026-09-22 19:53:06,6a0ecbfd3054
664c3a24-b8b1-5276-a017-0f98c91036d2,66e2d4cf-6f44-5f28-ae4a-8c1ffc7d660c,a765113fa059,184.3.23,184,2,3,23,"[17.0, 58.0, 395.0, 904.0]",Text,"Dalle, rue Saint-Avoye, 51.  ",ENTRY,"<SUBJ>Dalle</SUBJ>, <ADDR>rue Saint-Avoye, 51.</ADDR>",1,0,1,1.0000,,,B-ENTRY,model,0.9826,2026-09-22 19:53:06,31677129cd73
0459c9f5-97bc-58ea-b21b-8c1e28c41b26,66e2d4cf-6f44-5f28-ae4a-8c1ffc7d660c,76e289d221e2,184.3.24,184,2,3,24,"[17.0, 58.0, 395.0, 904.0]",Text,"Damart, rue Saint-Honoré, 250.  ",ENTRY,"<SUBJ>Damart</SUBJ>, <ADDR>rue Saint-Honoré, 250.</ADDR>",1,0,1,1.0000,,,B-ENTRY,model,0.9824,2026-09-22 19:53:06,d1facf9e8461
be329ee4-13ec-5143-9e05-bc45a5f040ff,66e2d4cf-6f44-5f28-ae4a-8c1ffc7d660c,6cb004b25ac2,184.3.25,184,2,3,25,"[17.0, 58.0, 395.0, 904.0]",Text,"Dantreville, rue le Boulanger, à la Villette.  ",ENTRY,"<SUBJ>Dantreville</SUBJ>, <ADDR>rue le Boulanger, à la Villette.</ADDR>",1,0,1,1.0000,,,B-ENTRY,model,0.9904,2026-09-22 19:53:06,1efea6fa9306
c5368875-974b-5ada-9781-cc483d9e7445,66e2d4cf-6f44-5f28-ae4a-8c1ffc7d660c,c2e106891549,184.3.26,184,2,3,26,"[17.0, 58.0, 395.0, 904.0]",Text,"Daste, rue Mouffetard, 107.  ",ENTRY,"<SUBJ>Daste</SUBJ>, <ADDR>rue Mouffetard, 107.</ADDR>",1,0,1,1.0000,,,B-ENTRY,model,0.9707,2026-09-22 19:53:06,807d94ae97d9
9715b104-b92f-50de-a3ca-bbdc9ac820a4,66e2d4cf-6f44-5f28-ae4a-8c1ffc7d660c,9445303402bd,184.3.27,184,2,3,27,"[17.0, 58.0, 395.0, 904.0]",Text,"Daurimont, rue du Faub.-S.-Honoré, 26.  ",ENTRY,"<SUBJ>Daurimont</SUBJ>, <ADDR>rue du Faub.-S.-Honoré, 26.</ADDR>",1,0,1,1.0000,,,B-ENTRY,model,0.985,2026-09-22 19:53:06,454e79593df9
0b87e188-9025-586c-9ae3-df5bf4671492,66e2d4cf-6f44-5f28-ae4a-8c1ffc7d660c,f7650ac4eef6,184.3.28,184,2,3,28,"[17.0, 58.0, 395.0, 904.0]",Text,"Dausse, rue Grange-Batehère, 26.  ",ENTRY,"<SUBJ>Dausse</SUBJ>, <ADDR>rue Grange-Batehère, 26.</ADDR>",1,0,1,1.0000,,,B-ENTRY,model,0.9826,2026-09-22 19:53:06,f9f4d9a4534c
bc6e039c-60fd-57c8-875a-6b70d6998cef,66e2d4cf-6f44-5f28-ae4a-8c1ffc7d660c,7008f7e6edfb,184.3.29,184,2,3,29,"[17.0, 58.0, 395.0, 904.0]",Text,"Davin, rue Saint-Honoré, 394.  ",ENTRY,"<SUBJ>Davin</SUBJ>, <ADDR>rue Saint-Honoré, 394.</ADDR>",1,0,1,1.0000,,,B-ENTRY,model,0.9828,2026-09-22 19:53:06,10f9bf9d4dfa
b821f00b-3952-560d-856e-54e82317bf00,66e2d4cf-6f44-5f28-ae4a-8c1ffc7d660c,6be3b2504fb2,184.3.30,184,2,3,30,"[17.0, 58.0, 395.0, 904.0]",Text,"Debalz, rue Neuve-Saint-Eustache, 6.  ",ENTRY,"<SUBJ>Debalz</SUBJ>, <ADDR>rue Neuve-Saint-Eustache, 6.</ADDR>",1,0,1,1.0000,,,B-ENTRY,human,1.0,2026-09-22 19:52:46,42c081b48627
362c4142-94d4-5e01-8cc9-cbc48c7b9206,66e2d4cf-6f44-5f28-ae4a-8c1ffc7d660c,0e819452e6f8,184.3.31,184,2,3,31,"[17.0, 58.0, 395.0, 904.0]",Text,"Delamotte, rue...  ",ENTRY,"<SUBJ>Delamotte</SUBJ>, <ADDR>rue...</ADDR>",1,0,1,1.0000,,,B-ENTRY,human,1.0,2026-09-22 19:52:46,e156155d77cd
2c540de0-9f1e-58cc-b766-1ad30ae56f25,66e2d4cf-6f44-5f28-ae4a-8c1ffc7d660c,9825045fec9a,184.3.32,184,2,3,32,"[17.0, 58.0, 395.0, 904.0]",Text,"Delavéronnière (Moyse et Soliyet), rue et enclos du Temple.  ",ENTRY,"<SUBJ>Delavéronnière (Moyse et Soliyet)</SUBJ>, <ADDR>rue et enclos du Temple.</ADDR>",1,0,1,1.0000,,,B-ENTRY,model,0.9982,2026-09-22 19:53:06,f8d3267fc673
c32f725f-8d41-5ac6-87b2-c5ab5fd45f2f,66e2d4cf-6f44-5f28-ae4a-8c1ffc7d660c,a6f1b7ba1331,184.3.33,184,2,3,33,"[17.0, 58.0, 395.0, 904.0]",Text,"Desmaret, place de l'Hôtel-de-Ville, 55.  ",ENTRY,"<SUBJ>Desmaret</SUBJ>, <ADDR>place de l'Hôtel-de-Ville, 55.</ADDR>",1,0,1,1.0000,,,B-ENTRY,model,0.9847,2026-09-22 19:53:06,58ce34a3e1b8
ca802b75-fa42-5939-a173-dde0facd3f60,66e2d4cf-6f44-5f28-ae4a-8c1ffc7d660c,f3e9a0e81498,184.3.34,184,2,3,34,"[17.0, 58.0, 395.0, 904.0]",Text,"Demerle, rue Barbette, 5.  ",ENTRY,"<SUBJ>Demerle</SUBJ>, <ADDR>rue Barbette, 5.</ADDR>",1,0,1,1.0000,,,B-ENTRY,model,0.9712,2026-09-22 19:53:06,472d35834500
220a9138-d889-5731-aea3-2987457a2516,66e2d4cf-6f44-5f28-ae4a-8c1ffc7d660c,fdb0592e7acb,184.3.35,184,2,3,35,"[17.0, 58.0, 395.0, 904.0]",Text,"Desplaces, quai des Ormes, 6.  ",ENTRY,"<SUBJ>Desplaces</SUBJ>, <ADDR>quai des Ormes, 6.</ADDR>",1,0,1,1.0000,,,B-ENTRY,model,0.9749,2026-09-22 19:53:06,7906452a4f18
726b26ce-1163-501f-843e-21583314179d,66e2d4cf-6f44-5f28-ae4a-8c1ffc7d660c,11860a0f4261,184.3.36,184,2,3,36,"[17.0, 58.0, 395.0, 904.0]",Text,"Details, rue Saint-Paul, 9.  ",ENTRY,"<SUBJ>Details</SUBJ>, <ADDR>rue Saint-Paul, 9.</ADDR>",1,0,1,1.0000,,,B-ENTRY,model,0.9828,2026-09-22 19:53:06,c38a71ad88d0
c0345bab-345c-5d64-8238-b65e10abe7b3,66e2d4cf-6f44-5f28-ae4a-8c1ffc7d660c,8ade83cac3ad,184.3.37,184,2,3,37,"[17.0, 58.0, 395.0, 904.0]",Text,"Dolivera, rue Saint-Martin, 149.  ",ENTRY,"<SUBJ>Dolivera</SUBJ>, <ADDR>rue Saint-Martin, 149.</ADDR>",1,0,1,1.0000,,,B-ENTRY,model,0.9827,2026-09-22 19:53:06,cab185991d3b
1c205c8e-af85-51dc-aca3-6e6a37e762dd,66e2d4cf-6f44-5f28-ae4a-8c1ffc7d660c,d61f1ad2ef87,184.3.38,184,2,3,38,"[17.0, 58.0, 395.0, 904.0]",Text,"Dournel, rue Saint-Martin, 257.  ",ENTRY,"<SUBJ>Dournel</SUBJ>, <ADDR>rue Saint-Martin, 257.</ADDR>",1,0,1,1.0000,,,B-ENTRY,model,0.9826,2026-09-22 19:53:06,badbd1c58fa7
f9d138b7-9c8e-5b20-ad1c-f85ee10766f0,66e2d4cf-6f44-5f28-ae4a-8c1ffc7d660c,553f1183ddf7,184.3.39,184,2,3,39,"[17.0, 58.0, 395.0, 904.0]",Text,"Ducasse, rue de l'Oursine, 94.  ",ENTRY,"<SUBJ>Ducasse</SUBJ>, <ADDR>rue de l'Oursine, 94.</ADDR>",1,0,1,1.0000,,,B-ENTRY,model,0.9882,2026-09-22 19:53:06,dd8a8e648f63
ea443fa7-cf7f-53a3-97c3-54960c361f3e,66e2d4cf-6f44-5f28-ae4a-8c1ffc7d660c,10dffa1d649c,184.3.40,184,2,3,40,"[17.0, 58.0, 395.0, 904.0]",Text,"Ducros, rue Neuve-S.-Eustache, 56.  ",ENTRY,"<SUBJ>Ducros</SUBJ>, <ADDR>rue Neuve-S.-Eustache, 56.</ADDR>",1,0,1,1.0000,,,B-ENTRY,model,0.9829,2026-09-22 19:53:06,85767dc24c60
5f9e562b-2b35-5332-9c23-c3d2e460d83a,66e2d4cf-6f44-5f28-ae4a-8c1ffc7d660c,09b59f1fba23,184.3.41,184,2,3,41,"[17.0, 58.0, 395.0, 904.0]",Text,"Dufay, rue Saint-Honoré, 92.  ",ENTRY,"<SUBJ>Dufay</SUBJ>, <ADDR>rue Saint-Honoré, 92.</ADDR>",1,0,1,1.0000,,,B-ENTRY,human,1.0,2026-09-22 19:52:11,15f0a3d2325b
1f7ad3b9-3ba8-5c08-ac96-a7e85f329483,66e2d4cf-6f44-5f28-ae4a-8c1ffc7d660c,099be99ce460,184.3.42,184,2,3,42,"[17.0, 58.0, 395.0, 904.0]",Text,"Dumas, rue Féron, 28.  ",ENTRY,"<SUBJ>Dumas</SUBJ>, <ADDR>rue Féron, 28.</ADDR>",1,0,1,1.0000,,,B-ENTRY,human,1.0,2026-09-22 19:52:11,e660692389b7
368c4458-6e7b-5295-b398-e833247f8e15,66e2d4cf-6f44-5f28-ae4a-8c1ffc7d660c,cfad37f79955,184.3.43,184,2,3,43,"[17.0, 58.0, 395.0, 904.0]",Text,"Dumont, rue du Bouloy.  ",ENTRY,"<SUBJ>Dumont</SUBJ>, <ADDR>rue du Bouloy.</ADDR>",1,0,1,1.0000,,,B-ENTRY,model,0.9726,2026-09-22 19:53:06,aab4e38bccfc
9f0b0a22-f742-5ab1-8d70-88d6bb09968b,66e2d4cf-6f44-5f28-ae4a-8c1ffc7d660c,a218e17dd801,184.3.44,184,2,3,44,"[17.0, 58.0, 395.0, 904.0]",Text,"Dupieux, rue Regratière, 17.  ",ENTRY,"<SUBJ>Dupieux</SUBJ>, <ADDR>rue Regratière, 17.</ADDR>",1,0,1,1.0000,,,B-ENTRY,model,0.9714,2026-09-22 19:53:06,e3d439af28d4
1b468587-df62-5d02-b4d1-c9674a70dc2b,66e2d4cf-6f44-5f28-ae4a-8c1ffc7d660c,78f300c5262c,184.3.45,184,2,3,45,"[17.0, 58.0, 395.0, 904.0]",Text,"Écourbiac, rue Mouffetard, 252.  ",ENTRY,"<SUBJ>Écourbiac</SUBJ>, <ADDR>rue Mouffetard, 252.</ADDR>",1,0,1,1.0000,,,B-ENTRY,model,0.9712,2026-09-22 19:53:06,c4304be60abf
736b1d9f-794f-51cf-8334-b2740915ea25,66e2d4cf-6f44-5f28-ae4a-8c1ffc7d660c,2954525082fe,184.3.46,184,2,3,46,"[17.0, 58.0, 395.0, 904.0]",Text,"Evesque, rue des Fossés-Montmartre, 14.  ",ENTRY,"<SUBJ>Evesque</SUBJ>, <ADDR>rue des Fossés-Montmartre, 14.</ADDR>",1,0,1,1.0000,,,B-ENTRY,model,0.9882,2026-09-22 19:53:06,9eb357826b40
1669c576-2f5e-5075-9f1d-9da335097ba4,66e2d4cf-6f44-5f28-ae4a-8c1ffc7d660c,d5f644ceeb22,184.3.47,184,2,3,47,"[17.0, 58.0, 395.0, 904.0]",Text,"Favareille Placial (Élie), quai des Célestins.  ",ENTRY,"<SUBJ>Favareille Placial (Élie)</SUBJ>, <ADDR>quai des Célestins.</ADDR>",1,0,1,1.0000,,,B-ENTRY,model,0.9919,2026-09-22 19:53:06,d3c9f9ce44e7
502f3cd8-a10d-57de-812b-d4cf580ed20d,66e2d4cf-6f44-5f28-ae4a-8c1ffc7d660c,78033ae011c3,184.3.48,184,2,3,48,"[17.0, 58.0, 395.0, 904.0]",Text,"Favro, rue des Fossés-S.-Germain, 6.  ",ENTRY,"<SUBJ>Favro</SUBJ>, <ADDR>rue des Fossés-S.-Germain, 6.</ADDR>",1,0,1,1.0000,,,B-ENTRY,model,0.9845,2026-09-22 19:53:06,c23a0821b436
33cf0112-01ff-53a5-8716-e1ba9a1a91e6,66e2d4cf-6f44-5f28-ae4a-8c1ffc7d660c,41e0c0362b49,184.3.49,184,2,3,49,"[17.0, 58.0, 395.0, 904.0]",Text,Ferrand (Arnauld).  ,ENTRY,<SUBJ>Ferrand (Arnauld)</SUBJ>.,1,0,0,1.0000,,,B-ENTRY,model,0.9983,2026-09-22 19:53:06,8170c4a5abd3
c2a0e319-63ca-5246-a12f-fb8fcaee298d,66e2d4cf-6f44-5f28-ae4a-8c1ffc7d660c,27acfd31ae07,184.3.50,184,2,3,50,"[17.0, 58.0, 395.0, 904.0]",Text,"Ferrand (Jean-Baptiste), rue Batave, 10.  ",ENTRY,"<SUBJ>Ferrand (Jean-Baptiste)</SUBJ>, <ADDR>rue Batave, 10.</ADDR>",1,0,1,1.0000,,,B-ENTRY,model,0.9994,2026-09-22 19:53:06,048eba56ec36
c083e442-8814-555b-9f67-7ef800e8fec8,66e2d4cf-6f44-5f28-ae4a-8c1ffc7d660c,4825cf70e03f,184.3.51,184,2,3,51,"[17.0, 58.0, 395.0, 904.0]",Text,"Fleury, cour S.-Guillaume, 15. — B. des M. Foutaine, rue Neuve-Égalité, 2.  ",ENTRY,"<SUBJ>Fleury</SUBJ>, <ADDR>cour S.-Guillaume, 15. — B. des M. Foutaine, rue Neuve-Égalité, 2.</ADDR>",1,0,1,1.0000,,,B-ENTRY,model,0.9833,2026-09-22 19:53:06,a4ccc7bf8dc0
738757d1-7de3-5149-be95-a766b507451d,66e2d4cf-6f44-5f28-ae4a-8c1ffc7d660c,660107ae21d8,184.3.52,184,2,3,52,"[17.0, 58.0, 395.0, 904.0]",Text,"Foutaine, rue Notre-Dame-des-Victoires, 16.  ",ENTRY,"<SUBJ>Foutaine</SUBJ>, <ADDR>rue Notre-Dame-des-Victoires, 16.</ADDR>",1,0,1,1.0000,,,B-ENTRY,model,0.9829,2026-09-22 19:53:06,13b31ba9ef1c
38936f76-78b8-5a9d-b0a2-63194115ef16,66e2d4cf-6f44-5f28-ae4a-8c1ffc7d660c,f1109b2e6638,184.3.53,184,2,3,53,"[17.0, 58.0, 395.0, 904.0]",Text,"Fosse, rue Saint-Dominique, 48. — Inv.  ",ENTRY,"<SUBJ>Fosse</SUBJ>, <ADDR>rue Saint-Dominique, 48. — Inv.</ADDR>",1,0,1,1.0000,,,B-ENTRY,model,0.9638,2026-09-22 19:53:06,9f19bfec6307
a028a1d6-a258-5f06-9925-109a605ff7ff,66e2d4cf-6f44-5f28-ae4a-8c1ffc7d660c,013d79e327f4,184.3.54,184,2,3,54,"[17.0, 58.0, 395.0, 904.0]",Text,"France, rue du Faub.-Poissonnière, 42.  ",ENTRY,"<SUBJ>France</SUBJ>, <ADDR>rue du Faub.-Poissonnière, 42.</ADDR>",1,0,1,1.0000,,,B-ENTRY,model,0.9748,2026-09-22 19:53:06,41bcd9ae4d14
25d4cd19-ca9c-5cfc-9bf7-0bbfb4650b86,66e2d4cf-6f44-5f28-ae4a-8c1ffc7d660c,edd4b4237544,184.3.55,184,2,3,55,"[17.0, 58.0, 395.0, 904.0]",Text,"Gaillard, rue de l'Anery, 28.  ",ENTRY,"<SUBJ>Gaillard</SUBJ>, <ADDR>rue de l'Anery, 28.</ADDR>",1,0,1,1.0000,,,B-ENTRY,model,0.9883,2026-09-22 19:53:06,2669da8b76d3
97899fab-5ac5-593e-9e17-2c36a9a9dbb3,66e2d4cf-6f44-5f28-ae4a-8c1ffc7d660c,8dc96a1efdd8,184.3.56,184,2,3,56,"[17.0, 58.0, 395.0, 904.0]",Text,"Camas, rue du Montmorency, 1.",ENTRY,"<SUBJ>Camas</SUBJ>, <ADDR>rue du Montmorency, 1.</ADDR>",1,0,1,1.0000,,,B-ENTRY,model,0.9742,2026-09-22 19:53:06,7072dbe8871f
54741556-c0d4-503a-a3dc-91f7d20b8dd6,66e2d4cf-6f44-5f28-ae4a-8c1ffc7d660c,66814420e326,184.4.0,184,3,4,0,"[395.0, 56.0, 787.0, 904.0]",Text,"Gauthier (Hyacinthe - Gabriel), rue des Prouvaires, 55.  ",ENTRY,"<SUBJ>Gauthier (Hyacinthe - Gabriel)</SUBJ>, <ADDR>rue des Prouvaires, 55.</ADDR>",1,0,1,1.0000,,,B-ENTRY,model,0.9994,2026-09-22 19:53:06,d6336943e464
36050b0d-44da-506a-9c8f-c8b26e1365ca,66e2d4cf-6f44-5f28-ae4a-8c1ffc7d660c,f4dbd676772b,184.4.1,184,3,4,1,"[395.0, 56.0, 787.0, 904.0]",Text,"Gigon, rue S.-Germain-l'Auxerrois, 87.  ",ENTRY,"<SUBJ>Gigon</SUBJ>, <ADDR>rue S.-Germain-l'Auxerrois, 87.</ADDR>",1,0,1,1.0000,,,B-ENTRY,model,0.983,2026-09-22 19:53:06,e097303545e4
a7e9cf31-90a5-5400-845c-22e21bcb2b28,66e2d4cf-6f44-5f28-ae4a-8c1ffc7d660c,d1888cfdaa0c,184.4.2,184,3,4,2,"[395.0, 56.0, 787.0, 904.0]",Text,"Giot, à Charonne, rue Ribelette.  ",ENTRY,"<SUBJ>Giot</SUBJ>, <ADDR>à Charonne, rue Ribelette.</ADDR>",1,0,1,1.0000,,,B-ENTRY,human,1.0,2026-09-22 19:52:20,edff6929d2e0
627bb1a1-194b-5f9a-b418-0f32085d4e4c,66e2d4cf-6f44-5f28-ae4a-8c1ffc7d660c,9a51161b1ff9,184.4.3,184,3,4,3,"[395.0, 56.0, 787.0, 904.0]",Text,"Girardot, rue du Harlay, 27. — P.-N.  ",ENTRY,"<SUBJ>Girardot</SUBJ>, <ADDR>rue du Harlay, 27. — P.-N.</ADDR>",1,0,1,1.0000,,,B-ENTRY,human,1.0,2026-09-22 19:52:20,502711f8ce19
2c5d52b1-0433-5983-adf4-8fbb6bed0a31,66e2d4cf-6f44-5f28-ae4a-8c1ffc7d660c,4d5b261308fd,184.4.4,184,3,4,4,"[395.0, 56.0, 787.0, 904.0]",Text,"Gontier (Ét.), rue de la Mortellerie, 156.  ",ENTRY,"<SUBJ>Gontier (Ét.)</SUBJ>, <ADDR>rue de la Mortellerie, 156.</ADDR>",1,0,1,1.0000,,,B-ENTRY,model,0.9994,2026-09-22 19:53:06,1f8d797d159b
60303baf-0381-5f17-954e-e5e0d5f8e00b,66e2d4cf-6f44-5f28-ae4a-8c1ffc7d660c,3ca95330974b,184.4.5,184,3,4,5,"[395.0, 56.0, 787.0, 904.0]",Text,"Gontier (Jean), rue....  ",ENTRY,"<SUBJ>Gontier (Jean)</SUBJ>, <ADDR>rue....</ADDR>",1,0,1,1.0000,,,B-ENTRY,model,0.9992,2026-09-22 19:53:06,29c3e70561cf
eb78847a-3cb4-51df-b4b9-c6b1858d5418,66e2d4cf-6f44-5f28-ae4a-8c1ffc7d660c,00c3a38c82f3,184.4.6,184,3,4,6,"[395.0, 56.0, 787.0, 904.0]",Text,"Goyon, rue de Cléry, 62.  ",ENTRY,"<SUBJ>Goyon</SUBJ>, <ADDR>rue de Cléry, 62.</ADDR>",1,0,1,1.0000,,,B-ENTRY,model,0.9746,2026-09-22 19:53:06,df58cc0e82b9
1d051b55-f6ec-5f0e-92a4-c5c7c3bf5f49,66e2d4cf-6f44-5f28-ae4a-8c1ffc7d660c,60ab79807300,184.4.7,184,3,4,7,"[395.0, 56.0, 787.0, 904.0]",Text,"Guillaume, rue Neuve-Notre-Dame, 2.  ",ENTRY,"<SUBJ>Guillaume</SUBJ>, <ADDR>rue Neuve-Notre-Dame, 2.</ADDR>",1,0,1,1.0000,,,B-ENTRY,model,0.9718,2026-09-22 19:53:06,6ff72274a7e4
8b0cb65c-f00c-5cb0-b55f-d304afa7b0b3,66e2d4cf-6f44-5f28-ae4a-8c1ffc7d660c,7657cefd3c44,184.4.8,184,3,4,8,"[395.0, 56.0, 787.0, 904.0]",Text,"Guillot Masson, rue Galande, 9.  ",ENTRY,"<SUBJ>Guillot Masson</SUBJ>, <ADDR>rue Galande, 9.</ADDR>",1,0,1,1.0000,,,B-ENTRY,model,0.9694,2026-09-22 19:53:06,1d1a2811f362
7a060dd6-eefb-5d0f-b982-4ec6c49629ea,66e2d4cf-6f44-5f28-ae4a-8c1ffc7d660c,3855097dd28e,184.4.9,184,3,4,9,"[395.0, 56.0, 787.0, 904.0]",Text,"Hernu, rue Neuve-Saint-Méry, 50.  ",ENTRY,"<SUBJ>Hernu</SUBJ>, <ADDR>rue Neuve-Saint-Méry, 50.</ADDR>",1,0,1,1.0000,,,B-ENTRY,model,0.9712,2026-09-22 19:53:06,5c0e7b03b73c
d3dce33e-0068-5207-b97e-ea9e27e004a6,66e2d4cf-6f44-5f28-ae4a-8c1ffc7d660c,d22affced936,184.4.10,184,3,4,10,"[395.0, 56.0, 787.0, 904.0]",Text,"Honoré (Bernard), rue Boucheraf, 20.  ",ENTRY,"<SUBJ>Honoré (Bernard)</SUBJ>, <ADDR>rue Boucheraf, 20.</ADDR>",1,0,1,1.0000,,,B-ENTRY,model,0.9995,2026-09-22 19:53:06,38fe6060e439
bbcd8ae7-7bd5-5091-a59c-276a85456489,66e2d4cf-6f44-5f28-ae4a-8c1ffc7d660c,df3b6cfbd239~2,184.4.11,184,3,4,11,"[395.0, 56.0, 787.0, 904.0]",Text,"Hubert, rue Vieille-du-Temple, 52.  ",ENTRY,"<SUBJ>Hubert</SUBJ>, <ADDR>rue Vieille-du-Temple, 52.</ADDR>",1,0,1,1.0000,,,B-ENTRY,model,0.9708,2026-09-22 19:53:06,bf6adcb9ef14
2240d02c-a3d7-5ecc-a0bb-68ba31bd6756,66e2d4cf-6f44-5f28-ae4a-8c1ffc7d660c,aaddd8612e0b,184.4.12,184,3,4,12,"[395.0, 56.0, 787.0, 904.0]",Text,"Jacinthe, rue Saint-Louis, 9. — P.-N.  ",ENTRY,"<SUBJ>Jacinthe</SUBJ>, <ADDR>rue Saint-Louis, 9. — P.-N.</ADDR>",1,0,1,1.0000,,,B-ENTRY,model,0.9751,2026-09-22 19:53:06,eb7fdf3e9041
865848ad-8671-56a1-931e-86e163e008cb,66e2d4cf-6f44-5f28-ae4a-8c1ffc7d660c,bc6a9ed328a7,184.4.13,184,3,4,13,"[395.0, 56.0, 787.0, 904.0]",Text,"Jacob, rue du Petit-Carreau, 50.  ",ENTRY,"<SUBJ>Jacob</SUBJ>, <ADDR>rue du Petit-Carreau, 50.</ADDR>",1,0,1,1.0000,,,B-ENTRY,model,0.9881,2026-09-22 19:53:06,831ef67b77b9
ae88b9bb-18c3-5f18-801a-5d91b22c863e,66e2d4cf-6f44-5f28-ae4a-8c1ffc7d660c,d16dadb38657,184.4.14,184,3,4,14,"[395.0, 56.0, 787.0, 904.0]",Text,"Janceau, rue de la Bûcherie, 14.  ",ENTRY,"<SUBJ>Janceau</SUBJ>, <ADDR>rue de la Bûcherie, 14.</ADDR>",1,0,1,1.0000,,,B-ENTRY,model,0.9848,2026-09-22 19:53:06,d921a37fc545
43524e48-4b4c-5b7f-afd1-5f9d63b5f2fc,66e2d4cf-6f44-5f28-ae4a-8c1ffc7d660c,dc0b4a4bb1d8,184.4.15,184,3,4,15,"[395.0, 56.0, 787.0, 904.0]",Text,"Jaume Préval, rue des Deux-Portes-Saint-Sauveur, 16.  ",ENTRY,"<SUBJ>Jaume Préval</SUBJ>, <ADDR>rue des Deux-Portes-Saint-Sauveur, 16.</ADDR>",1,0,1,1.0000,,,B-ENTRY,model,0.9814,2026-09-22 19:53:06,85a67b0f1b32
f370ccc2-dd51-529b-8d4f-8eed607788af,66e2d4cf-6f44-5f28-ae4a-8c1ffc7d660c,116683025637,184.4.16,184,3,4,16,"[395.0, 56.0, 787.0, 904.0]",Text,"Joliet, rue de la Roquette, 5.  ",ENTRY,"<SUBJ>Joliet</SUBJ>, <ADDR>rue de la Roquette, 5.</ADDR>",1,0,1,1.0000,,,B-ENTRY,model,0.9848,2026-09-22 19:53:06,450f341d6138
00af4ddf-ea18-5f91-a560-4bc4c63c4d01,66e2d4cf-6f44-5f28-ae4a-8c1ffc7d660c,787d3a9e52ca,184.4.17,184,3,4,17,"[395.0, 56.0, 787.0, 904.0]",Text,"Joussecaume, rue du Mont-Blanc, 22.  ",ENTRY,"<SUBJ>Joussecaume</SUBJ>, <ADDR>rue du Mont-Blanc, 22.</ADDR>",1,0,1,1.0000,,,B-ENTRY,model,0.9877,2026-09-22 19:53:06,41e0d1d10ddc
5670b5a7-0e59-59fd-a0e3-a391584b9442,66e2d4cf-6f44-5f28-ae4a-8c1ffc7d660c,4158a8636c9e,184.4.18,184,3,4,18,"[395.0, 56.0, 787.0, 904.0]",Text,"Julien, rue de Grenelle, 14. — H. au Blé.  ",ENTRY,"<SUBJ>Julien</SUBJ>, <ADDR>rue de Grenelle, 14. — H. au Blé.</ADDR>",1,0,1,1.0000,,,B-ENTRY,model,0.9644,2026-09-22 19:53:06,0bc72155ab41
d484e890-1113-5bdf-b7d0-7629cff70513,66e2d4cf-6f44-5f28-ae4a-8c1ffc7d660c,18b81cc3f480,184.4.19,184,3,4,19,"[395.0, 56.0, 787.0, 904.0]",Text,"Labadens, rue Ticquetonne, 9.  ",ENTRY,"<SUBJ>Labadens</SUBJ>, <ADDR>rue Ticquetonne, 9.</ADDR>",1,0,1,1.0000,,,B-ENTRY,model,0.9708,2026-09-22 19:53:06,86b8f559eea3
11fbe3a4-537d-578e-99e5-4db49eb22d71,66e2d4cf-6f44-5f28-ae4a-8c1ffc7d660c,9e47b94794a4,184.4.20,184,3,4,20,"[395.0, 56.0, 787.0, 904.0]",Text,"Laborde (J.), rue des Bernardins, 26.  ",ENTRY,"<SUBJ>Laborde (J.)</SUBJ>, <ADDR>rue des Bernardins, 26.</ADDR>",1,0,1,1.0000,,,B-ENTRY,model,0.9966,2026-09-22 19:53:06,ac5ab4184cc4
178c5f99-b726-54fb-a375-82c473f6b3f7,66e2d4cf-6f44-5f28-ae4a-8c1ffc7d660c,cf4e33249b8a,184.4.21,184,3,4,21,"[395.0, 56.0, 787.0, 904.0]",Text,"Laborde (L.), rue et île Saint-Louis, 74.  ",ENTRY,"<SUBJ>Laborde (L.)</SUBJ>, <ADDR>rue et île Saint-Louis, 74.</ADDR>",1,0,1,1.0000,,,B-ENTRY,model,0.9966,2026-09-22 19:53:06,a0ae16d22fa3
2ef14fdd-ec29-5d8a-b9de-86df9dbcf61d,66e2d4cf-6f44-5f28-ae4a-8c1ffc7d660c,faaa8940dbc0,184.4.22,184,3,4,22,"[395.0, 56.0, 787.0, 904.0]",Text,"Laccoua, rue Bordet, 47.  ",ENTRY,"<SUBJ>Laccoua</SUBJ>, <ADDR>rue Bordet, 47.</ADDR>",1,0,1,1.0000,,,B-ENTRY,model,0.9707,2026-09-22 19:53:06,b39455d59f92
48c4adf9-b286-59c2-83f4-1eba606e41c7,66e2d4cf-6f44-5f28-ae4a-8c1ffc7d660c,bcdaae878c6d~2,184.4.23,184,3,4,23,"[395.0, 56.0, 787.0, 904.0]",Text,"Lacroix, rue Coq-Héron, 16.  ",ENTRY,"<SUBJ>Lacroix</SUBJ>, <ADDR>rue Coq-Héron, 16.</ADDR>",1,0,1,1.0000,,,B-ENTRY,model,0.9827,2026-09-22 19:53:06,31ea4e03dc3c
fd21e9e3-7572-5fbc-a67d-6634fa452f81,66e2d4cf-6f44-5f28-ae4a-8c1ffc7d660c,7c225c2252ff,184.4.24,184,3,4,24,"[395.0, 56.0, 787.0, 904.0]",Text,"Lagrave, rue de l'Oursine, 79.  ",ENTRY,"<SUBJ>Lagrave</SUBJ>, <ADDR>rue de l'Oursine, 79.</ADDR>",1,0,1,1.0000,,,B-ENTRY,model,0.9881,2026-09-22 19:53:06,06ff13a2c92c
4b7f6a0a-0ea6-55e5-a7a9-53c6eb7a54de,66e2d4cf-6f44-5f28-ae4a-8c1ffc7d660c,f3fc83251a3e,184.4.25,184,3,4,25,"[395.0, 56.0, 787.0, 904.0]",Text,"Lagueule, rue du Monceau-S.-Gervais.  ",ENTRY,"<SUBJ>Lagueule</SUBJ>, <ADDR>rue du Monceau-S.-Gervais.</ADDR>",1,0,1,1.0000,,,B-ENTRY,model,0.9387,2026-09-22 19:53:06,0bac1ba5276c
d94c7841-f67e-566e-bbd4-e71fbb14995f,66e2d4cf-6f44-5f28-ae4a-8c1ffc7d660c,16bfa2d69195,184.4.26,184,3,4,26,"[395.0, 56.0, 787.0, 904.0]",Text,"Lairle dit Leguerle, rue Neuve-des-Peits-Champs, 81.  ",ENTRY,"<SUBJ>Lairle dit Leguerle</SUBJ>, <ADDR>rue Neuve-des-Peits-Champs, 81.</ADDR>",1,0,1,1.0000,,,B-ENTRY,model,0.9849,2026-09-22 19:53:06,cc5761370f7d
fc32f52c-92ea-5eec-854d-8f70e7c59719,66e2d4cf-6f44-5f28-ae4a-8c1ffc7d660c,292747f6023b,184.4.27,184,3,4,27,"[395.0, 56.0, 787.0, 904.0]",Text,"Lambert, cour des Fontaines, 5.  ",ENTRY,"<SUBJ>Lambert</SUBJ>, <ADDR>cour des Fontaines, 5.</ADDR>",1,0,1,1.0000,,,B-ENTRY,model,0.9742,2026-09-22 19:53:06,15287beee21a
879ee128-3864-5fda-b9d0-1dec91c5c6f2,66e2d4cf-6f44-5f28-ae4a-8c1ffc7d660c,3443589d166a,184.4.28,184,3,4,28,"[395.0, 56.0, 787.0, 904.0]",Text,"Lambert (Pierre), rue d'Anjou, au Marais, 10.  ",ENTRY,"<SUBJ>Lambert (Pierre)</SUBJ>, <ADDR>rue d'Anjou, au Marais, 10.</ADDR>",1,0,1,1.0000,,,B-ENTRY,model,0.9994,2026-09-22 19:53:06,b6bd7dd61a4d
f2e1c711-faae-59c2-b21c-1926deaa975e,66e2d4cf-6f44-5f28-ae4a-8c1ffc7d660c,078066328ae7,184.4.29,184,3,4,29,"[395.0, 56.0, 787.0, 904.0]",Text,"Laribeau, rue Saint-Jacques, 187.  ",ENTRY,"<SUBJ>Laribeau</SUBJ>, <ADDR>rue Saint-Jacques, 187.</ADDR>",1,0,1,1.0000,,,B-ENTRY,model,0.9824,2026-09-22 19:53:06,f2d369efdb79
5dc20257-61e6-544b-a3e1-2afa6ddfe264,66e2d4cf-6f44-5f28-ae4a-8c1ffc7d660c,88f152cedea4,184.4.30,184,3,4,30,"[395.0, 56.0, 787.0, 904.0]",Text,"Laroque, cloître Notre-Dame, 14.  ",ENTRY,"<SUBJ>Laroque</SUBJ>, <ADDR>cloître Notre-Dame, 14.</ADDR>",1,0,1,1.0000,,,B-ENTRY,model,0.9826,2026-09-22 19:53:06,2bd38735c1fd
6131f279-1c8a-53bc-902b-ec2461351794,66e2d4cf-6f44-5f28-ae4a-8c1ffc7d660c,95f1eabfde3e,184.4.31,184,3,4,31,"[395.0, 56.0, 787.0, 904.0]",Text,"Latappy, rue du Faub.-S.-Autoine, 157.  ",ENTRY,"<SUBJ>Latappy</SUBJ>, <ADDR>rue du Faub.-S.-Autoine, 157.</ADDR>",1,0,1,1.0000,,,B-ENTRY,model,0.9849,2026-09-22 19:53:06,72ec5d46c962
32f0cdbe-bf9c-55fa-9698-6c3bca9fdbbf,66e2d4cf-6f44-5f28-ae4a-8c1ffc7d660c,2b055f8f7133,184.4.32,184,3,4,32,"[395.0, 56.0, 787.0, 904.0]",Text,"Laudumier, rue de Richelieu, 7.  ",ENTRY,"<SUBJ>Laudumier</SUBJ>, <ADDR>rue de Richelieu, 7.</ADDR>",1,0,1,1.0000,,,B-ENTRY,model,0.9745,2026-09-22 19:53:06,9315e597ad15
aa087592-42c7-5d2f-83f0-1a459a2346e2,66e2d4cf-6f44-5f28-ae4a-8c1ffc7d660c,1ddaea334909,184.4.33,184,3,4,33,"[395.0, 56.0, 787.0, 904.0]",Text,"Laval, quai d'Anjou, 5.  ",ENTRY,"<SUBJ>Laval</SUBJ>, <ADDR>quai d'Anjou, 5.</ADDR>",1,0,1,1.0000,,,B-ENTRY,model,0.9851,2026-09-22 19:53:06,d0feb44a73c7
591fb07c-e583-5223-b32b-84d31b494fad,66e2d4cf-6f44-5f28-ae4a-8c1ffc7d660c,e46fc6d0a1bc,184.4.34,184,3,4,34,"[395.0, 56.0, 787.0, 904.0]",Text,"Leblanc, rue Férou, 24.  ",ENTRY,"<SUBJ>Leblanc</SUBJ>, <ADDR>rue Férou, 24.</ADDR>",1,0,1,1.0000,,,B-ENTRY,model,0.971,2026-09-22 19:53:06,d0ac42ef39cf
875914ca-6a2a-599c-b544-34afb6633016,66e2d4cf-6f44-5f28-ae4a-8c1ffc7d660c,9b984aa69ecf,184.4.35,184,3,4,35,"[395.0, 56.0, 787.0, 904.0]",Text,"Lebrun, rue Saint-Honoré, 67.  ",ENTRY,"<SUBJ>Lebrun</SUBJ>, <ADDR>rue Saint-Honoré, 67.</ADDR>",1,0,1,1.0000,,,B-ENTRY,model,0.9829,2026-09-22 19:53:06,92accf08b8d2
11da5df2-c51d-5f12-9f36-16498511b86b,66e2d4cf-6f44-5f28-ae4a-8c1ffc7d660c,4bd839dd7587,184.4.36,184,3,4,36,"[395.0, 56.0, 787.0, 904.0]",Text,"Leduc, rue de Limoges, 5.  ",ENTRY,"<SUBJ>Leduc</SUBJ>, <ADDR>rue de Limoges, 5.</ADDR>",1,0,1,1.0000,,,B-ENTRY,human,1.0,2026-09-22 19:50:12,ce609995c29a
c0461225-3507-5052-b243-8036f9d30c72,66e2d4cf-6f44-5f28-ae4a-8c1ffc7d660c,dfea17d51c9e,184.4.37,184,3,4,37,"[395.0, 56.0, 787.0, 904.0]",Text,"Lefevre (J. Jos.), rue Saint-Martin, 112.  ",ENTRY,"<SUBJ>Lefevre (J. Jos.)</SUBJ>, <ADDR>rue Saint-Martin, 112.</ADDR>",1,0,1,1.0000,,,B-ENTRY,human,1.0,2026-09-22 19:50:12,448083f28d53
df95ad33-4f5d-533a-a2c6-fffd19f7bc52,66e2d4cf-6f44-5f28-ae4a-8c1ffc7d660c,bce4ae9eeb24,184.4.38,184,3,4,38,"[395.0, 56.0, 787.0, 904.0]",Text,"Lefevre (Paul), rue S.-Maur, 7. — Ouesi.  ",ENTRY,"<SUBJ>Lefevre (Paul)</SUBJ>, <ADDR>rue S.-Maur, 7. — Ouesi.</ADDR>",1,0,1,1.0000,,,B-ENTRY,model,0.9981,2026-09-22 19:53:06,cc7d223c3f66
0ef53d41-26f3-57c7-a446-da80bcb3a098,66e2d4cf-6f44-5f28-ae4a-8c1ffc7d660c,672585f65a68,184.4.39,184,3,4,39,"[395.0, 56.0, 787.0, 904.0]",Text,"Legaulle, rue du Monceau-S.-Gervais, 15.  ",ENTRY,"<SUBJ>Legaulle</SUBJ>, <ADDR>rue du Monceau-S.-Gervais, 15.</ADDR>",1,0,1,1.0000,,,B-ENTRY,model,0.9847,2026-09-22 19:53:06,0b2e6a737ba9
e0187172-50ee-5082-b8d8-85030c235a94,66e2d4cf-6f44-5f28-ae4a-8c1ffc7d660c,f4d17d9e5061,184.4.40,184,3,4,40,"[395.0, 56.0, 787.0, 904.0]",Text,"Legras, rue de Marivaux, 11.  ",ENTRY,"<SUBJ>Legras</SUBJ>, <ADDR>rue de Marivaux, 11.</ADDR>",1,0,1,1.0000,,,B-ENTRY,model,0.9746,2026-09-22 19:53:06,1f965e1d6109
f6c9e6d9-99fa-55e4-a104-4c72a1338aab,66e2d4cf-6f44-5f28-ae4a-8c1ffc7d660c,7c5479d9c81d,184.4.41,184,3,4,41,"[395.0, 56.0, 787.0, 904.0]",Text,"Lemaitre, rue Saint-Magloire, 2.  ",ENTRY,"<SUBJ>Lemaitre</SUBJ>, <ADDR>rue Saint-Magloire, 2.</ADDR>",1,0,1,1.0000,,,B-ENTRY,model,0.983,2026-09-22 19:53:06,1e70e55ff9e6
ae23ea02-264b-5938-a1ca-c8bf90f85419,66e2d4cf-6f44-5f28-ae4a-8c1ffc7d660c,d049408e09ef,184.4.42,184,3,4,42,"[395.0, 56.0, 787.0, 904.0]",Text,"Lemercier, rue...  ",ENTRY,"<SUBJ>Lemercier</SUBJ>, <ADDR>rue...</ADDR>",1,0,1,1.0000,,,B-ENTRY,model,0.9626,2026-09-22 19:53:06,4ce3f063faad
ec3ffd72-ded1-5441-a754-5ce2c0277296,66e2d4cf-6f44-5f28-ae4a-8c1ffc7d660c,99ce1c33da6f,184.4.43,184,3,4,43,"[395.0, 56.0, 787.0, 904.0]",Text,"Le Moussu, rue de l'École-de-Médecine, 55.  ",ENTRY,"<SUBJ>Le Moussu</SUBJ>, <ADDR>rue de l'École-de-Médecine, 55.</ADDR>",1,0,1,1.0000,,,B-ENTRY,model,0.9819,2026-09-22 19:53:06,b01fea48ca55
5e7a9db1-b97c-5b4f-b8db-3679c6ae7cc6,66e2d4cf-6f44-5f28-ae4a-8c1ffc7d660c,54ea0a1e8728,184.4.44,184,3,4,44,"[395.0, 56.0, 787.0, 904.0]",Text,"Leproust, rue Montmartre, 80.  ",ENTRY,"<SUBJ>Leproust</SUBJ>, <ADDR>rue Montmartre, 80.</ADDR>",1,0,1,1.0000,,,B-ENTRY,model,0.9711,2026-09-22 19:53:06,9b218f1b0150
5580903e-d595-5973-92be-e33b55b1c16e,66e2d4cf-6f44-5f28-ae4a-8c1ffc7d660c,c51d2a14ec88,184.4.45,184,3,4,45,"[395.0, 56.0, 787.0, 904.0]",Text,"Lesfilles, rue Saint-Jacques, 5.  ",ENTRY,"<SUBJ>Lesfilles</SUBJ>, <ADDR>rue Saint-Jacques, 5.</ADDR>",1,0,1,1.0000,,,B-ENTRY,model,0.983,2026-09-22 19:53:06,9d9e9e237c56
abac2196-e523-5f79-914a-40744d2865d6,66e2d4cf-6f44-5f28-ae4a-8c1ffc7d660c,1ee288cddc5f,184.4.46,184,3,4,46,"[395.0, 56.0, 787.0, 904.0]",Text,"Mackers, rue Salle-au-Comte, 7.  ",ENTRY,"<SUBJ>Mackers</SUBJ>, <ADDR>rue Salle-au-Comte, 7.</ADDR>",1,0,1,1.0000,,,B-ENTRY,model,0.9715,2026-09-22 19:53:06,6d012f969825
a93a0e9b-16d4-56e0-b3bf-69b801a3753c,66e2d4cf-6f44-5f28-ae4a-8c1ffc7d660c,8b9b015dfbfd,184.4.47,184,3,4,47,"[395.0, 56.0, 787.0, 904.0]",Text,"Magendie, rue de Verneuil, 52.  ",ENTRY,"<SUBJ>Magendie</SUBJ>, <ADDR>rue de Verneuil, 52.</ADDR>",1,0,1,1.0000,,,B-ENTRY,model,0.9749,2026-09-22 19:53:06,75138413556f
b29aaf4c-c382-5e36-a1a7-c1e23831ef2d,66e2d4cf-6f44-5f28-ae4a-8c1ffc7d660c,6ddc5c2785b5,184.4.48,184,3,4,48,"[395.0, 56.0, 787.0, 904.0]",Text,"Maglier, rue J.-J.-Rousseau, 7.  ",ENTRY,"<SUBJ>Maglier</SUBJ>, <ADDR>rue J.-J.-Rousseau, 7.</ADDR>",1,0,1,1.0000,,,B-ENTRY,model,0.9838,2026-09-22 19:53:06,ec3e5163e297
e3b044f3-3d7e-5d7f-ad4e-4966d8e6a68c,66e2d4cf-6f44-5f28-ae4a-8c1ffc7d660c,5236783bcf09,184.4.49,184,3,4,49,"[395.0, 56.0, 787.0, 904.0]",Text,"Magné, rue Traversière, 2.  ",ENTRY,"<SUBJ>Magné</SUBJ>, <ADDR>rue Traversière, 2.</ADDR>",1,0,1,1.0000,,,B-ENTRY,model,0.9712,2026-09-22 19:53:06,674caf104f3f
cfa20817-93a7-5f4e-aff1-8827ad148c1b,66e2d4cf-6f44-5f28-ae4a-8c1ffc7d660c,7862b761b915,184.4.50,184,3,4,50,"[395.0, 56.0, 787.0, 904.0]",Text,"Malaese, rue du Mail, 19.  ",ENTRY,"<SUBJ>Malaese</SUBJ>, <ADDR>rue du Mail, 19.</ADDR>",1,0,1,1.0000,,,B-ENTRY,model,0.9746,2026-09-22 19:53:06,7f9b3257c411
a5e520ad-dbeb-51c9-8cfe-409ae15bf80b,66e2d4cf-6f44-5f28-ae4a-8c1ffc7d660c,341ce66669af,184.4.51,184,3,4,51,"[395.0, 56.0, 787.0, 904.0]",Text,"Martin (Cl. Mich.), rue de Savoie, 9.  ",ENTRY,"<SUBJ>Martin (Cl. Mich.)</SUBJ>, <ADDR>rue de Savoie, 9.</ADDR>",1,0,1,1.0000,,,B-ENTRY,model,0.9994,2026-09-22 19:53:06,0223f5c8f9b9
95c84e09-bab0-5e64-9c40-7c18fd91f9e3,66e2d4cf-6f44-5f28-ae4a-8c1ffc7d660c,5d92935f03d2,184.4.52,184,3,4,52,"[395.0, 56.0, 787.0, 904.0]",Text,"Marye (Ant. Jos.), rue des Noyers, 52.  ",ENTRY,"<SUBJ>Marye (Ant. Jos.)</SUBJ>, <ADDR>rue des Noyers, 52.</ADDR>",1,0,1,1.0000,,,B-ENTRY,model,0.9994,2026-09-22 19:53:06,8b42f310a105
5a5e839c-5bb9-5cf5-8868-5d61bbb95128,66e2d4cf-6f44-5f28-ae4a-8c1ffc7d660c,f7dbaccc3242,184.4.53,184,3,4,53,"[395.0, 56.0, 787.0, 904.0]",Text,"Masse, rue Saint-Martin, 59.  ",ENTRY,"<SUBJ>Masse</SUBJ>, <ADDR>rue Saint-Martin, 59.</ADDR>",1,0,1,1.0000,,,B-ENTRY,model,0.9824,2026-09-22 19:53:06,4fa296b5d04a
cecd83d3-2e70-5def-992e-939811ab6907,66e2d4cf-6f44-5f28-ae4a-8c1ffc7d660c,256c4ee02a47,184.4.54,184,3,4,54,"[395.0, 56.0, 787.0, 904.0]",Text,"Masson, rue Saint-Denis, 244.  ",ENTRY,"<SUBJ>Masson</SUBJ>, <ADDR>rue Saint-Denis, 244.</ADDR>",1,0,1,1.0000,,,B-ENTRY,model,0.9826,2026-09-22 19:53:06,b4a50925ec4f
5c480efe-b8f7-56ae-a28d-165ab140bab8,66e2d4cf-6f44-5f28-ae4a-8c1ffc7d660c,e8d6f1673054,184.4.55,184,3,4,55,"[395.0, 56.0, 787.0, 904.0]",Text,"Maury, rue Ste.-Croix-de-la-Bretonnerie, 58.  ",ENTRY,"<SUBJ>Maury</SUBJ>, <ADDR>rue Ste.-Croix-de-la-Bretonnerie, 58.</ADDR>",1,0,1,1.0000,,,B-ENTRY,model,0.983,2026-09-22 19:53:06,faf91878100d
8b40faae-7f7e-5a12-ae81-af437825fcd2,66e2d4cf-6f44-5f28-ae4a-8c1ffc7d660c,d9dcb6d96efb,184.4.56,184,3,4,56,"[395.0, 56.0, 787.0, 904.0]",Text,"Meillard, rue de Thionville, 40.  ",ENTRY,"<SUBJ>Meillard</SUBJ>, <ADDR>rue de Thionville, 40.</ADDR>",1,0,1,1.0000,,,B-ENTRY,human,1.0,2026-09-22 19:51:50,a69fb9cee197
1cdbcb09-1537-525c-be5e-0271dccd1240,66e2d4cf-6f44-5f28-ae4a-8c1ffc7d660c,"9a8d1f99a437,4a1ce29cccc4","184.4.57,185.3.0","184,185","3,2","4,3","57,0","[395.0, 56.0, 787.0, 904.0],[215.0, 70.0, 986.0, 475.0]","Text,List-Group","Mettenberg, officier de santé de la garde et de la maison du Sénat conservateur, rue Saint-Dominique-d'Enfer, 20.",ENTRY,"<SUBJ>Mettenberg</SUBJ>, <DESC>officier de santé de la garde et de la maison du Sénat conservateur</DESC>, <ADDR>rue Saint-Dominique-d'Enfer, 20.</ADDR>",1,1,1,1.0000,,,"B-ENTRY,I-ENTRY","human,human","1.0,1.0","2026-09-22 19:51:50,2026-09-22 19:49:59",70a638758c23
2ffc0109-211f-5224-9038-e0c63c2ad829,66e2d4cf-6f44-5f28-ae4a-8c1ffc7d660c,0b6a63765cf0,185.1.0,185,0,1,0,"[219.0, 47.0, 271.0, 66.0]",Page-Header,520,OUT OF SCOPE,,,,,,,,OUT OF SCOPE,model,0.9893,2026-09-22 19:53:06,217bfe7781c4
08d84958-abc1-5f0f-b5f8-bd27941ec85a,66e2d4cf-6f44-5f28-ae4a-8c1ffc7d660c,0d0c1611da7f,185.2.0,185,1,2,0,"[338.0, 43.0, 871.0, 66.0]",Page-Header,"Académ. de méd., Société galv. - PARIS.",OUT OF SCOPE,,,,,,,,OUT OF SCOPE,human,1.0,2026-09-22 19:49:59,217bfe7781c4
81cded0b-f1c5-5f26-9b28-d8a34a3ac5bf,66e2d4cf-6f44-5f28-ae4a-8c1ffc7d660c,4a8a6a70ffd6,185.3.1,185,2,3,1,"[215.0, 70.0, 986.0, 475.0]",List-Group,"Millet (J. F.), *hermétique*, quai Le Pelletier, 28.  ",ENTRY,"<SUBJ>Millet (J. F.)</SUBJ>, *<DESC>hermétique</DESC>*, <ADDR>quai Le Pelletier, 28.</ADDR>",1,1,1,1.0000,,,B-ENTRY,model,0.9995,2026-09-22 19:53:06,5dc74c66ee67
14d59e79-6a58-5887-b3e1-187fe3f08858,66e2d4cf-6f44-5f28-ae4a-8c1ffc7d660c,2dbc5fc401d9,185.3.2,185,2,3,2,"[215.0, 70.0, 986.0, 475.0]",List-Group,"Millet (Pierre), rue Saint-Victor, 156.  ",ENTRY,"<SUBJ>Millet (Pierre)</SUBJ>, <ADDR>rue Saint-Victor, 156.</ADDR>",1,0,1,1.0000,,,B-ENTRY,model,0.9997,2026-09-22 19:53:06,28c686fccd7a
1070c3a0-2e6b-5967-87e8-2d76f07754f9,66e2d4cf-6f44-5f28-ae4a-8c1ffc7d660c,844fe6859aa7,185.3.3,185,2,3,3,"[215.0, 70.0, 986.0, 475.0]",List-Group,"Moudet, rue des Déchargeurs, 9.  ",ENTRY,"<SUBJ>Moudet</SUBJ>, <ADDR>rue des Déchargeurs, 9.</ADDR>",1,0,1,1.0000,,,B-ENTRY,model,0.9871,2026-09-22 19:53:06,c016e75ff2be
86a12d51-39fc-5de1-9958-685a9f2bea4e,66e2d4cf-6f44-5f28-ae4a-8c1ffc7d660c,dcc06bb5508a,185.3.4,185,2,3,4,"[215.0, 70.0, 986.0, 475.0]",List-Group,"Monet, rue des Vieux-Augustins, 18.  ",ENTRY,"<SUBJ>Monet</SUBJ>, <ADDR>rue des Vieux-Augustins, 18.</ADDR>",1,0,1,1.0000,,,B-ENTRY,model,0.9941,2026-09-22 19:53:06,4c5ca6690fda
f41b3460-0d50-599c-9b7e-01b6d1b61ffd,66e2d4cf-6f44-5f28-ae4a-8c1ffc7d660c,3063b5946119,185.3.5,185,2,3,5,"[215.0, 70.0, 986.0, 475.0]",List-Group,"Montaudou, rue Saint-Denis, 395.  ",ENTRY,"<SUBJ>Montaudou</SUBJ>, <ADDR>rue Saint-Denis, 395.</ADDR>",1,0,1,1.0000,,,B-ENTRY,model,0.9913,2026-09-22 19:53:06,e8703fa6edd9
b7829064-9818-5522-b774-a42ee11d94c0,66e2d4cf-6f44-5f28-ae4a-8c1ffc7d660c,34adaf836b57,185.3.6,185,2,3,6,"[215.0, 70.0, 986.0, 475.0]",List-Group,"Morais, rue du Faub. Saint-Martin, 187.  ",ENTRY,"<SUBJ>Morais</SUBJ>, <ADDR>rue du Faub. Saint-Martin, 187.</ADDR>",1,0,1,1.0000,,,B-ENTRY,model,0.9923,2026-09-22 19:53:06,fbfb95f1d2c0
65b97a28-4144-5760-81d9-c715e80abffa,66e2d4cf-6f44-5f28-ae4a-8c1ffc7d660c,01437ee774c0,185.3.7,185,2,3,7,"[215.0, 70.0, 986.0, 475.0]",List-Group,"Moutardon, rue de la Juiverie, 1.  ",ENTRY,"<SUBJ>Moutardon</SUBJ>, <ADDR>rue de la Juiverie, 1.</ADDR>",1,0,1,1.0000,,,B-ENTRY,model,0.9924,2026-09-22 19:53:06,b9eff05cf2dd
a008fa50-790c-50f0-a9b7-41450124da26,66e2d4cf-6f44-5f28-ae4a-8c1ffc7d660c,ae6b55092a3d,185.3.8,185,2,3,8,"[215.0, 70.0, 986.0, 475.0]",List-Group,"Morel, rue Beauregard, 17.  ",ENTRY,"<SUBJ>Morel</SUBJ>, <ADDR>rue Beauregard, 17.</ADDR>",1,0,1,1.0000,,,B-ENTRY,model,0.9855,2026-09-22 19:53:06,c4848e549a06
f8db5a56-e448-5dc7-b716-04ff7ab1df62,66e2d4cf-6f44-5f28-ae4a-8c1ffc7d660c,621c3e9cc762,185.3.9,185,2,3,9,"[215.0, 70.0, 986.0, 475.0]",List-Group,"Morizot, rue de Bourgogne, 51.  ",ENTRY,"<SUBJ>Morizot</SUBJ>, <ADDR>rue de Bourgogne, 51.</ADDR>",1,0,1,1.0000,,,B-ENTRY,model,0.9873,2026-09-22 19:53:06,be8718c2c4a6
84890fc5-1857-534c-900e-1ff9b2efcd9b,66e2d4cf-6f44-5f28-ae4a-8c1ffc7d660c,fe09d9f34a10,185.3.10,185,2,3,10,"[215.0, 70.0, 986.0, 475.0]",List-Group,"Morgon, rue de la Grande-Truanderie, 55.  ",ENTRY,"<SUBJ>Morgon</SUBJ>, <ADDR>rue de la Grande-Truanderie, 55.</ADDR>",1,0,1,1.0000,,,B-ENTRY,model,0.9874,2026-09-22 19:53:06,881a39c440b0
ef59f613-2738-5261-8c9e-1f1af9887e0e,66e2d4cf-6f44-5f28-ae4a-8c1ffc7d660c,55afea3e2076,185.3.11,185,2,3,11,"[215.0, 70.0, 986.0, 475.0]",List-Group,"Morlière, rue Aumaire, 25.  ",ENTRY,"<SUBJ>Morlière</SUBJ>, <ADDR>rue Aumaire, 25.</ADDR>",1,0,1,1.0000,,,B-ENTRY,model,0.9855,2026-09-22 19:53:06,14da0ae302ab
c8441f1d-e4cf-539b-8af7-30011181c919,66e2d4cf-6f44-5f28-ae4a-8c1ffc7d660c,2fe6a606304e,185.3.12,185,2,3,12,"[215.0, 70.0, 986.0, 475.0]",List-Group,"Moulin, rue du Faub. du-Roule, 22.  ",ENTRY,"<SUBJ>Moulin</SUBJ>, <ADDR>rue du Faub. du-Roule, 22.</ADDR>",1,0,1,1.0000,,,B-ENTRY,model,0.9923,2026-09-22 19:53:06,6504a161e043
cba0679c-b3fc-5dd0-9d09-46a356ff9dfc,66e2d4cf-6f44-5f28-ae4a-8c1ffc7d660c,cb7e395ee477,185.3.13,185,2,3,13,"[215.0, 70.0, 986.0, 475.0]",List-Group,"Nunnia, rue de la Monnaie, 14.  ",ENTRY,"<SUBJ>Nunnia</SUBJ>, <ADDR>rue de la Monnaie, 14.</ADDR>",1,0,1,1.0000,,,B-ENTRY,model,0.9924,2026-09-22 19:53:06,70ec85c67d79
1ae38906-1e5d-5fa6-b978-80d933baf976,66e2d4cf-6f44-5f28-ae4a-8c1ffc7d660c,93acad334de4,185.3.14,185,2,3,14,"[215.0, 70.0, 986.0, 475.0]",List-Group,"Pajot Laforest, rue de l'Université, 75.  ",ENTRY,"<SUBJ>Pajot Laforest</SUBJ>, <ADDR>rue de l'Université, 75.</ADDR>",1,0,1,1.0000,,,B-ENTRY,model,0.9844,2026-09-22 19:53:06,61f0d6f1dd7e
2c46c6cb-bd07-561c-8e46-df2ebd3e6df8,66e2d4cf-6f44-5f28-ae4a-8c1ffc7d660c,91dac8c8cdd1,185.3.15,185,2,3,15,"[215.0, 70.0, 986.0, 475.0]",List-Group,"Pailhiès, rue du Temple, 65.  ",ENTRY,"<SUBJ>Pailhiès</SUBJ>, <ADDR>rue du Temple, 65.</ADDR>",1,0,1,1.0000,,,B-ENTRY,model,0.9873,2026-09-22 19:53:06,c53bdf758b96
c57371f3-7b5d-5fbb-83e1-b0f7d2cc3e27,66e2d4cf-6f44-5f28-ae4a-8c1ffc7d660c,30ade823d7c3,185.3.16,185,2,3,16,"[215.0, 70.0, 986.0, 475.0]",List-Group,"Perrier, rue Pastourelle, 9.  ",ENTRY,"<SUBJ>Perrier</SUBJ>, <ADDR>rue Pastourelle, 9.</ADDR>",1,0,1,1.0000,,,B-ENTRY,model,0.9856,2026-09-22 19:53:06,2ffab5eb87d0
5dc5e7ba-651a-5c76-bdb2-20420c595efe,66e2d4cf-6f44-5f28-ae4a-8c1ffc7d660c,adcc25b4a1ee,185.3.17,185,2,3,17,"[215.0, 70.0, 986.0, 475.0]",List-Group,"Piory, rue Coquillière, 35.  ",ENTRY,"<SUBJ>Piory</SUBJ>, <ADDR>rue Coquillière, 35.</ADDR>",1,0,1,1.0000,,,B-ENTRY,model,0.9855,2026-09-22 19:53:06,cdead9a33885
0c768e8a-b532-5a44-922f-fd84ad7f4cb5,66e2d4cf-6f44-5f28-ae4a-8c1ffc7d660c,06e809e889c3,185.3.18,185,2,3,18,"[215.0, 70.0, 986.0, 475.0]",List-Group,"Pissardy, rue du Faub. S.-Antoine, 89.  ",ENTRY,"<SUBJ>Pissardy</SUBJ>, <ADDR>rue du Faub. S.-Antoine, 89.</ADDR>",1,0,1,1.0000,,,B-ENTRY,model,0.9923,2026-09-22 19:53:06,a31c4fdc160a
b191f11f-866d-52a1-b336-b6c575c148f4,66e2d4cf-6f44-5f28-ae4a-8c1ffc7d660c,b97f216d9918,185.3.19,185,2,3,19,"[215.0, 70.0, 986.0, 475.0]",List-Group,"Potel, rue Neuve-S.-Eustache, 56.  ",ENTRY,"<SUBJ>Potel</SUBJ>, <ADDR>rue Neuve-S.-Eustache, 56.</ADDR>",1,0,1,1.0000,,,B-ENTRY,model,0.9915,2026-09-22 19:53:06,a78b9994ba91
17121262-fbc3-509f-90b1-804974a1fc35,66e2d4cf-6f44-5f28-ae4a-8c1ffc7d660c,7f26dec6641f,185.3.20,185,2,3,20,"[215.0, 70.0, 986.0, 475.0]",List-Group,"Pressal, rue Bourtibourg, 25.  ",ENTRY,"<SUBJ>Pressal</SUBJ>, <ADDR>rue Bourtibourg, 25.</ADDR>",1,0,1,1.0000,,,B-ENTRY,model,0.9854,2026-09-22 19:53:06,9fa15046c42f
ab486eb0-fbb4-57a8-858f-1987f8c62729,66e2d4cf-6f44-5f28-ae4a-8c1ffc7d660c,e247493439a6,185.3.21,185,2,3,21,"[215.0, 70.0, 986.0, 475.0]",List-Group,"Proteau, rue du Petit-Carreau, 32.  ",ENTRY,"<SUBJ>Proteau</SUBJ>, <ADDR>rue du Petit-Carreau, 32.</ADDR>",1,0,1,1.0000,,,B-ENTRY,model,0.9941,2026-09-22 19:53:06,c14b4d41cc00
20d1b4bb-b121-501c-a885-929b56814d85,66e2d4cf-6f44-5f28-ae4a-8c1ffc7d660c,6beada488428,185.3.22,185,2,3,22,"[215.0, 70.0, 986.0, 475.0]",List-Group,"Rapeau, rue des Fossés-Saint-Germain, 18.  ",ENTRY,"<SUBJ>Rapeau</SUBJ>, <ADDR>rue des Fossés-Saint-Germain, 18.</ADDR>",1,0,1,1.0000,,,B-ENTRY,model,0.9923,2026-09-22 19:53:06,6a8b7e851015
4d0db5c1-409a-5927-893e-baa576e04019,66e2d4cf-6f44-5f28-ae4a-8c1ffc7d660c,1421e5bbf479,185.3.23,185,2,3,23,"[215.0, 70.0, 986.0, 475.0]",List-Group,"Regent, *occultiste*, rue Saint-Denis, 247.  ",ENTRY,"<SUBJ>Regent</SUBJ>, *<DESC>occultiste</DESC>*, <ADDR>rue Saint-Denis, 247.</ADDR>",1,1,1,1.0000,,,B-ENTRY,model,0.9933,2026-09-22 19:53:06,8d2be70672e2
d4eb0f1b-e0f8-57fd-9f5f-4beccef0b571,66e2d4cf-6f44-5f28-ae4a-8c1ffc7d660c,ba1b1df7239d,185.3.24,185,2,3,24,"[215.0, 70.0, 986.0, 475.0]",List-Group,"Regnard, rue Taranne, 18.  ",ENTRY,"<SUBJ>Regnard</SUBJ>, <ADDR>rue Taranne, 18.</ADDR>",1,0,1,1.0000,,,B-ENTRY,model,0.9854,2026-09-22 19:53:06,adaefad28b01
e76c3f34-d5b4-5a6e-b8b0-b8ad8acb78b1,66e2d4cf-6f44-5f28-ae4a-8c1ffc7d660c,5cfa1490e114,185.3.25,185,2,3,25,"[215.0, 70.0, 986.0, 475.0]",List-Group,"Révérand, rue de la Tonnelierie, 49.",ENTRY,"<SUBJ>Révérand</SUBJ>, <ADDR>rue de la Tonnelierie, 49.</ADDR>",1,0,1,1.0000,,,B-ENTRY,model,0.9945,2026-09-22 19:53:06,f4966e2fa45c
07b53e0d-70fc-52d6-87c5-dcc3dad1e6ad,66e2d4cf-6f44-5f28-ae4a-8c1ffc7d660c,da39a3ee5e6b,185.3.26,185,2,3,26,"[215.0, 70.0, 986.0, 475.0]",List-Group,,OUT OF SCOPE,,,,,,,,,,,,217bfe7781c4
f588ad11-78ed-5b05-9e39-f5e7386f6a0e,66e2d4cf-6f44-5f28-ae4a-8c1ffc7d660c,"49fd8d0e56fa,f02f076385d7","185.3.27,185.3.28","185,185","2,2","3,3","27,28","[215.0, 70.0, 986.0, 475.0],[215.0, 70.0, 986.0, 475.0]","List-Group,List-Group","### *Fabricans d'instrument de gomme* *élastique pour la chirurgie, {*",TITLE,,,,,,,,"B-TITLE,I-TITLE","human,human","1.0,1.0","2026-09-22 19:50:06,2026-09-22 19:50:06",217bfe7781c4
1efad0b0-276b-5527-9ffc-523a66262a68,f588ad11-78ed-5b05-9e39-f5e7386f6a0e,0c1d0e882dcf,185.3.29,185,2,3,29,"[215.0, 70.0, 986.0, 475.0]",List-Group,"Rigal (J.), rue de Thionville, 20.  ",ENTRY,"<SUBJ>Rigal (J.)</SUBJ>, <ADDR>rue de Thionville, 20.</ADDR>",1,0,1,1.0000,,,B-ENTRY,human,1.0,2026-09-22 19:50:15,fd17a3789f1e
eb64b588-4600-5c8f-b93c-7ca946e56afe,f588ad11-78ed-5b05-9e39-f5e7386f6a0e,3ced5da0aaf2,185.3.30,185,2,3,30,"[215.0, 70.0, 986.0, 475.0]",List-Group,Rioland Morin.  ,ENTRY,<SUBJ>Rioland Morin.</SUBJ>,1,0,0,1.0000,,,B-ENTRY,human,1.0,2026-09-22 19:50:15,170880db1176
10e8845c-6432-5063-9780-6589f127bfef,f588ad11-78ed-5b05-9e39-f5e7386f6a0e,67873ea62623,185.3.31,185,2,3,31,"[215.0, 70.0, 986.0, 475.0]",List-Group,"Rimoneau, cloître Saint-Jacques, —B.—C.  ",ENTRY,"<SUBJ>Rimoneau</SUBJ>, <ADDR>cloître Saint-Jacques, —B.—C.</ADDR>",1,0,1,1.0000,,,B-ENTRY,model,0.9844,2026-09-22 19:53:06,114494b96cb6
f30913d4-52b1-5550-915e-efb81e439269,f588ad11-78ed-5b05-9e39-f5e7386f6a0e,c50828f75b40,185.3.32,185,2,3,32,"[215.0, 70.0, 986.0, 475.0]",List-Group,"Rodier, rue Saint-Martin, 50.  ",ENTRY,"<SUBJ>Rodier</SUBJ>, <ADDR>rue Saint-Martin, 50.</ADDR>",1,0,1,1.0000,,,B-ENTRY,model,0.9914,2026-09-22 19:53:06,bb5d49e4e961
c20cf0cb-ebdd-589f-ba29-81857340fa18,f588ad11-78ed-5b05-9e39-f5e7386f6a0e,cb9760a0ef34,185.3.33,185,2,3,33,"[215.0, 70.0, 986.0, 475.0]",List-Group,"Rossignol, rue des Vieilles-Tuilleries.  ",ENTRY,"<SUBJ>Rossignol</SUBJ>, <ADDR>rue des Vieilles-Tuilleries.</ADDR>",1,0,1,1.0000,,,B-ENTRY,model,0.9789,2026-09-22 19:53:06,380487dcf9af
f0c2df96-9f70-5950-afaa-cf2d2c5d1fb0,f588ad11-78ed-5b05-9e39-f5e7386f6a0e,aa7ba88fa107,185.3.34,185,2,3,34,"[215.0, 70.0, 986.0, 475.0]",List-Group,"Rouviere, rue Neuve-des-Pet.-Champs, 83.  ",ENTRY,"<SUBJ>Rouviere</SUBJ>, <ADDR>rue Neuve-des-Pet.-Champs, 83.</ADDR>",1,0,1,1.0000,,,B-ENTRY,model,0.9915,2026-09-22 19:53:06,d95789a92584
a33e16ec-0023-5786-9205-085b020bec1d,f588ad11-78ed-5b05-9e39-f5e7386f6a0e,e572b719f7f0,185.3.35,185,2,3,35,"[215.0, 70.0, 986.0, 475.0]",List-Group,"Ruette, rue des Champs-Elysées.  ",ENTRY,"<SUBJ>Ruette</SUBJ>, <ADDR>rue des Champs-Elysées.</ADDR>",1,0,1,1.0000,,,B-ENTRY,model,0.9789,2026-09-22 19:53:06,029f084e508a
955b3a33-fdd6-52ea-90c6-0409ef6a3f0b,f588ad11-78ed-5b05-9e39-f5e7386f6a0e,7bba03b53f82,185.3.36,185,2,3,36,"[215.0, 70.0, 986.0, 475.0]",List-Group,"Salade Lafond, rue de Richelieu, 46.  ",ENTRY,"<SUBJ>Salade Lafond</SUBJ>, <ADDR>rue de Richelieu, 46.</ADDR>",1,0,1,1.0000,,,B-ENTRY,model,0.9907,2026-09-22 19:53:06,6f38a8653089
9c138cad-68a3-5cbe-badc-ce1002382e53,f588ad11-78ed-5b05-9e39-f5e7386f6a0e,7ae30f5d3e10,185.3.37,185,2,3,37,"[215.0, 70.0, 986.0, 475.0]",List-Group,"Salvage, rue de Lille, 11.  ",ENTRY,"<SUBJ>Salvage</SUBJ>, <ADDR>rue de Lille, 11.</ADDR>",1,0,1,1.0000,,,B-ENTRY,model,0.9872,2026-09-22 19:53:06,44ea04d11702
77220ab2-7b1a-5599-9477-e464c9570ef3,f588ad11-78ed-5b05-9e39-f5e7386f6a0e,d8011d2668e8,185.3.38,185,2,3,38,"[215.0, 70.0, 986.0, 475.0]",List-Group,"Sarrade, rue du Faub. Poissonnière, 15.  ",ENTRY,"<SUBJ>Sarrade</SUBJ>, <ADDR>rue du Faub. Poissonnière, 15.</ADDR>",1,0,1,1.0000,,,B-ENTRY,model,0.9941,2026-09-22 19:53:06,e8453f0b5260
cfca1ac8-979c-5b99-8e45-de9232ff9c26,f588ad11-78ed-5b05-9e39-f5e7386f6a0e,1d5f3f760b24,185.3.39,185,2,3,39,"[215.0, 70.0, 986.0, 475.0]",List-Group,"Sarrazin, rue Saint-Honoré, 218.  ",ENTRY,"<SUBJ>Sarrazin</SUBJ>, <ADDR>rue Saint-Honoré, 218.</ADDR>",1,0,1,1.0000,,,B-ENTRY,model,0.9912,2026-09-22 19:53:06,e096f0baedde
7b99367c-96e3-5128-9457-2b0957fde8d8,f588ad11-78ed-5b05-9e39-f5e7386f6a0e,2bc1afaa712e,185.3.40,185,2,3,40,"[215.0, 70.0, 986.0, 475.0]",List-Group,"Sibilat, rue de la Lune.  ",ENTRY,"<SUBJ>Sibilat</SUBJ>, <ADDR>rue de la Lune.</ADDR>",1,0,1,1.0000,,,B-ENTRY,model,0.9863,2026-09-22 19:53:06,834597d4653d
e01f4015-1cbf-5cd0-9c81-37dcdf1b3520,f588ad11-78ed-5b05-9e39-f5e7386f6a0e,b6f02509ffb2,185.3.41,185,2,3,41,"[215.0, 70.0, 986.0, 475.0]",List-Group,"Solirène, rue des Pouilles, 9.  ",ENTRY,"<SUBJ>Solirène</SUBJ>, <ADDR>rue des Pouilles, 9.</ADDR>",1,0,1,1.0000,,,B-ENTRY,model,0.9867,2026-09-22 19:53:06,4af6158761f6
36c0bc36-0efd-51a6-96c8-53b56ed06c89,f588ad11-78ed-5b05-9e39-f5e7386f6a0e,b9ac5d73bdad,185.3.42,185,2,3,42,"[215.0, 70.0, 986.0, 475.0]",List-Group,"Sollier, rue de Seine, 12.—Unité.  ",ENTRY,"<SUBJ>Sollier</SUBJ>, <ADDR>rue de Seine, 12.—Unité.</ADDR>",1,0,1,1.0000,,,B-ENTRY,model,0.964,2026-09-22 19:53:06,38ad4a39b58b
633e4db7-4df3-5dad-b5cf-845fd9b4fff3,f588ad11-78ed-5b05-9e39-f5e7386f6a0e,da843852503a,185.3.43,185,2,3,43,"[215.0, 70.0, 986.0, 475.0]",List-Group,"Swediaur, rue Jacob, 11.  ",ENTRY,"<SUBJ>Swediaur</SUBJ>, <ADDR>rue Jacob, 11.</ADDR>",1,0,1,1.0000,,,B-ENTRY,model,0.9857,2026-09-22 19:53:06,a0b5b8ad15ab
c21844de-c7a9-5d52-98b1-42df6ef0d037,f588ad11-78ed-5b05-9e39-f5e7386f6a0e,f1be4500da1a,185.3.44,185,2,3,44,"[215.0, 70.0, 986.0, 475.0]",List-Group,"Tanazac, cloître Saint-Jean-de-Latranc.  ",ENTRY,"<SUBJ>Tanazac</SUBJ>, <ADDR>cloître Saint-Jean-de-Latranc.</ADDR>",1,0,1,1.0000,,,B-ENTRY,model,0.9819,2026-09-22 19:53:06,7db9d068a974
2f6485a7-a021-5ed2-afd1-62a27dec78d6,f588ad11-78ed-5b05-9e39-f5e7386f6a0e,5b462e440407,185.3.45,185,2,3,45,"[215.0, 70.0, 986.0, 475.0]",List-Group,"Tap, rue Michel-le-Pelletier, 27.  ",ENTRY,"<SUBJ>Tap</SUBJ>, <ADDR>rue Michel-le-Pelletier, 27.</ADDR>",1,0,1,1.0000,,,B-ENTRY,model,0.9857,2026-09-22 19:53:06,f33b9a74e8f5
a6204cc8-6ca5-5d2b-82b5-0e6f46ee8a74,f588ad11-78ed-5b05-9e39-f5e7386f6a0e,a7b0ebfe01f3,185.3.46,185,2,3,46,"[215.0, 70.0, 986.0, 475.0]",List-Group,"Tartra, rue Gaillon, 5.  ",ENTRY,"<SUBJ>Tartra</SUBJ>, <ADDR>rue Gaillon, 5.</ADDR>",1,0,1,1.0000,,,B-ENTRY,model,0.9855,2026-09-22 19:53:06,c1ae3c4d19e8
8f56cbb2-a07f-5213-9351-33ec443c0ba1,f588ad11-78ed-5b05-9e39-f5e7386f6a0e,da7f71030d44,185.3.47,185,2,3,47,"[215.0, 70.0, 986.0, 475.0]",List-Group,"Thibault, rue Saint-Jacques, 187.  ",ENTRY,"<SUBJ>Thibault</SUBJ>, <ADDR>rue Saint-Jacques, 187.</ADDR>",1,0,1,1.0000,,,B-ENTRY,model,0.9913,2026-09-22 19:53:06,66dd2e14ed7b
106a994c-6cfb-5340-b35b-1e4ceb3c95e5,f588ad11-78ed-5b05-9e39-f5e7386f6a0e,2e69d5625a89,185.3.48,185,2,3,48,"[215.0, 70.0, 986.0, 475.0]",List-Group,"Thomas, rue de l'Arbre-Sec, 4.  ",ENTRY,"<SUBJ>Thomas</SUBJ>, <ADDR>rue de l'Arbre-Sec, 4.</ADDR>",1,0,1,1.0000,,,B-ENTRY,model,0.9923,2026-09-22 19:53:06,53f8a46327a3
4cc67b1e-4590-58bc-8582-3a5a2ed68ba3,f588ad11-78ed-5b05-9e39-f5e7386f6a0e,2c2498c0e96c,185.3.49,185,2,3,49,"[215.0, 70.0, 986.0, 475.0]",List-Group,"Vallet, rue Saint-Benoit, 12.  ",ENTRY,"<SUBJ>Vallet</SUBJ>, <ADDR>rue Saint-Benoit, 12.</ADDR>",1,0,1,1.0000,,,B-ENTRY,model,0.9913,2026-09-22 19:53:06,ab1be2a81979
38e1b859-4718-5617-9caa-eadc67985dd8,f588ad11-78ed-5b05-9e39-f5e7386f6a0e,ebc5d38d105a,185.3.50,185,2,3,50,"[215.0, 70.0, 986.0, 475.0]",List-Group,"Vanvalsenaeur, rue du Mouton, 1.  ",ENTRY,"<SUBJ>Vanvalsenaeur</SUBJ>, <ADDR>rue du Mouton, 1.</ADDR>",1,0,1,1.0000,,,B-ENTRY,model,0.9873,2026-09-22 19:53:06,907cb40a35fb
646bcc55-d85c-56a9-89ee-1efcf4b5c430,f588ad11-78ed-5b05-9e39-f5e7386f6a0e,199d804a5d48,185.3.51,185,2,3,51,"[215.0, 70.0, 986.0, 475.0]",List-Group,"Vassal, rue Grenier-Saint-Lazare, 5.  ",ENTRY,"<SUBJ>Vassal</SUBJ>, <ADDR>rue Grenier-Saint-Lazare, 5.</ADDR>",1,0,1,1.0000,,,B-ENTRY,model,0.9856,2026-09-22 19:53:06,9f9c7804ad4e
c8d2124f-bf13-5f85-bd97-802244a9c98a,f588ad11-78ed-5b05-9e39-f5e7386f6a0e,5f55a05dac23,185.3.52,185,2,3,52,"[215.0, 70.0, 986.0, 475.0]",List-Group,"Verdier, rue d'Argenteuil, 19.  ",ENTRY,"<SUBJ>Verdier</SUBJ>, <ADDR>rue d'Argenteuil, 19.</ADDR>",1,0,1,1.0000,,,B-ENTRY,model,0.9924,2026-09-22 19:53:06,862a820b78b6
b1203305-0b6e-5c3b-90a7-62e6bf623d41,f588ad11-78ed-5b05-9e39-f5e7386f6a0e,f4e5c6cde705,185.3.53,185,2,3,53,"[215.0, 70.0, 986.0, 475.0]",List-Group,"Viillard, rue de la Verrerie, 2.  ",ENTRY,"<SUBJ>Viillard</SUBJ>, <ADDR>rue de la Verrerie, 2.</ADDR>",1,0,1,1.0000,,,B-ENTRY,model,0.9924,2026-09-22 19:53:06,dcc1f801a0b1
5b20d881-e84c-50bb-a3dd-8f55273f13e3,f588ad11-78ed-5b05-9e39-f5e7386f6a0e,75c9d7a30cd5,185.3.54,185,2,3,54,"[215.0, 70.0, 986.0, 475.0]",List-Group,"Vitel, rue Saint-Roch, 10.  ",ENTRY,"<SUBJ>Vitel</SUBJ>, <ADDR>rue Saint-Roch, 10.</ADDR>",1,0,1,1.0000,,,B-ENTRY,model,0.9913,2026-09-22 19:53:06,08d9e3267155
ece060bc-2d0a-5fb7-bbf3-43b23498944f,f588ad11-78ed-5b05-9e39-f5e7386f6a0e,41e5b0088d98,185.3.55,185,2,3,55,"[215.0, 70.0, 986.0, 475.0]",List-Group,"Wagner, rue de la Bûcherie, 14.  ",ENTRY,"<SUBJ>Wagner</SUBJ>, <ADDR>rue de la Bûcherie, 14.</ADDR>",1,0,1,1.0000,,,B-ENTRY,model,0.9924,2026-09-22 19:53:06,e6c777f93603
37c7dc39-4ece-50f8-a465-52a628f0452e,f588ad11-78ed-5b05-9e39-f5e7386f6a0e,647458db9aac,185.3.56,185,2,3,56,"[215.0, 70.0, 986.0, 475.0]",List-Group,"Bernard, rue des Fossés-Saint-Germain, 21.  ",ENTRY,"<SUBJ>Bernard</SUBJ>, <ADDR>rue des Fossés-Saint-Germain, 21.</ADDR>",1,0,1,1.0000,,,B-ENTRY,model,0.9923,2026-09-22 19:53:06,6e0a229f945b
29ded659-5d28-5e9a-9e88-dedb2bcbd252,f588ad11-78ed-5b05-9e39-f5e7386f6a0e,2b572fa28776,185.3.57,185,2,3,57,"[215.0, 70.0, 986.0, 475.0]",List-Group,"Salmer, rue Pierre-Sarrazin, 6.  ",ENTRY,"<SUBJ>Salmer</SUBJ>, <ADDR>rue Pierre-Sarrazin, 6.</ADDR>",1,0,1,1.0000,,,B-ENTRY,model,0.9913,2026-09-22 19:53:06,c9e1b836bce6
b5dffc18-83d1-50ae-a6ac-c75db91eb856,f588ad11-78ed-5b05-9e39-f5e7386f6a0e,c8f8fb81e3f8,185.3.58,185,2,3,58,"[215.0, 70.0, 986.0, 475.0]",List-Group,"Vangameren, bougies élastiques, rue....",ENTRY,"<SUBJ>Vangameren</SUBJ>, <DESC>bougies élastiques</DESC>, <ADDR>rue....</ADDR>",1,1,1,1.0000,,,B-ENTRY,human,1.0,2026-09-22 19:49:53,0a4c8f0e7f34
cc12935d-9d79-5c65-b3fa-a05eac3538e6,00000000-0000-0000-0000-000000000000,c692f8445be9,185.4.0,185,3,4,0,"[349.0, 488.0, 848.0, 508.0]",Section-Header,## ACADÉMIE DE MÉDECINE DE PARIS.,TITLE,,,,,,,,B-TITLE,human,1.0,2026-09-22 19:49:53,86e3ad97ecee
dfc39b2a-b7ce-5ce8-ad49-1b4885833ecb,cc12935d-9d79-5c65-b3fa-a05eac3538e6,e8359e55e8ba,185.5.0,185,4,5,0,"[510.0, 518.0, 675.0, 533.0]",Section-Header,### *Administrateurs.*,TITLE,,,,,,,,B-TITLE,human,1.0,2026-09-22 19:51:31,51204215c531
e614d575-0332-592e-b9de-b17e71dd1ad4,dfc39b2a-b7ce-5ce8-ad49-1b4885833ecb,61b1aafef2b4,185.6.0,185,5,6,0,"[213.0, 537.0, 452.0, 593.0]",Text,"Bourru, *président*.  ",ENTRY,"<SUBJ>Bourru</SUBJ>, *<DESC>président*.</DESC>",1,1,0,1.0000,,,B-ENTRY,human,1.0,2026-09-22 19:51:31,f86e27f6e3ba
9ed53869-b150-552c-9319-1c8f5ae9ede3,dfc39b2a-b7ce-5ce8-ad49-1b4885833ecb,dd27b3ed273b,185.6.1,185,5,6,1,"[213.0, 537.0, 452.0, 593.0]",Text,"Guillotin, *directeur*.  ",ENTRY,"<SUBJ>Guillotin</SUBJ>, *<DESC>directeur*.</DESC>",1,1,0,1.0000,,,B-ENTRY,model,0.9938,2026-09-22 19:53:06,b6017f3b709c
0145f30f-5d00-5429-a923-0a679ef16f7c,dfc39b2a-b7ce-5ce8-ad49-1b4885833ecb,5f4e32f141ef,185.6.2,185,5,6,2,"[213.0, 537.0, 452.0, 593.0]",Text,"Descemet, *vice-président*.  ",ENTRY,"<SUBJ>Descemet</SUBJ>, *<DESC>vice-président*.</DESC>",1,1,0,1.0000,,,B-ENTRY,model,0.9966,2026-09-22 19:53:06,77e5f3601a5c
eb8e72f2-1be9-5231-8199-930698802b07,dfc39b2a-b7ce-5ce8-ad49-1b4885833ecb,80bb63ceeb0b,185.6.3,185,5,6,3,"[213.0, 537.0, 452.0, 593.0]",Text,"Menuet, *vice-directeur*.",ENTRY,"<SUBJ>Menuet</SUBJ>, *<DESC>vice-directeur*.</DESC>",1,1,0,1.0000,,,B-ENTRY,model,0.9966,2026-09-22 19:53:06,42e8fd9efd95
465b105a-1424-5c4c-ad94-6ca527ef8123,dfc39b2a-b7ce-5ce8-ad49-1b4885833ecb,46f7cea3b2ed,185.7.0,185,6,7,0,"[600.0, 537.0, 851.0, 593.0]",Text,"Petit (M. A.), *secrétaire*.  ",ENTRY,"<SUBJ>Petit (M. A.)</SUBJ>, *<DESC>secrétaire*.</DESC>",1,1,0,1.0000,,,B-ENTRY,model,0.9989,2026-09-22 19:53:06,c9746747ba1b
74f33980-e931-5df3-9e24-352b4abb0011,dfc39b2a-b7ce-5ce8-ad49-1b4885833ecb,a18e8971fd29,185.7.1,185,6,7,1,"[600.0, 537.0, 851.0, 593.0]",Text,"Fabrè, *secrétaire-adjoint*.  ",ENTRY,"<SUBJ>Fabrè</SUBJ>, *<DESC>secrétaire-adjoint*.</DESC>",1,1,0,1.0000,,,B-ENTRY,model,0.9966,2026-09-22 19:53:06,8385be2704e1
46081bc2-1f45-5c16-a4da-e3f6f1f2c7e6,dfc39b2a-b7ce-5ce8-ad49-1b4885833ecb,6fa8cd4bddaf,185.7.2,185,6,7,2,"[600.0, 537.0, 851.0, 593.0]",Text,"Ledru, *trésorier*.  ",ENTRY,"<SUBJ>Ledru</SUBJ>, *<DESC>trésorier*.</DESC>",1,1,0,1.0000,,,B-ENTRY,model,0.9939,2026-09-22 19:53:06,01a554e42659
b3112ee5-bdfe-5aa1-9a8d-c05acf83900a,dfc39b2a-b7ce-5ce8-ad49-1b4885833ecb,d4b052131ef0,185.7.3,185,6,7,3,"[600.0, 537.0, 851.0, 593.0]",Text,"Bonnet, *archiv.*",ENTRY,"<SUBJ>Bonnet</SUBJ>, *<DESC>archiv.</DESC>*",1,1,0,1.0000,,,B-ENTRY,model,0.9798,2026-09-22 19:53:06,6381099ea6b9
a304c297-8bb4-5dde-b1cd-37f6ba269dcf,cc12935d-9d79-5c65-b3fa-a05eac3538e6,502b587dd9c3,185.8.0,185,7,8,0,"[470.0, 600.0, 715.0, 615.0]",Section-Header,### *Commission des travaux.*,TITLE,,,,,,,,B-TITLE,model,0.9843,2026-09-22 19:53:06,51204215c531
cf602a7e-9a9d-51cb-a117-43f796ad6f72,a304c297-8bb4-5dde-b1cd-37f6ba269dcf,6583d7ef6c73,185.9.0,185,8,9,0,"[232.0, 620.0, 710.0, 637.0]",Text,Desessart.—Delaporte.—Legallois.—Léveillé.—Pagès.,ENTRY,<SUBJ>Desessart</SUBJ>.—Delaporte.—Legallois.—Léveillé.—Pagès.,1,0,0,1.0000,texte non couvert,,B-ENTRY,human,1.0,2026-09-22 19:51:46,04bfd336c920
995b7e5c-8522-5070-aa49-4d8fdb45ef8e,cc12935d-9d79-5c65-b3fa-a05eac3538e6,64831dad991c,185.10.0,185,9,10,0,"[455.0, 643.0, 740.0, 658.0]",Section-Header,### *Commission des consultations.*,TITLE,,,,,,,,B-TITLE,human,1.0,2026-09-22 19:51:46,51204215c531
f46dd855-72a7-5b48-a5ee-4891b9947508,995b7e5c-8522-5070-aa49-4d8fdb45ef8e,614127ff151a,185.11.0,185,10,11,0,"[213.0, 663.0, 980.0, 693.0]",Text,Elle est composée de quatre honoraires et de huit titulaires. Tous les Académiciens y sont appelés successivement dans l'ordre de leur inscription au tableau.,OUT OF SCOPE,,,,,,,,OUT OF SCOPE,human,1.0,2026-09-22 19:51:58,5f66da53a5de
e585d533-316d-5cf4-a483-51440252a501,995b7e5c-8522-5070-aa49-4d8fdb45ef8e,809687e04da0,185.12.0,185,11,12,0,"[232.0, 692.0, 870.0, 739.0]",Text,"Gondret et Ferey, *secrétaires annuels de cette commission*.  ",ENTRY,"<SUBJ>Gondret et Ferey</SUBJ>, *<DESC>secrétaires annuels de cette commission*.</DESC>",1,1,0,1.0000,,,B-ENTRY,human,1.0,2026-09-22 19:51:58,e4f0465cc1f9
a95eb1e0-9edd-5d61-85ae-3732f1c82dee,995b7e5c-8522-5070-aa49-4d8fdb45ef8e,ae9260f81338,185.12.1,185,11,12,1,"[232.0, 692.0, 870.0, 739.0]",Text,"Venier, *greffier de l'académie*, rue Saint-Roch-Poissonnière, 12.  ",ENTRY,"<SUBJ>Venier</SUBJ>, *<DESC>greffier de l'académie</DESC>*, <ADDR>rue Saint-Roch-Poissonnière, 12.</ADDR>",1,1,1,1.0000,,,B-ENTRY,model,0.9858,2026-09-22 19:53:06,82941d61e550
5a52d974-2d69-587a-adb2-8ec531343b94,995b7e5c-8522-5070-aa49-4d8fdb45ef8e,8c10bd810653,185.12.2,185,11,12,2,"[232.0, 692.0, 870.0, 739.0]",Text,"Ougier, *imprimeur de l'académie*, rue Saint-Louis-Saint-Honoré, 6.",ENTRY,"<SUBJ>Ougier</SUBJ>, *<DESC>imprimeur de l'académie</DESC>*, <ADDR>rue Saint-Louis-Saint-Honoré, 6.</ADDR>",1,1,1,1.0000,,,B-ENTRY,human,1.0,2026-09-22 19:51:15,c37cfa6b82bd
fc063d20-5ee8-517d-a29e-1d84f2be62cc,995b7e5c-8522-5070-aa49-4d8fdb45ef8e,5e85568c7fbb,185.13.0,185,12,13,0,"[437.0, 754.0, 751.0, 773.0]",Section-Header,SOCIÉTÉ GALVANIQUE.,OUT OF SCOPE,,,,,,,,OUT OF SCOPE,human,1.0,2026-09-22 19:51:15,5f66da53a5de
ad32cca8-c408-5cb8-8736-f425547a2864,995b7e5c-8522-5070-aa49-4d8fdb45ef8e,7ebce4c237a8,185.14.0,185,13,14,0,"[211.0, 785.0, 980.0, 830.0]",Text,"Cette société tient ses séances le premier et le troisième lundi de chaque mois, à une heure de l'après-midi, à l'Oratoire. Elle fait ses expériences à l'Arsenal, chez M. Riffault, administrateur des poudres et salpêtres.",OUT OF SCOPE,,,,,,,,OUT OF SCOPE,human,1.0,2026-09-22 19:51:22,5f66da53a5de
8da2bae6-8755-5329-9e12-8527e9afc92f,995b7e5c-8522-5070-aa49-4d8fdb45ef8e,8ba8b4b3604d,185.15.0,185,14,15,0,"[549.0, 838.0, 638.0, 854.0]",Section-Header,Bureau.,OUT OF SCOPE,,,,,,,,OUT OF SCOPE,human,1.0,2026-09-22 19:51:22,5f66da53a5de
66ab1836-597b-5da3-8c23-574c76bae315,995b7e5c-8522-5070-aa49-4d8fdb45ef8e,6c698ffca344,185.16.0,185,15,16,0,"[227.0, 864.0, 858.0, 923.0]",Text,"MM. Abrial, *sénateur, président*, rue Plumet, au coin du boulevard.  ",OUT OF SCOPE,,,,,,,,OUT OF SCOPE,human,1.0,2026-09-22 19:52:07,5f66da53a5de
c3d2c85e-4aa8-5566-89a9-a2d33feb1e88,995b7e5c-8522-5070-aa49-4d8fdb45ef8e,563194163f96,185.16.1,185,15,16,1,"[227.0, 864.0, 858.0, 923.0]",Text,"Nauche, *vice-président*, rue du Bouloy, 8.  ",ENTRY,"<SUBJ>Nauche</SUBJ>, *<DESC>vice-président</DESC>*, <ADDR>rue du Bouloy, 8.</ADDR>",1,1,1,1.0000,,,B-ENTRY,human,1.0,2026-09-22 19:52:00,1567828394a0
22ceba39-23fe-5f36-a228-71c4e432377b,995b7e5c-8522-5070-aa49-4d8fdb45ef8e,665a4f38b086,185.16.2,185,15,16,2,"[227.0, 864.0, 858.0, 923.0]",Text,"Forestier jeune, *secrétaire*, rue de Richelieu, près la fontaine.  ",ENTRY,"<SUBJ>Forestier jeune</SUBJ>, *<DESC>secrétaire</DESC>*, <ADDR>rue de Richelieu, près la fontaine.</ADDR>",1,1,1,1.0000,,,B-ENTRY,human,1.0,2026-09-22 19:52:00,df5fc5907729
74ea50b3-5b9b-50b9-8de1-4958d9062f65,995b7e5c-8522-5070-aa49-4d8fdb45ef8e,f0097203d050,185.16.3,185,15,16,3,"[227.0, 864.0, 858.0, 923.0]",Text,"Bouquet, *secrétaire perpétuel*, rue Christine, 3.",ENTRY,"<SUBJ>Bouquet</SUBJ>, *<DESC>secrétaire perpétuel</DESC>*, <ADDR>rue Christine, 3.</ADDR>",1,1,1,1.0000,,,B-ENTRY,model,0.993,2026-09-22 19:53:06,bb1bba23ea9f
