uuid,parent_uuid,uid,page_index,chunk_index,data_block_index,line_index,data_block_bbox,data_block_label,markdown,entity,tagged_text,subject_count,description_count,address_count,ner_confidence,ner_suspect,prediction_curated,prediction,provenance,probability,timestamp
df638ced-9f48-5055-90bc-ae90c2054c34,00000000-0000-0000-0000-000000000000,178.1.0,178,0,1,0,"[214.0, 32.0, 695.0, 53.0]",Page-Header,Docteurs en médecine.- PARIS.,OUT OF SCOPE,,,,,,,OUT OF SCOPE,OUT OF SCOPE,human,1.0,2026-09-22 19:49:37
e8738114-79a1-5763-b12b-3e313de830e4,00000000-0000-0000-0000-000000000000,178.2.0,178,1,2,0,"[841.0, 32.0, 901.0, 51.0]",Page-Header,513,OUT OF SCOPE,,,,,,,OUT OF SCOPE,OUT OF SCOPE,human,1.0,2026-09-22 19:49:37
1ad5f343-b211-5cbb-bd52-d35017c072dc,00000000-0000-0000-0000-000000000000,178.3.0,178,2,3,0,"[23.0, 59.0, 901.0, 89.0]",Text,"planchées et ferment à clef, et où les marchandises sont à l'abri de toute avarie et de toute dilapidation.",OUT OF SCOPE,,,,,,,OUT OF SCOPE,OUT OF SCOPE,human,1.0,2026-09-22 19:49:43
d7ccf507-0c59-54c1-a745-cf73a51def8d,00000000-0000-0000-0000-000000000000,178.4.0,178,3,4,0,"[23.0, 85.0, 901.0, 115.0]",Text,"L'on traite à l'amiable avec le commerce, pour le transport des fortes parties de marchandises.",OUT OF SCOPE,,,,,,,OUT OF SCOPE,OUT OF SCOPE,human,1.0,2026-09-22 19:49:43
28d3f3ad-83b3-5a79-8719-4f3eebab0770,00000000-0000-0000-0000-000000000000,178.5.0,178,4,5,0,"[23.0, 110.0, 901.0, 143.0]",Text,"Cette entreprise se charge aussi des transports à jour fixe pour les villes du Midi, à des prix modérés, et avec toute responsabilité et garantie, jusqu'au lieu de destination.",OUT OF SCOPE,,,,,,,OUT OF SCOPE,OUT OF SCOPE,model,0.9993,2026-09-22 19:53:06
6a383401-2ae1-5cf6-8024-5b40305a3a47,00000000-0000-0000-0000-000000000000,178.6.0,178,5,6,0,"[23.0, 139.0, 901.0, 180.0]",Text,"Les bureaux sont établis à Paris, au Port Saint-Paul, pour les coches de Corbeil, Montereau, Nogent et Briare; et au Port Saint-Bernard, pour les coches d'Auxerre et de Sens.",OUT OF SCOPE,,,,,,,OUT OF SCOPE,OUT OF SCOPE,human,1.0,2026-09-22 19:52:18
d5b3e216-2984-5eb2-b74b-157793168472,00000000-0000-0000-0000-000000000000,178.7.0,178,6,7,0,"[23.0, 177.0, 901.0, 218.0]",Text,"Les marchandises pour les ports de la Haute et Petite-Seine, et pour ceux des canaux du Loing et de Briare, doivent être adressées au bureau du port Saint-Paul; et celles pour les ports de l'Yonne, au bureau du port Saint-Bernard.",OUT OF SCOPE,,,,,,,OUT OF SCOPE,OUT OF SCOPE,human,1.0,2026-09-22 19:52:18
e182a576-7491-590b-aa06-e98af54e4ecf,00000000-0000-0000-0000-000000000000,178.8.0,178,7,8,0,"[23.0, 215.0, 901.0, 257.0]",Text,"Il y a dans chaque ville des preposés sur la route que tiennent ces voitures, chargés de recevoir les marchandises, de les rendre et de les réexpédier à leur destination, et de traiter pour les prix de transport.",OUT OF SCOPE,,,,,,,OUT OF SCOPE,OUT OF SCOPE,model,0.9992,2026-09-22 19:53:06
a42c60df-1de8-5252-87c6-5f5eabfd8f05,00000000-0000-0000-0000-000000000000,178.9.0,178,8,9,0,"[23.0, 254.0, 901.0, 283.0]",Text,"Elles se chargent de toutes réexpéditions par terre dans les places du Nord, et des réexpéditions par eau, à Rouen et au Havre.",OUT OF SCOPE,,,,,,,OUT OF SCOPE,OUT OF SCOPE,model,0.999,2026-09-22 19:53:06
9d61d8e9-603b-5e05-ad40-a236c8eb2f54,00000000-0000-0000-0000-000000000000,178.10.0,178,9,10,0,"[23.0, 280.0, 901.0, 322.0]",Text,"Toutes ces voitures partent de Paris à 8 heures du matin, du 1.er octobre au 1.er avril; et à 7 heures du matin, du 1.er avril au 1.er octobre, à l'exception de cel. à la destination de Corbeil, qui part en tout temps le vendredi à 10 heures du matin.",OUT OF SCOPE,,,,,,,OUT OF SCOPE,OUT OF SCOPE,model,0.9992,2026-09-22 19:53:06
cdb75214-2382-5170-8c30-0789fd5a925a,00000000-0000-0000-0000-000000000000,178.11.0,178,10,11,0,"[44.0, 318.0, 510.0, 334.0]",Text,Leur mouvement se fait dans l'ordre suivant :,OUT OF SCOPE,,,,,,,OUT OF SCOPE,OUT OF SCOPE,model,0.9962,2026-09-22 19:53:06
9eb935e6-b88a-5bb6-8094-b3565a09e756,00000000-0000-0000-0000-000000000000,178.12.0,178,11,12,0,"[23.0, 346.0, 895.0, 568.0]",Table,DÉNOMINATION,OUT OF SCOPE,,,,,,,OUT OF SCOPE,OUT OF SCOPE,human,1.0,2026-09-22 19:49:46
6a287bb7-b21c-50b6-a739-ddc936825d84,00000000-0000-0000-0000-000000000000,178.12.1,178,11,12,1,"[23.0, 346.0, 895.0, 568.0]",Table,des Coches.,OUT OF SCOPE,,,,,,,OUT OF SCOPE,OUT OF SCOPE,human,1.0,2026-09-22 19:49:46
a0d2bae1-53a1-5b96-9e9d-e33667b4118e,00000000-0000-0000-0000-000000000000,178.12.2,178,11,12,2,"[23.0, 346.0, 895.0, 568.0]",Table,PORTS,OUT OF SCOPE,,,,,,,OUT OF SCOPE,OUT OF SCOPE,human,1.0,2026-09-22 19:49:48
9ce6755e-6e0c-50fc-80ae-8d8d6e301611,00000000-0000-0000-0000-000000000000,178.12.3,178,11,12,3,"[23.0, 346.0, 895.0, 568.0]",Table,d'embarquem.t,OUT OF SCOPE,,,,,,,OUT OF SCOPE,OUT OF SCOPE,human,1.0,2026-09-22 19:49:48
df66fd77-ef11-520f-b4d9-6bd839f7aef4,00000000-0000-0000-0000-000000000000,178.12.4,178,11,12,4,"[23.0, 346.0, 895.0, 568.0]",Table,et,OUT OF SCOPE,,,,,,,OUT OF SCOPE,OUT OF SCOPE,human,1.0,2026-09-22 19:49:49
a8c220bb-6da6-565d-b109-f11ee86832d5,00000000-0000-0000-0000-000000000000,178.12.5,178,11,12,5,"[23.0, 346.0, 895.0, 568.0]",Table,débarquem.t,OUT OF SCOPE,,,,,,,OUT OF SCOPE,OUT OF SCOPE,human,1.0,2026-09-22 19:49:49
47b7e2ff-94f7-55c0-8909-66a208fe1f15,00000000-0000-0000-0000-000000000000,178.12.6,178,11,12,6,"[23.0, 346.0, 895.0, 568.0]",Table,JOURS,OUT OF SCOPE,,,,,,,OUT OF SCOPE,OUT OF SCOPE,model,1.0,2026-09-22 19:53:06
3dba3afb-81d8-5f8b-82a7-fa29437ecde1,00000000-0000-0000-0000-000000000000,178.12.7,178,11,12,7,"[23.0, 346.0, 895.0, 568.0]",Table,de départ,OUT OF SCOPE,,,,,,,OUT OF SCOPE,OUT OF SCOPE,model,0.9995,2026-09-22 19:53:06
4fad0d17-0be9-55f7-8997-5cc9a7c1c55c,00000000-0000-0000-0000-000000000000,178.12.8,178,11,12,8,"[23.0, 346.0, 895.0, 568.0]",Table,de Paris.,OUT OF SCOPE,,,,,,,OUT OF SCOPE,OUT OF SCOPE,model,0.9986,2026-09-22 19:53:06
b05357a5-d245-5087-9241-8c0193b18ef2,00000000-0000-0000-0000-000000000000,178.12.9,178,11,12,9,"[23.0, 346.0, 895.0, 568.0]",Table,JOURS,OUT OF SCOPE,,,,,,,OUT OF SCOPE,OUT OF SCOPE,model,1.0,2026-09-22 19:53:06
aee3c096-d9f8-5924-b536-06ec47fdee5b,00000000-0000-0000-0000-000000000000,178.12.10,178,11,12,10,"[23.0, 346.0, 895.0, 568.0]",Table,d'arrivée,OUT OF SCOPE,,,,,,,OUT OF SCOPE,OUT OF SCOPE,model,0.9998,2026-09-22 19:53:06
dbb488a8-079d-51c1-8928-2feac9c3cc8d,00000000-0000-0000-0000-000000000000,178.12.11,178,11,12,11,"[23.0, 346.0, 895.0, 568.0]",Table,dans les,OUT OF SCOPE,,,,,,,OUT OF SCOPE,OUT OF SCOPE,model,0.9995,2026-09-22 19:53:06
1ed618c8-01d9-5d50-996c-3b4f036170bc,00000000-0000-0000-0000-000000000000,178.12.12,178,11,12,12,"[23.0, 346.0, 895.0, 568.0]",Table,Communes.,OUT OF SCOPE,,,,,,,OUT OF SCOPE,OUT OF SCOPE,model,0.9999,2026-09-22 19:53:06
7802dd12-e71d-53c4-836b-88ede7e4bc03,00000000-0000-0000-0000-000000000000,178.12.13,178,11,12,13,"[23.0, 346.0, 895.0, 568.0]",Table,JOURS,OUT OF SCOPE,,,,,,,OUT OF SCOPE,OUT OF SCOPE,model,1.0,2026-09-22 19:53:06
37d89891-65c0-5476-826e-d5ac8e6b06f2,00000000-0000-0000-0000-000000000000,178.12.14,178,11,12,14,"[23.0, 346.0, 895.0, 568.0]",Table,de départ,OUT OF SCOPE,,,,,,,OUT OF SCOPE,OUT OF SCOPE,model,0.9995,2026-09-22 19:53:06
505093b4-2cb8-5692-91e0-107999b52621,00000000-0000-0000-0000-000000000000,178.12.15,178,11,12,15,"[23.0, 346.0, 895.0, 568.0]",Table,des,OUT OF SCOPE,,,,,,,OUT OF SCOPE,OUT OF SCOPE,model,0.9988,2026-09-22 19:53:06
e8068c4a-2405-5f96-8d33-e71e7b148daa,00000000-0000-0000-0000-000000000000,178.12.16,178,11,12,16,"[23.0, 346.0, 895.0, 568.0]",Table,Communes.,OUT OF SCOPE,,,,,,,OUT OF SCOPE,OUT OF SCOPE,model,0.9999,2026-09-22 19:53:06
0265014b-d9d5-5e55-a9bd-9224300a9a41,00000000-0000-0000-0000-000000000000,178.12.17,178,11,12,17,"[23.0, 346.0, 895.0, 568.0]",Table,JOURS,OUT OF SCOPE,,,,,,,OUT OF SCOPE,OUT OF SCOPE,model,1.0,2026-09-22 19:53:06
3f1e5b68-d630-599e-852a-b4b9a2aa864a,00000000-0000-0000-0000-000000000000,178.12.18,178,11,12,18,"[23.0, 346.0, 895.0, 568.0]",Table,d'arrivée,OUT OF SCOPE,,,,,,,OUT OF SCOPE,OUT OF SCOPE,model,0.9998,2026-09-22 19:53:06
e841231b-1c47-5ad2-910e-6df0b4c55f26,00000000-0000-0000-0000-000000000000,178.12.19,178,11,12,19,"[23.0, 346.0, 895.0, 568.0]",Table,à Paris.,OUT OF SCOPE,,,,,,,OUT OF SCOPE,OUT OF SCOPE,model,0.9986,2026-09-22 19:53:06
00f1226a-4fbd-5ec4-abe2-6122f04ee04a,00000000-0000-0000-0000-000000000000,178.12.20,178,11,12,20,"[23.0, 346.0, 895.0, 568.0]",Table,Nogent.....,OUT OF SCOPE,,,,,,,OUT OF SCOPE,OUT OF SCOPE,model,0.9994,2026-09-22 19:53:06
06187887-fc1a-57f8-b656-c530dee23df8,00000000-0000-0000-0000-000000000000,178.12.21,178,11,12,21,"[23.0, 346.0, 895.0, 568.0]",Table,Saint-Paul.....,OUT OF SCOPE,,,,,,,OUT OF SCOPE,OUT OF SCOPE,model,0.9989,2026-09-22 19:53:06
509e3986-ee3c-5034-8bb0-02ab1b7306f6,00000000-0000-0000-0000-000000000000,178.12.22,178,11,12,22,"[23.0, 346.0, 895.0, 568.0]",Table,Dimanche.,OUT OF SCOPE,,,,,,,OUT OF SCOPE,OUT OF SCOPE,model,0.9999,2026-09-22 19:53:06
00c39318-71d6-52f1-8cf1-85bd8e78b4e2,00000000-0000-0000-0000-000000000000,178.12.23,178,11,12,23,"[23.0, 346.0, 895.0, 568.0]",Table,Lundi.....,OUT OF SCOPE,,,,,,,OUT OF SCOPE,OUT OF SCOPE,model,0.9994,2026-09-22 19:53:06
5dc9a213-58b2-5823-b762-9ad938dc2064,00000000-0000-0000-0000-000000000000,178.12.24,178,11,12,24,"[23.0, 346.0, 895.0, 568.0]",Table,Mercredi...,OUT OF SCOPE,,,,,,,OUT OF SCOPE,OUT OF SCOPE,model,0.9985,2026-09-22 19:53:06
42fa8085-adae-5991-89c4-74abef37b1db,00000000-0000-0000-0000-000000000000,178.12.25,178,11,12,25,"[23.0, 346.0, 895.0, 568.0]",Table,Jeudi.,OUT OF SCOPE,,,,,,,OUT OF SCOPE,OUT OF SCOPE,model,0.9999,2026-09-22 19:53:06
ecc51683-b679-5195-b68e-c958d5a05607,00000000-0000-0000-0000-000000000000,178.12.26,178,11,12,26,"[23.0, 346.0, 895.0, 568.0]",Table,Sens.....,OUT OF SCOPE,,,,,,,OUT OF SCOPE,OUT OF SCOPE,model,0.9994,2026-09-22 19:53:06
2282a8df-8bac-5aa3-9076-dc04240e151e,00000000-0000-0000-0000-000000000000,178.12.27,178,11,12,27,"[23.0, 346.0, 895.0, 568.0]",Table,Saint-Bernard..,OUT OF SCOPE,,,,,,,OUT OF SCOPE,OUT OF SCOPE,model,0.9989,2026-09-22 19:53:06
cc7890af-18e3-57a7-9fde-e3455a65c5a9,00000000-0000-0000-0000-000000000000,178.12.28,178,11,12,28,"[23.0, 346.0, 895.0, 568.0]",Table,Lundi.....,OUT OF SCOPE,,,,,,,OUT OF SCOPE,OUT OF SCOPE,model,0.9994,2026-09-22 19:53:06
d113e1c6-ac0a-525d-b8e1-e382802f6550,00000000-0000-0000-0000-000000000000,178.12.29,178,11,12,29,"[23.0, 346.0, 895.0, 568.0]",Table,Mardi.....,OUT OF SCOPE,,,,,,,OUT OF SCOPE,OUT OF SCOPE,model,0.9994,2026-09-22 19:53:06
9bc30c63-50b2-54c0-bbc5-a7f448643768,00000000-0000-0000-0000-000000000000,178.12.30,178,11,12,30,"[23.0, 346.0, 895.0, 568.0]",Table,Jeudi.....,OUT OF SCOPE,,,,,,,OUT OF SCOPE,OUT OF SCOPE,model,0.9994,2026-09-22 19:53:06
255ec31f-1b46-54ab-8a5d-2d3193c033d1,00000000-0000-0000-0000-000000000000,178.12.31,178,11,12,31,"[23.0, 346.0, 895.0, 568.0]",Table,Vendredi.,OUT OF SCOPE,,,,,,,OUT OF SCOPE,OUT OF SCOPE,model,0.9999,2026-09-22 19:53:06
ae6bf0bb-1cac-5b1f-9d9c-9363c8cc97b3,00000000-0000-0000-0000-000000000000,178.12.32,178,11,12,32,"[23.0, 346.0, 895.0, 568.0]",Table,Briare.....,OUT OF SCOPE,,,,,,,OUT OF SCOPE,OUT OF SCOPE,human,1.0,2026-09-22 19:52:23
191a9169-df28-5c88-8ed9-f70228fede6f,00000000-0000-0000-0000-000000000000,178.12.33,178,11,12,33,"[23.0, 346.0, 895.0, 568.0]",Table,Saint-Paul.....,OUT OF SCOPE,,,,,,,OUT OF SCOPE,OUT OF SCOPE,human,1.0,2026-09-22 19:52:23
bcecb2da-a10b-5d7a-a07b-ec199a9aee93,00000000-0000-0000-0000-000000000000,178.12.34,178,11,12,34,"[23.0, 346.0, 895.0, 568.0]",Table,Mardi.....,OUT OF SCOPE,,,,,,,OUT OF SCOPE,OUT OF SCOPE,model,0.9994,2026-09-22 19:53:06
ebefc645-c2ee-569c-93a4-60ebd1b57c16,00000000-0000-0000-0000-000000000000,178.12.35,178,11,12,35,"[23.0, 346.0, 895.0, 568.0]",Table,Jeudi.....,OUT OF SCOPE,,,,,,,OUT OF SCOPE,OUT OF SCOPE,model,0.9994,2026-09-22 19:53:06
75dc18db-63cb-5b8a-ada9-32ef574171fe,00000000-0000-0000-0000-000000000000,178.12.36,178,11,12,36,"[23.0, 346.0, 895.0, 568.0]",Table,Vendredi...,OUT OF SCOPE,,,,,,,OUT OF SCOPE,OUT OF SCOPE,model,0.9985,2026-09-22 19:53:06
2b621f36-9d02-5309-989f-87e88ff88d27,00000000-0000-0000-0000-000000000000,178.12.37,178,11,12,37,"[23.0, 346.0, 895.0, 568.0]",Table,Dimanche.,OUT OF SCOPE,,,,,,,OUT OF SCOPE,OUT OF SCOPE,model,0.9999,2026-09-22 19:53:06
51fda42d-24c0-59b8-bf5f-9f1348aa221f,00000000-0000-0000-0000-000000000000,178.12.38,178,11,12,38,"[23.0, 346.0, 895.0, 568.0]",Table,Auxerre.....,OUT OF SCOPE,,,,,,,OUT OF SCOPE,OUT OF SCOPE,model,0.9994,2026-09-22 19:53:06
20b1fb54-fa1b-5916-916e-ac647104b66a,00000000-0000-0000-0000-000000000000,178.12.39,178,11,12,39,"[23.0, 346.0, 895.0, 568.0]",Table,Saint-Bernard..,OUT OF SCOPE,,,,,,,OUT OF SCOPE,OUT OF SCOPE,model,0.9989,2026-09-22 19:53:06
61ec5ec8-58fb-5dee-8a32-e6e7de654687,00000000-0000-0000-0000-000000000000,178.12.40,178,11,12,40,"[23.0, 346.0, 895.0, 568.0]",Table,Mercredi...,OUT OF SCOPE,,,,,,,OUT OF SCOPE,OUT OF SCOPE,model,0.9985,2026-09-22 19:53:06
5cdbbad6-05b1-53d5-9846-a55320325036,00000000-0000-0000-0000-000000000000,178.12.41,178,11,12,41,"[23.0, 346.0, 895.0, 568.0]",Table,Dimanche..,OUT OF SCOPE,,,,,,,OUT OF SCOPE,OUT OF SCOPE,model,0.9998,2026-09-22 19:53:06
62c7b648-b6e4-57d0-9d96-e63e2a86e9ee,00000000-0000-0000-0000-000000000000,178.12.42,178,11,12,42,"[23.0, 346.0, 895.0, 568.0]",Table,Lundi.....,OUT OF SCOPE,,,,,,,OUT OF SCOPE,OUT OF SCOPE,model,0.9994,2026-09-22 19:53:06
b75eeaab-5c93-5fdb-8bb1-68414be57ad2,00000000-0000-0000-0000-000000000000,178.12.43,178,11,12,43,"[23.0, 346.0, 895.0, 568.0]",Table,Mercredi.,OUT OF SCOPE,,,,,,,OUT OF SCOPE,OUT OF SCOPE,model,0.9999,2026-09-22 19:53:06
57bc6323-1332-5b63-932c-14464ae21752,00000000-0000-0000-0000-000000000000,178.12.44,178,11,12,44,"[23.0, 346.0, 895.0, 568.0]",Table,Montereau.....,OUT OF SCOPE,,,,,,,OUT OF SCOPE,OUT OF SCOPE,model,0.9994,2026-09-22 19:53:06
c37ff21a-bfb7-59c9-ba89-bfee002f1574,00000000-0000-0000-0000-000000000000,178.12.45,178,11,12,45,"[23.0, 346.0, 895.0, 568.0]",Table,Saint-Paul.....,OUT OF SCOPE,,,,,,,OUT OF SCOPE,OUT OF SCOPE,model,0.9989,2026-09-22 19:53:06
51b80c66-4695-5c9b-a3c3-dba2e9773bc0,00000000-0000-0000-0000-000000000000,178.12.46,178,11,12,46,"[23.0, 346.0, 895.0, 568.0]",Table,Jeudi.....,OUT OF SCOPE,,,,,,,OUT OF SCOPE,OUT OF SCOPE,model,0.9994,2026-09-22 19:53:06
c8f00520-63e9-56a4-99f2-56a1b8790540,00000000-0000-0000-0000-000000000000,178.12.47,178,11,12,47,"[23.0, 346.0, 895.0, 568.0]",Table,Jeudi.....,OUT OF SCOPE,,,,,,,OUT OF SCOPE,OUT OF SCOPE,model,0.9994,2026-09-22 19:53:06
d61b4950-1273-5358-a84f-1c04e7729c1c,00000000-0000-0000-0000-000000000000,178.12.48,178,11,12,48,"[23.0, 346.0, 895.0, 568.0]",Table,Lundi.....,OUT OF SCOPE,,,,,,,OUT OF SCOPE,OUT OF SCOPE,model,0.9994,2026-09-22 19:53:06
34a65e2e-ec54-5357-becb-5e9986d4c81d,00000000-0000-0000-0000-000000000000,178.12.49,178,11,12,49,"[23.0, 346.0, 895.0, 568.0]",Table,Lundi.,OUT OF SCOPE,,,,,,,OUT OF SCOPE,OUT OF SCOPE,model,0.9999,2026-09-22 19:53:06
436dec16-3ea8-52b0-b394-c41632219404,00000000-0000-0000-0000-000000000000,178.12.50,178,11,12,50,"[23.0, 346.0, 895.0, 568.0]",Table,Corbeil.....,OUT OF SCOPE,,,,,,,OUT OF SCOPE,OUT OF SCOPE,model,0.9994,2026-09-22 19:53:06
ab287e5c-bf5c-5c87-85fd-2593027f2e40,00000000-0000-0000-0000-000000000000,178.12.51,178,11,12,51,"[23.0, 346.0, 895.0, 568.0]",Table,Saint-Paul.....,OUT OF SCOPE,,,,,,,OUT OF SCOPE,OUT OF SCOPE,model,0.9989,2026-09-22 19:53:06
6bd17ff7-7f15-5e81-ae85-fdfe5c86b79a,00000000-0000-0000-0000-000000000000,178.12.52,178,11,12,52,"[23.0, 346.0, 895.0, 568.0]",Table,Vendredi..,OUT OF SCOPE,,,,,,,OUT OF SCOPE,OUT OF SCOPE,model,0.9998,2026-09-22 19:53:06
b804a252-6ca8-5185-aab5-51dda5c7f90a,00000000-0000-0000-0000-000000000000,178.12.53,178,11,12,53,"[23.0, 346.0, 895.0, 568.0]",Table,Vendredi..,OUT OF SCOPE,,,,,,,OUT OF SCOPE,OUT OF SCOPE,model,0.9998,2026-09-22 19:53:06
11c8afdb-9616-5537-ad0a-e0172f3d0b10,00000000-0000-0000-0000-000000000000,178.12.54,178,11,12,54,"[23.0, 346.0, 895.0, 568.0]",Table,Mardi.....,OUT OF SCOPE,,,,,,,OUT OF SCOPE,OUT OF SCOPE,model,0.9994,2026-09-22 19:53:06
04a5e28e-861b-5552-84cb-f12d436874a3,00000000-0000-0000-0000-000000000000,178.12.55,178,11,12,55,"[23.0, 346.0, 895.0, 568.0]",Table,Mardi.,OUT OF SCOPE,,,,,,,OUT OF SCOPE,OUT OF SCOPE,model,0.9999,2026-09-22 19:53:06
94050a5c-716a-5355-9c63-fc91ff78507a,00000000-0000-0000-0000-000000000000,178.12.56,178,11,12,56,"[23.0, 346.0, 895.0, 568.0]",Table,Auxerre.....,OUT OF SCOPE,,,,,,,OUT OF SCOPE,OUT OF SCOPE,model,0.9994,2026-09-22 19:53:06
4a7ec6e9-6445-508b-89f2-c7a1891f68cf,00000000-0000-0000-0000-000000000000,178.12.57,178,11,12,57,"[23.0, 346.0, 895.0, 568.0]",Table,Saint-Bernard..,OUT OF SCOPE,,,,,,,OUT OF SCOPE,OUT OF SCOPE,model,0.9989,2026-09-22 19:53:06
2e0b083d-e435-5d16-80bf-0ea777f44b18,00000000-0000-0000-0000-000000000000,178.12.58,178,11,12,58,"[23.0, 346.0, 895.0, 568.0]",Table,Samedi.....,OUT OF SCOPE,,,,,,,OUT OF SCOPE,OUT OF SCOPE,model,0.9994,2026-09-22 19:53:06
96fe7527-e56c-5073-ad6c-835334366f45,00000000-0000-0000-0000-000000000000,178.12.59,178,11,12,59,"[23.0, 346.0, 895.0, 568.0]",Table,Mercredi..,OUT OF SCOPE,,,,,,,OUT OF SCOPE,OUT OF SCOPE,model,0.9998,2026-09-22 19:53:06
0ccb13a5-2ad0-5322-b352-f3d75b831960,00000000-0000-0000-0000-000000000000,178.12.60,178,11,12,60,"[23.0, 346.0, 895.0, 568.0]",Table,Jeudi.....,OUT OF SCOPE,,,,,,,OUT OF SCOPE,OUT OF SCOPE,model,0.9993,2026-09-22 19:53:06
6000f649-6389-5159-b158-216f645ac28e,00000000-0000-0000-0000-000000000000,178.12.61,178,11,12,61,"[23.0, 346.0, 895.0, 568.0]",Table,Samedi.,OUT OF SCOPE,,,,,,,OUT OF SCOPE,OUT OF SCOPE,human,1.0,2026-09-22 19:49:41
ba41c9fe-60b4-5f9d-a133-2ac0b3fbec25,00000000-0000-0000-0000-000000000000,178.13.0,178,12,13,0,"[178.0, 595.0, 741.0, 614.0]",Section-Header,## DOCTEURS EN MÉDECINE.,TITLE,,,,,,,B-TITLE,B-TITLE,human,1.0,2026-09-22 19:49:41
6b7795c8-c9fc-5931-ad07-6bf386e828fe,ba41c9fe-60b4-5f9d-a133-2ac0b3fbec25,178.14.0,178,13,14,0,"[23.0, 622.0, 407.0, 639.0]",Text,"Abraham, rue Neuve-de-l'Abbaye, 4.",ENTRY,"<SUBJ>Abraham</SUBJ>, <ADDR>rue Neuve-de-l'Abbaye, 4.</ADDR>",1,0,1,1.0000,,B-ENTRY,B-ENTRY,human,1.0,2026-09-22 19:50:10
d4012c92-360a-52ac-85a2-d2bafb032c4c,ba41c9fe-60b4-5f9d-a133-2ac0b3fbec25,178.15.0,178,14,15,0,"[23.0, 637.0, 374.0, 652.0]",Text,"Albert, rue du Cherche-Midi, 25.",ENTRY,"<SUBJ>Albert</SUBJ>, <ADDR>rue du Cherche-Midi, 25.</ADDR>",1,0,1,1.0000,,B-ENTRY,B-ENTRY,human,1.0,2026-09-22 19:50:10
080859d7-455a-57a5-a814-02b03b579043,ba41c9fe-60b4-5f9d-a133-2ac0b3fbec25,178.16.0,178,15,16,0,"[23.0, 650.0, 320.0, 665.0]",Text,"Allard, rue Hauteséuille, 19.",ENTRY,"<SUBJ>Allard</SUBJ>, <ADDR>rue Hauteséuille, 19.</ADDR>",1,0,1,1.0000,,B-ENTRY,B-ENTRY,model,0.9709,2026-09-22 19:53:06
3a829ec1-c54d-58ce-91c2-f142e68719f4,ba41c9fe-60b4-5f9d-a133-2ac0b3fbec25,178.17.0,178,16,17,0,"[23.0, 663.0, 353.0, 678.0]",Text,"Allard, rue Saint-Jacques, 297.",ENTRY,"<SUBJ>Allard</SUBJ>, <ADDR>rue Saint-Jacques, 297.</ADDR>",1,0,1,1.0000,,B-ENTRY,B-ENTRY,model,0.9825,2026-09-22 19:53:06
2cd9f566-467c-5292-8805-cc2553f4f10a,ba41c9fe-60b4-5f9d-a133-2ac0b3fbec25,178.18.0,178,17,18,0,"[23.0, 676.0, 343.0, 690.0]",Text,"Andral, à l'hôtel des Invalides.",ENTRY,"<SUBJ>Andral</SUBJ>, <ADDR>à l'hôtel des Invalides.</ADDR>",1,0,1,1.0000,,B-ENTRY,B-ENTRY,model,0.9862,2026-09-22 19:53:06
7192a6c1-eaf2-5745-ae89-9f1e0bedfeae,ba41c9fe-60b4-5f9d-a133-2ac0b3fbec25,178.19.0,178,18,19,0,"[23.0, 688.0, 403.0, 703.0]",Text,"Andravit, rue Traversière-S.-Honoré.",ENTRY,"<SUBJ>Andravit</SUBJ>, <ADDR>rue Traversière-S.-Honoré.</ADDR>",1,0,1,1.0000,,B-ENTRY,B-ENTRY,model,0.9744,2026-09-22 19:53:06
2e5904e2-da97-5c55-9b3f-bf8bb6874a6f,ba41c9fe-60b4-5f9d-a133-2ac0b3fbec25,178.20.0,178,19,20,0,"[23.0, 701.0, 287.0, 715.0]",Text,"André, rue Feydeau, 15.",ENTRY,"<SUBJ>André</SUBJ>, <ADDR>rue Feydeau, 15.</ADDR>",1,0,1,1.0000,,B-ENTRY,B-ENTRY,model,0.9714,2026-09-22 19:53:06
327a371b-0a70-53cb-afe6-5c4fbc7bc335,ba41c9fe-60b4-5f9d-a133-2ac0b3fbec25,178.21.0,178,20,21,0,"[23.0, 714.0, 317.0, 728.0]",Text,"Andry, rue des Ecouffes, 16.",ENTRY,"<SUBJ>Andry</SUBJ>, <ADDR>rue des Ecouffes, 16.</ADDR>",1,0,1,1.0000,,B-ENTRY,B-ENTRY,model,0.9748,2026-09-22 19:53:06
4e7b3d86-9d90-579a-8960-3b40af63430d,ba41c9fe-60b4-5f9d-a133-2ac0b3fbec25,178.22.0,178,21,22,0,"[23.0, 727.0, 380.0, 741.0]",Text,"Asquier, rue du Cherche-Midi, 21.",ENTRY,"<SUBJ>Asquier</SUBJ>, <ADDR>rue du Cherche-Midi, 21.</ADDR>",1,0,1,1.0000,,B-ENTRY,B-ENTRY,model,0.9884,2026-09-22 19:53:06
efdd21e4-15b3-5e85-8737-43c346815f22,ba41c9fe-60b4-5f9d-a133-2ac0b3fbec25,178.23.0,178,22,23,0,"[23.0, 739.0, 388.0, 754.0]",Text,"Asselin, rue Neuve-Saint-Méry, 52.",ENTRY,"<SUBJ>Asselin</SUBJ>, <ADDR>rue Neuve-Saint-Méry, 52.</ADDR>",1,0,1,1.0000,,B-ENTRY,B-ENTRY,model,0.9708,2026-09-22 19:53:06
5dcd0d5f-87c7-5073-8262-8cbc7c04fe6b,ba41c9fe-60b4-5f9d-a133-2ac0b3fbec25,178.24.0,178,23,24,0,"[23.0, 752.0, 284.0, 766.0]",Text,"Audenet, rue des Noyers.",ENTRY,"<SUBJ>Audenet</SUBJ>, <ADDR>rue des Noyers.</ADDR>",1,0,1,1.0000,,B-ENTRY,B-ENTRY,model,0.9723,2026-09-22 19:53:06
22c7e74f-94c8-522e-954b-b1e82ac7a500,ba41c9fe-60b4-5f9d-a133-2ac0b3fbec25,178.25.0,178,24,25,0,"[23.0, 765.0, 353.0, 779.0]",Text,"Bacher, rue de la Convention, 1.",ENTRY,"<SUBJ>Bacher</SUBJ>, <ADDR>rue de la Convention, 1.</ADDR>",1,0,1,1.0000,,B-ENTRY,B-ENTRY,model,0.9849,2026-09-22 19:53:06
63412bc5-8423-5977-8997-72009162be60,ba41c9fe-60b4-5f9d-a133-2ac0b3fbec25,178.26.0,178,25,26,0,"[23.0, 777.0, 374.0, 792.0]",Text,"Bajet, rue Michel-le-Pelletier, 14.",ENTRY,"<SUBJ>Bajet</SUBJ>, <ADDR>rue Michel-le-Pelletier, 14.</ADDR>",1,0,1,1.0000,,B-ENTRY,B-ENTRY,model,0.9714,2026-09-22 19:53:06
aa519b5c-5819-57c7-82da-904e60f86ce2,ba41c9fe-60b4-5f9d-a133-2ac0b3fbec25,178.27.0,178,26,27,0,"[23.0, 790.0, 353.0, 805.0]",Text,"Baillergeau, rue de Vaugirard, 9.",ENTRY,"<SUBJ>Baillergeau</SUBJ>, <ADDR>rue de Vaugirard, 9.</ADDR>",1,0,1,1.0000,,B-ENTRY,B-ENTRY,model,0.9751,2026-09-22 19:53:06
042ca2f4-5fb6-5ee1-84f5-69b4a114d896,ba41c9fe-60b4-5f9d-a133-2ac0b3fbec25,178.28.0,178,27,28,0,"[23.0, 803.0, 334.0, 817.0]",Text,"Ballerol, rue Montorgueil, 51.",ENTRY,"<SUBJ>Ballerol</SUBJ>, <ADDR>rue Montorgueil, 51.</ADDR>",1,0,1,1.0000,,B-ENTRY,B-ENTRY,model,0.9714,2026-09-22 19:53:06
8e1271ef-7d88-5959-96fc-b0188cf25b03,ba41c9fe-60b4-5f9d-a133-2ac0b3fbec25,178.29.0,178,28,29,0,"[23.0, 815.0, 334.0, 830.0]",Text,"Barras, rue du Harlay, 29.",ENTRY,"<SUBJ>Barras</SUBJ>, <ADDR>rue du Harlay, 29.</ADDR>",1,0,1,1.0000,,B-ENTRY,B-ENTRY,model,0.9751,2026-09-22 19:53:06
cea10b5d-0bb3-553c-b49b-6fbe028b0109,ba41c9fe-60b4-5f9d-a133-2ac0b3fbec25,178.30.0,178,29,30,0,"[23.0, 828.0, 334.0, 843.0]",Text,"Bartholy, rue Montorgueil, 82.",ENTRY,"<SUBJ>Bartholy</SUBJ>, <ADDR>rue Montorgueil, 82.</ADDR>",1,0,1,1.0000,,B-ENTRY,B-ENTRY,model,0.9714,2026-09-22 19:53:06
7dfc66f8-706c-5e72-9e22-ad4cef6ceb8d,ba41c9fe-60b4-5f9d-a133-2ac0b3fbec25,178.31.0,178,30,31,0,"[23.0, 841.0, 334.0, 856.0]",Text,"Bayle, rue du Jardinet, 1.",ENTRY,"<SUBJ>Bayle</SUBJ>, <ADDR>rue du Jardinet, 1.</ADDR>",1,0,1,1.0000,,B-ENTRY,B-ENTRY,model,0.9749,2026-09-22 19:53:06
71aad7ab-dab6-5819-83f8-68e043fec3ed,ba41c9fe-60b4-5f9d-a133-2ac0b3fbec25,178.32.0,178,31,32,0,"[23.0, 854.0, 450.0, 878.0]",Text,"Bazin-de-la-Repenellière, rue Notre-Dame-des-Victoires, 1.",ENTRY,"<SUBJ>Bazin-de-la-Repenellière</SUBJ>, <ADDR>rue Notre-Dame-des-Victoires, 1.</ADDR>",1,0,1,1.0000,,B-ENTRY,B-ENTRY,model,0.9832,2026-09-22 19:53:06
9e650ee2-a0e0-54eb-b3ad-87a040eb8ba3,ba41c9fe-60b4-5f9d-a133-2ac0b3fbec25,178.33.0,178,32,33,0,"[468.0, 622.0, 736.0, 639.0]",Text,"Bauduin, rue Favart, 8.",ENTRY,"<SUBJ>Bauduin</SUBJ>, <ADDR>rue Favart, 8.</ADDR>",1,0,1,1.0000,,B-ENTRY,B-ENTRY,model,0.9712,2026-09-22 19:53:06
a19a17a8-480b-5c73-a632-ff9d9c5f6204,ba41c9fe-60b4-5f9d-a133-2ac0b3fbec25,178.34.0,178,33,34,0,"[468.0, 637.0, 750.0, 652.0]",Text,"Belloste, rue de Sèvres, 2.",ENTRY,"<SUBJ>Belloste</SUBJ>, <ADDR>rue de Sèvres, 2.</ADDR>",1,0,1,1.0000,,B-ENTRY,B-ENTRY,model,0.9751,2026-09-22 19:53:06
3446f4c1-08ed-5bfa-aab2-e74dae549173,ba41c9fe-60b4-5f9d-a133-2ac0b3fbec25,178.35.0,178,34,35,0,"[468.0, 650.0, 756.0, 665.0]",Text,"Bénard, rue Mazariné, 26.",ENTRY,"<SUBJ>Bénard</SUBJ>, <ADDR>rue Mazariné, 26.</ADDR>",1,0,1,1.0000,,B-ENTRY,B-ENTRY,human,1.0,2026-09-22 19:52:49
589aaef0-f83f-55fc-a9b0-27c68250304d,ba41c9fe-60b4-5f9d-a133-2ac0b3fbec25,178.36.0,178,35,36,0,"[468.0, 663.0, 860.0, 678.0]",Text,"Bertholet, rue d'Enfer, 57.—Therm.",ENTRY,"<SUBJ>Bertholet</SUBJ>, <ADDR>rue d'Enfer, 57.—Therm.</ADDR>",1,0,1,1.0000,,B-ENTRY,B-ENTRY,human,1.0,2026-09-22 19:52:49
be4d534c-77e2-5fed-b943-ecb754b360ab,ba41c9fe-60b4-5f9d-a133-2ac0b3fbec25,178.37.0,178,36,37,0,"[468.0, 676.0, 770.0, 690.0]",Text,"Bertin, rue Saint-Méry, 25.",ENTRY,"<SUBJ>Bertin</SUBJ>, <ADDR>rue Saint-Méry, 25.</ADDR>",1,0,1,1.0000,,B-ENTRY,B-ENTRY,model,0.9831,2026-09-22 19:53:06
96ec13fb-dcbd-5b85-852d-a6db94f992f7,ba41c9fe-60b4-5f9d-a133-2ac0b3fbec25,178.38.0,178,37,38,0,"[468.0, 688.0, 736.0, 703.0]",Text,"Bessard, rue Batave, 15.",ENTRY,"<SUBJ>Bessard</SUBJ>, <ADDR>rue Batave, 15.</ADDR>",1,0,1,1.0000,,B-ENTRY,B-ENTRY,model,0.9712,2026-09-22 19:53:06
2628c834-bcc6-55d3-8f99-cd20d930bfdf,ba41c9fe-60b4-5f9d-a133-2ac0b3fbec25,178.39.0,178,38,39,0,"[468.0, 701.0, 783.0, 715.0]",Text,"Bezard, rue de Thorigny, 14.",ENTRY,"<SUBJ>Bezard</SUBJ>, <ADDR>rue de Thorigny, 14.</ADDR>",1,0,1,1.0000,,B-ENTRY,B-ENTRY,model,0.9749,2026-09-22 19:53:06
0279b06f-dd87-5af8-8853-07b022f6eea0,ba41c9fe-60b4-5f9d-a133-2ac0b3fbec25,178.40.0,178,39,40,0,"[468.0, 714.0, 893.0, 738.0]",Text,"Bianchi-de-Blanchet, rue Neuve-Saint-Marc.",ENTRY,"<SUBJ>Bianchi-de-Blanchet</SUBJ>, <ADDR>rue Neuve-Saint-Marc.</ADDR>",1,0,1,1.0000,,B-ENTRY,B-ENTRY,model,0.9753,2026-09-22 19:53:06
9f2a53f1-1994-5032-8a68-4c376ea490d4,ba41c9fe-60b4-5f9d-a133-2ac0b3fbec25,178.41.0,178,40,41,0,"[468.0, 737.0, 766.0, 752.0]",Text,"Biron, rue de Verneuil, 57.",ENTRY,"<SUBJ>Biron</SUBJ>, <ADDR>rue de Verneuil, 57.</ADDR>",1,0,1,1.0000,,B-ENTRY,B-ENTRY,model,0.975,2026-09-22 19:53:06
5a1ee6f9-8cd1-552f-9796-c01f9dccfc1e,ba41c9fe-60b4-5f9d-a133-2ac0b3fbec25,178.42.0,178,41,42,0,"[468.0, 750.0, 853.0, 765.0]",Text,"Bodard, rue Neuve-Saint-Denis, 15.",ENTRY,"<SUBJ>Bodard</SUBJ>, <ADDR>rue Neuve-Saint-Denis, 15.</ADDR>",1,0,1,1.0000,,B-ENTRY,B-ENTRY,model,0.9714,2026-09-22 19:53:06
2ad522bc-e3c6-5ffb-82e0-e15469673dd4,ba41c9fe-60b4-5f9d-a133-2ac0b3fbec25,178.43.0,178,42,43,0,"[468.0, 763.0, 811.0, 777.0]",Text,"Bodin, rue de la Chanvrerie, 10.",ENTRY,"<SUBJ>Bodin</SUBJ>, <ADDR>rue de la Chanvrerie, 10.</ADDR>",1,0,1,1.0000,,B-ENTRY,B-ENTRY,model,0.9851,2026-09-22 19:53:06
6b6913fb-36d2-5369-80db-bea5313e2099,ba41c9fe-60b4-5f9d-a133-2ac0b3fbec25,178.44.0,178,43,44,0,"[468.0, 776.0, 736.0, 790.0]",Text,"Bonnet, rue Christine, 9.",ENTRY,"<SUBJ>Bonnet</SUBJ>, <ADDR>rue Christine, 9.</ADDR>",1,0,1,1.0000,,B-ENTRY,B-ENTRY,model,0.9712,2026-09-22 19:53:06
f74ae9c2-e008-5887-91a9-212406a9c965,ba41c9fe-60b4-5f9d-a133-2ac0b3fbec25,178.45.0,178,44,45,0,"[468.0, 789.0, 736.0, 803.0]",Text,"Borel, rue de Savoie, 3.",ENTRY,"<SUBJ>Borel</SUBJ>, <ADDR>rue de Savoie, 3.</ADDR>",1,0,1,1.0000,,B-ENTRY,B-ENTRY,model,0.9748,2026-09-22 19:53:06
c4204e06-8a86-576c-96e6-bf343a8766d1,ba41c9fe-60b4-5f9d-a133-2ac0b3fbec25,178.46.0,178,45,46,0,"[468.0, 802.0, 874.0, 816.0]",Text,"Borie, rue des Fossés-Montmartre, 15.",ENTRY,"<SUBJ>Borie</SUBJ>, <ADDR>rue des Fossés-Montmartre, 15.</ADDR>",1,0,1,1.0000,,B-ENTRY,B-ENTRY,model,0.9884,2026-09-22 19:53:06
96df0cbc-ed03-5ee0-8328-c4abc73238c0,ba41c9fe-60b4-5f9d-a133-2ac0b3fbec25,178.47.0,178,46,47,0,"[468.0, 815.0, 790.0, 829.0]",Text,"Bosquillon, place Cambry, 1.",ENTRY,"<SUBJ>Bosquillon</SUBJ>, <ADDR>place Cambry, 1.</ADDR>",1,0,1,1.0000,,B-ENTRY,B-ENTRY,model,0.9713,2026-09-22 19:53:06
b5aa9f1b-9d8c-55df-a315-355aef1828e2,ba41c9fe-60b4-5f9d-a133-2ac0b3fbec25,178.48.0,178,47,48,0,"[468.0, 828.0, 625.0, 843.0]",Text,"Boltman, rue...",ENTRY,"<SUBJ>Boltman</SUBJ>, <ADDR>rue...</ADDR>",1,0,1,1.0000,,B-ENTRY,B-ENTRY,model,0.9628,2026-09-22 19:53:06
6708878e-f932-5cf7-b5fb-1b75e63705d3,ba41c9fe-60b4-5f9d-a133-2ac0b3fbec25,178.49.0,178,48,49,0,"[468.0, 841.0, 841.0, 856.0]",Text,"Bourdier, place de la Monnaie, 15.",ENTRY,"<SUBJ>Bourdier</SUBJ>, <ADDR>place de la Monnaie, 15.</ADDR>",1,0,1,1.0000,,B-ENTRY,B-ENTRY,model,0.9849,2026-09-22 19:53:06
fcd06257-74f3-54d2-8a3f-d739d8c38479,ba41c9fe-60b4-5f9d-a133-2ac0b3fbec25,178.50.0,178,49,50,0,"[468.0, 854.0, 874.0, 868.0]",Text,"Bourgeois-Delamotte, rue S.-Honoré, 56.",ENTRY,"<SUBJ>Bourgeois-Delamotte</SUBJ>, <ADDR>rue S.-Honoré, 56.</ADDR>",1,0,1,1.0000,,B-ENTRY,B-ENTRY,human,1.0,2026-09-22 19:52:44
e1212327-7971-51a3-a2cb-9da0d0a0d7fc,ba41c9fe-60b4-5f9d-a133-2ac0b3fbec25,178.51.0,178,50,51,0,"[468.0, 867.0, 836.0, 881.0]",Text,"Bourgeois, rue de Popincourt, 22.",ENTRY,"<SUBJ>Bourgeois</SUBJ>, <ADDR>rue de Popincourt, 22.</ADDR>",1,0,1,1.0000,,B-ENTRY,B-ENTRY,human,1.0,2026-09-22 19:52:44
e9c0ee34-6592-53ab-bc24-89a1cb4e72a3,ba41c9fe-60b4-5f9d-a133-2ac0b3fbec25,179.1.0,179,0,1,0,"[228.0, 48.0, 279.0, 67.0]",Page-Header,514,OUT OF SCOPE,,,,,,,OUT OF SCOPE,OUT OF SCOPE,model,0.9854,2026-09-22 19:53:06
2db70e21-6be3-5e88-9230-2e14fcc34c63,ba41c9fe-60b4-5f9d-a133-2ac0b3fbec25,179.2.0,179,1,2,0,"[406.0, 44.0, 808.0, 66.0]",Page-Header,Docteurs en médecine.—PARIS.,OUT OF SCOPE,,,,,,,OUT OF SCOPE,OUT OF SCOPE,model,0.9984,2026-09-22 19:53:06
ee537c20-9329-5f29-8ff4-1372584b6af7,ba41c9fe-60b4-5f9d-a133-2ac0b3fbec25,179.3.0,179,2,3,0,"[228.0, 71.0, 994.0, 914.0]",List-Group,"Bourru, rue des Maçons, 15.  ",ENTRY,"<SUBJ>Bourru</SUBJ>, <ADDR>rue des Maçons, 15.</ADDR>",1,0,1,1.0000,,B-ENTRY,B-ENTRY,model,0.9782,2026-09-22 19:53:06
a70cfa24-82f9-5763-8127-fdeba346f62a,ba41c9fe-60b4-5f9d-a133-2ac0b3fbec25,179.3.1,179,2,3,1,"[228.0, 71.0, 994.0, 914.0]",List-Group,"Bouvenot, rue du Chantre, 15.  ",ENTRY,"<SUBJ>Bouvenot</SUBJ>, <ADDR>rue du Chantre, 15.</ADDR>",1,0,1,1.0000,,B-ENTRY,B-ENTRY,model,0.9871,2026-09-22 19:53:06
83571976-3c12-5576-b6c3-cb7d7543a18d,ba41c9fe-60b4-5f9d-a133-2ac0b3fbec25,179.3.2,179,2,3,2,"[228.0, 71.0, 994.0, 914.0]",List-Group,"Bouvier, place Desaix, 24.  ",ENTRY,"<SUBJ>Bouvier</SUBJ>, <ADDR>place Desaix, 24.</ADDR>",1,0,1,1.0000,,B-ENTRY,B-ENTRY,model,0.9854,2026-09-22 19:53:06
8e7437f0-00a3-5e7b-b334-332897d2536e,ba41c9fe-60b4-5f9d-a133-2ac0b3fbec25,179.3.3,179,2,3,3,"[228.0, 71.0, 994.0, 914.0]",List-Group,"Boyreau-Laffecteur, rue de Varennes, 10.  ",ENTRY,"<SUBJ>Boyreau-Laffecteur</SUBJ>, <ADDR>rue de Varennes, 10.</ADDR>",1,0,1,1.0000,,B-ENTRY,B-ENTRY,model,0.9983,2026-09-22 19:53:06
55dd3351-1a09-5f18-9799-47e0ab8af33e,ba41c9fe-60b4-5f9d-a133-2ac0b3fbec25,179.3.4,179,2,3,4,"[228.0, 71.0, 994.0, 914.0]",List-Group,"Braun, rue Culture-Sainte-Catherine, 8.  ",ENTRY,"<SUBJ>Braun</SUBJ>, <ADDR>rue Culture-Sainte-Catherine, 8.</ADDR>",1,0,1,1.0000,,B-ENTRY,B-ENTRY,model,0.9855,2026-09-22 19:53:06
aa90591b-53a7-5067-b757-20dcee9f5eea,ba41c9fe-60b4-5f9d-a133-2ac0b3fbec25,179.3.5,179,2,3,5,"[228.0, 71.0, 994.0, 914.0]",List-Group,"Bray, rue Salle-au-Comte, 14.  ",ENTRY,"<SUBJ>Bray</SUBJ>, <ADDR>rue Salle-au-Comte, 14.</ADDR>",1,0,1,1.0000,,B-ENTRY,B-ENTRY,model,0.9856,2026-09-22 19:53:06
46dd649e-3b78-5b4d-96af-4ba611369caf,ba41c9fe-60b4-5f9d-a133-2ac0b3fbec25,179.3.6,179,2,3,6,"[228.0, 71.0, 994.0, 914.0]",List-Group,"Brechot, rue Saint-Honoré, 515.  ",ENTRY,"<SUBJ>Brechot</SUBJ>, <ADDR>rue Saint-Honoré, 515.</ADDR>",1,0,1,1.0000,,B-ENTRY,B-ENTRY,model,0.9914,2026-09-22 19:53:06
98cb45e3-7947-5fce-8a75-aa5a1b27144b,ba41c9fe-60b4-5f9d-a133-2ac0b3fbec25,179.3.7,179,2,3,7,"[228.0, 71.0, 994.0, 914.0]",List-Group,"Bressy, rue du Battoir, 20.  ",ENTRY,"<SUBJ>Bressy</SUBJ>, <ADDR>rue du Battoir, 20.</ADDR>",1,0,1,1.0000,,B-ENTRY,B-ENTRY,model,0.9875,2026-09-22 19:53:06
4b0587e8-e34b-543a-9b40-5e900a9bbfc5,ba41c9fe-60b4-5f9d-a133-2ac0b3fbec25,179.3.8,179,2,3,8,"[228.0, 71.0, 994.0, 914.0]",List-Group,"Brieu de, rue Vivienne, 22.  ",ENTRY,"<SUBJ>Brieu de</SUBJ>, <ADDR>rue Vivienne, 22.</ADDR>",1,0,1,1.0000,,B-ENTRY,B-ENTRY,model,0.9529,2026-09-22 19:53:06
c601fbe9-f20c-53dd-b2f8-f93602344716,ba41c9fe-60b4-5f9d-a133-2ac0b3fbec25,179.3.9,179,2,3,9,"[228.0, 71.0, 994.0, 914.0]",List-Group,"Brillouet, rue de Bourgogne, 101.  ",ENTRY,"<SUBJ>Brillouet</SUBJ>, <ADDR>rue de Bourgogne, 101.</ADDR>",1,0,1,1.0000,,B-ENTRY,B-ENTRY,model,0.9876,2026-09-22 19:53:06
107ad11e-a1c3-568e-9f85-02c6e0b2c9fe,ba41c9fe-60b4-5f9d-a133-2ac0b3fbec25,179.3.10,179,2,3,10,"[228.0, 71.0, 994.0, 914.0]",List-Group,"Brulois, rue de Grenelle, 114.  ",ENTRY,"<SUBJ>Brulois</SUBJ>, <ADDR>rue de Grenelle, 114.</ADDR>",1,0,1,1.0000,,B-ENTRY,B-ENTRY,model,0.9872,2026-09-22 19:53:06
91fe8407-33b5-550f-b262-608e3c31327a,ba41c9fe-60b4-5f9d-a133-2ac0b3fbec25,179.3.11,179,2,3,11,"[228.0, 71.0, 994.0, 914.0]",List-Group,"Brunneau, rue du Vieux-Colombier, 24.  ",ENTRY,"<SUBJ>Brunneau</SUBJ>, <ADDR>rue du Vieux-Colombier, 24.</ADDR>",1,0,1,1.0000,,B-ENTRY,B-ENTRY,model,0.9941,2026-09-22 19:53:06
9f07e5fb-71df-57f3-94c6-9a1e92261659,ba41c9fe-60b4-5f9d-a133-2ac0b3fbec25,179.3.12,179,2,3,12,"[228.0, 71.0, 994.0, 914.0]",List-Group,"Brunet (J.-B.), rue des Petits-Augustins, 21.  ",ENTRY,"<SUBJ>Brunet (J.-B.)</SUBJ>, <ADDR>rue des Petits-Augustins, 21.</ADDR>",1,0,1,1.0000,,B-ENTRY,B-ENTRY,model,0.9983,2026-09-22 19:53:06
fc571c81-6f24-57ba-9863-809337a2cc93,ba41c9fe-60b4-5f9d-a133-2ac0b3fbec25,179.3.13,179,2,3,13,"[228.0, 71.0, 994.0, 914.0]",List-Group,"Brunet, rue Neuve-des-Petits-Champs, 26.  ",ENTRY,"<SUBJ>Brunet</SUBJ>, <ADDR>rue Neuve-des-Petits-Champs, 26.</ADDR>",1,0,1,1.0000,,B-ENTRY,B-ENTRY,model,0.9914,2026-09-22 19:53:06
cb9d9e5b-9176-55bc-8f6e-27bbbc852588,ba41c9fe-60b4-5f9d-a133-2ac0b3fbec25,179.3.14,179,2,3,14,"[228.0, 71.0, 994.0, 914.0]",List-Group,"Brunie, rue du Four-Saint-Honoré, 15.  ",ENTRY,"<SUBJ>Brunie</SUBJ>, <ADDR>rue du Four-Saint-Honoré, 15.</ADDR>",1,0,1,1.0000,,B-ENTRY,B-ENTRY,model,0.9922,2026-09-22 19:53:06
547f313c-6d3e-5f76-bc4b-d57bdadbd166,ba41c9fe-60b4-5f9d-a133-2ac0b3fbec25,179.3.15,179,2,3,15,"[228.0, 71.0, 994.0, 914.0]",List-Group,"Braslé, rue Férou.  ",ENTRY,"<SUBJ>Braslé</SUBJ>, <ADDR>rue Férou.</ADDR>",1,0,1,1.0000,,B-ENTRY,B-ENTRY,model,0.9883,2026-09-22 19:53:06
9874070a-f129-5db0-adfa-b7863d89bd7a,ba41c9fe-60b4-5f9d-a133-2ac0b3fbec25,179.3.16,179,2,3,16,"[228.0, 71.0, 994.0, 914.0]",List-Group,"Buchos, rue de l'École-de-Médecine, 20.  ",ENTRY,"<SUBJ>Buchos</SUBJ>, <ADDR>rue de l'École-de-Médecine, 20.</ADDR>",1,0,1,1.0000,,B-ENTRY,B-ENTRY,model,0.9922,2026-09-22 19:53:06
8509548e-8595-51d2-b8e0-4e19e64f012c,ba41c9fe-60b4-5f9d-a133-2ac0b3fbec25,179.3.17,179,2,3,17,"[228.0, 71.0, 994.0, 914.0]",List-Group,"Burard, rue de l'Égalité, 4.  ",ENTRY,"<SUBJ>Burard</SUBJ>, <ADDR>rue de l'Égalité, 4.</ADDR>",1,0,1,1.0000,,B-ENTRY,B-ENTRY,model,0.9941,2026-09-22 19:53:06
7551e363-ce5b-5a23-9963-a657f9f30e66,ba41c9fe-60b4-5f9d-a133-2ac0b3fbec25,179.3.18,179,2,3,18,"[228.0, 71.0, 994.0, 914.0]",List-Group,"Buynin, rue du Faub.-Saint-Antoine, 5.  ",ENTRY,"<SUBJ>Buynin</SUBJ>, <ADDR>rue du Faub.-Saint-Antoine, 5.</ADDR>",1,0,1,1.0000,,B-ENTRY,B-ENTRY,model,0.9923,2026-09-22 19:53:06
578f3d6c-8800-5792-bd3b-2501b83621c1,ba41c9fe-60b4-5f9d-a133-2ac0b3fbec25,179.3.19,179,2,3,19,"[228.0, 71.0, 994.0, 914.0]",List-Group,"Caille, rue de l'Université, 7.  ",ENTRY,"<SUBJ>Caille</SUBJ>, <ADDR>rue de l'Université, 7.</ADDR>",1,0,1,1.0000,,B-ENTRY,B-ENTRY,model,0.994,2026-09-22 19:53:06
5cb56e5a-8c5f-58d9-95b5-af7507e9b500,ba41c9fe-60b4-5f9d-a133-2ac0b3fbec25,179.3.20,179,2,3,20,"[228.0, 71.0, 994.0, 914.0]",List-Group,"Callet, rue des Fossés-Saint-Jacques.  ",ENTRY,"<SUBJ>Callet</SUBJ>, <ADDR>rue des Fossés-Saint-Jacques.</ADDR>",1,0,1,1.0000,,B-ENTRY,B-ENTRY,model,0.99,2026-09-22 19:53:06
3e791e88-1438-56bb-aa8a-43eccc260a1e,ba41c9fe-60b4-5f9d-a133-2ac0b3fbec25,179.3.21,179,2,3,21,"[228.0, 71.0, 994.0, 914.0]",List-Group,"Cauvet, rue.....  ",ENTRY,"<SUBJ>Cauvet</SUBJ>, <ADDR>rue.....</ADDR>",1,0,1,1.0000,,B-ENTRY,B-ENTRY,model,0.9814,2026-09-22 19:53:06
a6f9ca4a-c25b-545a-b9f0-596718110a57,ba41c9fe-60b4-5f9d-a133-2ac0b3fbec25,179.3.22,179,2,3,22,"[228.0, 71.0, 994.0, 914.0]",List-Group,"Capuron, rue Saint-André-des-Arcs, 58.  ",ENTRY,"<SUBJ>Capuron</SUBJ>, <ADDR>rue Saint-André-des-Arcs, 58.</ADDR>",1,0,1,1.0000,,B-ENTRY,B-ENTRY,model,0.9915,2026-09-22 19:53:06
dcaffdec-b480-5ca0-bb1b-42086f0b1082,ba41c9fe-60b4-5f9d-a133-2ac0b3fbec25,179.3.23,179,2,3,23,"[228.0, 71.0, 994.0, 914.0]",List-Group,"Carette, rue du Faub.-Saint-Jacques, 215.  ",ENTRY,"<SUBJ>Carette</SUBJ>, <ADDR>rue du Faub.-Saint-Jacques, 215.</ADDR>",1,0,1,1.0000,,B-ENTRY,B-ENTRY,model,0.9923,2026-09-22 19:53:06
fd14d038-d7a9-53c8-b271-77e263be7042,ba41c9fe-60b4-5f9d-a133-2ac0b3fbec25,179.3.24,179,2,3,24,"[228.0, 71.0, 994.0, 914.0]",List-Group,"Carré, rue Thévenot, 7.  ",ENTRY,"<SUBJ>Carré</SUBJ>, <ADDR>rue Thévenot, 7.</ADDR>",1,0,1,1.0000,,B-ENTRY,B-ENTRY,model,0.9855,2026-09-22 19:53:06
73cbb67b-62d3-513e-88ec-9a4cd88e8c66,ba41c9fe-60b4-5f9d-a133-2ac0b3fbec25,179.3.25,179,2,3,25,"[228.0, 71.0, 994.0, 914.0]",List-Group,"Casenave, rue Amelot, 52.  ",ENTRY,"<SUBJ>Casenave</SUBJ>, <ADDR>rue Amelot, 52.</ADDR>",1,0,1,1.0000,,B-ENTRY,B-ENTRY,model,0.9856,2026-09-22 19:53:06
a59fe42c-2d5d-5841-a95d-0e66e31fb7fd,ba41c9fe-60b4-5f9d-a133-2ac0b3fbec25,179.3.26,179,2,3,26,"[228.0, 71.0, 994.0, 914.0]",List-Group,"Castel, rue du Bacq, 50.  ",ENTRY,"<SUBJ>Castel</SUBJ>, <ADDR>rue du Bacq, 50.</ADDR>",1,0,1,1.0000,,B-ENTRY,B-ENTRY,model,0.9873,2026-09-22 19:53:06
f6691adb-e1b8-5fe2-a690-d57a045e88d9,ba41c9fe-60b4-5f9d-a133-2ac0b3fbec25,179.3.27,179,2,3,27,"[228.0, 71.0, 994.0, 914.0]",List-Group,"Cattet, rue Saint-Honoré, 125.  ",ENTRY,"<SUBJ>Cattet</SUBJ>, <ADDR>rue Saint-Honoré, 125.</ADDR>",1,0,1,1.0000,,B-ENTRY,B-ENTRY,model,0.9913,2026-09-22 19:53:06
2e0e3b5f-bdad-5853-b0bd-618b36e4070b,ba41c9fe-60b4-5f9d-a133-2ac0b3fbec25,"179.3.28,179.3.29","179,179","2,2","3,3","28,29","[228.0, 71.0, 994.0, 914.0],[228.0, 71.0, 994.0, 914.0]","List-Group,List-Group","Cattin-de-Beaumarchel, rue des Nonnain- dières, 18.",ENTRY,"<SUBJ>Cattin-de-Beaumarchel</SUBJ>, <ADDR>rue des Nonnain- dières, 18.</ADDR>",1,0,1,1.0000,,"B-ENTRY,I-ENTRY","B-ENTRY,I-ENTRY","model,model","0.999,1.0","2026-09-22 19:53:06,2026-09-22 19:53:06"
ffe37e53-50f6-5818-8726-d66603896abc,ba41c9fe-60b4-5f9d-a133-2ac0b3fbec25,179.3.30,179,2,3,30,"[228.0, 71.0, 994.0, 914.0]",List-Group,"Caulet, rue des Enfants-Rouges, 2.  ",ENTRY,"<SUBJ>Caulet</SUBJ>, <ADDR>rue des Enfants-Rouges, 2.</ADDR>",1,0,1,1.0000,,B-ENTRY,B-ENTRY,model,0.9989,2026-09-22 19:53:06
47d161c3-5adc-5c1d-a221-a1b709b92bcc,ba41c9fe-60b4-5f9d-a133-2ac0b3fbec25,179.3.31,179,2,3,31,"[228.0, 71.0, 994.0, 914.0]",List-Group,"Cavalan, rue de Lille, 19.  ",ENTRY,"<SUBJ>Cavalan</SUBJ>, <ADDR>rue de Lille, 19.</ADDR>",1,0,1,1.0000,,B-ENTRY,B-ENTRY,model,0.9872,2026-09-22 19:53:06
adf229c0-a39d-5ef5-906f-8ed69df59f4f,ba41c9fe-60b4-5f9d-a133-2ac0b3fbec25,179.3.32,179,2,3,32,"[228.0, 71.0, 994.0, 914.0]",List-Group,"Cellier, rue de Cléry, 62.  ",ENTRY,"<SUBJ>Cellier</SUBJ>, <ADDR>rue de Cléry, 62.</ADDR>",1,0,1,1.0000,,B-ENTRY,B-ENTRY,model,0.9872,2026-09-22 19:53:06
666f52bb-4197-53cd-88da-36d0f2065373,ba41c9fe-60b4-5f9d-a133-2ac0b3fbec25,179.3.33,179,2,3,33,"[228.0, 71.0, 994.0, 914.0]",List-Group,"Chailly, rue de la Calandre, 19.  ",ENTRY,"<SUBJ>Chailly</SUBJ>, <ADDR>rue de la Calandre, 19.</ADDR>",1,0,1,1.0000,,B-ENTRY,B-ENTRY,model,0.9924,2026-09-22 19:53:06
464315cd-61a7-599d-a91d-bd59398559ef,ba41c9fe-60b4-5f9d-a133-2ac0b3fbec25,179.3.34,179,2,3,34,"[228.0, 71.0, 994.0, 914.0]",List-Group,"Chalibert, à Saint-Denis.  ",ENTRY,"<SUBJ>Chalibert</SUBJ>, <ADDR>à Saint-Denis.</ADDR>",1,0,1,1.0000,,B-ENTRY,B-ENTRY,model,0.979,2026-09-22 19:53:06
d873e91a-3d86-5706-9e8b-2fcdf7ebe284,ba41c9fe-60b4-5f9d-a133-2ac0b3fbec25,179.3.35,179,2,3,35,"[228.0, 71.0, 994.0, 914.0]",List-Group,"Chambon-de-Montant, rue Guénégand, 51.  ",ENTRY,"<SUBJ>Chambon-de-Montant</SUBJ>, <ADDR>rue Guénégand, 51.</ADDR>",1,0,1,1.0000,,B-ENTRY,B-ENTRY,model,0.9856,2026-09-22 19:53:06
efafee3e-cd76-5161-b474-dae35c2c3455,ba41c9fe-60b4-5f9d-a133-2ac0b3fbec25,179.3.36,179,2,3,36,"[228.0, 71.0, 994.0, 914.0]",List-Group,"Chappon, rue du Cherche-Midi, 26.  ",ENTRY,"<SUBJ>Chappon</SUBJ>, <ADDR>rue du Cherche-Midi, 26.</ADDR>",1,0,1,1.0000,,B-ENTRY,B-ENTRY,model,0.9941,2026-09-22 19:53:06
c1ab1a01-7f16-5861-ad6c-fc348e058ac4,ba41c9fe-60b4-5f9d-a133-2ac0b3fbec25,"179.3.37,179.3.38","179,179","2,2","3,3","37,38","[228.0, 71.0, 994.0, 914.0],[228.0, 71.0, 994.0, 914.0]","List-Group,List-Group","Chanssier, rue de la Montagne-Sainte- Geneviève, à l'École polytechnique.",ENTRY,"<SUBJ>Chanssier</SUBJ>, <ADDR>rue de la Montagne-Sainte- Geneviève, à l'École polytechnique.</ADDR>",1,0,1,1.0000,,"B-ENTRY,I-ENTRY","B-ENTRY,I-ENTRY","human,human","1.0,1.0","2026-09-22 19:52:39,2026-09-22 19:52:39"
b585bd46-6577-52f1-b977-a1bd0f9f599e,ba41c9fe-60b4-5f9d-a133-2ac0b3fbec25,"179.3.39,179.3.40","179,179","2,2","3,3","39,40","[228.0, 71.0, 994.0, 914.0],[228.0, 71.0, 994.0, 914.0]","List-Group,List-Group","Chanrot-de-Beauchêne, rue S.-Dominique- S.-Germain, 100.",ENTRY,"<SUBJ>Chanrot-de-Beauchêne</SUBJ>, <ADDR>rue S.-Dominique- S.-Germain, 100.</ADDR>",1,0,1,1.0000,,"B-ENTRY,I-ENTRY","B-ENTRY,I-ENTRY","human,human","1.0,1.0","2026-09-22 19:52:04,2026-09-22 19:52:04"
cf1b7ad9-94a9-5f8d-9d8f-03711050d7d8,ba41c9fe-60b4-5f9d-a133-2ac0b3fbec25,179.3.41,179,2,3,41,"[228.0, 71.0, 994.0, 914.0]",List-Group,"Chevallier-Demolle, c.-de-s. du Doyenné.  ",ENTRY,"<SUBJ>Chevallier-Demolle</SUBJ>, <ADDR>c.-de-s. du Doyenné.</ADDR>",1,0,1,1.0000,,B-ENTRY,B-ENTRY,model,0.9986,2026-09-22 19:53:06
d7ff7eda-c7df-5339-87d3-9595e9370539,ba41c9fe-60b4-5f9d-a133-2ac0b3fbec25,179.3.42,179,2,3,42,"[228.0, 71.0, 994.0, 914.0]",List-Group,"Chigot, rue de la Marche, 7.  ",ENTRY,"<SUBJ>Chigot</SUBJ>, <ADDR>rue de la Marche, 7.</ADDR>",1,0,1,1.0000,,B-ENTRY,B-ENTRY,model,0.9923,2026-09-22 19:53:06
7142a920-0585-5193-9de8-6d8bbd28d8c4,ba41c9fe-60b4-5f9d-a133-2ac0b3fbec25,"179.3.43,179.3.44","179,179","2,2","3,3","43,44","[228.0, 71.0, 994.0, 914.0],[228.0, 71.0, 994.0, 914.0]","List-Group,List-Group","Chrétien (P.-M.), rue des Blancs-Man- teaux, 16.",ENTRY,"<SUBJ>Chrétien (P.-M.)</SUBJ>, <ADDR>rue des Blancs-Man- teaux, 16.</ADDR>",1,0,1,1.0000,,"B-ENTRY,I-ENTRY","B-ENTRY,I-ENTRY","model,model","0.9992,1.0","2026-09-22 19:53:06,2026-09-22 19:53:06"
29ef4c11-0d73-5545-97f9-ffc627ba9be3,ba41c9fe-60b4-5f9d-a133-2ac0b3fbec25,179.3.45,179,2,3,45,"[228.0, 71.0, 994.0, 914.0]",List-Group,"Chrétien-Lalanne, rue de Bracque, 10.  ",ENTRY,"<SUBJ>Chrétien-Lalanne</SUBJ>, <ADDR>rue de Bracque, 10.</ADDR>",1,0,1,1.0000,,B-ENTRY,B-ENTRY,model,0.9997,2026-09-22 19:53:06
d57147e7-389c-5551-be86-917995a0275c,ba41c9fe-60b4-5f9d-a133-2ac0b3fbec25,179.3.46,179,2,3,46,"[228.0, 71.0, 994.0, 914.0]",List-Group,"Collinet, rue Saint-André-des-Arcs, 10.  ",ENTRY,"<SUBJ>Collinet</SUBJ>, <ADDR>rue Saint-André-des-Arcs, 10.</ADDR>",1,0,1,1.0000,,B-ENTRY,B-ENTRY,model,0.9914,2026-09-22 19:53:06
84c94b69-fb80-5dd5-8f1d-bc58d3c26b2b,ba41c9fe-60b4-5f9d-a133-2ac0b3fbec25,179.3.47,179,2,3,47,"[228.0, 71.0, 994.0, 914.0]",List-Group,"Colon, rue des Fossés-Montmartre, 14.  ",ENTRY,"<SUBJ>Colon</SUBJ>, <ADDR>rue des Fossés-Montmartre, 14.</ADDR>",1,0,1,1.0000,,B-ENTRY,B-ENTRY,model,0.9941,2026-09-22 19:53:06
4f772fc0-cf48-55ef-8333-8fd302a3816b,ba41c9fe-60b4-5f9d-a133-2ac0b3fbec25,179.3.48,179,2,3,48,"[228.0, 71.0, 994.0, 914.0]",List-Group,"Corbe, rue du Coq-Saint-Jean, 119.  ",ENTRY,"<SUBJ>Corbe</SUBJ>, <ADDR>rue du Coq-Saint-Jean, 119.</ADDR>",1,0,1,1.0000,,B-ENTRY,B-ENTRY,model,0.9922,2026-09-22 19:53:06
02e416fd-672a-5137-90f8-21ee5aa0816f,ba41c9fe-60b4-5f9d-a133-2ac0b3fbec25,"179.3.49,179.3.50","179,179","2,2","3,3","49,50","[228.0, 71.0, 994.0, 914.0],[228.0, 71.0, 994.0, 914.0]","List-Group,List-Group","Corvisard, *prem. médecin de l'Empereur*, rue S.-Dominique-S.-Germain, 87.",ENTRY,"<SUBJ>Corvisard</SUBJ>, *<DESC>prem. médecin de l'Empereur</DESC>*, <ADDR>rue S.-Dominique-S.-Germain, 87.</ADDR>",1,1,1,1.0000,,"B-ENTRY,I-ENTRY","B-ENTRY,I-ENTRY","model,model","0.9991,0.9816","2026-09-22 19:53:06,2026-09-22 19:53:06"
5028aa45-27e0-5728-ad3d-9f111e6006c3,ba41c9fe-60b4-5f9d-a133-2ac0b3fbec25,179.3.51,179,2,3,51,"[228.0, 71.0, 994.0, 914.0]",List-Group,"Coste, hôtel des Invalides.  ",ENTRY,"<SUBJ>Coste</SUBJ>, <ADDR>hôtel des Invalides.</ADDR>",1,0,1,1.0000,,B-ENTRY,B-ENTRY,model,0.9859,2026-09-22 19:53:06
8385a7c6-7017-5483-8c3a-e6fb05bed265,ba41c9fe-60b4-5f9d-a133-2ac0b3fbec25,179.3.52,179,2,3,52,"[228.0, 71.0, 994.0, 914.0]",List-Group,"Couécou, rue Saint-Marc, 21.  ",ENTRY,"<SUBJ>Couécou</SUBJ>, <ADDR>rue Saint-Marc, 21.</ADDR>",1,0,1,1.0000,,B-ENTRY,B-ENTRY,model,0.9913,2026-09-22 19:53:06
836e8f0f-d43b-594d-8551-118c6c4a7f83,ba41c9fe-60b4-5f9d-a133-2ac0b3fbec25,179.3.53,179,2,3,53,"[228.0, 71.0, 994.0, 914.0]",List-Group,"Coutard, rue Saint-Honoré, 108.  ",ENTRY,"<SUBJ>Coutard</SUBJ>, <ADDR>rue Saint-Honoré, 108.</ADDR>",1,0,1,1.0000,,B-ENTRY,B-ENTRY,model,0.9913,2026-09-22 19:53:06
568c9adb-9c19-5b70-a816-78739a4d68f7,ba41c9fe-60b4-5f9d-a133-2ac0b3fbec25,179.3.54,179,2,3,54,"[228.0, 71.0, 994.0, 914.0]",List-Group,"Couad, rue de Miromesnil, 7.  ",ENTRY,"<SUBJ>Couad</SUBJ>, <ADDR>rue de Miromesnil, 7.</ADDR>",1,0,1,1.0000,,B-ENTRY,B-ENTRY,model,0.9872,2026-09-22 19:53:06
c28cd2fe-cbe7-5b1a-904b-b3b2dec0fc12,ba41c9fe-60b4-5f9d-a133-2ac0b3fbec25,179.3.55,179,2,3,55,"[228.0, 71.0, 994.0, 914.0]",List-Group,"Daignan, rue du Helder, 12.  ",ENTRY,"<SUBJ>Daignan</SUBJ>, <ADDR>rue du Helder, 12.</ADDR>",1,0,1,1.0000,,B-ENTRY,B-ENTRY,model,0.9873,2026-09-22 19:53:06
1ecd9284-52bb-5bbb-9b67-27ff7e458651,ba41c9fe-60b4-5f9d-a133-2ac0b3fbec25,179.3.56,179,2,3,56,"[228.0, 71.0, 994.0, 914.0]",List-Group,"Danyau, rue Hautefeuille, 4.  ",ENTRY,"<SUBJ>Danyau</SUBJ>, <ADDR>rue Hautefeuille, 4.</ADDR>",1,0,1,1.0000,,B-ENTRY,B-ENTRY,model,0.9855,2026-09-22 19:53:06
0140104f-8fa1-57ae-936d-2ddfe8e1496b,ba41c9fe-60b4-5f9d-a133-2ac0b3fbec25,179.3.57,179,2,3,57,"[228.0, 71.0, 994.0, 914.0]",List-Group,"Dansse, rue Grange-Batelière, 26.  ",ENTRY,"<SUBJ>Dansse</SUBJ>, <ADDR>rue Grange-Batelière, 26.</ADDR>",1,0,1,1.0000,,B-ENTRY,B-ENTRY,model,0.9914,2026-09-22 19:53:06
62973bb0-dcdf-5298-a17a-6216bae60785,ba41c9fe-60b4-5f9d-a133-2ac0b3fbec25,179.3.58,179,2,3,58,"[228.0, 71.0, 994.0, 914.0]",List-Group,"Dazille, rue Bergère, 12.  ",ENTRY,"<SUBJ>Dazille</SUBJ>, <ADDR>rue Bergère, 12.</ADDR>",1,0,1,1.0000,,B-ENTRY,B-ENTRY,model,0.9855,2026-09-22 19:53:06
2dec621e-3ff2-5cec-91c0-65e65cd09dfe,ba41c9fe-60b4-5f9d-a133-2ac0b3fbec25,179.3.59,179,2,3,59,"[228.0, 71.0, 994.0, 914.0]",List-Group,"Decandolle, boulevard Montmartre, 10.  ",ENTRY,"<SUBJ>Decandolle</SUBJ>, <ADDR>boulevard Montmartre, 10.</ADDR>",1,0,1,1.0000,,B-ENTRY,B-ENTRY,model,0.9856,2026-09-22 19:53:06
c3978ac3-e89e-50ff-a814-bb432c1a35fe,ba41c9fe-60b4-5f9d-a133-2ac0b3fbec25,179.3.60,179,2,3,60,"[228.0, 71.0, 994.0, 914.0]",List-Group,"Defrasne, rue Meslé, 52.  ",ENTRY,"<SUBJ>Defrasne</SUBJ>, <ADDR>rue Meslé, 52.</ADDR>",1,0,1,1.0000,,B-ENTRY,B-ENTRY,model,0.9854,2026-09-22 19:53:06
73c6fec2-8259-5f9a-a998-f1d54c93990c,ba41c9fe-60b4-5f9d-a133-2ac0b3fbec25,179.3.61,179,2,3,61,"[228.0, 71.0, 994.0, 914.0]",List-Group,"De Jussieu (A.-L.), au Jardin des Plantes.  ",ENTRY,"<SUBJ>De Jussieu (A.-L.)</SUBJ>, <ADDR>au Jardin des Plantes.</ADDR>",1,0,1,1.0000,,B-ENTRY,B-ENTRY,model,0.9934,2026-09-22 19:53:06
5d52c6b6-5a77-5b62-acf3-f4ff98ad2745,ba41c9fe-60b4-5f9d-a133-2ac0b3fbec25,179.3.62,179,2,3,62,"[228.0, 71.0, 994.0, 914.0]",List-Group,"De Jussieu (Chr.-Nic.), rue d'Enfer, 15.  ",ENTRY,"<SUBJ>De Jussieu (Chr.-Nic.)</SUBJ>, <ADDR>rue d'Enfer, 15.</ADDR>",1,0,1,1.0000,,B-ENTRY,B-ENTRY,model,0.9862,2026-09-22 19:53:06
3db4970b-f7fd-5c90-84fa-6d7ca339a0a3,ba41c9fe-60b4-5f9d-a133-2ac0b3fbec25,179.3.63,179,2,3,63,"[228.0, 71.0, 994.0, 914.0]",List-Group,"Delacoudraye, rue du Petit-Carrean, 45.  ",ENTRY,"<SUBJ>Delacoudraye</SUBJ>, <ADDR>rue du Petit-Carrean, 45.</ADDR>",1,0,1,1.0000,,B-ENTRY,B-ENTRY,model,0.9941,2026-09-22 19:53:06
28927540-1a84-5ead-8efb-120d630658c1,ba41c9fe-60b4-5f9d-a133-2ac0b3fbec25,179.3.64,179,2,3,64,"[228.0, 71.0, 994.0, 914.0]",List-Group,"Delamontagne, rue Saint-Antoine, 37.  ",ENTRY,"<SUBJ>Delamontagne</SUBJ>, <ADDR>rue Saint-Antoine, 37.</ADDR>",1,0,1,1.0000,,B-ENTRY,B-ENTRY,model,0.9913,2026-09-22 19:53:06
2464e48b-12b9-578b-b185-aebe3475ba25,ba41c9fe-60b4-5f9d-a133-2ac0b3fbec25,179.3.65,179,2,3,65,"[228.0, 71.0, 994.0, 914.0]",List-Group,"Delaporte, rue N.-des-Petits-Champs, 77.  ",ENTRY,"<SUBJ>Delaporte</SUBJ>, <ADDR>rue N.-des-Petits-Champs, 77.</ADDR>",1,0,1,1.0000,,B-ENTRY,B-ENTRY,model,0.9918,2026-09-22 19:53:06
a933c354-3f0e-5aeb-8ae4-3945f8b89e97,ba41c9fe-60b4-5f9d-a133-2ac0b3fbec25,179.3.66,179,2,3,66,"[228.0, 71.0, 994.0, 914.0]",List-Group,"Delaroche, rue Favart, 7.  ",ENTRY,"<SUBJ>Delaroche</SUBJ>, <ADDR>rue Favart, 7.</ADDR>",1,0,1,1.0000,,B-ENTRY,B-ENTRY,model,0.9855,2026-09-22 19:53:06
db21dd43-9284-56b5-864a-5661640ec014,ba41c9fe-60b4-5f9d-a133-2ac0b3fbec25,179.3.67,179,2,3,67,"[228.0, 71.0, 994.0, 914.0]",List-Group,"Delatour, rue des Barres, 15.  ",ENTRY,"<SUBJ>Delatour</SUBJ>, <ADDR>rue des Barres, 15.</ADDR>",1,0,1,1.0000,,B-ENTRY,B-ENTRY,model,0.9873,2026-09-22 19:53:06
c2c8418d-f99c-5ace-a7fb-7be2e26ea7bd,ba41c9fe-60b4-5f9d-a133-2ac0b3fbec25,179.3.68,179,2,3,68,"[228.0, 71.0, 994.0, 914.0]",List-Group,"Demercy, rue Meslé, 20.  ",ENTRY,"<SUBJ>Demercy</SUBJ>, <ADDR>rue Meslé, 20.</ADDR>",1,0,1,1.0000,,B-ENTRY,B-ENTRY,model,0.9855,2026-09-22 19:53:06
5e3a1084-2a0a-581d-9241-36a4a15a2d68,ba41c9fe-60b4-5f9d-a133-2ac0b3fbec25,179.3.69,179,2,3,69,"[228.0, 71.0, 994.0, 914.0]",List-Group,"Demours, *ocul.*, rue de l'Université, 19.  ",ENTRY,"<SUBJ>Demours</SUBJ>, *<DESC>ocul.</DESC>*, <ADDR>rue de l'Université, 19.</ADDR>",1,1,1,1.0000,,B-ENTRY,B-ENTRY,model,0.9933,2026-09-22 19:53:06
95f296db-435f-58b1-b976-f5bf700f0a13,ba41c9fe-60b4-5f9d-a133-2ac0b3fbec25,179.3.70,179,2,3,70,"[228.0, 71.0, 994.0, 914.0]",List-Group,"Descemet, rue S.-Jacques, au Lycée, 125.  ",ENTRY,"<SUBJ>Descemet</SUBJ>, <ADDR>rue S.-Jacques, au Lycée, 125.</ADDR>",1,0,1,1.0000,,B-ENTRY,B-ENTRY,model,0.9919,2026-09-22 19:53:06
3c449aec-ddf9-5797-872d-e3a5f0463051,ba41c9fe-60b4-5f9d-a133-2ac0b3fbec25,179.3.71,179,2,3,71,"[228.0, 71.0, 994.0, 914.0]",List-Group,"Deschamps fils, rue des Saints-Pères, 25.  ",ENTRY,"<SUBJ>Deschamps fils</SUBJ>, <ADDR>rue des Saints-Pères, 25.</ADDR>",1,0,1,1.0000,,B-ENTRY,B-ENTRY,model,0.953,2026-09-22 19:53:06
03d31d15-9f39-5d85-8749-8ff7e92e42b5,ba41c9fe-60b4-5f9d-a133-2ac0b3fbec25,179.3.72,179,2,3,72,"[228.0, 71.0, 994.0, 914.0]",List-Group,"Des Essarts, cul-de-sac Sourdis, 1.  ",ENTRY,"<SUBJ>Des Essarts</SUBJ>, <ADDR>cul-de-sac Sourdis, 1.</ADDR>",1,0,1,1.0000,,B-ENTRY,B-ENTRY,model,0.9909,2026-09-22 19:53:06
d82515d5-6faf-5797-8471-ac29eedd786c,ba41c9fe-60b4-5f9d-a133-2ac0b3fbec25,179.3.73,179,2,3,73,"[228.0, 71.0, 994.0, 914.0]",List-Group,"Develly, rue de la Tixeranderie, 45.  ",ENTRY,"<SUBJ>Develly</SUBJ>, <ADDR>rue de la Tixeranderie, 45.</ADDR>",1,0,1,1.0000,,B-ENTRY,B-ENTRY,human,1.0,2026-09-22 19:52:03
604e81ef-c58b-51bd-a24a-3751a493416b,ba41c9fe-60b4-5f9d-a133-2ac0b3fbec25,179.3.74,179,2,3,74,"[228.0, 71.0, 994.0, 914.0]",List-Group,"D'Hotel, rue des Boudonnais, 7.  ",ENTRY,"<SUBJ>D'Hotel</SUBJ>, <ADDR>rue des Boudonnais, 7.</ADDR>",1,0,1,1.0000,,B-ENTRY,B-ENTRY,human,1.0,2026-09-22 19:52:03
8d896c3e-f551-59dc-8db3-68fad2b685db,ba41c9fe-60b4-5f9d-a133-2ac0b3fbec25,179.3.75,179,2,3,75,"[228.0, 71.0, 994.0, 914.0]",List-Group,"Double, rue Favart, 6.  ",ENTRY,"<SUBJ>Double</SUBJ>, <ADDR>rue Favart, 6.</ADDR>",1,0,1,1.0000,,B-ENTRY,B-ENTRY,model,0.9867,2026-09-22 19:53:06
2149434f-714d-5fc1-8678-03788a25befd,ba41c9fe-60b4-5f9d-a133-2ac0b3fbec25,179.3.76,179,2,3,76,"[228.0, 71.0, 994.0, 914.0]",List-Group,"Doussin-Dubreuil, rue du Jardinet, 3.  ",ENTRY,"<SUBJ>Doussin-Dubreuil</SUBJ>, <ADDR>rue du Jardinet, 3.</ADDR>",1,0,1,1.0000,,B-ENTRY,B-ENTRY,model,0.9983,2026-09-22 19:53:06
19dcc9ab-4b8f-5bbd-9912-7b888b493c2c,ba41c9fe-60b4-5f9d-a133-2ac0b3fbec25,179.3.77,179,2,3,77,"[228.0, 71.0, 994.0, 914.0]",List-Group,"Dubois, rue de l'Observance, 3.  ",ENTRY,"<SUBJ>Dubois</SUBJ>, <ADDR>rue de l'Observance, 3.</ADDR>",1,0,1,1.0000,,B-ENTRY,B-ENTRY,model,0.994,2026-09-22 19:53:06
65942543-1cd2-54c7-a893-cfee455f1d0c,ba41c9fe-60b4-5f9d-a133-2ac0b3fbec25,179.3.78,179,2,3,78,"[228.0, 71.0, 994.0, 914.0]",List-Group,"Dubourg, rue Saint-Honoré, 66.  ",ENTRY,"<SUBJ>Dubourg</SUBJ>, <ADDR>rue Saint-Honoré, 66.</ADDR>",1,0,1,1.0000,,B-ENTRY,B-ENTRY,model,0.9913,2026-09-22 19:53:06
6b6afcc4-a790-54b7-95d7-615be269d13b,ba41c9fe-60b4-5f9d-a133-2ac0b3fbec25,179.3.79,179,2,3,79,"[228.0, 71.0, 994.0, 914.0]",List-Group,"Duchanoy, rue Saint-Marc, 21.  ",ENTRY,"<SUBJ>Duchanoy</SUBJ>, <ADDR>rue Saint-Marc, 21.</ADDR>",1,0,1,1.0000,,B-ENTRY,B-ENTRY,model,0.9913,2026-09-22 19:53:06
bc0eff92-7927-582e-a363-ae36405fee63,ba41c9fe-60b4-5f9d-a133-2ac0b3fbec25,179.3.80,179,2,3,80,"[228.0, 71.0, 994.0, 914.0]",List-Group,"Dudonjon, cul-de-sac du Doyenné, 5.  ",ENTRY,"<SUBJ>Dudonjon</SUBJ>, <ADDR>cul-de-sac du Doyenné, 5.</ADDR>",1,0,1,1.0000,,B-ENTRY,B-ENTRY,model,0.9915,2026-09-22 19:53:06
3bdaa535-17a0-51cd-a6a0-7f0772a71c08,ba41c9fe-60b4-5f9d-a133-2ac0b3fbec25,179.3.81,179,2,3,81,"[228.0, 71.0, 994.0, 914.0]",List-Group,"Duffour, rue de Boudy, 6.  ",ENTRY,"<SUBJ>Duffour</SUBJ>, <ADDR>rue de Boudy, 6.</ADDR>",1,0,1,1.0000,,B-ENTRY,B-ENTRY,model,0.9871,2026-09-22 19:53:06
398d88a4-56dd-50ff-af2b-a4d0dd186dec,ba41c9fe-60b4-5f9d-a133-2ac0b3fbec25,179.3.82,179,2,3,82,"[228.0, 71.0, 994.0, 914.0]",List-Group,"Dulriche-Desgenettes, rue de Tournon, 6.  ",ENTRY,"<SUBJ>Dulriche-Desgenettes</SUBJ>, <ADDR>rue de Tournon, 6.</ADDR>",1,0,1,1.0000,,B-ENTRY,B-ENTRY,model,0.9983,2026-09-22 19:53:06
09798ef1-9ebd-5511-bca5-c552f5542187,ba41c9fe-60b4-5f9d-a133-2ac0b3fbec25,179.3.83,179,2,3,83,"[228.0, 71.0, 994.0, 914.0]",List-Group,"Dumanjin, rue Traversière-S.-Honoré, 25.  ",ENTRY,"<SUBJ>Dumanjin</SUBJ>, <ADDR>rue Traversière-S.-Honoré, 25.</ADDR>",1,0,1,1.0000,,B-ENTRY,B-ENTRY,model,0.9914,2026-09-22 19:53:06
8b64ebd9-79cc-589f-b6a8-5d22a4ae944a,ba41c9fe-60b4-5f9d-a133-2ac0b3fbec25,179.3.84,179,2,3,84,"[228.0, 71.0, 994.0, 914.0]",List-Group,"Dumas, rue de Sèvres, 54.  ",ENTRY,"<SUBJ>Dumas</SUBJ>, <ADDR>rue de Sèvres, 54.</ADDR>",1,0,1,1.0000,,B-ENTRY,B-ENTRY,model,0.9872,2026-09-22 19:53:06
18bd76bf-3d40-53f9-91e1-b481098259b2,ba41c9fe-60b4-5f9d-a133-2ac0b3fbec25,179.3.85,179,2,3,85,"[228.0, 71.0, 994.0, 914.0]",List-Group,"Duméril, rue de l'Estrapade, 25.  ",ENTRY,"<SUBJ>Duméril</SUBJ>, <ADDR>rue de l'Estrapade, 25.</ADDR>",1,0,1,1.0000,,B-ENTRY,B-ENTRY,model,0.9941,2026-09-22 19:53:06
fbd4f471-b22e-57a4-afbd-042295126f40,ba41c9fe-60b4-5f9d-a133-2ac0b3fbec25,179.3.86,179,2,3,86,"[228.0, 71.0, 994.0, 914.0]",List-Group,"Dupont, rue Neuve-S.-Roch, 57.  ",ENTRY,"<SUBJ>Dupont</SUBJ>, <ADDR>rue Neuve-S.-Roch, 57.</ADDR>",1,0,1,1.0000,,B-ENTRY,B-ENTRY,model,0.9914,2026-09-22 19:53:06
a9cc6b69-e37d-56f8-84fd-5a2dc4dcfe08,ba41c9fe-60b4-5f9d-a133-2ac0b3fbec25,"179.3.87,179.3.88","179,179","2,2","3,3","87,88","[228.0, 71.0, 994.0, 914.0],[228.0, 71.0, 994.0, 914.0]","List-Group,List-Group","Dupré-Petit, rues de Thionville et Con- trescarpe.",ENTRY,"<SUBJ>Dupré-Petit</SUBJ>, <ADDR>rues de Thionville et Con- trescarpe.</ADDR>",1,0,1,1.0000,,"B-ENTRY,I-ENTRY","B-ENTRY,I-ENTRY","model,model","0.9998,1.0","2026-09-22 19:53:06,2026-09-22 19:53:06"
86f1c94c-1d8a-50f3-aff6-5d304746927c,ba41c9fe-60b4-5f9d-a133-2ac0b3fbec25,179.3.89,179,2,3,89,"[228.0, 71.0, 994.0, 914.0]",List-Group,"Durand, rue de l'École-de-Médecine, 52.  ",ENTRY,"<SUBJ>Durand</SUBJ>, <ADDR>rue de l'École-de-Médecine, 52.</ADDR>",1,0,1,1.0000,,B-ENTRY,B-ENTRY,model,0.9983,2026-09-22 19:53:06
56fd7925-637f-5dc2-80c0-b24248a4fdaa,ba41c9fe-60b4-5f9d-a133-2ac0b3fbec25,179.3.90,179,2,3,90,"[228.0, 71.0, 994.0, 914.0]",List-Group,"Dutertre, rue du Mont-Blanc, 58.  ",ENTRY,"<SUBJ>Dutertre</SUBJ>, <ADDR>rue du Mont-Blanc, 58.</ADDR>",1,0,1,1.0000,,B-ENTRY,B-ENTRY,model,0.994,2026-09-22 19:53:06
da7bea86-3eca-5a45-939b-f5bb828748aa,ba41c9fe-60b4-5f9d-a133-2ac0b3fbec25,179.3.91,179,2,3,91,"[228.0, 71.0, 994.0, 914.0]",List-Group,"Emmonnot, rue Traversière-S.-Honoré, 29.  ",ENTRY,"<SUBJ>Emmonnot</SUBJ>, <ADDR>rue Traversière-S.-Honoré, 29.</ADDR>",1,0,1,1.0000,,B-ENTRY,B-ENTRY,model,0.9914,2026-09-22 19:53:06
80d0c02e-ad60-5abc-9f15-b9f1353a4efc,ba41c9fe-60b4-5f9d-a133-2ac0b3fbec25,179.3.92,179,2,3,92,"[228.0, 71.0, 994.0, 914.0]",List-Group,"Euguehard, rue Sainte-Apolline, 10.  ",ENTRY,"<SUBJ>Euguehard</SUBJ>, <ADDR>rue Sainte-Apolline, 10.</ADDR>",1,0,1,1.0000,,B-ENTRY,B-ENTRY,model,0.9913,2026-09-22 19:53:06
a94beb8c-4009-5f1d-bee6-35ad6a56627a,ba41c9fe-60b4-5f9d-a133-2ac0b3fbec25,179.3.93,179,2,3,93,"[228.0, 71.0, 994.0, 914.0]",List-Group,"Esquirol, boulevard de l'Hôpital, 16.  ",ENTRY,"<SUBJ>Esquirol</SUBJ>, <ADDR>boulevard de l'Hôpital, 16.</ADDR>",1,0,1,1.0000,,B-ENTRY,B-ENTRY,model,0.994,2026-09-22 19:53:06
044dd538-da38-5cc8-88c4-6324788dbe50,ba41c9fe-60b4-5f9d-a133-2ac0b3fbec25,"179.3.94,179.3.95","179,179","2,2","3,3","94,95","[228.0, 71.0, 994.0, 914.0],[228.0, 71.0, 994.0, 914.0]","List-Group,List-Group","Evesque, *et accoucheur*, rue des Fossés- Montmartre, 25.",ENTRY,"<SUBJ>Evesque</SUBJ>, *<DESC>et accoucheur</DESC>*, <ADDR>rue des Fossés- Montmartre, 25.</ADDR>",1,1,1,1.0000,,"B-ENTRY,I-ENTRY","B-ENTRY,I-ENTRY","human,human","1.0,1.0","2026-09-22 19:52:38,2026-09-22 19:52:38"
303704df-8643-5164-a2c5-cfdddaaf61f7,ba41c9fe-60b4-5f9d-a133-2ac0b3fbec25,179.3.96,179,2,3,96,"[228.0, 71.0, 994.0, 914.0]",List-Group,"Fabré, *et acc.*, rue de l'Arbre-sec, 35.  ",ENTRY,"<SUBJ>Fabré</SUBJ>, *<DESC>et acc.</DESC>*, <ADDR>rue de l'Arbre-sec, 35.</ADDR>",1,1,1,1.0000,,B-ENTRY,B-ENTRY,model,0.9986,2026-09-22 19:53:06
1038bc5f-edbf-5b7c-9f52-1bae142f15e1,ba41c9fe-60b4-5f9d-a133-2ac0b3fbec25,179.3.97,179,2,3,97,"[228.0, 71.0, 994.0, 914.0]",List-Group,"Fautrelle, rue de Fourcy, 1.  ",ENTRY,"<SUBJ>Fautrelle</SUBJ>, <ADDR>rue de Fourcy, 1.</ADDR>",1,0,1,1.0000,,B-ENTRY,B-ENTRY,model,0.987,2026-09-22 19:53:06
7def75fa-8302-5d91-bf06-b2346697b7ad,ba41c9fe-60b4-5f9d-a133-2ac0b3fbec25,"179.3.98,179.3.99","179,179","2,2","3,3","98,99","[228.0, 71.0, 994.0, 914.0],[228.0, 71.0, 994.0, 914.0]","List-Group,List-Group","Favareille-Placal (P.), quai de la Tour- nelle, 55.",ENTRY,"<SUBJ>Favareille-Placal (P.)</SUBJ>, <ADDR>quai de la Tour- nelle, 55.</ADDR>",1,0,1,1.0000,,"B-ENTRY,I-ENTRY","B-ENTRY,I-ENTRY","model,model","0.9997,1.0","2026-09-22 19:53:06,2026-09-22 19:53:06"
a942e05b-001f-5964-8f78-c08e63001e63,ba41c9fe-60b4-5f9d-a133-2ac0b3fbec25,179.3.100,179,2,3,100,"[228.0, 71.0, 994.0, 914.0]",List-Group,"Fels, rue de Sèvres, 21.  ",ENTRY,"<SUBJ>Fels</SUBJ>, <ADDR>rue de Sèvres, 21.</ADDR>",1,0,1,1.0000,,B-ENTRY,B-ENTRY,model,0.9975,2026-09-22 19:53:06
901e1ac3-e921-56f8-9622-8a7747c24639,ba41c9fe-60b4-5f9d-a133-2ac0b3fbec25,179.3.101,179,2,3,101,"[228.0, 71.0, 994.0, 914.0]",List-Group,"Ferat, à Saint-Denis.  ",ENTRY,"<SUBJ>Ferat</SUBJ>, <ADDR>à Saint-Denis.</ADDR>",1,0,1,1.0000,,B-ENTRY,B-ENTRY,model,0.9787,2026-09-22 19:53:06
d09bfd6a-c503-5295-b666-f8c7c8e04b0d,ba41c9fe-60b4-5f9d-a133-2ac0b3fbec25,179.3.102,179,2,3,102,"[228.0, 71.0, 994.0, 914.0]",List-Group,"Férey (J.-G.), rue Saint-Sauveur, 14.  ",ENTRY,"<SUBJ>Férey (J.-G.)</SUBJ>, <ADDR>rue Saint-Sauveur, 14.</ADDR>",1,0,1,1.0000,,B-ENTRY,B-ENTRY,model,0.9983,2026-09-22 19:53:06
af2e3c6f-5219-57a9-b164-af36e027ce06,ba41c9fe-60b4-5f9d-a133-2ac0b3fbec25,179.3.103,179,2,3,103,"[228.0, 71.0, 994.0, 914.0]",List-Group,"Fizeau, rue Baillette, 5.  ",ENTRY,"<SUBJ>Fizeau</SUBJ>, <ADDR>rue Baillette, 5.</ADDR>",1,0,1,1.0000,,B-ENTRY,B-ENTRY,model,0.9855,2026-09-22 19:53:06
4a340788-5ccd-57b7-bedf-bc8452d7b644,ba41c9fe-60b4-5f9d-a133-2ac0b3fbec25,179.3.104,179,2,3,104,"[228.0, 71.0, 994.0, 914.0]",List-Group,"Foix, rue Neuve-des-Petits-Champs.  ",ENTRY,"<SUBJ>Foix</SUBJ>, <ADDR>rue Neuve-des-Petits-Champs.</ADDR>",1,0,1,1.0000,,B-ENTRY,B-ENTRY,model,0.9792,2026-09-22 19:53:06
5f6d12ec-2bef-54fb-8779-e0fe04244de0,ba41c9fe-60b4-5f9d-a133-2ac0b3fbec25,179.3.105,179,2,3,105,"[228.0, 71.0, 994.0, 914.0]",List-Group,"Force, gr. rue du Faub.-S.-Antoine, 274.  ",ENTRY,"<SUBJ>Force</SUBJ>, <ADDR>gr. rue du Faub.-S.-Antoine, 274.</ADDR>",1,0,1,1.0000,,B-ENTRY,B-ENTRY,model,0.9916,2026-09-22 19:53:06
26eed3ce-ace5-557e-a85f-1c60abedad3c,ba41c9fe-60b4-5f9d-a133-2ac0b3fbec25,179.3.106,179,2,3,106,"[228.0, 71.0, 994.0, 914.0]",List-Group,"Forestier, rue de Richelieu, 7.  ",ENTRY,"<SUBJ>Forestier</SUBJ>, <ADDR>rue de Richelieu, 7.</ADDR>",1,0,1,1.0000,,B-ENTRY,B-ENTRY,model,0.9872,2026-09-22 19:53:06
6a27f884-10c5-569d-8d6e-578a6debadd1,ba41c9fe-60b4-5f9d-a133-2ac0b3fbec25,179.3.107,179,2,3,107,"[228.0, 71.0, 994.0, 914.0]",List-Group,"Foubert, rue du Regard, 16.  ",ENTRY,"<SUBJ>Foubert</SUBJ>, <ADDR>rue du Regard, 16.</ADDR>",1,0,1,1.0000,,B-ENTRY,B-ENTRY,model,0.9872,2026-09-22 19:53:06
ed419e78-2d07-5adc-8504-e84a4a997016,ba41c9fe-60b4-5f9d-a133-2ac0b3fbec25,179.3.108,179,2,3,108,"[228.0, 71.0, 994.0, 914.0]",List-Group,"Fouquier, rue des Grands-Augustins, 21.  ",ENTRY,"<SUBJ>Fouquier</SUBJ>, <ADDR>rue des Grands-Augustins, 21.</ADDR>",1,0,1,1.0000,,B-ENTRY,B-ENTRY,model,0.9941,2026-09-22 19:53:06
354462ee-180a-5551-a203-f3692f3d40b4,ba41c9fe-60b4-5f9d-a133-2ac0b3fbec25,179.3.109,179,2,3,109,"[228.0, 71.0, 994.0, 914.0]",List-Group,"Fourcadelle, rue des Gravilliers, 48.  ",ENTRY,"<SUBJ>Fourcadelle</SUBJ>, <ADDR>rue des Gravilliers, 48.</ADDR>",1,0,1,1.0000,,B-ENTRY,B-ENTRY,model,0.987,2026-09-22 19:53:06
b3773440-fc83-5a9d-9f36-a6cdf1e59b2b,ba41c9fe-60b4-5f9d-a133-2ac0b3fbec25,"179.3.110,179.3.111","179,179","2,2","3,3","110,111","[228.0, 71.0, 994.0, 914.0],[228.0, 71.0, 994.0, 914.0]","List-Group,List-Group","Foureroy, *conseiller d'état*, au Jardin des Plantes.",ENTRY,"<SUBJ>Foureroy</SUBJ>, *<DESC>conseiller d'état</DESC>*, <ADDR>au Jardin des Plantes.</ADDR>",1,1,1,1.0000,,"B-ENTRY,I-ENTRY","B-ENTRY,B-ENTRY","model,model","0.994,0.9668","2026-09-22 19:53:06,2026-09-22 19:53:06"
41e97beb-4fb5-5bc4-af2e-9d7ec2799b90,ba41c9fe-60b4-5f9d-a133-2ac0b3fbec25,"179.3.112,179.3.113","179,179","2,2","3,3","112,113","[228.0, 71.0, 994.0, 914.0],[228.0, 71.0, 994.0, 914.0]","List-Group,List-Group","Foureau-Beauregard, rue J.-J.-Rous- seau, 12.",ENTRY,"<SUBJ>Foureau-Beauregard</SUBJ>, <ADDR>rue J.-J.-Rous- seau, 12.</ADDR>",1,0,1,1.0000,,"B-ENTRY,I-ENTRY","B-ENTRY,I-ENTRY","model,model","0.9989,1.0","2026-09-22 19:53:06,2026-09-22 19:53:06"
099df8d4-a7a2-5fbf-991c-535349d600b2,ba41c9fe-60b4-5f9d-a133-2ac0b3fbec25,179.3.114,179,2,3,114,"[228.0, 71.0, 994.0, 914.0]",List-Group,"Fourier-Duportail, rue S.-Denis, 574.  ",ENTRY,"<SUBJ>Fourier-Duportail</SUBJ>, <ADDR>rue S.-Denis, 574.</ADDR>",1,0,1,1.0000,,B-ENTRY,B-ENTRY,model,0.9996,2026-09-22 19:53:06
2145d042-fc58-584b-98c7-7c15f3210fb8,ba41c9fe-60b4-5f9d-a133-2ac0b3fbec25,179.3.115,179,2,3,115,"[228.0, 71.0, 994.0, 914.0]",List-Group,"Gardien, cloître Saint-Benoît, 4.  ",ENTRY,"<SUBJ>Gardien</SUBJ>, <ADDR>cloître Saint-Benoît, 4.</ADDR>",1,0,1,1.0000,,B-ENTRY,B-ENTRY,model,0.9913,2026-09-22 19:53:06
f015eef3-1d19-569c-8de7-8cccb7fb814c,ba41c9fe-60b4-5f9d-a133-2ac0b3fbec25,179.3.116,179,2,3,116,"[228.0, 71.0, 994.0, 914.0]",List-Group,"Gardien, rue Montmartre, 157.  ",ENTRY,"<SUBJ>Gardien</SUBJ>, <ADDR>rue Montmartre, 157.</ADDR>",1,0,1,1.0000,,B-ENTRY,B-ENTRY,model,0.9855,2026-09-22 19:53:06
e86898c0-2e2a-519a-9beb-df01d00a1599,ba41c9fe-60b4-5f9d-a133-2ac0b3fbec25,179.3.117,179,2,3,117,"[228.0, 71.0, 994.0, 914.0]",List-Group,"Gaux, place Desaix, 24.  ",ENTRY,"<SUBJ>Gaux</SUBJ>, <ADDR>place Desaix, 24.</ADDR>",1,0,1,1.0000,,B-ENTRY,B-ENTRY,model,0.9856,2026-09-22 19:53:06
54dca0d5-eb47-5bf2-8fc5-29b3cb93f812,ba41c9fe-60b4-5f9d-a133-2ac0b3fbec25,179.3.118,179,2,3,118,"[228.0, 71.0, 994.0, 914.0]",List-Group,"Gay, rue du Doyenné, 3.  ",ENTRY,"<SUBJ>Gay</SUBJ>, <ADDR>rue du Doyenné, 3.</ADDR>",1,0,1,1.0000,,B-ENTRY,B-ENTRY,model,0.9871,2026-09-22 19:53:06
1e47ba93-7d8b-5798-83c5-89059c95d652,ba41c9fe-60b4-5f9d-a133-2ac0b3fbec25,"179.3.119,179.3.120","179,179","2,2","3,3","119,120","[228.0, 71.0, 994.0, 914.0],[228.0, 71.0, 994.0, 914.0]","List-Group,List-Group","Geoffroy, rue S.-Jacques, aux Feuillan- tines.",ENTRY,"<SUBJ>Geoffroy</SUBJ>, <ADDR>rue S.-Jacques, aux Feuillan- tines.</ADDR>",1,0,1,1.0000,,"B-ENTRY,I-ENTRY","B-ENTRY,I-ENTRY","human,human","1.0,1.0","2026-09-22 19:51:18,2026-09-22 19:51:18"
a6eae264-9643-5114-a358-5fa890764858,ba41c9fe-60b4-5f9d-a133-2ac0b3fbec25,"179.3.121,179.3.122","179,179","2,2","3,3","121,122","[228.0, 71.0, 994.0, 914.0],[228.0, 71.0, 994.0, 914.0]","List-Group,List-Group","Geoffroy, rue Sainte-Croix-de-la-Breton- nerie, 2.",ENTRY,"<SUBJ>Geoffroy</SUBJ>, <ADDR>rue Sainte-Croix-de-la-Breton- nerie, 2.</ADDR>",1,0,1,1.0000,,"B-ENTRY,I-ENTRY","B-ENTRY,I-ENTRY","model,model","0.9976,1.0","2026-09-22 19:53:06,2026-09-22 19:53:06"
1a04c861-042b-5845-b086-0bcc061d9ca8,ba41c9fe-60b4-5f9d-a133-2ac0b3fbec25,179.3.123,179,2,3,123,"[228.0, 71.0, 994.0, 914.0]",List-Group,"Géraud, rue de la Harpe, 81.  ",ENTRY,"<SUBJ>Géraud</SUBJ>, <ADDR>rue de la Harpe, 81.</ADDR>",1,0,1,1.0000,,B-ENTRY,B-ENTRY,model,0.9985,2026-09-22 19:53:06
be3ec415-407d-514f-a34f-4e13f01eb865,ba41c9fe-60b4-5f9d-a133-2ac0b3fbec25,179.3.124,179,2,3,124,"[228.0, 71.0, 994.0, 914.0]",List-Group,"Gilbert, rue d'Enfer, 42.  ",ENTRY,"<SUBJ>Gilbert</SUBJ>, <ADDR>rue d'Enfer, 42.</ADDR>",1,0,1,1.0000,,B-ENTRY,B-ENTRY,model,0.9923,2026-09-22 19:53:06
3c644425-8a4b-582c-a548-5ea6966e74e6,ba41c9fe-60b4-5f9d-a133-2ac0b3fbec25,179.3.125,179,2,3,125,"[228.0, 71.0, 994.0, 914.0]",List-Group,"Gilbert, rue du Faub.-Saint-Jacques, 59.  ",ENTRY,"<SUBJ>Gilbert</SUBJ>, <ADDR>rue du Faub.-Saint-Jacques, 59.</ADDR>",1,0,1,1.0000,,B-ENTRY,B-ENTRY,model,0.9921,2026-09-22 19:53:06
b07e71e2-fac1-5ed9-bfe5-df6099baac8b,ba41c9fe-60b4-5f9d-a133-2ac0b3fbec25,179.3.126,179,2,3,126,"[228.0, 71.0, 994.0, 914.0]",List-Group,"Gille, cul-de-sac de la Tixeranderie, 8.",ENTRY,"<SUBJ>Gille</SUBJ>, <ADDR>cul-de-sac de la Tixeranderie, 8.</ADDR>",1,0,1,1.0000,,B-ENTRY,B-ENTRY,model,0.9819,2026-09-22 19:53:06
81272eef-1e72-5a0b-a8c4-7554aaaffd2f,ba41c9fe-60b4-5f9d-a133-2ac0b3fbec25,180.1.0,180,0,1,0,"[260.0, 29.0, 732.0, 54.0]",Page-Header,Docteurs en médecine. - PARIS.,OUT OF SCOPE,,,,,,,OUT OF SCOPE,OUT OF SCOPE,model,0.9977,2026-09-22 19:53:06
df1e491c-24e8-52ce-89d3-fadfcbb69da5,ba41c9fe-60b4-5f9d-a133-2ac0b3fbec25,180.2.0,180,1,2,0,"[877.0, 29.0, 940.0, 50.0]",Page-Header,315,OUT OF SCOPE,,,,,,,OUT OF SCOPE,OUT OF SCOPE,model,0.9934,2026-09-22 19:53:06
344eb514-8b6d-515b-8da0-e735876f99ea,ba41c9fe-60b4-5f9d-a133-2ac0b3fbec25,180.3.0,180,2,3,0,"[63.0, 58.0, 946.0, 903.0]",List-Group,"Giraudy, rue d'Argenteuil, 37.  ",ENTRY,"<SUBJ>Giraudy</SUBJ>, <ADDR>rue d'Argenteuil, 37.</ADDR>",1,0,1,1.0000,,B-ENTRY,B-ENTRY,model,0.9871,2026-09-22 19:53:06
3128d03d-4bc0-5cb2-b4f7-6a012dc5a29a,ba41c9fe-60b4-5f9d-a133-2ac0b3fbec25,180.3.1,180,2,3,1,"[63.0, 58.0, 946.0, 903.0]",List-Group,"Gissot, rue N.e-des-Petits-Champs, 81.  ",ENTRY,"<SUBJ>Gissot</SUBJ>, <ADDR>rue N.e-des-Petits-Champs, 81.</ADDR>",1,0,1,1.0000,,B-ENTRY,B-ENTRY,model,0.9917,2026-09-22 19:53:06
4893772a-33ec-5c29-955c-af8bf8407a79,ba41c9fe-60b4-5f9d-a133-2ac0b3fbec25,180.3.2,180,2,3,2,"[63.0, 58.0, 946.0, 903.0]",List-Group,"Goetz, rue de la Bienfaisance, 5.  ",ENTRY,"<SUBJ>Goetz</SUBJ>, <ADDR>rue de la Bienfaisance, 5.</ADDR>",1,0,1,1.0000,,B-ENTRY,B-ENTRY,model,0.9924,2026-09-22 19:53:06
1064ab6a-5fbc-5fa0-a0d7-122b86973bac,ba41c9fe-60b4-5f9d-a133-2ac0b3fbec25,180.3.3,180,2,3,3,"[63.0, 58.0, 946.0, 903.0]",List-Group,"Gondret, rue de la Soudrière, 24.  ",ENTRY,"<SUBJ>Gondret</SUBJ>, <ADDR>rue de la Soudrière, 24.</ADDR>",1,0,1,1.0000,,B-ENTRY,B-ENTRY,model,0.9924,2026-09-22 19:53:06
2453e26f-6b33-52d8-b8c9-ba80ab1df289,ba41c9fe-60b4-5f9d-a133-2ac0b3fbec25,180.3.4,180,2,3,4,"[63.0, 58.0, 946.0, 903.0]",List-Group,"Goutte, rue du Sépulchre, 2.  ",ENTRY,"<SUBJ>Goutte</SUBJ>, <ADDR>rue du Sépulchre, 2.</ADDR>",1,0,1,1.0000,,B-ENTRY,B-ENTRY,model,0.9872,2026-09-22 19:53:06
6d278239-b14e-5bf0-97a2-4b6de4d79bfb,ba41c9fe-60b4-5f9d-a133-2ac0b3fbec25,180.3.5,180,2,3,5,"[63.0, 58.0, 946.0, 903.0]",List-Group,"Graperon, rue Montorgueil, 71.  ",ENTRY,"<SUBJ>Graperon</SUBJ>, <ADDR>rue Montorgueil, 71.</ADDR>",1,0,1,1.0000,,B-ENTRY,B-ENTRY,model,0.9855,2026-09-22 19:53:06
db1d809a-d92f-5d54-95db-2344ecbf68d1,ba41c9fe-60b4-5f9d-a133-2ac0b3fbec25,180.3.6,180,2,3,6,"[63.0, 58.0, 946.0, 903.0]",List-Group,"Gras, accoucheur, rue Beaubourg, 50.  ",ENTRY,"<SUBJ>Gras</SUBJ>, <DESC>accoucheur</DESC>, <ADDR>rue Beaubourg, 50.</ADDR>",1,1,1,1.0000,,B-ENTRY,B-ENTRY,model,0.9914,2026-09-22 19:53:06
297bca1e-1294-56a6-89bf-1c7b6b30a841,ba41c9fe-60b4-5f9d-a133-2ac0b3fbec25,180.3.7,180,2,3,7,"[63.0, 58.0, 946.0, 903.0]",List-Group,"Grozieux, rue.....  ",ENTRY,"<SUBJ>Grozieux</SUBJ>, <ADDR>rue.....</ADDR>",1,0,1,1.0000,,B-ENTRY,B-ENTRY,model,0.9817,2026-09-22 19:53:06
8c2712cd-f7e3-5686-8e4e-031004fbaad4,ba41c9fe-60b4-5f9d-a133-2ac0b3fbec25,180.3.8,180,2,3,8,"[63.0, 58.0, 946.0, 903.0]",List-Group,"Gueneau, rue Cassette, 34.  ",ENTRY,"<SUBJ>Gueneau</SUBJ>, <ADDR>rue Cassette, 34.</ADDR>",1,0,1,1.0000,,B-ENTRY,B-ENTRY,model,0.9854,2026-09-22 19:53:06
622b901e-eafc-5822-9a76-54ecde01603b,ba41c9fe-60b4-5f9d-a133-2ac0b3fbec25,180.3.9,180,2,3,9,"[63.0, 58.0, 946.0, 903.0]",List-Group,"Guérinet, rue de Sorbonne.  ",ENTRY,"<SUBJ>Guérinet</SUBJ>, <ADDR>rue de Sorbonne.</ADDR>",1,0,1,1.0000,,B-ENTRY,B-ENTRY,model,0.9822,2026-09-22 19:53:06
d0393703-11d6-5209-a5c2-06fb46800496,ba41c9fe-60b4-5f9d-a133-2ac0b3fbec25,180.3.10,180,2,3,10,"[63.0, 58.0, 946.0, 903.0]",List-Group,"Guignard, rue du Sentier, 6.  ",ENTRY,"<SUBJ>Guignard</SUBJ>, <ADDR>rue du Sentier, 6.</ADDR>",1,0,1,1.0000,,B-ENTRY,B-ENTRY,model,0.9871,2026-09-22 19:53:06
bf8f7fbc-cb5f-524b-a6b1-c3d6c3633f5d,ba41c9fe-60b4-5f9d-a133-2ac0b3fbec25,180.3.11,180,2,3,11,"[63.0, 58.0, 946.0, 903.0]",List-Group,"Guilbert, rue d'Enfer-S.-Germain, 8.  ",ENTRY,"<SUBJ>Guilbert</SUBJ>, <ADDR>rue d'Enfer-S.-Germain, 8.</ADDR>",1,0,1,1.0000,,B-ENTRY,B-ENTRY,model,0.9923,2026-09-22 19:53:06
5b6cf966-6c5d-5845-b9ca-a78d9a574dcf,ba41c9fe-60b4-5f9d-a133-2ac0b3fbec25,180.3.12,180,2,3,12,"[63.0, 58.0, 946.0, 903.0]",List-Group,"Guilbert, rue Pierre-Sarrazin, 10.  ",ENTRY,"<SUBJ>Guilbert</SUBJ>, <ADDR>rue Pierre-Sarrazin, 10.</ADDR>",1,0,1,1.0000,,B-ENTRY,B-ENTRY,model,0.9913,2026-09-22 19:53:06
66f4eb1f-ea77-592d-98d7-1282cf2994dd,ba41c9fe-60b4-5f9d-a133-2ac0b3fbec25,180.3.13,180,2,3,13,"[63.0, 58.0, 946.0, 903.0]",List-Group,"Guillotin, rue Saint-Roch, 37.  ",ENTRY,"<SUBJ>Guillotin</SUBJ>, <ADDR>rue Saint-Roch, 37.</ADDR>",1,0,1,1.0000,,B-ENTRY,B-ENTRY,model,0.9913,2026-09-22 19:53:06
0fce1105-08e1-5333-9972-ae4a29bdbf98,ba41c9fe-60b4-5f9d-a133-2ac0b3fbec25,180.3.14,180,2,3,14,"[63.0, 58.0, 946.0, 903.0]",List-Group,"Gainot, rue des Fontaines-Nationales, 10.  ",ENTRY,"<SUBJ>Gainot</SUBJ>, <ADDR>rue des Fontaines-Nationales, 10.</ADDR>",1,0,1,1.0000,,B-ENTRY,B-ENTRY,model,0.994,2026-09-22 19:53:06
d1ee12d2-105d-5e0e-8bd8-9629a8ae7f18,ba41c9fe-60b4-5f9d-a133-2ac0b3fbec25,"180.3.15,180.3.16","180,180","2,2","3,3","15,16","[63.0, 58.0, 946.0, 903.0],[63.0, 58.0, 946.0, 903.0]","List-Group,List-Group","Hallé, *prem. médecin ordin. de l'Empe- reur*, rue Pierre-Sarrazin, 10.",ENTRY,"<SUBJ>Hallé</SUBJ>, *<DESC>prem. médecin ordin. de l'Empe- reur</DESC>*, <ADDR>rue Pierre-Sarrazin, 10.</ADDR>",1,1,1,1.0000,,"B-ENTRY,I-ENTRY","B-ENTRY,I-ENTRY","human,human","1.0,1.0","2026-09-22 19:52:32,2026-09-22 19:52:32"
b923daa0-88cb-548b-82e4-b011b08210f1,ba41c9fe-60b4-5f9d-a133-2ac0b3fbec25,180.3.17,180,2,3,17,"[63.0, 58.0, 946.0, 903.0]",List-Group,"Hamel, rue des Fossés-Montmartre, 15.  ",ENTRY,"<SUBJ>Hamel</SUBJ>, <ADDR>rue des Fossés-Montmartre, 15.</ADDR>",1,0,1,1.0000,,B-ENTRY,B-ENTRY,model,0.9989,2026-09-22 19:53:06
ad8f37cc-b28f-5759-9b8a-3c25a052e9d1,ba41c9fe-60b4-5f9d-a133-2ac0b3fbec25,180.3.18,180,2,3,18,"[63.0, 58.0, 946.0, 903.0]",List-Group,"Heurteloup, rue Favart, 8.  ",ENTRY,"<SUBJ>Heurteloup</SUBJ>, <ADDR>rue Favart, 8.</ADDR>",1,0,1,1.0000,,B-ENTRY,B-ENTRY,model,0.9852,2026-09-22 19:53:06
b84b87fd-0935-5992-8cc4-542111bd0b14,ba41c9fe-60b4-5f9d-a133-2ac0b3fbec25,"180.3.19,180.3.20","180,180","2,2","3,3","19,20","[63.0, 58.0, 946.0, 903.0],[63.0, 58.0, 946.0, 903.0]","List-Group,List-Group","Hoffmann, dit Laffecteur, rue des Petits- Augustins, 11.",ENTRY,"<SUBJ>Hoffmann, dit Laffecteur</SUBJ>, <ADDR>rue des Petits- Augustins, 11.</ADDR>",1,0,1,0.9999,,"B-ENTRY,I-ENTRY","B-ENTRY,I-ENTRY","model,model","0.9986,0.9639","2026-09-22 19:53:06,2026-09-22 19:53:06"
5efc083b-22d3-50c9-9d2c-964a1e2fc78e,ba41c9fe-60b4-5f9d-a133-2ac0b3fbec25,180.3.21,180,2,3,21,"[63.0, 58.0, 946.0, 903.0]",List-Group,"Horeau, rue S.-Dominique-S.-Germ., 55.  ",ENTRY,"<SUBJ>Horeau</SUBJ>, <ADDR>rue S.-Dominique-S.-Germ., 55.</ADDR>",1,0,1,1.0000,,B-ENTRY,B-ENTRY,model,0.9974,2026-09-22 19:53:06
dd618e2c-483f-5b37-81b0-f782671d0df5,ba41c9fe-60b4-5f9d-a133-2ac0b3fbec25,180.3.22,180,2,3,22,"[63.0, 58.0, 946.0, 903.0]",List-Group,"Husson, à l'Ecole de Médecine.  ",ENTRY,"<SUBJ>Husson</SUBJ>, <ADDR>à l'Ecole de Médecine.</ADDR>",1,0,1,1.0000,,B-ENTRY,B-ENTRY,model,0.9948,2026-09-22 19:53:06
2821a10a-91dd-5311-b0ea-f30b6a19d34f,ba41c9fe-60b4-5f9d-a133-2ac0b3fbec25,180.3.23,180,2,3,23,"[63.0, 58.0, 946.0, 903.0]",List-Group,"Itard, rue du Faub.-Saint-Jacques, 256.  ",ENTRY,"<SUBJ>Itard</SUBJ>, <ADDR>rue du Faub.-Saint-Jacques, 256.</ADDR>",1,0,1,1.0000,,B-ENTRY,B-ENTRY,model,0.9923,2026-09-22 19:53:06
dfdd23f4-a1de-5780-af87-806b9659fc64,ba41c9fe-60b4-5f9d-a133-2ac0b3fbec25,180.3.24,180,2,3,24,"[63.0, 58.0, 946.0, 903.0]",List-Group,"Jabalot, rue Neuve-Saint-Méry, 12.  ",ENTRY,"<SUBJ>Jabalot</SUBJ>, <ADDR>rue Neuve-Saint-Méry, 12.</ADDR>",1,0,1,1.0000,,B-ENTRY,B-ENTRY,model,0.9855,2026-09-22 19:53:06
f3f09fbe-8486-59a3-84f2-b79def7dc867,ba41c9fe-60b4-5f9d-a133-2ac0b3fbec25,180.3.25,180,2,3,25,"[63.0, 58.0, 946.0, 903.0]",List-Group,"Jacquemín, rue Sainte-Avoie, 9.  ",ENTRY,"<SUBJ>Jacquemín</SUBJ>, <ADDR>rue Sainte-Avoie, 9.</ADDR>",1,0,1,1.0000,,B-ENTRY,B-ENTRY,model,0.9914,2026-09-22 19:53:06
e903d72a-d267-57d3-8ea5-b323db0945be,ba41c9fe-60b4-5f9d-a133-2ac0b3fbec25,180.3.26,180,2,3,26,"[63.0, 58.0, 946.0, 903.0]",List-Group,"Jacques, rue Etienne, 3.  ",ENTRY,"<SUBJ>Jacques</SUBJ>, <ADDR>rue Etienne, 3.</ADDR>",1,0,1,1.0000,,B-ENTRY,B-ENTRY,model,0.9855,2026-09-22 19:53:06
457a797e-8dcb-57f3-af11-6ceb856fcdf5,ba41c9fe-60b4-5f9d-a133-2ac0b3fbec25,180.3.27,180,2,3,27,"[63.0, 58.0, 946.0, 903.0]",List-Group,"Jadélot, rue de Vaugirard, 75.  ",ENTRY,"<SUBJ>Jadélot</SUBJ>, <ADDR>rue de Vaugirard, 75.</ADDR>",1,0,1,1.0000,,B-ENTRY,B-ENTRY,model,0.9873,2026-09-22 19:53:06
aad8c12e-2d03-5e40-a167-3adcc61ff444,ba41c9fe-60b4-5f9d-a133-2ac0b3fbec25,180.3.28,180,2,3,28,"[63.0, 58.0, 946.0, 903.0]",List-Group,"Jeannet des Longrois, rue de la Vrillière, 2.  ",ENTRY,"<SUBJ>Jeannet des Longrois</SUBJ>, <ADDR>rue de la Vrillière, 2.</ADDR>",1,0,1,1.0000,,B-ENTRY,B-ENTRY,model,0.9871,2026-09-22 19:53:06
2c484a32-8ccb-57ec-8ced-b6db566454cb,ba41c9fe-60b4-5f9d-a133-2ac0b3fbec25,180.3.29,180,2,3,29,"[63.0, 58.0, 946.0, 903.0]",List-Group,"Jeanroy (Dieudonné), rue S.-Martin, 261.  ",ENTRY,"<SUBJ>Jeanroy (Dieudonné)</SUBJ>, <ADDR>rue S.-Martin, 261.</ADDR>",1,0,1,1.0000,,B-ENTRY,B-ENTRY,model,0.9997,2026-09-22 19:53:06
1ac8b92e-fe02-57f1-ac6b-b57c88649c25,ba41c9fe-60b4-5f9d-a133-2ac0b3fbec25,180.3.30,180,2,3,30,"[63.0, 58.0, 946.0, 903.0]",List-Group,"Jeanroy (N.), rue du Doyenné, 3.  ",ENTRY,"<SUBJ>Jeanroy (N.)</SUBJ>, <ADDR>rue du Doyenné, 3.</ADDR>",1,0,1,1.0000,,B-ENTRY,B-ENTRY,model,0.9982,2026-09-22 19:53:06
030db82b-ebfb-5cac-8d2c-900420dd9080,ba41c9fe-60b4-5f9d-a133-2ac0b3fbec25,180.3.31,180,2,3,31,"[63.0, 58.0, 946.0, 903.0]",List-Group,"Jouarme, rue S.-Florentin, 17.  ",ENTRY,"<SUBJ>Jouarme</SUBJ>, <ADDR>rue S.-Florentin, 17.</ADDR>",1,0,1,1.0000,,B-ENTRY,B-ENTRY,model,0.9934,2026-09-22 19:53:06
6290fedb-ed7c-50b3-808c-5abaf90cec06,ba41c9fe-60b4-5f9d-a133-2ac0b3fbec25,180.3.32,180,2,3,32,"[63.0, 58.0, 946.0, 903.0]",List-Group,"Jonard, marché d'Aguesseau, 502.  ",ENTRY,"<SUBJ>Jonard</SUBJ>, <ADDR>marché d'Aguesseau, 502.</ADDR>",1,0,1,0.9997,,B-ENTRY,B-ENTRY,model,0.9923,2026-09-22 19:53:06
81fdaf5b-94a3-5f8a-9dee-909c006d9a41,ba41c9fe-60b4-5f9d-a133-2ac0b3fbec25,180.3.33,180,2,3,33,"[63.0, 58.0, 946.0, 903.0]",List-Group,"Joubert (Elie), rue du Fb.-Poissonnière, 2.  ",ENTRY,"<SUBJ>Joubert (Elie)</SUBJ>, <ADDR>rue du Fb.-Poissonnière, 2.</ADDR>",1,0,1,1.0000,,B-ENTRY,B-ENTRY,model,0.9997,2026-09-22 19:53:06
19505134-d874-53b3-9507-dd485f0da915,ba41c9fe-60b4-5f9d-a133-2ac0b3fbec25,180.3.34,180,2,3,34,"[63.0, 58.0, 946.0, 903.0]",List-Group,"Joubert (Louis), rue de Bussy, 15.  ",ENTRY,"<SUBJ>Joubert (Louis)</SUBJ>, <ADDR>rue de Bussy, 15.</ADDR>",1,0,1,1.0000,,B-ENTRY,B-ENTRY,model,0.9995,2026-09-22 19:53:06
90d34e0c-4ed9-5b87-bfdc-2be40db3a7ac,ba41c9fe-60b4-5f9d-a133-2ac0b3fbec25,180.3.35,180,2,3,35,"[63.0, 58.0, 946.0, 903.0]",List-Group,"Jumelin, rue S.-Jacques, au Lycée, 121.  ",ENTRY,"<SUBJ>Jumelin</SUBJ>, <ADDR>rue S.-Jacques, au Lycée, 121.</ADDR>",1,0,1,1.0000,,B-ENTRY,B-ENTRY,human,1.0,2026-09-22 19:49:56
27b3983d-ab74-5ec5-bd9d-28c64c950b63,ba41c9fe-60b4-5f9d-a133-2ac0b3fbec25,"180.3.36,180.3.37","180,180","2,2","3,3","36,37","[63.0, 58.0, 946.0, 903.0],[63.0, 58.0, 946.0, 903.0]","List-Group,List-Group","Kéraudren, *médecin de la marine*, rue de la Place-Vendôme, 16.",ENTRY,"<SUBJ>Kéraudren</SUBJ>, *<DESC>médecin de la marine</DESC>*, <ADDR>rue de la Place-Vendôme, 16.</ADDR>",1,1,1,1.0000,,"B-ENTRY,I-ENTRY","B-ENTRY,I-ENTRY","human,human","1.0,1.0","2026-09-22 19:49:56,2026-09-22 19:50:01"
8d2d412a-0faf-5524-b287-e5f4bcb71ce8,ba41c9fe-60b4-5f9d-a133-2ac0b3fbec25,180.3.38,180,2,3,38,"[63.0, 58.0, 946.0, 903.0]",List-Group,"Kerjean, rue Croix-des-Petits-Champs, 53.  ",ENTRY,"<SUBJ>Kerjean</SUBJ>, <ADDR>rue Croix-des-Petits-Champs, 53.</ADDR>",1,0,1,1.0000,,B-ENTRY,B-ENTRY,human,1.0,2026-09-22 19:50:01
6404ac21-7780-5fa7-97ec-f6455b51f43d,ba41c9fe-60b4-5f9d-a133-2ac0b3fbec25,180.3.39,180,2,3,39,"[63.0, 58.0, 946.0, 903.0]",List-Group,"Laborie (P.), rue S.-Denis, C. Batavé, 21.  ",ENTRY,"<SUBJ>Laborie (P.)</SUBJ>, <ADDR>rue S.-Denis, C. Batavé, 21.</ADDR>",1,0,1,1.0000,,B-ENTRY,B-ENTRY,model,0.9983,2026-09-22 19:53:06
9e2dd589-752a-5367-8f04-03e0be7f5a16,ba41c9fe-60b4-5f9d-a133-2ac0b3fbec25,180.3.40,180,2,3,40,"[63.0, 58.0, 946.0, 903.0]",List-Group,"Laenne, rue du Jardinet, 5.  ",ENTRY,"<SUBJ>Laenne</SUBJ>, <ADDR>rue du Jardinet, 5.</ADDR>",1,0,1,1.0000,,B-ENTRY,B-ENTRY,model,0.987,2026-09-22 19:53:06
4326dc7a-ab3d-5842-bab4-db09c2eb41e7,ba41c9fe-60b4-5f9d-a133-2ac0b3fbec25,"180.3.41,180.3.42","180,180","2,2","3,3","41,42","[63.0, 58.0, 946.0, 903.0],[63.0, 58.0, 946.0, 903.0]","List-Group,List-Group","Lafon (*à l'hospice des Orphelins*), rue Copeau.",ENTRY,"<SUBJ>Lafon</SUBJ> <DESC>(*à l'hospice des Orphelins*)</DESC>, <ADDR>rue Copeau.</ADDR>",1,1,1,1.0000,,"B-ENTRY,I-ENTRY","B-ENTRY,B-ENTRY","model,model","0.9981,0.9679","2026-09-22 19:53:06,2026-09-22 19:53:06"
593587b8-1d5e-507a-929b-5001522467e7,ba41c9fe-60b4-5f9d-a133-2ac0b3fbec25,180.3.43,180,2,3,43,"[63.0, 58.0, 946.0, 903.0]",List-Group,"Lalé, rue Beaurepaire, 24.  ",ENTRY,"<SUBJ>Lalé</SUBJ>, <ADDR>rue Beaurepaire, 24.</ADDR>",1,0,1,1.0000,,B-ENTRY,B-ENTRY,model,0.9856,2026-09-22 19:53:06
1e6f476b-3c20-5673-bd16-490dcefd3bfc,ba41c9fe-60b4-5f9d-a133-2ac0b3fbec25,180.3.44,180,2,3,44,"[63.0, 58.0, 946.0, 903.0]",List-Group,"Lallemand, rue S.-Honoré, 89.  ",ENTRY,"<SUBJ>Lallemand</SUBJ>, <ADDR>rue S.-Honoré, 89.</ADDR>",1,0,1,1.0000,,B-ENTRY,B-ENTRY,model,0.9935,2026-09-22 19:53:06
362492f4-fced-5fe5-8333-2b95c4807ef1,ba41c9fe-60b4-5f9d-a133-2ac0b3fbec25,180.3.45,180,2,3,45,"[63.0, 58.0, 946.0, 903.0]",List-Group,"Lalouette, rue Jacob, 7.  ",ENTRY,"<SUBJ>Lalouette</SUBJ>, <ADDR>rue Jacob, 7.</ADDR>",1,0,1,1.0000,,B-ENTRY,B-ENTRY,model,0.9855,2026-09-22 19:53:06
6be65723-ff85-5c91-a036-946f7c0400a4,ba41c9fe-60b4-5f9d-a133-2ac0b3fbec25,180.3.46,180,2,3,46,"[63.0, 58.0, 946.0, 903.0]",List-Group,"Lamotte, rue Thibautodé, 7.  ",ENTRY,"<SUBJ>Lamotte</SUBJ>, <ADDR>rue Thibautodé, 7.</ADDR>",1,0,1,1.0000,,B-ENTRY,B-ENTRY,model,0.9854,2026-09-22 19:53:06
2dacaf9d-1d79-5f79-ac63-e635f41ed19c,ba41c9fe-60b4-5f9d-a133-2ac0b3fbec25,180.3.47,180,2,3,47,"[63.0, 58.0, 946.0, 903.0]",List-Group,"Landré-Beanvais, à la Salpêtrière, 7.  ",ENTRY,"<SUBJ>Landré-Beanvais</SUBJ>, <ADDR>à la Salpêtrière, 7.</ADDR>",1,0,1,1.0000,,B-ENTRY,B-ENTRY,model,0.9983,2026-09-22 19:53:06
1d15a5e6-babf-5d24-bbd3-1ae038f4d08f,ba41c9fe-60b4-5f9d-a133-2ac0b3fbec25,180.3.48,180,2,3,48,"[63.0, 58.0, 946.0, 903.0]",List-Group,"Lannefranque, rue Christine, 3.  ",ENTRY,"<SUBJ>Lannefranque</SUBJ>, <ADDR>rue Christine, 3.</ADDR>",1,0,1,1.0000,,B-ENTRY,B-ENTRY,model,0.9854,2026-09-22 19:53:06
6f3006a0-7388-5181-b16a-eafa0d9238b8,ba41c9fe-60b4-5f9d-a133-2ac0b3fbec25,180.3.49,180,2,3,49,"[63.0, 58.0, 946.0, 903.0]",List-Group,"Larbaud, rue Montmartre, 129.  ",ENTRY,"<SUBJ>Larbaud</SUBJ>, <ADDR>rue Montmartre, 129.</ADDR>",1,0,1,1.0000,,B-ENTRY,B-ENTRY,model,0.9856,2026-09-22 19:53:06
96a1df08-cd10-5ccc-ae44-30811e38873b,ba41c9fe-60b4-5f9d-a133-2ac0b3fbec25,180.3.50,180,2,3,50,"[63.0, 58.0, 946.0, 903.0]",List-Group,"Largueze, rue des Tournelles, 52.  ",ENTRY,"<SUBJ>Largueze</SUBJ>, <ADDR>rue des Tournelles, 52.</ADDR>",1,0,1,1.0000,,B-ENTRY,B-ENTRY,model,0.987,2026-09-22 19:53:06
9b5ca131-dc79-5f78-8f4e-2ec8a4bbf218,ba41c9fe-60b4-5f9d-a133-2ac0b3fbec25,180.3.51,180,2,3,51,"[63.0, 58.0, 946.0, 903.0]",List-Group,"Laservolle, rue de la Harpe.  ",ENTRY,"<SUBJ>Laservolle</SUBJ>, <ADDR>rue de la Harpe.</ADDR>",1,0,1,1.0000,,B-ENTRY,B-ENTRY,model,0.9864,2026-09-22 19:53:06
2e058702-87f0-547a-acf2-1e16cf5d7946,ba41c9fe-60b4-5f9d-a133-2ac0b3fbec25,180.3.52,180,2,3,52,"[63.0, 58.0, 946.0, 903.0]",List-Group,"Lasne, rue Française, 4.  ",ENTRY,"<SUBJ>Lasne</SUBJ>, <ADDR>rue Française, 4.</ADDR>",1,0,1,1.0000,,B-ENTRY,B-ENTRY,model,0.9854,2026-09-22 19:53:06
9f563866-eeaf-5264-888e-8ff6d2be2304,ba41c9fe-60b4-5f9d-a133-2ac0b3fbec25,180.3.53,180,2,3,53,"[63.0, 58.0, 946.0, 903.0]",List-Group,"Lasserre, rue du Mont-Blanc, 50.  ",ENTRY,"<SUBJ>Lasserre</SUBJ>, <ADDR>rue du Mont-Blanc, 50.</ADDR>",1,0,1,1.0000,,B-ENTRY,B-ENTRY,human,1.0,2026-09-22 19:52:30
92855ab8-938c-5bbe-bee0-0c151658e7de,ba41c9fe-60b4-5f9d-a133-2ac0b3fbec25,180.3.54,180,2,3,54,"[63.0, 58.0, 946.0, 903.0]",List-Group,"Lebegue de Presle, rue S.-Jacques.  ",ENTRY,"<SUBJ>Lebegue de Presle</SUBJ>, <ADDR>rue S.-Jacques.</ADDR>",1,0,1,1.0000,,B-ENTRY,B-ENTRY,human,1.0,2026-09-22 19:52:30
e4450c46-957f-5c86-bc97-ab1b47e3bcd1,ba41c9fe-60b4-5f9d-a133-2ac0b3fbec25,"180.3.55,180.3.56","180,180","2,2","3,3","55,56","[63.0, 58.0, 946.0, 903.0],[63.0, 58.0, 946.0, 903.0]","List-Group,List-Group","Leblanc, rue du Fb.-S.-Jacques, à l'hos- pice des Vénériens, 59.",ENTRY,"<SUBJ>Leblanc</SUBJ>, <ADDR>rue du Fb.-S.-Jacques, à l'hos- pice des Vénériens, 59.</ADDR>",1,0,1,1.0000,,"B-ENTRY,I-ENTRY","B-ENTRY,I-ENTRY","model,model","0.9833,1.0","2026-09-22 19:53:06,2026-09-22 19:53:06"
16f4047a-c60a-55c4-af9a-b32897a13b4b,ba41c9fe-60b4-5f9d-a133-2ac0b3fbec25,180.3.57,180,2,3,57,"[63.0, 58.0, 946.0, 903.0]",List-Group,"Leclerc, rue de la Liberté, 12.  ",ENTRY,"<SUBJ>Leclerc</SUBJ>, <ADDR>rue de la Liberté, 12.</ADDR>",1,0,1,1.0000,,B-ENTRY,B-ENTRY,model,0.9985,2026-09-22 19:53:06
50ef9bb7-4ecf-5d62-b2f7-54005eea8dc3,ba41c9fe-60b4-5f9d-a133-2ac0b3fbec25,180.3.58,180,2,3,58,"[63.0, 58.0, 946.0, 903.0]",List-Group,"Ledru, rue Neuve-S.-Paul, 2.  ",ENTRY,"<SUBJ>Ledru</SUBJ>, <ADDR>rue Neuve-S.-Paul, 2.</ADDR>",1,0,1,1.0000,,B-ENTRY,B-ENTRY,model,0.9914,2026-09-22 19:53:06
bf06e8a9-b612-5e38-bfe8-fd9fa2259083,ba41c9fe-60b4-5f9d-a133-2ac0b3fbec25,180.3.59,180,2,3,59,"[63.0, 58.0, 946.0, 903.0]",List-Group,"Legallois, rue de la Harpe, 29.  ",ENTRY,"<SUBJ>Legallois</SUBJ>, <ADDR>rue de la Harpe, 29.</ADDR>",1,0,1,1.0000,,B-ENTRY,B-ENTRY,model,0.9923,2026-09-22 19:53:06
8bf2de1a-b678-5ecf-bec5-74d8a64c7e08,ba41c9fe-60b4-5f9d-a133-2ac0b3fbec25,"180.3.60,180.3.61","180,180","2,2","3,3","60,61","[63.0, 58.0, 946.0, 903.0],[63.0, 58.0, 946.0, 903.0]","List-Group,List-Group","Lemaire, hôtel Soubise, 1, rue Vieille-du- Temple, 87.",ENTRY,"<SUBJ>Lemaire</SUBJ>, <ADDR>hôtel Soubise, 1, rue Vieille-du- Temple, 87.</ADDR>",1,0,1,1.0000,,"B-ENTRY,I-ENTRY","B-ENTRY,I-ENTRY","human,human","1.0,1.0","2026-09-22 19:52:54,2026-09-22 19:52:54"
f7738e79-3dfd-5d4b-802d-82a7c4eee0c4,ba41c9fe-60b4-5f9d-a133-2ac0b3fbec25,180.3.62,180,2,3,62,"[63.0, 58.0, 946.0, 903.0]",List-Group,"Lemoine, rue des Vieux-Augustins, 18.  ",ENTRY,"<SUBJ>Lemoine</SUBJ>, <ADDR>rue des Vieux-Augustins, 18.</ADDR>",1,0,1,1.0000,,B-ENTRY,B-ENTRY,human,1.0,2026-09-22 19:52:59
ab4bf06f-1ee5-5921-95d3-1d65e317e1ed,ba41c9fe-60b4-5f9d-a133-2ac0b3fbec25,180.3.63,180,2,3,63,"[63.0, 58.0, 946.0, 903.0]",List-Group,Lepage de Liugerville.  ,ENTRY,<SUBJ>Lepage de Liugerville.</SUBJ>,1,0,0,1.0000,,B-ENTRY,B-ENTRY,human,1.0,2026-09-22 19:52:59
240b086e-c519-555b-8a86-20a0772b8acc,ba41c9fe-60b4-5f9d-a133-2ac0b3fbec25,180.3.64,180,2,3,64,"[63.0, 58.0, 946.0, 903.0]",List-Group,"Lepreux, cloître N.-Dame, 10.  ",ENTRY,"<SUBJ>Lepreux</SUBJ>, <ADDR>cloître N.-Dame, 10.</ADDR>",1,0,1,1.0000,,B-ENTRY,B-ENTRY,model,0.9935,2026-09-22 19:53:06
628db8e9-1002-5df6-b0e0-0d68b0cd32e6,ba41c9fe-60b4-5f9d-a133-2ac0b3fbec25,180.3.65,180,2,3,65,"[63.0, 58.0, 946.0, 903.0]",List-Group,"Leroy (Alphonse), rue de Vaugirard, 84.  ",ENTRY,"<SUBJ>Leroy (Alphonse)</SUBJ>, <ADDR>rue de Vaugirard, 84.</ADDR>",1,0,1,1.0000,,B-ENTRY,B-ENTRY,model,0.9995,2026-09-22 19:53:06
830b493d-2045-5214-92b6-00be2f0808c0,ba41c9fe-60b4-5f9d-a133-2ac0b3fbec25,180.3.66,180,2,3,66,"[63.0, 58.0, 946.0, 903.0]",List-Group,"Leroux (J. J.), rue de Verneuil, 25.  ",ENTRY,"<SUBJ>Leroux (J. J.)</SUBJ>, <ADDR>rue de Verneuil, 25.</ADDR>",1,0,1,1.0000,,B-ENTRY,B-ENTRY,model,0.9982,2026-09-22 19:53:06
87cc5193-b210-553c-97fa-3caeb6147581,ba41c9fe-60b4-5f9d-a133-2ac0b3fbec25,180.3.67,180,2,3,67,"[63.0, 58.0, 946.0, 903.0]",List-Group,"Leroy (Jacq. Agathange), rue Bailletie, 5.  ",ENTRY,"<SUBJ>Leroy (Jacq. Agathange)</SUBJ>, <ADDR>rue Bailletie, 5.</ADDR>",1,0,1,1.0000,,B-ENTRY,B-ENTRY,model,0.9997,2026-09-22 19:53:06
7f9f7dfe-f3f3-5589-b07a-9cb9f844d486,ba41c9fe-60b4-5f9d-a133-2ac0b3fbec25,180.3.68,180,2,3,68,"[63.0, 58.0, 946.0, 903.0]",List-Group,"Lesage, rue Coquillière, 20.  ",ENTRY,"<SUBJ>Lesage</SUBJ>, <ADDR>rue Coquillière, 20.</ADDR>",1,0,1,1.0000,,B-ENTRY,B-ENTRY,model,0.9854,2026-09-22 19:53:06
73c20941-225f-58e7-aff8-4f42557d6a80,ba41c9fe-60b4-5f9d-a133-2ac0b3fbec25,180.3.69,180,2,3,69,"[63.0, 58.0, 946.0, 903.0]",List-Group,"Lesueur, rue de Paradis, 4.  ",ENTRY,"<SUBJ>Lesueur</SUBJ>, <ADDR>rue de Paradis, 4.</ADDR>",1,0,1,1.0000,,B-ENTRY,B-ENTRY,model,0.9872,2026-09-22 19:53:06
ce90f934-d173-57c8-919d-ca62fa8c5493,ba41c9fe-60b4-5f9d-a133-2ac0b3fbec25,180.3.70,180,2,3,70,"[63.0, 58.0, 946.0, 903.0]",List-Group,"Lesvignes, rue du Fb.-S.-Martin, 148.  ",ENTRY,"<SUBJ>Lesvignes</SUBJ>, <ADDR>rue du Fb.-S.-Martin, 148.</ADDR>",1,0,1,1.0000,,B-ENTRY,B-ENTRY,model,0.9923,2026-09-22 19:53:06
468b5c8e-f36b-5854-adee-3f4340a34c8a,ba41c9fe-60b4-5f9d-a133-2ac0b3fbec25,180.3.71,180,2,3,71,"[63.0, 58.0, 946.0, 903.0]",List-Group,"Letenneur, rue des Coutures-S.-Gervais, 24.  ",ENTRY,"<SUBJ>Letenneur</SUBJ>, <ADDR>rue des Coutures-S.-Gervais, 24.</ADDR>",1,0,1,1.0000,,B-ENTRY,B-ENTRY,model,0.9922,2026-09-22 19:53:06
a7caa812-f92f-5da9-a0da-a666f485a4a3,ba41c9fe-60b4-5f9d-a133-2ac0b3fbec25,180.3.72,180,2,3,72,"[63.0, 58.0, 946.0, 903.0]",List-Group,"Levacher, rue S.-Lazare.  ",ENTRY,"<SUBJ>Levacher</SUBJ>, <ADDR>rue S.-Lazare.</ADDR>",1,0,1,1.0000,,B-ENTRY,B-ENTRY,model,0.9725,2026-09-22 19:53:06
eda6827d-ad1b-5790-a387-af02f5bcdc06,ba41c9fe-60b4-5f9d-a133-2ac0b3fbec25,180.3.73,180,2,3,73,"[63.0, 58.0, 946.0, 903.0]",List-Group,"Léveillé, rue N.-des-Petits-Champs, 53.  ",ENTRY,"<SUBJ>Léveillé</SUBJ>, <ADDR>rue N.-des-Petits-Champs, 53.</ADDR>",1,0,1,1.0000,,B-ENTRY,B-ENTRY,model,0.9918,2026-09-22 19:53:06
e076e914-a8c4-5e20-b13f-8f8e933a0cdf,ba41c9fe-60b4-5f9d-a133-2ac0b3fbec25,180.3.74,180,2,3,74,"[63.0, 58.0, 946.0, 903.0]",List-Group,"Leverdays (J. Germain), rue....  ",ENTRY,"<SUBJ>Leverdays (J. Germain)</SUBJ>, <ADDR>rue....</ADDR>",1,0,1,1.0000,,B-ENTRY,B-ENTRY,model,0.9966,2026-09-22 19:53:06
459fe40d-bbf8-56c7-9ba2-39170b7e0bff,ba41c9fe-60b4-5f9d-a133-2ac0b3fbec25,180.3.75,180,2,3,75,"[63.0, 58.0, 946.0, 903.0]",List-Group,"Leviers, rue de Richelieu, 15.  ",ENTRY,"<SUBJ>Leviers</SUBJ>, <ADDR>rue de Richelieu, 15.</ADDR>",1,0,1,1.0000,,B-ENTRY,B-ENTRY,model,0.9872,2026-09-22 19:53:06
3dac0752-3fdb-593f-892e-6667eccdbd12,ba41c9fe-60b4-5f9d-a133-2ac0b3fbec25,180.3.76,180,2,3,76,"[63.0, 58.0, 946.0, 903.0]",List-Group,"Levraud aîné, rue S.-André-des-Arcs, 51.  ",ENTRY,"<SUBJ>Levraud aîné</SUBJ>, <ADDR>rue S.-André-des-Arcs, 51.</ADDR>",1,0,1,1.0000,,B-ENTRY,B-ENTRY,model,0.9705,2026-09-22 19:53:06
c3d1db19-489a-5437-aaf4-17d98051ac32,ba41c9fe-60b4-5f9d-a133-2ac0b3fbec25,180.3.77,180,2,3,77,"[63.0, 58.0, 946.0, 903.0]",List-Group,"Levraud jeune, rue d'Argenteuil, 7.  ",ENTRY,"<SUBJ>Levraud jeune</SUBJ>, <ADDR>rue d'Argenteuil, 7.</ADDR>",1,0,1,1.0000,,B-ENTRY,B-ENTRY,model,0.9775,2026-09-22 19:53:06
b40f49d1-4c0b-51ee-96c8-c1309c3e7ee3,ba41c9fe-60b4-5f9d-a133-2ac0b3fbec25,180.3.78,180,2,3,78,"[63.0, 58.0, 946.0, 903.0]",List-Group,"Leys, rue Poupée.  ",ENTRY,"<SUBJ>Leys</SUBJ>, <ADDR>rue Poupée.</ADDR>",1,0,1,1.0000,,B-ENTRY,B-ENTRY,model,0.9883,2026-09-22 19:53:06
765b56b1-210f-51ca-83c7-0374db1e2d79,ba41c9fe-60b4-5f9d-a133-2ac0b3fbec25,180.3.79,180,2,3,79,"[63.0, 58.0, 946.0, 903.0]",List-Group,"Lherminier, rue Caumartin, 14.  ",ENTRY,"<SUBJ>Lherminier</SUBJ>, <ADDR>rue Caumartin, 14.</ADDR>",1,0,1,1.0000,,B-ENTRY,B-ENTRY,model,0.9854,2026-09-22 19:53:06
d14b4072-9e79-558f-a25d-3b43813f8212,ba41c9fe-60b4-5f9d-a133-2ac0b3fbec25,180.3.80,180,2,3,80,"[63.0, 58.0, 946.0, 903.0]",List-Group,"Lobinhes, rue N.-S.-Augustin, 23.  ",ENTRY,"<SUBJ>Lobinhes</SUBJ>, <ADDR>rue N.-S.-Augustin, 23.</ADDR>",1,0,1,1.0000,,B-ENTRY,B-ENTRY,model,0.9917,2026-09-22 19:53:06
67b91346-a4af-5371-bbbd-831a7167a4f5,ba41c9fe-60b4-5f9d-a133-2ac0b3fbec25,"180.3.81,180.3.82","180,180","2,2","3,3","81,82","[63.0, 58.0, 946.0, 903.0],[63.0, 58.0, 946.0, 903.0]","List-Group,List-Group","Louiche-Desfontaines, rue de Seine, 55. — Plantes.",ENTRY,"<SUBJ>Louiche-Desfontaines</SUBJ>, <ADDR>rue de Seine, 55. — Plantes.</ADDR>",1,0,1,1.0000,,"B-ENTRY,I-ENTRY","B-ENTRY,I-ENTRY","human,human","1.0,1.0","2026-09-22 19:52:24,2026-09-22 19:52:24"
1d0db682-0bc0-59f3-ac83-2040512d8ccf,ba41c9fe-60b4-5f9d-a133-2ac0b3fbec25,180.3.83,180,2,3,83,"[63.0, 58.0, 946.0, 903.0]",List-Group,"Lousier, rue de Richelieu.  ",ENTRY,"<SUBJ>Lousier</SUBJ>, <ADDR>rue de Richelieu.</ADDR>",1,0,1,1.0000,,B-ENTRY,B-ENTRY,human,1.0,2026-09-22 19:52:33
06e5fd1a-1aa9-5cfd-bf3d-4cec3d3608ea,ba41c9fe-60b4-5f9d-a133-2ac0b3fbec25,180.3.84,180,2,3,84,"[63.0, 58.0, 946.0, 903.0]",List-Group,"Louyer-Villermay, rue du Temple, 105.  ",ENTRY,"<SUBJ>Louyer-Villermay</SUBJ>, <ADDR>rue du Temple, 105.</ADDR>",1,0,1,1.0000,,B-ENTRY,B-ENTRY,human,1.0,2026-09-22 19:52:33
00c4f2c2-7bec-53b7-9a28-1f63a33405df,ba41c9fe-60b4-5f9d-a133-2ac0b3fbec25,180.3.85,180,2,3,85,"[63.0, 58.0, 946.0, 903.0]",List-Group,"Lullier, rue S.-Antoine, 71.  ",ENTRY,"<SUBJ>Lullier</SUBJ>, <ADDR>rue S.-Antoine, 71.</ADDR>",1,0,1,1.0000,,B-ENTRY,B-ENTRY,model,0.9935,2026-09-22 19:53:06
1c87ae7f-f8a9-59d2-87ca-a2a1008c4bf6,ba41c9fe-60b4-5f9d-a133-2ac0b3fbec25,180.3.86,180,2,3,86,"[63.0, 58.0, 946.0, 903.0]",List-Group,"Macartan, rue du Fb.-Poissonnière, 5.  ",ENTRY,"<SUBJ>Macartan</SUBJ>, <ADDR>rue du Fb.-Poissonnière, 5.</ADDR>",1,0,1,1.0000,,B-ENTRY,B-ENTRY,model,0.9872,2026-09-22 19:53:06
b1b3633d-c069-5bc0-a6a8-c0a69126679a,ba41c9fe-60b4-5f9d-a133-2ac0b3fbec25,180.3.87,180,2,3,87,"[63.0, 58.0, 946.0, 903.0]",List-Group,"Mac-Mahom, rue des Postes, 33.  ",ENTRY,"<SUBJ>Mac-Mahom</SUBJ>, <ADDR>rue des Postes, 33.</ADDR>",1,0,1,1.0000,,B-ENTRY,B-ENTRY,model,0.9983,2026-09-22 19:53:06
bad14dfc-786f-5d0e-b6a3-2414492d73d0,ba41c9fe-60b4-5f9d-a133-2ac0b3fbec25,180.3.88,180,2,3,88,"[63.0, 58.0, 946.0, 903.0]",List-Group,"Madoré (J.), rue Neuve-S.-Martin, 28.  ",ENTRY,"<SUBJ>Madoré (J.)</SUBJ>, <ADDR>rue Neuve-S.-Martin, 28.</ADDR>",1,0,1,1.0000,,B-ENTRY,B-ENTRY,model,0.9982,2026-09-22 19:53:06
c922b1c4-ab41-5cd3-b97b-415ee17b54fe,ba41c9fe-60b4-5f9d-a133-2ac0b3fbec25,180.3.89,180,2,3,89,"[63.0, 58.0, 946.0, 903.0]",List-Group,"Maigrier, rue des Deux-Écus, 38.  ",ENTRY,"<SUBJ>Maigrier</SUBJ>, <ADDR>rue des Deux-Écus, 38.</ADDR>",1,0,1,1.0000,,B-ENTRY,B-ENTRY,model,0.994,2026-09-22 19:53:06
2b6fa351-260b-57b7-9fe0-e7d637b28a08,ba41c9fe-60b4-5f9d-a133-2ac0b3fbec25,180.3.90,180,2,3,90,"[63.0, 58.0, 946.0, 903.0]",List-Group,"Maigrot, rue du Faub.-S.-Denis, 41.  ",ENTRY,"<SUBJ>Maigrot</SUBJ>, <ADDR>rue du Faub.-S.-Denis, 41.</ADDR>",1,0,1,1.0000,,B-ENTRY,B-ENTRY,model,0.9922,2026-09-22 19:53:06
be560cd4-e857-5d72-9127-3e897255f6c9,ba41c9fe-60b4-5f9d-a133-2ac0b3fbec25,180.3.91,180,2,3,91,"[63.0, 58.0, 946.0, 903.0]",List-Group,"Mailhol, rue des Mauvais-Garçons.  ",ENTRY,"<SUBJ>Mailhol</SUBJ>, <ADDR>rue des Mauvais-Garçons.</ADDR>",1,0,1,1.0000,,B-ENTRY,B-ENTRY,model,0.9788,2026-09-22 19:53:06
3ff9d201-5574-5d96-bcc2-2db6d6fa1f55,ba41c9fe-60b4-5f9d-a133-2ac0b3fbec25,180.3.92,180,2,3,92,"[63.0, 58.0, 946.0, 903.0]",List-Group,"Mallet, rue de Jouy, 8.  ",ENTRY,"<SUBJ>Mallet</SUBJ>, <ADDR>rue de Jouy, 8.</ADDR>",1,0,1,1.0000,,B-ENTRY,B-ENTRY,model,0.9872,2026-09-22 19:53:06
47c875df-56fa-5208-be80-95a41ea819ab,ba41c9fe-60b4-5f9d-a133-2ac0b3fbec25,180.3.93,180,2,3,93,"[63.0, 58.0, 946.0, 903.0]",List-Group,"Maloet, rue Neuve-S.-Augustin, 37.  ",ENTRY,"<SUBJ>Maloet</SUBJ>, <ADDR>rue Neuve-S.-Augustin, 37.</ADDR>",1,0,1,1.0000,,B-ENTRY,B-ENTRY,model,0.9915,2026-09-22 19:53:06
9b8977bf-07e0-5bb6-a339-eacbe6cbbdde,ba41c9fe-60b4-5f9d-a133-2ac0b3fbec25,180.3.94,180,2,3,94,"[63.0, 58.0, 946.0, 903.0]",List-Group,"Marcescheau, rue du Hazard, 15.  ",ENTRY,"<SUBJ>Marcescheau</SUBJ>, <ADDR>rue du Hazard, 15.</ADDR>",1,0,1,1.0000,,B-ENTRY,B-ENTRY,model,0.9872,2026-09-22 19:53:06
fa668ff7-9dff-5233-81b6-a42cba4a81c3,ba41c9fe-60b4-5f9d-a133-2ac0b3fbec25,180.3.95,180,2,3,95,"[63.0, 58.0, 946.0, 903.0]",List-Group,"Marc, rue Saint-Martin, 77.  ",ENTRY,"<SUBJ>Marc</SUBJ>, <ADDR>rue Saint-Martin, 77.</ADDR>",1,0,1,1.0000,,B-ENTRY,B-ENTRY,model,0.9913,2026-09-22 19:53:06
1ac46f45-f9cc-5c40-887e-a1b8cc5a15b2,ba41c9fe-60b4-5f9d-a133-2ac0b3fbec25,180.3.96,180,2,3,96,"[63.0, 58.0, 946.0, 903.0]",List-Group,"Marie, rue N.-Dame-des-Victoires, 40.  ",ENTRY,"<SUBJ>Marie</SUBJ>, <ADDR>rue N.-Dame-des-Victoires, 40.</ADDR>",1,0,1,1.0000,,B-ENTRY,B-ENTRY,model,0.9918,2026-09-22 19:53:06
a40a60ec-b320-575c-8e17-8ac6cb502d78,ba41c9fe-60b4-5f9d-a133-2ac0b3fbec25,180.3.97,180,2,3,97,"[63.0, 58.0, 946.0, 903.0]",List-Group,"Marie-S.-Ursin, rue des SS.-Pères, 5.  ",ENTRY,"<SUBJ>Marie-S.-Ursin</SUBJ>, <ADDR>rue des SS.-Pères, 5.</ADDR>",1,0,1,1.0000,,B-ENTRY,B-ENTRY,model,0.9879,2026-09-22 19:53:06
5a6ffdb3-2e41-55a5-8e20-75052152718b,ba41c9fe-60b4-5f9d-a133-2ac0b3fbec25,180.3.98,180,2,3,98,"[63.0, 58.0, 946.0, 903.0]",List-Group,"Marinier, rue du Théâtre-Français, 21.  ",ENTRY,"<SUBJ>Marinier</SUBJ>, <ADDR>rue du Théâtre-Français, 21.</ADDR>",1,0,1,1.0000,,B-ENTRY,B-ENTRY,model,0.9941,2026-09-22 19:53:06
89de3ab2-0dd9-57b9-9791-35d1e78175a1,ba41c9fe-60b4-5f9d-a133-2ac0b3fbec25,180.3.99,180,2,3,99,"[63.0, 58.0, 946.0, 903.0]",List-Group,"Marquis, rue du Hazard, 15.  ",ENTRY,"<SUBJ>Marquis</SUBJ>, <ADDR>rue du Hazard, 15.</ADDR>",1,0,1,1.0000,,B-ENTRY,B-ENTRY,model,0.9871,2026-09-22 19:53:06
ae4f4a40-f016-52cb-bedc-e9fa1306aec8,ba41c9fe-60b4-5f9d-a133-2ac0b3fbec25,"180.3.100,180.3.101","180,180","2,2","3,3","100,101","[63.0, 58.0, 946.0, 903.0],[63.0, 58.0, 946.0, 903.0]","List-Group,List-Group","Maurice, rue du Cimetière-Saint-André- des-Arcs, 15.",ENTRY,"<SUBJ>Maurice</SUBJ>, <ADDR>rue du Cimetière-Saint-André- des-Arcs, 15.</ADDR>",1,0,1,1.0000,,"B-ENTRY,I-ENTRY","B-ENTRY,I-ENTRY","human,human","1.0,1.0","2026-09-22 19:50:02,2026-09-22 19:50:02"
d5e76b60-2d47-5a9d-b3e2-a0de0e3c5bff,ba41c9fe-60b4-5f9d-a133-2ac0b3fbec25,180.3.102,180,2,3,102,"[63.0, 58.0, 946.0, 903.0]",List-Group,"Menuet, rue du Bacq, 33.  ",ENTRY,"<SUBJ>Menuet</SUBJ>, <ADDR>rue du Bacq, 33.</ADDR>",1,0,1,1.0000,,B-ENTRY,B-ENTRY,model,0.9975,2026-09-22 19:53:06
08c0aab2-93df-5ac3-8283-bea827c61943,ba41c9fe-60b4-5f9d-a133-2ac0b3fbec25,180.3.103,180,2,3,103,"[63.0, 58.0, 946.0, 903.0]",List-Group,"Mercier, rue Bon-Conseil, 25.  ",ENTRY,"<SUBJ>Mercier</SUBJ>, <ADDR>rue Bon-Conseil, 25.</ADDR>",1,0,1,1.0000,,B-ENTRY,B-ENTRY,model,0.9913,2026-09-22 19:53:06
10f6262a-20ae-5be1-b8fb-3abde569c32d,ba41c9fe-60b4-5f9d-a133-2ac0b3fbec25,180.3.104,180,2,3,104,"[63.0, 58.0, 946.0, 903.0]",List-Group,"Mestais, rue des Fossés-S.-Victor, 20.  ",ENTRY,"<SUBJ>Mestais</SUBJ>, <ADDR>rue des Fossés-S.-Victor, 20.</ADDR>",1,0,1,1.0000,,B-ENTRY,B-ENTRY,model,0.9922,2026-09-22 19:53:06
fec60390-cb81-5e66-b37f-3fafbe331e75,ba41c9fe-60b4-5f9d-a133-2ac0b3fbec25,"180.3.105,180.3.106","180,180","2,2","3,3","105,106","[63.0, 58.0, 946.0, 903.0],[63.0, 58.0, 946.0, 903.0]","List-Group,List-Group","Milon-Redemayer (L. A.), rue Saint- Sébastien, 52.",ENTRY,"<SUBJ>Milon-Redemayer (L. A.)</SUBJ>, <ADDR>rue Saint- Sébastien, 52.</ADDR>",1,0,1,1.0000,,"B-ENTRY,I-ENTRY","B-ENTRY,I-ENTRY","model,model","0.9994,0.9638","2026-09-22 19:53:06,2026-09-22 19:53:06"
16c4f8fa-23ce-5777-afdf-54aece1c6735,ba41c9fe-60b4-5f9d-a133-2ac0b3fbec25,180.3.107,180,2,3,107,"[63.0, 58.0, 946.0, 903.0]",List-Group,"Molet, rue Neuve-du-Luxembourg, 25.  ",ENTRY,"<SUBJ>Molet</SUBJ>, <ADDR>rue Neuve-du-Luxembourg, 25.</ADDR>",1,0,1,1.0000,,B-ENTRY,B-ENTRY,model,0.997,2026-09-22 19:53:06
6a3a70d6-5bf1-52d2-bf79-945fe34c1add,ba41c9fe-60b4-5f9d-a133-2ac0b3fbec25,180.3.108,180,2,3,108,"[63.0, 58.0, 946.0, 903.0]",List-Group,"Mongenot, rue du Four, 47. — Lux.  ",ENTRY,"<SUBJ>Mongenot</SUBJ>, <ADDR>rue du Four, 47. — Lux.</ADDR>",1,0,1,1.0000,,B-ENTRY,B-ENTRY,model,0.9639,2026-09-22 19:53:06
189ded6b-539d-56ec-b246-6f166158ac4a,ba41c9fe-60b4-5f9d-a133-2ac0b3fbec25,180.3.109,180,2,3,109,"[63.0, 58.0, 946.0, 903.0]",List-Group,"Monnier, rue de la Place-Vendôme, 6.  ",ENTRY,"<SUBJ>Monnier</SUBJ>, <ADDR>rue de la Place-Vendôme, 6.</ADDR>",1,0,1,1.0000,,B-ENTRY,B-ENTRY,model,0.9873,2026-09-22 19:53:06
5ce1c616-f962-5295-b327-041c6ca20f37,ba41c9fe-60b4-5f9d-a133-2ac0b3fbec25,180.3.110,180,2,3,110,"[63.0, 58.0, 946.0, 903.0]",List-Group,"Montaigu, rue St.-André-des-Arcs, 43.  ",ENTRY,"<SUBJ>Montaigu</SUBJ>, <ADDR>rue St.-André-des-Arcs, 43.</ADDR>",1,0,1,1.0000,,B-ENTRY,B-ENTRY,model,0.9914,2026-09-22 19:53:06
65589ce3-610e-5e03-ab6b-82f0cd157422,ba41c9fe-60b4-5f9d-a133-2ac0b3fbec25,180.3.111,180,2,3,111,"[63.0, 58.0, 946.0, 903.0]",List-Group,"Moutaubin-Duchesne, r. du P.-Carreau, 1.  ",ENTRY,"<SUBJ>Moutaubin-Duchesne</SUBJ>, <ADDR>r. du P.-Carreau, 1.</ADDR>",1,0,1,1.0000,,B-ENTRY,B-ENTRY,model,0.9978,2026-09-22 19:53:06
d41e40db-cff2-5c79-a2b9-700da1109c65,ba41c9fe-60b4-5f9d-a133-2ac0b3fbec25,180.3.112,180,2,3,112,"[63.0, 58.0, 946.0, 903.0]",List-Group,"Morillon, rue Neuve-de-l'Égalité, 17.  ",ENTRY,"<SUBJ>Morillon</SUBJ>, <ADDR>rue Neuve-de-l'Égalité, 17.</ADDR>",1,0,1,1.0000,,B-ENTRY,B-ENTRY,model,0.9914,2026-09-22 19:53:06
a04c0d45-50fc-5553-9cae-4a37186bbbf8,ba41c9fe-60b4-5f9d-a133-2ac0b3fbec25,180.3.113,180,2,3,113,"[63.0, 58.0, 946.0, 903.0]",List-Group,"Mouillet, rue Saint-Martin, 65.  ",ENTRY,"<SUBJ>Mouillet</SUBJ>, <ADDR>rue Saint-Martin, 65.</ADDR>",1,0,1,1.0000,,B-ENTRY,B-ENTRY,model,0.9914,2026-09-22 19:53:06
7262721a-51be-5416-98d0-5a9927488449,ba41c9fe-60b4-5f9d-a133-2ac0b3fbec25,180.3.114,180,2,3,114,"[63.0, 58.0, 946.0, 903.0]",List-Group,"Moore, rue Thévenot, 9.  ",ENTRY,"<SUBJ>Moore</SUBJ>, <ADDR>rue Thévenot, 9.</ADDR>",1,0,1,1.0000,,B-ENTRY,B-ENTRY,model,0.9854,2026-09-22 19:53:06
8a1627b4-980d-59d0-9dae-26427921ed85,ba41c9fe-60b4-5f9d-a133-2ac0b3fbec25,180.3.115,180,2,3,115,"[63.0, 58.0, 946.0, 903.0]",List-Group,"Murat, boulevard de l'Hôpital, 7.  ",ENTRY,"<SUBJ>Murat</SUBJ>, <ADDR>boulevard de l'Hôpital, 7.</ADDR>",1,0,1,1.0000,,B-ENTRY,B-ENTRY,model,0.9941,2026-09-22 19:53:06
b6df6d98-ac70-54a3-8a70-d58f1e7f714e,ba41c9fe-60b4-5f9d-a133-2ac0b3fbec25,180.3.116,180,2,3,116,"[63.0, 58.0, 946.0, 903.0]",List-Group,"Nacquart, rue d'Anjou, au Marais, 23.  ",ENTRY,"<SUBJ>Nacquart</SUBJ>, <ADDR>rue d'Anjou, au Marais, 23.</ADDR>",1,0,1,1.0000,,B-ENTRY,B-ENTRY,model,0.9923,2026-09-22 19:53:06
ac38aebd-9e50-5862-aa4f-8a6bf65ce8a5,ba41c9fe-60b4-5f9d-a133-2ac0b3fbec25,180.3.117,180,2,3,117,"[63.0, 58.0, 946.0, 903.0]",List-Group,"Nauche, rue du Bouloy, 8.  ",ENTRY,"<SUBJ>Nauche</SUBJ>, <ADDR>rue du Bouloy, 8.</ADDR>",1,0,1,1.0000,,B-ENTRY,B-ENTRY,model,0.9871,2026-09-22 19:53:06
96d03233-caf7-57ed-97e1-c535420100b8,ba41c9fe-60b4-5f9d-a133-2ac0b3fbec25,180.3.118,180,2,3,118,"[63.0, 58.0, 946.0, 903.0]",List-Group,"Naudin, rue des Grands-Augustins, 5.  ",ENTRY,"<SUBJ>Naudin</SUBJ>, <ADDR>rue des Grands-Augustins, 5.</ADDR>",1,0,1,1.0000,,B-ENTRY,B-ENTRY,model,0.9941,2026-09-22 19:53:06
227fea69-0249-5f65-80b5-7d9c4e240c4e,ba41c9fe-60b4-5f9d-a133-2ac0b3fbec25,180.3.119,180,2,3,119,"[63.0, 58.0, 946.0, 903.0]",List-Group,"Noblesse, rue.....  ",ENTRY,"<SUBJ>Noblesse</SUBJ>, <ADDR>rue.....</ADDR>",1,0,1,1.0000,,B-ENTRY,B-ENTRY,model,0.9815,2026-09-22 19:53:06
19292f47-07f6-59b9-83b3-1ad061dd42a2,ba41c9fe-60b4-5f9d-a133-2ac0b3fbec25,180.3.120,180,2,3,120,"[63.0, 58.0, 946.0, 903.0]",List-Group,"Nollan, rue du Petit-Carreau, 13.  ",ENTRY,"<SUBJ>Nollan</SUBJ>, <ADDR>rue du Petit-Carreau, 13.</ADDR>",1,0,1,1.0000,,B-ENTRY,B-ENTRY,model,0.9941,2026-09-22 19:53:06
3f953fc3-2f2b-5688-a6a1-e7f4eeb5f885,ba41c9fe-60b4-5f9d-a133-2ac0b3fbec25,180.3.121,180,2,3,121,"[63.0, 58.0, 946.0, 903.0]",List-Group,"Obœuf, rue Christine, 5; et au Pet  ",ENTRY,"<SUBJ>Obœuf</SUBJ>, <ADDR>rue Christine, 5; et au Pet</ADDR>",1,0,1,1.0000,,B-ENTRY,B-ENTRY,model,0.9876,2026-09-22 19:53:06
f0308a37-9eda-5bde-bb34-d52dbfd0e6d8,ba41c9fe-60b4-5f9d-a133-2ac0b3fbec25,180.3.122,180,2,3,122,"[63.0, 58.0, 946.0, 903.0]",List-Group,"Bellevue, commune de Meudon.  ",ENTRY,"<SUBJ>Bellevue</SUBJ>, <ADDR>commune de Meudon.</ADDR>",1,0,1,0.9532,,B-ENTRY,B-ENTRY,model,0.981,2026-09-22 19:53:06
96aa8cd7-e10c-53c3-b466-6bbba23c9cd2,ba41c9fe-60b4-5f9d-a133-2ac0b3fbec25,180.3.123,180,2,3,123,"[63.0, 58.0, 946.0, 903.0]",List-Group,"Pagès, rue du Four-S.-Germain, 19.  ",ENTRY,"<SUBJ>Pagès</SUBJ>, <ADDR>rue du Four-S.-Germain, 19.</ADDR>",1,0,1,1.0000,,B-ENTRY,B-ENTRY,model,0.9922,2026-09-22 19:53:06
8426fbcf-1716-50ac-ab2e-1c2790cf412f,ba41c9fe-60b4-5f9d-a133-2ac0b3fbec25,180.3.124,180,2,3,124,"[63.0, 58.0, 946.0, 903.0]",List-Group,"Parfait, rue Taibout, 7.  ",ENTRY,"<SUBJ>Parfait</SUBJ>, <ADDR>rue Taibout, 7.</ADDR>",1,0,1,1.0000,,B-ENTRY,B-ENTRY,model,0.9854,2026-09-22 19:53:06
c1bd17e9-7a9d-5ed4-81c1-4b24a96533a9,ba41c9fe-60b4-5f9d-a133-2ac0b3fbec25,180.3.125,180,2,3,125,"[63.0, 58.0, 946.0, 903.0]",List-Group,"Paschalis, rue Neuve-des-Bons-Enfants, 7.  ",ENTRY,"<SUBJ>Paschalis</SUBJ>, <ADDR>rue Neuve-des-Bons-Enfants, 7.</ADDR>",1,0,1,1.0000,,B-ENTRY,B-ENTRY,model,0.9914,2026-09-22 19:53:06
4d7d2730-6855-54ae-b785-89f769046f49,ba41c9fe-60b4-5f9d-a133-2ac0b3fbec25,180.3.126,180,2,3,126,"[63.0, 58.0, 946.0, 903.0]",List-Group,"Paly-Rasch, aux Invalides.  ",ENTRY,"<SUBJ>Paly-Rasch</SUBJ>, <ADDR>aux Invalides.</ADDR>",1,0,1,1.0000,,B-ENTRY,B-ENTRY,human,1.0,2026-09-22 19:51:33
b00b794d-5a51-5211-91f5-14362640a3d6,ba41c9fe-60b4-5f9d-a133-2ac0b3fbec25,180.3.127,180,2,3,127,"[63.0, 58.0, 946.0, 903.0]",List-Group,"Paulet, rue Saint-Dominique, 11. — Inv.",ENTRY,"<SUBJ>Paulet</SUBJ>, <ADDR>rue Saint-Dominique, 11. — Inv.</ADDR>",1,0,1,1.0000,,B-ENTRY,B-ENTRY,human,1.0,2026-09-22 19:51:33
b0fa2a35-58e1-5fa7-ab04-2422245d2885,ba41c9fe-60b4-5f9d-a133-2ac0b3fbec25,181.1.0,181,0,1,0,"[61.0, 49.0, 120.0, 68.0]",Page-Header,516,OUT OF SCOPE,,,,,,,OUT OF SCOPE,OUT OF SCOPE,model,0.9892,2026-09-22 19:53:06
3e97e959-96b1-5102-ad7d-33e360368f67,ba41c9fe-60b4-5f9d-a133-2ac0b3fbec25,181.2.0,181,1,2,0,"[262.0, 46.0, 745.0, 68.0]",Page-Header,Docteurs en chirurgie. — PARIS.,OUT OF SCOPE,,,,,,,OUT OF SCOPE,OUT OF SCOPE,model,0.9985,2026-09-22 19:53:06
1ef5f9ee-8254-5a3d-9a0c-ce11cdaf1fdb,ba41c9fe-60b4-5f9d-a133-2ac0b3fbec25,181.3.0,181,2,3,0,"[61.0, 72.0, 500.0, 537.0]",Text,"Péborde, rue Saint-Honoré, 573.  ",ENTRY,"<SUBJ>Péborde</SUBJ>, <ADDR>rue Saint-Honoré, 573.</ADDR>",1,0,1,1.0000,,B-ENTRY,B-ENTRY,model,0.9889,2026-09-22 19:53:06
cf600b10-a261-5f66-9418-01396ca677fb,ba41c9fe-60b4-5f9d-a133-2ac0b3fbec25,181.3.1,181,2,3,1,"[61.0, 72.0, 500.0, 537.0]",Text,"Percy, rue des Trois-Pavillons, 10.  ",ENTRY,"<SUBJ>Percy</SUBJ>, <ADDR>rue des Trois-Pavillons, 10.</ADDR>",1,0,1,1.0000,,B-ENTRY,B-ENTRY,model,0.9881,2026-09-22 19:53:06
0f4cd4fc-84d5-5d3c-82d0-dba43bc5d914,ba41c9fe-60b4-5f9d-a133-2ac0b3fbec25,181.3.2,181,2,3,2,"[61.0, 72.0, 500.0, 537.0]",Text,"Petit, rue de la Liberté, 25.  ",ENTRY,"<SUBJ>Petit</SUBJ>, <ADDR>rue de la Liberté, 25.</ADDR>",1,0,1,1.0000,,B-ENTRY,B-ENTRY,model,0.9846,2026-09-22 19:53:06
454190d0-6752-5ae2-ad20-cf81c56df3ea,ba41c9fe-60b4-5f9d-a133-2ac0b3fbec25,181.3.3,181,2,3,3,"[61.0, 72.0, 500.0, 537.0]",Text,"Petit-Radel, rue du Jardinier, 1.  ",ENTRY,"<SUBJ>Petit-Radel</SUBJ>, <ADDR>rue du Jardinier, 1.</ADDR>",1,0,1,1.0000,,B-ENTRY,B-ENTRY,model,0.9965,2026-09-22 19:53:06
1eb7c3fe-b7d6-5d82-a17d-a2c9456704f4,ba41c9fe-60b4-5f9d-a133-2ac0b3fbec25,"181.3.4,181.3.5","181,181","2,2","3,3","4,5","[61.0, 72.0, 500.0, 537.0],[61.0, 72.0, 500.0, 537.0]","Text,Text","Peyre (*médecin de la princesse Pauline*), rue de Surène, 19.",ENTRY,"<SUBJ>Peyre</SUBJ> <DESC>(*médecin de la princesse Pauline*)</DESC>, <ADDR>rue de Surène, 19.</ADDR>",1,1,1,1.0000,,"B-ENTRY,I-ENTRY","B-ENTRY,I-ENTRY","model,model","0.9993,0.9979","2026-09-22 19:53:06,2026-09-22 19:53:06"
d34ae247-52a2-5cea-a34e-eba856fa610a,ba41c9fe-60b4-5f9d-a133-2ac0b3fbec25,"181.3.6,181.3.7","181,181","2,2","3,3","6,7","[61.0, 72.0, 500.0, 537.0],[61.0, 72.0, 500.0, 537.0]","Text,Text","Pinel (*médecin de l'hospice de la Sal-* *pétrière*), à l'hospice.",ENTRY,"<SUBJ>Pinel</SUBJ> <DESC>(*médecin de l'hospice de la Sal-* *pétrière*)</DESC>, à l'hospice.",1,1,0,0.9983,texte non couvert,"B-ENTRY,I-ENTRY","B-ENTRY,I-ENTRY","human,human","1.0,1.0","2026-09-22 19:51:20,2026-09-22 19:51:20"
68c8aa89-60a8-56ae-accd-fa01af59dcbc,ba41c9fe-60b4-5f9d-a133-2ac0b3fbec25,181.3.8,181,2,3,8,"[61.0, 72.0, 500.0, 537.0]",Text,"Pluvinet, à Clichy.  ",ENTRY,"<SUBJ>Pluvinet</SUBJ>, <ADDR>à Clichy.</ADDR>",1,0,1,1.0000,,B-ENTRY,B-ENTRY,model,0.9846,2026-09-22 19:53:06
12255637-14d3-5519-923f-06e8c082b5d7,ba41c9fe-60b4-5f9d-a133-2ac0b3fbec25,181.3.9,181,2,3,9,"[61.0, 72.0, 500.0, 537.0]",Text,"Portal, rue Pavée, 5. — Th. Fr.  ",ENTRY,"<SUBJ>Portal</SUBJ>, <ADDR>rue Pavée, 5. — Th. Fr.</ADDR>",1,0,1,1.0000,,B-ENTRY,B-ENTRY,model,0.974,2026-09-22 19:53:06
163f7fa4-2fe9-519c-af8e-392db1540e92,ba41c9fe-60b4-5f9d-a133-2ac0b3fbec25,181.3.10,181,2,3,10,"[61.0, 72.0, 500.0, 537.0]",Text,"Potel, rue Baurepaire, 22.  ",ENTRY,"<SUBJ>Potel</SUBJ>, <ADDR>rue Baurepaire, 22.</ADDR>",1,0,1,1.0000,,B-ENTRY,B-ENTRY,human,1.0,2026-09-22 19:52:56
7473d437-eba5-560a-b5b8-b1f4a752c903,ba41c9fe-60b4-5f9d-a133-2ac0b3fbec25,181.3.11,181,2,3,11,"[61.0, 72.0, 500.0, 537.0]",Text,"Poupillier, rue....  ",ENTRY,"<SUBJ>Poupillier</SUBJ>, <ADDR>rue....</ADDR>",1,0,1,1.0000,,B-ENTRY,B-ENTRY,human,1.0,2026-09-22 19:52:56
dbb92786-6057-5cdd-bd81-689d2f7eb172,ba41c9fe-60b4-5f9d-a133-2ac0b3fbec25,181.3.12,181,2,3,12,"[61.0, 72.0, 500.0, 537.0]",Text,"Bouqueville, rue de Lille, 17.  ",ENTRY,"<SUBJ>Bouqueville</SUBJ>, <ADDR>rue de Lille, 17.</ADDR>",1,0,1,1.0000,,B-ENTRY,B-ENTRY,model,0.9749,2026-09-22 19:53:06
9356d1e2-2d63-576d-9539-8912dd578e1a,ba41c9fe-60b4-5f9d-a133-2ac0b3fbec25,181.3.13,181,2,3,13,"[61.0, 72.0, 500.0, 537.0]",Text,"Porcher, quai de la Tournelle, 9.  ",ENTRY,"<SUBJ>Porcher</SUBJ>, <ADDR>quai de la Tournelle, 9.</ADDR>",1,0,1,1.0000,,B-ENTRY,B-ENTRY,model,0.9849,2026-09-22 19:53:06
5d0e1c97-1ab0-5611-ab82-c4d1bdda6963,ba41c9fe-60b4-5f9d-a133-2ac0b3fbec25,181.3.14,181,2,3,14,"[61.0, 72.0, 500.0, 537.0]",Text,"Prat, rue Saint-Marc, 21.  ",ENTRY,"<SUBJ>Prat</SUBJ>, <ADDR>rue Saint-Marc, 21.</ADDR>",1,0,1,1.0000,,B-ENTRY,B-ENTRY,model,0.9828,2026-09-22 19:53:06
791204a9-3ca5-505e-88aa-c488eb6ec04e,ba41c9fe-60b4-5f9d-a133-2ac0b3fbec25,181.3.15,181,2,3,15,"[61.0, 72.0, 500.0, 537.0]",Text,"Pressac, rue Bouribourg, 23.  ",ENTRY,"<SUBJ>Pressac</SUBJ>, <ADDR>rue Bouribourg, 23.</ADDR>",1,0,1,1.0000,,B-ENTRY,B-ENTRY,model,0.9713,2026-09-22 19:53:06
78d23e1c-d7d1-58a8-a828-b5411c978f68,ba41c9fe-60b4-5f9d-a133-2ac0b3fbec25,181.3.16,181,2,3,16,"[61.0, 72.0, 500.0, 537.0]",Text,"Prost, rue de Seine, 31.  ",ENTRY,"<SUBJ>Prost</SUBJ>, <ADDR>rue de Seine, 31.</ADDR>",1,0,1,1.0000,,B-ENTRY,B-ENTRY,model,0.9748,2026-09-22 19:53:06
d7e5e477-d732-55d7-b978-4a861ad7ebd5,ba41c9fe-60b4-5f9d-a133-2ac0b3fbec25,181.3.17,181,2,3,17,"[61.0, 72.0, 500.0, 537.0]",Text,"Pujos, rue du Grand-Heurleur, 25.  ",ENTRY,"<SUBJ>Pujos</SUBJ>, <ADDR>rue du Grand-Heurleur, 25.</ADDR>",1,0,1,1.0000,,B-ENTRY,B-ENTRY,model,0.9881,2026-09-22 19:53:06
7d1d0193-f1e9-59b8-a165-db3944fae865,ba41c9fe-60b4-5f9d-a133-2ac0b3fbec25,181.3.18,181,2,3,18,"[61.0, 72.0, 500.0, 537.0]",Text,"Quevremont-Delamotte, r. des SS.-Pères, 46.  ",ENTRY,"<SUBJ>Quevremont-Delamotte</SUBJ>, <ADDR>r. des SS.-Pères, 46.</ADDR>",1,0,1,1.0000,,B-ENTRY,B-ENTRY,model,0.9957,2026-09-22 19:53:06
212f41b1-e392-5efa-b744-2a106228e53c,ba41c9fe-60b4-5f9d-a133-2ac0b3fbec25,181.3.19,181,2,3,19,"[61.0, 72.0, 500.0, 537.0]",Text,"Racine, rue de la Grande-Truanderie, 54.  ",ENTRY,"<SUBJ>Racine</SUBJ>, <ADDR>rue de la Grande-Truanderie, 54.</ADDR>",1,0,1,1.0000,,B-ENTRY,B-ENTRY,model,0.9745,2026-09-22 19:53:06
c7d0fe30-824c-54dd-8361-04ca6cff4e08,ba41c9fe-60b4-5f9d-a133-2ac0b3fbec25,181.3.20,181,2,3,20,"[61.0, 72.0, 500.0, 537.0]",Text,"Recamier, rue St.-Honoré, 319.  ",ENTRY,"<SUBJ>Recamier</SUBJ>, <ADDR>rue St.-Honoré, 319.</ADDR>",1,0,1,1.0000,,B-ENTRY,B-ENTRY,model,0.9868,2026-09-22 19:53:06
2c94b4d7-7461-569f-86e4-652ec48633f7,ba41c9fe-60b4-5f9d-a133-2ac0b3fbec25,181.3.21,181,2,3,21,"[61.0, 72.0, 500.0, 537.0]",Text,"Redemver, rue Saint-Sébastien.  ",ENTRY,"<SUBJ>Redemver</SUBJ>, <ADDR>rue Saint-Sébastien.</ADDR>",1,0,1,1.0000,,B-ENTRY,B-ENTRY,model,0.9602,2026-09-22 19:53:06
2eb1ef22-b57b-574c-915b-d04c3eb96b3f,ba41c9fe-60b4-5f9d-a133-2ac0b3fbec25,181.3.22,181,2,3,22,"[61.0, 72.0, 500.0, 537.0]",Text,"Reis, rue Caumartin, 39.  ",ENTRY,"<SUBJ>Reis</SUBJ>, <ADDR>rue Caumartin, 39.</ADDR>",1,0,1,1.0000,,B-ENTRY,B-ENTRY,model,0.9719,2026-09-22 19:53:06
2e469f5c-5980-59b7-b280-2e68184a1dc9,ba41c9fe-60b4-5f9d-a133-2ac0b3fbec25,181.3.23,181,2,3,23,"[61.0, 72.0, 500.0, 537.0]",Text,"Renauldin, rue Taibout, 14.  ",ENTRY,"<SUBJ>Renauldin</SUBJ>, <ADDR>rue Taibout, 14.</ADDR>",1,0,1,1.0000,,B-ENTRY,B-ENTRY,model,0.9718,2026-09-22 19:53:06
89a805a4-d345-5a35-af80-a522fef7bcc1,ba41c9fe-60b4-5f9d-a133-2ac0b3fbec25,181.3.24,181,2,3,24,"[61.0, 72.0, 500.0, 537.0]",Text,"Roques, rue Saint-Honoré.  ",ENTRY,"<SUBJ>Roques</SUBJ>, <ADDR>rue Saint-Honoré.</ADDR>",1,0,1,1.0000,,B-ENTRY,B-ENTRY,model,0.9595,2026-09-22 19:53:06
3ac50336-c8e6-5e75-83c0-2d8b3bc19c01,ba41c9fe-60b4-5f9d-a133-2ac0b3fbec25,181.3.25,181,2,3,25,"[61.0, 72.0, 500.0, 537.0]",Text,"Rougeot, cul-de-sac Sourdis, 1. — Mas.  ",ENTRY,"<SUBJ>Rougeot</SUBJ>, <ADDR>cul-de-sac Sourdis, 1. — Mas.</ADDR>",1,0,1,1.0000,,B-ENTRY,B-ENTRY,model,0.9631,2026-09-22 19:53:06
ab1543a1-489a-51eb-888c-334becde6404,ba41c9fe-60b4-5f9d-a133-2ac0b3fbec25,181.3.26,181,2,3,26,"[61.0, 72.0, 500.0, 537.0]",Text,"Roussel-Vauzèsme, rue de l'Université, 1.  ",ENTRY,"<SUBJ>Roussel-Vauzèsme</SUBJ>, <ADDR>rue de l'Université, 1.</ADDR>",1,0,1,1.0000,,B-ENTRY,B-ENTRY,model,0.9957,2026-09-22 19:53:06
7f8d823f-77ea-509b-a50a-7ecaaa882065,ba41c9fe-60b4-5f9d-a133-2ac0b3fbec25,181.3.27,181,2,3,27,"[61.0, 72.0, 500.0, 537.0]",Text,"Roussel-Duchez, rue S.-Jacques, 264.  ",ENTRY,"<SUBJ>Roussel-Duchez</SUBJ>, <ADDR>rue S.-Jacques, 264.</ADDR>",1,0,1,1.0000,,B-ENTRY,B-ENTRY,model,0.9956,2026-09-22 19:53:06
f6b5c2e5-0a18-52ee-b299-2f6f82efbc5d,ba41c9fe-60b4-5f9d-a133-2ac0b3fbec25,181.3.28,181,2,3,28,"[61.0, 72.0, 500.0, 537.0]",Text,"Roussille de Champseru, rue Favart, 8.  ",ENTRY,"<SUBJ>Roussille de Champseru</SUBJ>, <ADDR>rue Favart, 8.</ADDR>",1,0,1,1.0000,,B-ENTRY,B-ENTRY,model,0.9847,2026-09-22 19:53:06
413ef34d-ca79-51d7-90d2-e9361b4c8a9b,ba41c9fe-60b4-5f9d-a133-2ac0b3fbec25,181.3.29,181,2,3,29,"[61.0, 72.0, 500.0, 537.0]",Text,"Roy, place de l'Ecole, 5.  ",ENTRY,"<SUBJ>Roy</SUBJ>, <ADDR>place de l'Ecole, 5.</ADDR>",1,0,1,1.0000,,B-ENTRY,B-ENTRY,model,0.9881,2026-09-22 19:53:06
c0a244e8-cd68-5094-aa4f-d8c9acf9657f,ba41c9fe-60b4-5f9d-a133-2ac0b3fbec25,181.3.30,181,2,3,30,"[61.0, 72.0, 500.0, 537.0]",Text,"Royer-Collard, rue des Marais. — Unité.  ",ENTRY,"<SUBJ>Royer-Collard</SUBJ>, <ADDR>rue des Marais. — Unité.</ADDR>",1,0,1,1.0000,,B-ENTRY,B-ENTRY,model,0.9873,2026-09-22 19:53:06
f3076ada-c1e5-5936-83ef-62f01ad30b55,ba41c9fe-60b4-5f9d-a133-2ac0b3fbec25,181.3.31,181,2,3,31,"[61.0, 72.0, 500.0, 537.0]",Text,"Ruette, rue des Champs-Elysées, 5.  ",ENTRY,"<SUBJ>Ruette</SUBJ>, <ADDR>rue des Champs-Elysées, 5.</ADDR>",1,0,1,1.0000,,B-ENTRY,B-ENTRY,model,0.9879,2026-09-22 19:53:06
05d2e6b4-cbd2-5ff7-be17-a421e01316ad,ba41c9fe-60b4-5f9d-a133-2ac0b3fbec25,181.3.32,181,2,3,32,"[61.0, 72.0, 500.0, 537.0]",Text,"Sacombe (*accoucheur*), rue Marceau.  ",ENTRY,"<SUBJ>Sacombe</SUBJ> <DESC>(*accoucheur*)</DESC>, <ADDR>rue Marceau.</ADDR>",1,1,1,1.0000,,B-ENTRY,B-ENTRY,model,0.997,2026-09-22 19:53:06
3aed9f62-1c12-5cdc-b6c7-4e0000e09367,ba41c9fe-60b4-5f9d-a133-2ac0b3fbec25,"181.3.33,181.3.34","181,181","2,2","3,3","33,34","[61.0, 72.0, 500.0, 537.0],[61.0, 72.0, 500.0, 537.0]","Text,Text","Saiffert, rue S.-Dominique, 25. — Font. de Gren.",ENTRY,"<SUBJ>Saiffert</SUBJ>, <ADDR>rue S.-Dominique, 25. — Font. de Gren.</ADDR>",1,0,1,1.0000,,"B-ENTRY,I-ENTRY","B-ENTRY,I-ENTRY","human,human","1.0,1.0","2026-09-22 19:51:17,2026-09-22 19:51:17"
0d36816a-d341-5b87-be5e-9d57b17cc606,ba41c9fe-60b4-5f9d-a133-2ac0b3fbec25,181.4.0,181,3,4,0,"[511.0, 71.0, 957.0, 524.0]",Text,"Saillant, rue de Bièvre.  ",ENTRY,"<SUBJ>Saillant</SUBJ>, <ADDR>rue de Bièvre.</ADDR>",1,0,1,1.0000,,B-ENTRY,B-ENTRY,human,1.0,2026-09-22 19:52:12
c9e2adb9-d838-5c8e-aa7b-b0f67ac6ce1c,ba41c9fe-60b4-5f9d-a133-2ac0b3fbec25,181.4.1,181,3,4,1,"[511.0, 71.0, 957.0, 524.0]",Text,"Salmade, rue de la Concorde, 8.  ",ENTRY,"<SUBJ>Salmade</SUBJ>, <ADDR>rue de la Concorde, 8.</ADDR>",1,0,1,1.0000,,B-ENTRY,B-ENTRY,human,1.0,2026-09-22 19:52:12
8a1a3713-8465-5755-8150-dbe3976fb54e,ba41c9fe-60b4-5f9d-a133-2ac0b3fbec25,181.4.2,181,3,4,2,"[511.0, 71.0, 957.0, 524.0]",Text,"Ségard, rue Thévenot, 26.  ",ENTRY,"<SUBJ>Ségard</SUBJ>, <ADDR>rue Thévenot, 26.</ADDR>",1,0,1,1.0000,,B-ENTRY,B-ENTRY,model,0.9713,2026-09-22 19:53:06
04cecd83-ea02-57f6-8ee5-a029e70a1f7c,ba41c9fe-60b4-5f9d-a133-2ac0b3fbec25,181.4.3,181,3,4,3,"[511.0, 71.0, 957.0, 524.0]",Text,"Sengense, rue Chabannais, 6.  ",ENTRY,"<SUBJ>Sengense</SUBJ>, <ADDR>rue Chabannais, 6.</ADDR>",1,0,1,1.0000,,B-ENTRY,B-ENTRY,model,0.971,2026-09-22 19:53:06
70ee347b-a3c1-5e4b-bad6-1e4f941f14bd,ba41c9fe-60b4-5f9d-a133-2ac0b3fbec25,181.4.4,181,3,4,4,"[511.0, 71.0, 957.0, 524.0]",Text,"Sedillot (Jean), rue Favart, 6.  ",ENTRY,"<SUBJ>Sedillot (Jean)</SUBJ>, <ADDR>rue Favart, 6.</ADDR>",1,0,1,1.0000,,B-ENTRY,B-ENTRY,model,0.9995,2026-09-22 19:53:06
33055803-2ca7-57c4-90cf-d7cc32a642a0,ba41c9fe-60b4-5f9d-a133-2ac0b3fbec25,181.4.5,181,3,4,5,"[511.0, 71.0, 957.0, 524.0]",Text,"Sedillot (Jos.), rue Thibautodé, 16.  ",ENTRY,"<SUBJ>Sedillot (Jos.)</SUBJ>, <ADDR>rue Thibautodé, 16.</ADDR>",1,0,1,1.0000,,B-ENTRY,B-ENTRY,model,0.999,2026-09-22 19:53:06
731fe7ac-7323-5dec-89e6-1dd62f328c9e,ba41c9fe-60b4-5f9d-a133-2ac0b3fbec25,181.4.6,181,3,4,6,"[511.0, 71.0, 957.0, 524.0]",Text,"Seguy, rue S.-Honoré, 226.  ",ENTRY,"<SUBJ>Seguy</SUBJ>, <ADDR>rue S.-Honoré, 226.</ADDR>",1,0,1,1.0000,,B-ENTRY,B-ENTRY,model,0.9866,2026-09-22 19:53:06
68abc950-bd95-5e4e-8fea-25a220c3b41f,ba41c9fe-60b4-5f9d-a133-2ac0b3fbec25,181.4.7,181,3,4,7,"[511.0, 71.0, 957.0, 524.0]",Text,"Simon, au Palais du Tribunal.  ",ENTRY,"<SUBJ>Simon</SUBJ>, <ADDR>au Palais du Tribunal.</ADDR>",1,0,1,1.0000,,B-ENTRY,B-ENTRY,model,0.988,2026-09-22 19:53:06
2fb7b7a3-9b9c-530b-be6e-c69c8b079a26,ba41c9fe-60b4-5f9d-a133-2ac0b3fbec25,181.4.8,181,3,4,8,"[511.0, 71.0, 957.0, 524.0]",Text,"Souchette, rue S.-Jacques, 174.  ",ENTRY,"<SUBJ>Souchette</SUBJ>, <ADDR>rue S.-Jacques, 174.</ADDR>",1,0,1,1.0000,,B-ENTRY,B-ENTRY,human,1.0,2026-09-22 19:51:48
f838889a-b9cd-5f04-b191-771738a98936,ba41c9fe-60b4-5f9d-a133-2ac0b3fbec25,181.4.9,181,3,4,9,"[511.0, 71.0, 957.0, 524.0]",Text,"Sue jeune, rue de Surène, 5.  ",ENTRY,"<SUBJ>Sue jeune</SUBJ>, <ADDR>rue de Surène, 5.</ADDR>",1,0,1,1.0000,,B-ENTRY,B-ENTRY,human,1.0,2026-09-22 19:51:48
34a76864-efba-5240-84a8-d64fdddb744e,ba41c9fe-60b4-5f9d-a133-2ac0b3fbec25,181.4.10,181,3,4,10,"[511.0, 71.0, 957.0, 524.0]",Text,"Tessières, rue Guisac-S.-Sulpice.  ",ENTRY,"<SUBJ>Tessières</SUBJ>, <ADDR>rue Guisac-S.-Sulpice.</ADDR>",1,0,1,1.0000,,B-ENTRY,B-ENTRY,model,0.9758,2026-09-22 19:53:06
3008a0a9-7bdf-5f3e-926d-72acce9e2cd8,ba41c9fe-60b4-5f9d-a133-2ac0b3fbec25,181.4.11,181,3,4,11,"[511.0, 71.0, 957.0, 524.0]",Text,"Tessier, rue de l'Oratoire, 4.  ",ENTRY,"<SUBJ>Tessier</SUBJ>, <ADDR>rue de l'Oratoire, 4.</ADDR>",1,0,1,1.0000,,B-ENTRY,B-ENTRY,model,0.9883,2026-09-22 19:53:06
27d5f091-41e3-5745-94a7-cd5176c46593,ba41c9fe-60b4-5f9d-a133-2ac0b3fbec25,181.4.12,181,3,4,12,"[511.0, 71.0, 957.0, 524.0]",Text,"Thery, rue Christine, 9.  ",ENTRY,"<SUBJ>Thery</SUBJ>, <ADDR>rue Christine, 9.</ADDR>",1,0,1,1.0000,,B-ENTRY,B-ENTRY,model,0.9709,2026-09-22 19:53:06
b56b03a3-c60d-5baf-aafa-c0cf057bab70,ba41c9fe-60b4-5f9d-a133-2ac0b3fbec25,181.4.13,181,3,4,13,"[511.0, 71.0, 957.0, 524.0]",Text,"Thomas-d'Onglée, rue de Verneuil, 1.  ",ENTRY,"<SUBJ>Thomas-d'Onglée</SUBJ>, <ADDR>rue de Verneuil, 1.</ADDR>",1,0,1,1.0000,,B-ENTRY,B-ENTRY,model,0.9829,2026-09-22 19:53:06
7afddbc0-daa4-5265-bd07-62515100aa3c,ba41c9fe-60b4-5f9d-a133-2ac0b3fbec25,"181.4.14,181.4.15","181,181","3,3","4,4","14,15","[511.0, 71.0, 957.0, 524.0],[511.0, 71.0, 957.0, 524.0]","Text,Text","Thouret (*direct. de l'Ecole de Médecine*), à l'Ecole de Médecine.",ENTRY,"<SUBJ>Thouret</SUBJ> <DESC>(*direct. de l'Ecole de Médecine*)</DESC>, à l'Ecole de Médecine.",1,1,0,0.9950,texte non couvert,"B-ENTRY,I-ENTRY","B-ENTRY,I-ENTRY","model,model","0.9995,0.9899","2026-09-22 19:53:06,2026-09-22 19:53:06"
b46e64f9-2b75-5dd1-a6d8-f26f4b4bddbc,ba41c9fe-60b4-5f9d-a133-2ac0b3fbec25,181.4.16,181,3,4,16,"[511.0, 71.0, 957.0, 524.0]",Text,"Tollard, place des Trois-Maris, 22.  ",ENTRY,"<SUBJ>Tollard</SUBJ>, <ADDR>place des Trois-Maris, 22.</ADDR>",1,0,1,1.0000,,B-ENTRY,B-ENTRY,model,0.9978,2026-09-22 19:53:06
dfa778f8-2faf-5796-8228-c520679ed4f0,ba41c9fe-60b4-5f9d-a133-2ac0b3fbec25,181.4.17,181,3,4,17,"[511.0, 71.0, 957.0, 524.0]",Text,"Tourlet, rue Mazarine, 48.  ",ENTRY,"<SUBJ>Tourlet</SUBJ>, <ADDR>rue Mazarine, 48.</ADDR>",1,0,1,1.0000,,B-ENTRY,B-ENTRY,model,0.9704,2026-09-22 19:53:06
04a6052c-4f09-5247-969f-84711a4c50a8,ba41c9fe-60b4-5f9d-a133-2ac0b3fbec25,181.4.18,181,3,4,18,"[511.0, 71.0, 957.0, 524.0]",Text,"Tranche-Labaussé, rue du Mail, 1.  ",ENTRY,"<SUBJ>Tranche-Labaussé</SUBJ>, <ADDR>rue du Mail, 1.</ADDR>",1,0,1,1.0000,,B-ENTRY,B-ENTRY,model,0.9966,2026-09-22 19:53:06
2ea5612b-4c03-59f6-a415-bfe438925e05,ba41c9fe-60b4-5f9d-a133-2ac0b3fbec25,181.4.19,181,3,4,19,"[511.0, 71.0, 957.0, 524.0]",Text,"Trappe, rue de Bussy.  ",ENTRY,"<SUBJ>Trappe</SUBJ>, <ADDR>rue de Bussy.</ADDR>",1,0,1,1.0000,,B-ENTRY,B-ENTRY,model,0.9725,2026-09-22 19:53:06
9c365b97-9c7b-5d50-96ed-f696c2576514,ba41c9fe-60b4-5f9d-a133-2ac0b3fbec25,181.4.20,181,3,4,20,"[511.0, 71.0, 957.0, 524.0]",Text,"Yachier, rue Montorgueil, 77.  ",ENTRY,"<SUBJ>Yachier</SUBJ>, <ADDR>rue Montorgueil, 77.</ADDR>",1,0,1,1.0000,,B-ENTRY,B-ENTRY,model,0.9714,2026-09-22 19:53:06
85ccf995-3e61-50e6-ab18-48aea6b67101,ba41c9fe-60b4-5f9d-a133-2ac0b3fbec25,181.4.21,181,3,4,21,"[511.0, 71.0, 957.0, 524.0]",Text,"Vaidy, rue Jacob, 22.  ",ENTRY,"<SUBJ>Vaidy</SUBJ>, <ADDR>rue Jacob, 22.</ADDR>",1,0,1,1.0000,,B-ENTRY,B-ENTRY,model,0.9711,2026-09-22 19:53:06
f33b765b-724e-554a-af74-10848dc8441e,ba41c9fe-60b4-5f9d-a133-2ac0b3fbec25,181.4.22,181,3,4,22,"[511.0, 71.0, 957.0, 524.0]",Text,"Vallée, rue Feydeau.  ",ENTRY,"<SUBJ>Vallée</SUBJ>, <ADDR>rue Feydeau.</ADDR>",1,0,1,1.0000,,B-ENTRY,B-ENTRY,model,0.9808,2026-09-22 19:53:06
6f818e8c-d5d2-5dd6-a871-d661d45635fc,ba41c9fe-60b4-5f9d-a133-2ac0b3fbec25,181.4.23,181,3,4,23,"[511.0, 71.0, 957.0, 524.0]",Text,"Varin, rue des Bons-Enfans, 34.  ",ENTRY,"<SUBJ>Varin</SUBJ>, <ADDR>rue des Bons-Enfans, 34.</ADDR>",1,0,1,1.0000,,B-ENTRY,B-ENTRY,model,0.9881,2026-09-22 19:53:06
80377a49-7d97-5103-9182-50507d4abec6,ba41c9fe-60b4-5f9d-a133-2ac0b3fbec25,181.4.24,181,3,4,24,"[511.0, 71.0, 957.0, 524.0]",Text,"Vareliand, rue des Saints-Pères, 44.  ",ENTRY,"<SUBJ>Vareliand</SUBJ>, <ADDR>rue des Saints-Pères, 44.</ADDR>",1,0,1,1.0000,,B-ENTRY,B-ENTRY,model,0.9881,2026-09-22 19:53:06
dfa69351-feb7-55c6-9040-49f40d722973,ba41c9fe-60b4-5f9d-a133-2ac0b3fbec25,181.4.25,181,3,4,25,"[511.0, 71.0, 957.0, 524.0]",Text,"Varnier, boulev. du Dépôt, 10.  ",ENTRY,"<SUBJ>Varnier</SUBJ>, <ADDR>boulev. du Dépôt, 10.</ADDR>",1,0,1,1.0000,,B-ENTRY,B-ENTRY,model,0.9827,2026-09-22 19:53:06
cac3dcae-0e6e-5c0e-9d14-141731c8bf11,ba41c9fe-60b4-5f9d-a133-2ac0b3fbec25,181.4.26,181,3,4,26,"[511.0, 71.0, 957.0, 524.0]",Text,"Vaudelaunay, rue du Colombier, 17.  ",ENTRY,"<SUBJ>Vaudelaunay</SUBJ>, <ADDR>rue du Colombier, 17.</ADDR>",1,0,1,1.0000,,B-ENTRY,B-ENTRY,model,0.9748,2026-09-22 19:53:06
56609321-35dd-535d-81a6-d1f70449d527,ba41c9fe-60b4-5f9d-a133-2ac0b3fbec25,181.4.27,181,3,4,27,"[511.0, 71.0, 957.0, 524.0]",Text,"Vaume, rue de Chaillot, 103.  ",ENTRY,"<SUBJ>Vaume</SUBJ>, <ADDR>rue de Chaillot, 103.</ADDR>",1,0,1,1.0000,,B-ENTRY,B-ENTRY,model,0.9745,2026-09-22 19:53:06
90a0fa96-00f0-5af3-9074-73e4d85f5996,ba41c9fe-60b4-5f9d-a133-2ac0b3fbec25,181.4.28,181,3,4,28,"[511.0, 71.0, 957.0, 524.0]",Text,"Verdier-Henrini, rue des Prouvaires, 10.  ",ENTRY,"<SUBJ>Verdier-Henrini</SUBJ>, <ADDR>rue des Prouvaires, 10.</ADDR>",1,0,1,1.0000,,B-ENTRY,B-ENTRY,model,0.9966,2026-09-22 19:53:06
d0373ebd-726f-52ee-a511-a598cfe6b6a2,ba41c9fe-60b4-5f9d-a133-2ac0b3fbec25,181.4.29,181,3,4,29,"[511.0, 71.0, 957.0, 524.0]",Text,"Vergès, rue de Richelieu, 84.  ",ENTRY,"<SUBJ>Vergès</SUBJ>, <ADDR>rue de Richelieu, 84.</ADDR>",1,0,1,1.0000,,B-ENTRY,B-ENTRY,model,0.9746,2026-09-22 19:53:06
2f87ef0a-6eaa-5411-b410-f979c27e4214,ba41c9fe-60b4-5f9d-a133-2ac0b3fbec25,181.4.30,181,3,4,30,"[511.0, 71.0, 957.0, 524.0]",Text,"Vigaroux, rue Caumartin, 1.  ",ENTRY,"<SUBJ>Vigaroux</SUBJ>, <ADDR>rue Caumartin, 1.</ADDR>",1,0,1,1.0000,,B-ENTRY,B-ENTRY,model,0.9713,2026-09-22 19:53:06
9f56220a-8af7-566c-bb45-f51c12573317,ba41c9fe-60b4-5f9d-a133-2ac0b3fbec25,181.4.31,181,3,4,31,"[511.0, 71.0, 957.0, 524.0]",Text,"Vosdey, faub.-S.-Denis, 154.  ",ENTRY,"<SUBJ>Vosdey</SUBJ>, <ADDR>faub.-S.-Denis, 154.</ADDR>",1,0,1,1.0000,,B-ENTRY,B-ENTRY,model,0.9829,2026-09-22 19:53:06
285c709e-4b22-541a-b2ce-90495dcc72da,ba41c9fe-60b4-5f9d-a133-2ac0b3fbec25,181.4.32,181,3,4,32,"[511.0, 71.0, 957.0, 524.0]",Text,"Wentzel (*oculiste*), rue Charlot, 18.",ENTRY,"<SUBJ>Wentzel</SUBJ> <DESC>(*oculiste*)</DESC>, <ADDR>rue Charlot, 18.</ADDR>",1,1,1,1.0000,,B-ENTRY,B-ENTRY,human,1.0,2026-09-22 19:52:57
ac23b62a-e599-5a32-a399-e738c70ef864,00000000-0000-0000-0000-000000000000,181.5.0,181,4,5,0,"[216.0, 538.0, 811.0, 560.0]",Section-Header,## DOCTEURS EN CHIRURGIE.,TITLE,,,,,,,B-TITLE,B-TITLE,human,1.0,2026-09-22 19:52:57
650adf9e-1548-50ec-a959-c92671f9112d,ac23b62a-e599-5a32-a399-e738c70ef864,181.6.0,181,5,6,0,"[70.0, 563.0, 511.0, 920.0]",Text,"Alain, rue de Seine, 31.  ",ENTRY,"<SUBJ>Alain</SUBJ>, <ADDR>rue de Seine, 31.</ADDR>",1,0,1,1.0000,,B-ENTRY,B-ENTRY,model,0.9847,2026-09-22 19:53:06
16f3ddd6-2997-59b6-a232-cc9aa3ed4c30,ac23b62a-e599-5a32-a399-e738c70ef864,"181.6.1,181.6.2","181,181","5,5","6,6","1,2","[70.0, 563.0, 511.0, 920.0],[70.0, 563.0, 511.0, 920.0]","Text,Text","Ané, *chir. de la princesse Pauline*, rue S.-Guillaume, 7.",ENTRY,"<SUBJ>Ané</SUBJ>, *<DESC>chir. de la princesse Pauline</DESC>*, <ADDR>rue S.-Guillaume, 7.</ADDR>",1,1,1,1.0000,,"B-ENTRY,I-ENTRY","B-ENTRY,I-ENTRY","human,human","1.0,1.0","2026-09-22 19:50:21,2026-09-22 19:50:21"
7ad35584-6f59-55aa-9aab-ac61da466c2e,ac23b62a-e599-5a32-a399-e738c70ef864,181.6.3,181,5,6,3,"[70.0, 563.0, 511.0, 920.0]",Text,"Angard, rue Ste-Apolline, 10.  ",ENTRY,"<SUBJ>Angard</SUBJ>, <ADDR>rue Ste-Apolline, 10.</ADDR>",1,0,1,1.0000,,B-ENTRY,B-ENTRY,model,0.9964,2026-09-22 19:53:06
00591a85-5665-59d9-a81c-395abbf0abed,ac23b62a-e599-5a32-a399-e738c70ef864,181.6.4,181,5,6,4,"[70.0, 563.0, 511.0, 920.0]",Text,"Asseline, *herniaire*, quai de l'Ecole, 8.  ",ENTRY,"<SUBJ>Asseline</SUBJ>, *<DESC>herniaire</DESC>*, <ADDR>quai de l'Ecole, 8.</ADDR>",1,1,1,1.0000,,B-ENTRY,B-ENTRY,model,0.9864,2026-09-22 19:53:06
1e98afcd-f5fc-5a3d-90b6-577bf49e0daf,ac23b62a-e599-5a32-a399-e738c70ef864,181.6.5,181,5,6,5,"[70.0, 563.0, 511.0, 920.0]",Text,"Arrachart, quai de l'Égalité, 10.  ",ENTRY,"<SUBJ>Arrachart</SUBJ>, <ADDR>quai de l'Égalité, 10.</ADDR>",1,0,1,1.0000,,B-ENTRY,B-ENTRY,model,0.9879,2026-09-22 19:53:06
16617d54-5fde-595b-9e02-1e2d17ee7937,ac23b62a-e599-5a32-a399-e738c70ef864,"181.6.6,181.6.7","181,181","5,5","6,6","6,7","[70.0, 563.0, 511.0, 920.0],[70.0, 563.0, 511.0, 920.0]","Text,Text","Audet, rue des SS.-Pères, à l'hospice de l'Unité, 45.",ENTRY,"<SUBJ>Audet</SUBJ>, <ADDR>rue des SS.-Pères, à l'hospice de l'Unité, 45.</ADDR>",1,0,1,1.0000,,"B-ENTRY,I-ENTRY","B-ENTRY,I-ENTRY","human,human","1.0,1.0","2026-09-22 19:52:09,2026-09-22 19:52:09"
4eb0ad60-c7d2-5bf9-968d-24ede4823fa7,ac23b62a-e599-5a32-a399-e738c70ef864,181.6.8,181,5,6,8,"[70.0, 563.0, 511.0, 920.0]",Text,"Audibert, rue Michel-le-Pelletier, 4.  ",ENTRY,"<SUBJ>Audibert</SUBJ>, <ADDR>rue Michel-le-Pelletier, 4.</ADDR>",1,0,1,1.0000,,B-ENTRY,B-ENTRY,model,0.9942,2026-09-22 19:53:06
f40d3ad0-2a96-54b1-ace1-73b2f989c87a,ac23b62a-e599-5a32-a399-e738c70ef864,181.6.9,181,5,6,9,"[70.0, 563.0, 511.0, 920.0]",Text,"Anvity, rue du Bacq., 45.  ",ENTRY,"<SUBJ>Anvity</SUBJ>, <ADDR>rue du Bacq., 45.</ADDR>",1,0,1,1.0000,,B-ENTRY,B-ENTRY,model,0.9815,2026-09-22 19:53:06
ee28bdc1-a724-5c18-9928-a2c789b4cc5e,ac23b62a-e599-5a32-a399-e738c70ef864,181.6.10,181,5,6,10,"[70.0, 563.0, 511.0, 920.0]",Text,"Babel, rue S.-Avoye, 18.  ",ENTRY,"<SUBJ>Babel</SUBJ>, <ADDR>rue S.-Avoye, 18.</ADDR>",1,0,1,1.0000,,B-ENTRY,B-ENTRY,model,0.9868,2026-09-22 19:53:06
8119e84f-a840-5a4f-bd6b-886f5b6dc1f0,ac23b62a-e599-5a32-a399-e738c70ef864,"181.6.11,181.6.12","181,181","5,5","6,6","11,12","[70.0, 563.0, 511.0, 920.0],[70.0, 563.0, 511.0, 920.0]","Text,Text","Balin, *herniaire*, place de l'Hôtel-de- Ville, 7.",ENTRY,"<SUBJ>Balin</SUBJ>, *<DESC>herniaire</DESC>*, <ADDR>place de l'Hôtel-de- Ville, 7.</ADDR>",1,1,1,1.0000,,"B-ENTRY,I-ENTRY","B-ENTRY,I-ENTRY","model,model","0.9883,0.9813","2026-09-22 19:53:06,2026-09-22 19:53:06"
d323b795-6ece-5585-aa59-7df307268361,ac23b62a-e599-5a32-a399-e738c70ef864,181.6.13,181,5,6,13,"[70.0, 563.0, 511.0, 920.0]",Text,"Balluet, rue S.-Honoré, 224.  ",ENTRY,"<SUBJ>Balluet</SUBJ>, <ADDR>rue S.-Honoré, 224.</ADDR>",1,0,1,1.0000,,B-ENTRY,B-ENTRY,model,0.9976,2026-09-22 19:53:06
f80c0a0b-67bd-5034-84ae-7f3d7af89538,ac23b62a-e599-5a32-a399-e738c70ef864,181.6.14,181,5,6,14,"[70.0, 563.0, 511.0, 920.0]",Text,"Barbès, rue de Bourgogne, 45.  ",ENTRY,"<SUBJ>Barbès</SUBJ>, <ADDR>rue de Bourgogne, 45.</ADDR>",1,0,1,1.0000,,B-ENTRY,B-ENTRY,model,0.9743,2026-09-22 19:53:06
aab9f21a-527c-55eb-8f3e-49af645b0d9e,ac23b62a-e599-5a32-a399-e738c70ef864,181.6.15,181,5,6,15,"[70.0, 563.0, 511.0, 920.0]",Text,"Barbier, rue S.-Jacques, 279.  ",ENTRY,"<SUBJ>Barbier</SUBJ>, <ADDR>rue S.-Jacques, 279.</ADDR>",1,0,1,1.0000,,B-ENTRY,B-ENTRY,model,0.9868,2026-09-22 19:53:06
91642cfd-08dd-5374-ac3a-a1d86770a6ee,ac23b62a-e599-5a32-a399-e738c70ef864,"181.6.16,181.6.17","181,181","5,5","6,6","16,17","[70.0, 563.0, 511.0, 920.0],[70.0, 563.0, 511.0, 920.0]","Text,Text","Baronat, *herniaire*, place de la colonnade du Louvre, 22.",ENTRY,"<SUBJ>Baronat</SUBJ>, *<DESC>herniaire</DESC>*, <ADDR>place de la colonnade du Louvre, 22.</ADDR>",1,1,1,1.0000,,"B-ENTRY,I-ENTRY","B-ENTRY,I-ENTRY","model,model","0.9979,0.9983","2026-09-22 19:53:06,2026-09-22 19:53:06"
3de2db56-f8d3-5375-b949-a678d9972cbf,ac23b62a-e599-5a32-a399-e738c70ef864,181.6.18,181,5,6,18,"[70.0, 563.0, 511.0, 920.0]",Text,"Bayard, rue Basse-Porte-S.-Denis, 18.  ",ENTRY,"<SUBJ>Bayard</SUBJ>, <ADDR>rue Basse-Porte-S.-Denis, 18.</ADDR>",1,0,1,1.0000,,B-ENTRY,B-ENTRY,model,0.997,2026-09-22 19:53:06
2009326a-1fdf-5460-b768-2b0070c1deff,ac23b62a-e599-5a32-a399-e738c70ef864,181.6.19,181,5,6,19,"[70.0, 563.0, 511.0, 920.0]",Text,"Beaudelocque, *accouch.*, rue Jacob, 16.  ",ENTRY,"<SUBJ>Beaudelocque</SUBJ>, *<DESC>accouch.</DESC>*, <ADDR>rue Jacob, 16.</ADDR>",1,1,1,1.0000,,B-ENTRY,B-ENTRY,model,0.9866,2026-09-22 19:53:06
8fd02818-9942-52b2-9cfa-6f2184e2006e,ac23b62a-e599-5a32-a399-e738c70ef864,181.6.20,181,5,6,20,"[70.0, 563.0, 511.0, 920.0]",Text,"Beaugregard, rue Batavel, 6.  ",ENTRY,"<SUBJ>Beaugregard</SUBJ>, <ADDR>rue Batavel, 6.</ADDR>",1,0,1,1.0000,,B-ENTRY,B-ENTRY,model,0.9709,2026-09-22 19:53:06
b4fe074c-f3dc-5b2a-98ec-e790ec89d0ad,ac23b62a-e599-5a32-a399-e738c70ef864,181.6.21,181,5,6,21,"[70.0, 563.0, 511.0, 920.0]",Text,"Becquet, *ocul.*, rue des Prouvaires, 53.  ",ENTRY,"<SUBJ>Becquet</SUBJ>, *<DESC>ocul.</DESC>*, <ADDR>rue des Prouvaires, 53.</ADDR>",1,1,1,1.0000,,B-ENTRY,B-ENTRY,model,0.9865,2026-09-22 19:53:06
04849e1e-c9ff-5f23-86fc-3e510a8de548,ac23b62a-e599-5a32-a399-e738c70ef864,"181.6.22,181.6.23","181,181","5,5","6,6","22,23","[70.0, 563.0, 511.0, 920.0],[70.0, 563.0, 511.0, 920.0]","Text,Text","Belivier, rue de Charenton, aux Quinze- Vingt, 38.",ENTRY,"<SUBJ>Belivier</SUBJ>, <ADDR>rue de Charenton, aux Quinze- Vingt, 38.</ADDR>",1,0,1,1.0000,,"B-ENTRY,I-ENTRY","B-ENTRY,I-ENTRY","human,human","1.0,1.0","2026-09-22 19:52:37,2026-09-22 19:52:37"
d5ab9636-e3dc-5855-970a-a8394e1aa5ae,ac23b62a-e599-5a32-a399-e738c70ef864,181.6.24,181,5,6,24,"[70.0, 563.0, 511.0, 920.0]",Text,"Bernardin, rue J. J. Rousseau.  ",ENTRY,"<SUBJ>Bernardin</SUBJ>, <ADDR>rue J. J. Rousseau.</ADDR>",1,0,1,1.0000,,B-ENTRY,B-ENTRY,human,1.0,2026-09-22 19:52:42
6e7d546d-457d-5245-8e7a-912ded8b9f98,ac23b62a-e599-5a32-a399-e738c70ef864,181.6.25,181,5,6,25,"[70.0, 563.0, 511.0, 920.0]",Text,"Bertholet, rue des Lavandières, 35. — M.  ",ENTRY,"<SUBJ>Bertholet</SUBJ>, <ADDR>rue des Lavandières, 35. — M.</ADDR>",1,0,1,1.0000,,B-ENTRY,B-ENTRY,human,1.0,2026-09-22 19:52:42
5e8fffb2-9259-5a06-80cd-e47f916d8cbd,ac23b62a-e599-5a32-a399-e738c70ef864,181.6.26,181,5,6,26,"[70.0, 563.0, 511.0, 920.0]",Text,"Bigot, rue Chabannais, 4.",ENTRY,"<SUBJ>Bigot</SUBJ>, <ADDR>rue Chabannais, 4.</ADDR>",1,0,1,1.0000,,B-ENTRY,B-ENTRY,model,0.9718,2026-09-22 19:53:06
a779a166-e4c4-5ca1-9864-53dc15740e85,ac23b62a-e599-5a32-a399-e738c70ef864,181.7.0,181,6,7,0,"[520.0, 563.0, 970.0, 914.0]",Text,"Biscarat, rue Gaillon, 15.  ",ENTRY,"<SUBJ>Biscarat</SUBJ>, <ADDR>rue Gaillon, 15.</ADDR>",1,0,1,1.0000,,B-ENTRY,B-ENTRY,model,0.9712,2026-09-22 19:53:06
700c5c57-0cce-51aa-a02b-04003aacd54f,ac23b62a-e599-5a32-a399-e738c70ef864,181.7.1,181,6,7,1,"[520.0, 563.0, 970.0, 914.0]",Text,"Blasy, rue du Gros-Chenet, 7.  ",ENTRY,"<SUBJ>Blasy</SUBJ>, <ADDR>rue du Gros-Chenet, 7.</ADDR>",1,0,1,1.0000,,B-ENTRY,B-ENTRY,model,0.9883,2026-09-22 19:53:06
d26c597d-1329-5b69-9a53-b350795eff6c,ac23b62a-e599-5a32-a399-e738c70ef864,181.7.2,181,6,7,2,"[520.0, 563.0, 970.0, 914.0]",Text,"Boblier, rue Ste-Apolline, 2.  ",ENTRY,"<SUBJ>Boblier</SUBJ>, <ADDR>rue Ste-Apolline, 2.</ADDR>",1,0,1,1.0000,,B-ENTRY,B-ENTRY,model,0.9827,2026-09-22 19:53:06
189406f6-b84a-527a-b64c-053cdae3516d,ac23b62a-e599-5a32-a399-e738c70ef864,181.7.3,181,6,7,3,"[520.0, 563.0, 970.0, 914.0]",Text,"Bonjour, rue des Nonnaindières, 1.  ",ENTRY,"<SUBJ>Bonjour</SUBJ>, <ADDR>rue des Nonnaindières, 1.</ADDR>",1,0,1,1.0000,,B-ENTRY,B-ENTRY,model,0.975,2026-09-22 19:53:06
d9f1c98a-9256-5e56-98ef-78e78d0fe15e,ac23b62a-e599-5a32-a399-e738c70ef864,181.7.4,181,6,7,4,"[520.0, 563.0, 970.0, 914.0]",Text,"Bonnye, rue S.-Dominique. — Inval.  ",ENTRY,"<SUBJ>Bonnye</SUBJ>, <ADDR>rue S.-Dominique. — Inval.</ADDR>",1,0,1,1.0000,,B-ENTRY,B-ENTRY,model,0.9501,2026-09-22 19:53:06
9f33ef7d-d970-54a8-a225-26d2c0cbc350,ac23b62a-e599-5a32-a399-e738c70ef864,181.7.5,181,6,7,5,"[520.0, 563.0, 970.0, 914.0]",Text,"Botentuit-Langlois, rue Montmartre, 26.  ",ENTRY,"<SUBJ>Botentuit-Langlois</SUBJ>, <ADDR>rue Montmartre, 26.</ADDR>",1,0,1,1.0000,,B-ENTRY,B-ENTRY,model,0.9957,2026-09-22 19:53:06
726699e6-1b54-5977-b767-5a9b29e76331,ac23b62a-e599-5a32-a399-e738c70ef864,181.7.6,181,6,7,6,"[520.0, 563.0, 970.0, 914.0]",Text,"Boulay, rue Charlot, 43.  ",ENTRY,"<SUBJ>Boulay</SUBJ>, <ADDR>rue Charlot, 43.</ADDR>",1,0,1,1.0000,,B-ENTRY,B-ENTRY,model,0.9703,2026-09-22 19:53:06
7ec2f42d-2ba8-52cc-bab0-9614999dd1ad,ac23b62a-e599-5a32-a399-e738c70ef864,"181.7.7,181.7.8","181,181","6,6","7,7","7,8","[520.0, 563.0, 970.0, 914.0],[520.0, 563.0, 970.0, 914.0]","Text,Text","Bousquet (J. Bernard), rue des Écrivains, 15.",ENTRY,"<SUBJ>Bousquet (J. Bernard)</SUBJ>, <ADDR>rue des Écrivains, 15.</ADDR>",1,0,1,1.0000,,"B-ENTRY,I-ENTRY","B-ENTRY,I-ENTRY","human,human","1.0,1.0","2026-09-22 19:51:34,2026-09-22 19:51:34"
6311a136-c10d-5aba-842c-524cf189cc1e,ac23b62a-e599-5a32-a399-e738c70ef864,181.7.9,181,6,7,9,"[520.0, 563.0, 970.0, 914.0]",Text,"Bousquet (Michel), rue Chappon, 7.  ",ENTRY,"<SUBJ>Bousquet (Michel)</SUBJ>, <ADDR>rue Chappon, 7.</ADDR>",1,0,1,1.0000,,B-ENTRY,B-ENTRY,model,0.9999,2026-09-22 19:53:06
9e4f6e1b-00e1-5a53-8e1d-17a7d34a34f7,ac23b62a-e599-5a32-a399-e738c70ef864,181.7.10,181,6,7,10,"[520.0, 563.0, 970.0, 914.0]",Text,"Bousquet (Ant. Nic.), rue de Richelieu, 48.  ",ENTRY,"<SUBJ>Bousquet (Ant. Nic.)</SUBJ>, <ADDR>rue de Richelieu, 48.</ADDR>",1,0,1,1.0000,,B-ENTRY,B-ENTRY,model,0.9994,2026-09-22 19:53:06
4925a02f-53db-5b9e-ab22-14ec1c65e21b,ac23b62a-e599-5a32-a399-e738c70ef864,181.7.11,181,6,7,11,"[520.0, 563.0, 970.0, 914.0]",Text,"Boy, rue Ste-Croix-de-la-Bretonnerie, 42.  ",ENTRY,"<SUBJ>Boy</SUBJ>, <ADDR>rue Ste-Croix-de-la-Bretonnerie, 42.</ADDR>",1,0,1,1.0000,,B-ENTRY,B-ENTRY,model,0.9825,2026-09-22 19:53:06
541eb28e-4032-5fe6-83c5-b2b23cf2019f,ac23b62a-e599-5a32-a399-e738c70ef864,"181.7.12,181.7.13","181,181","6,6","7,7","12,13","[520.0, 563.0, 970.0, 914.0],[520.0, 563.0, 970.0, 914.0]","Text,Text","Boyer, *premier chir. de l'Empereur et de* *l'Impératrice*, rue des SS.-Pères, 45.",ENTRY,"<SUBJ>Boyer</SUBJ>, *<DESC>premier chir. de l'Empereur et de* *l'Impératrice</DESC>*, <ADDR>rue des SS.-Pères, 45.</ADDR>",1,1,1,1.0000,,"B-ENTRY,I-ENTRY","B-ENTRY,I-ENTRY","model,human","0.9976,1.0","2026-09-22 19:53:06,2026-09-22 19:50:19"
ad6c6f7a-eb38-532a-8e9c-59d981a5cc6b,ac23b62a-e599-5a32-a399-e738c70ef864,"181.7.14,181.7.15","181,181","6,6","7,7","14,15","[520.0, 563.0, 970.0, 914.0],[520.0, 563.0, 970.0, 914.0]","Text,Text","Brézillon, *accoucheur*, rue Montorgueil, 17.",ENTRY,"<SUBJ>Brézillon</SUBJ>, *<DESC>accoucheur</DESC>*, <ADDR>rue Montorgueil, 17.</ADDR>",1,1,1,1.0000,,"B-ENTRY,I-ENTRY","B-ENTRY,I-ENTRY","human,human","1.0,1.0","2026-09-22 19:50:19,2026-09-22 19:52:26"
5275aa4c-7c62-57b0-8531-5ead2d159cbb,ac23b62a-e599-5a32-a399-e738c70ef864,181.7.16,181,6,7,16,"[520.0, 563.0, 970.0, 914.0]",Text,"Brillouet, place du Corps-Législatif, 10.  ",ENTRY,"<SUBJ>Brillouet</SUBJ>, <ADDR>place du Corps-Législatif, 10.</ADDR>",1,0,1,1.0000,,B-ENTRY,B-ENTRY,human,1.0,2026-09-22 19:52:26
d800920f-71fa-56bb-9cdd-5f0107a8583c,ac23b62a-e599-5a32-a399-e738c70ef864,181.7.17,181,6,7,17,"[520.0, 563.0, 970.0, 914.0]",Text,"Bunel, rue de Cléry, 29.  ",ENTRY,"<SUBJ>Bunel</SUBJ>, <ADDR>rue de Cléry, 29.</ADDR>",1,0,1,1.0000,,B-ENTRY,B-ENTRY,model,0.9746,2026-09-22 19:53:06
cb705ab0-30ff-568a-8720-499658ee9f4b,ac23b62a-e599-5a32-a399-e738c70ef864,181.7.18,181,6,7,18,"[520.0, 563.0, 970.0, 914.0]",Text,"By, rue Greneta, 38.  ",ENTRY,"<SUBJ>By</SUBJ>, <ADDR>rue Greneta, 38.</ADDR>",1,0,1,1.0000,,B-ENTRY,B-ENTRY,model,0.9712,2026-09-22 19:53:06
826eea54-b5cb-517f-b480-cf4533ba8858,ac23b62a-e599-5a32-a399-e738c70ef864,181.7.19,181,6,7,19,"[520.0, 563.0, 970.0, 914.0]",Text,"Cadot, rue Basse-S.-Denis, 26.  ",ENTRY,"<SUBJ>Cadot</SUBJ>, <ADDR>rue Basse-S.-Denis, 26.</ADDR>",1,0,1,1.0000,,B-ENTRY,B-ENTRY,human,1.0,2026-09-22 19:52:14
0e63b52b-c2d9-5dd3-9140-aefb5b4b13ec,ac23b62a-e599-5a32-a399-e738c70ef864,181.7.20,181,6,7,20,"[520.0, 563.0, 970.0, 914.0]",Text,"Caillard fils, rue de l'Observance, 6.  ",ENTRY,"<SUBJ>Caillard fils</SUBJ>, <ADDR>rue de l'Observance, 6.</ADDR>",1,0,1,1.0000,,B-ENTRY,B-ENTRY,human,1.0,2026-09-22 19:52:14
8c281ede-6a18-5ab8-a363-10f40650b261,ac23b62a-e599-5a32-a399-e738c70ef864,181.7.21,181,6,7,21,"[520.0, 563.0, 970.0, 914.0]",Text,"Calluet, rue de Chaillot, 99.  ",ENTRY,"<SUBJ>Calluet</SUBJ>, <ADDR>rue de Chaillot, 99.</ADDR>",1,0,1,1.0000,,B-ENTRY,B-ENTRY,model,0.9762,2026-09-22 19:53:06
659cefdb-00ed-5975-aba1-b0e8faa803d2,ac23b62a-e599-5a32-a399-e738c70ef864,181.7.22,181,6,7,22,"[520.0, 563.0, 970.0, 914.0]",Text,"Carrere, rue du Four, 88.  ",ENTRY,"<SUBJ>Carrere</SUBJ>, <ADDR>rue du Four, 88.</ADDR>",1,0,1,1.0000,,B-ENTRY,B-ENTRY,model,0.9744,2026-09-22 19:53:06
9dead1af-8fca-5b64-9e32-6a4b8a637c3c,ac23b62a-e599-5a32-a399-e738c70ef864,"181.7.23,181.7.24","181,181","6,6","7,7","23,24","[520.0, 563.0, 970.0, 914.0],[520.0, 563.0, 970.0, 914.0]","Text,Text","Caron, *chirurgien à l'hospice du Val-de-* *Grâce*, rue de la Harpe, 117.",ENTRY,"<SUBJ>Caron</SUBJ>, *<DESC>chirurgien à l'hospice du Val-de-* *Grâce</DESC>*, <ADDR>rue de la Harpe, 117.</ADDR>",1,1,1,1.0000,,"B-ENTRY,I-ENTRY","B-ENTRY,I-ENTRY","human,human","1.0,1.0","2026-09-22 19:52:15,2026-09-22 19:52:15"
45d67500-3224-5953-9a28-1022d853f87a,ac23b62a-e599-5a32-a399-e738c70ef864,181.7.25,181,6,7,25,"[520.0, 563.0, 970.0, 914.0]",Text,"Casaubon, rue J.-J.-Rousseau, 14.  ",ENTRY,"<SUBJ>Casaubon</SUBJ>, <ADDR>rue J.-J.-Rousseau, 14.</ADDR>",1,0,1,1.0000,,B-ENTRY,B-ENTRY,model,0.9967,2026-09-22 19:53:06
688c8788-8b12-593b-ad64-ca7ccf0b8904,ac23b62a-e599-5a32-a399-e738c70ef864,181.7.26,181,6,7,26,"[520.0, 563.0, 970.0, 914.0]",Text,"Caste, rue de la Montagne, 25.",ENTRY,"<SUBJ>Caste</SUBJ>, <ADDR>rue de la Montagne, 25.</ADDR>",1,0,1,1.0000,,B-ENTRY,B-ENTRY,model,0.9667,2026-09-22 19:53:06
a785603e-45f9-58a0-b025-9fcb64667faf,ac23b62a-e599-5a32-a399-e738c70ef864,182.1.0,182,0,1,0,"[239.0, 31.0, 720.0, 55.0]",Page-Header,Docteurs en chirurgie. — PARIS.,OUT OF SCOPE,,,,,,,OUT OF SCOPE,OUT OF SCOPE,model,0.9977,2026-09-22 19:53:06
fc092760-9e0f-56a1-8d7b-d0c42b6d27fb,ac23b62a-e599-5a32-a399-e738c70ef864,182.2.0,182,1,2,0,"[861.0, 32.0, 920.0, 53.0]",Page-Header,517,OUT OF SCOPE,,,,,,,OUT OF SCOPE,OUT OF SCOPE,model,0.9934,2026-09-22 19:53:06
f371829d-9e73-5315-84d9-53db2be15b80,ac23b62a-e599-5a32-a399-e738c70ef864,182.3.0,182,2,3,0,"[49.0, 57.0, 933.0, 899.0]",List-Group,"Catalan, *dentiste*, rue de Thionville, 33.  ",ENTRY,"<SUBJ>Catalan</SUBJ>, *<DESC>dentiste</DESC>*, <ADDR>rue de Thionville, 33.</ADDR>",1,1,1,1.0000,,B-ENTRY,B-ENTRY,model,0.99,2026-09-22 19:53:06
1f00604e-8311-5628-9db7-7e77ce70cd53,ac23b62a-e599-5a32-a399-e738c70ef864,182.3.1,182,2,3,1,"[49.0, 57.0, 933.0, 899.0]",List-Group,"Cathelot, rue S.-Antoine, 170.  ",ENTRY,"<SUBJ>Cathelot</SUBJ>, <ADDR>rue S.-Antoine, 170.</ADDR>",1,0,1,1.0000,,B-ENTRY,B-ENTRY,model,0.9934,2026-09-22 19:53:06
96c16c83-8f6f-500d-8ca5-04e68659967b,ac23b62a-e599-5a32-a399-e738c70ef864,182.3.2,182,2,3,2,"[49.0, 57.0, 933.0, 899.0]",List-Group,"Cavanon, *accoucheur*, rue de Lille, 68.  ",ENTRY,"<SUBJ>Cavanon</SUBJ>, *<DESC>accoucheur</DESC>*, <ADDR>rue de Lille, 68.</ADDR>",1,1,1,1.0000,,B-ENTRY,B-ENTRY,model,0.9933,2026-09-22 19:53:06
c6094962-adbc-5412-b640-fb1b1926707b,ac23b62a-e599-5a32-a399-e738c70ef864,182.3.3,182,2,3,3,"[49.0, 57.0, 933.0, 899.0]",List-Group,"Cervenon, rue Michel-le-Pelletier.  ",ENTRY,"<SUBJ>Cervenon</SUBJ>, <ADDR>rue Michel-le-Pelletier.</ADDR>",1,0,1,1.0000,,B-ENTRY,B-ENTRY,model,0.989,2026-09-22 19:53:06
f2fbc946-2068-5a29-a235-574f78f449de,ac23b62a-e599-5a32-a399-e738c70ef864,182.3.4,182,2,3,4,"[49.0, 57.0, 933.0, 899.0]",List-Group,"Cézérac, rue Neuve-Ste-Genève, 9.  ",ENTRY,"<SUBJ>Cézérac</SUBJ>, <ADDR>rue Neuve-Ste-Genève, 9.</ADDR>",1,0,1,1.0000,,B-ENTRY,B-ENTRY,model,0.9854,2026-09-22 19:53:06
897c7e4d-78b8-515e-96f6-5f6f6f04b05d,ac23b62a-e599-5a32-a399-e738c70ef864,"182.3.5,182.3.6","182,182","2,2","3,3","5,6","[49.0, 57.0, 933.0, 899.0],[49.0, 57.0, 933.0, 899.0]","List-Group,List-Group","Chabanette, *herniaire*, cour du Commerce. — Th.-Fr.",ENTRY,"<SUBJ>Chabanette</SUBJ>, *<DESC>herniaire</DESC>*, <ADDR>cour du Commerce. — Th.-Fr</ADDR>.",1,1,1,1.0000,,"B-ENTRY,I-ENTRY","B-ENTRY,I-ENTRY","human,human","1.0,1.0","2026-09-22 19:51:36,2026-09-22 19:51:36"
f43fc4e2-9195-53db-a78d-80d21cf8dfd5,ac23b62a-e599-5a32-a399-e738c70ef864,182.3.7,182,2,3,7,"[49.0, 57.0, 933.0, 899.0]",List-Group,"Chabanneau, rue Vieille-du-Temple, 23.  ",ENTRY,"<SUBJ>Chabanneau</SUBJ>, <ADDR>rue Vieille-du-Temple, 23.</ADDR>",1,0,1,1.0000,,B-ENTRY,B-ENTRY,model,0.9972,2026-09-22 19:53:06
bfef8310-bca5-504d-9971-aeaa326f5545,ac23b62a-e599-5a32-a399-e738c70ef864,182.3.8,182,2,3,8,"[49.0, 57.0, 933.0, 899.0]",List-Group,"Champenois, rue Feydeau, 11.  ",ENTRY,"<SUBJ>Champenois</SUBJ>, <ADDR>rue Feydeau, 11.</ADDR>",1,0,1,1.0000,,B-ENTRY,B-ENTRY,model,0.9854,2026-09-22 19:53:06
25e2c254-e63c-57d0-b798-1ceca8a40a59,ac23b62a-e599-5a32-a399-e738c70ef864,182.3.9,182,2,3,9,"[49.0, 57.0, 933.0, 899.0]",List-Group,"Chansauld, rue de la Harpe, 88.  ",ENTRY,"<SUBJ>Chansauld</SUBJ>, <ADDR>rue de la Harpe, 88.</ADDR>",1,0,1,1.0000,,B-ENTRY,B-ENTRY,model,0.9924,2026-09-22 19:53:06
5b7a8653-11ab-5f05-befa-03fb170ed995,ac23b62a-e599-5a32-a399-e738c70ef864,182.3.10,182,2,3,10,"[49.0, 57.0, 933.0, 899.0]",List-Group,"Chappe, rue de Verneuil, 29.  ",ENTRY,"<SUBJ>Chappe</SUBJ>, <ADDR>rue de Verneuil, 29.</ADDR>",1,0,1,1.0000,,B-ENTRY,B-ENTRY,model,0.9872,2026-09-22 19:53:06
8d6de1df-0532-5aaa-847b-d6d2616d16e7,ac23b62a-e599-5a32-a399-e738c70ef864,182.3.11,182,2,3,11,"[49.0, 57.0, 933.0, 899.0]",List-Group,"Charles, rue du Faub.-du-Temple, 37.  ",ENTRY,"<SUBJ>Charles</SUBJ>, <ADDR>rue du Faub.-du-Temple, 37.</ADDR>",1,0,1,1.0000,,B-ENTRY,B-ENTRY,model,0.9923,2026-09-22 19:53:06
cb50a159-98e8-5209-b2a9-c5069c5e891d,ac23b62a-e599-5a32-a399-e738c70ef864,182.3.12,182,2,3,12,"[49.0, 57.0, 933.0, 899.0]",List-Group,"Chauvot, rue de la Harpe, 24.  ",ENTRY,"<SUBJ>Chauvot</SUBJ>, <ADDR>rue de la Harpe, 24.</ADDR>",1,0,1,1.0000,,B-ENTRY,B-ENTRY,model,0.9923,2026-09-22 19:53:06
413664b3-bb76-52e3-a781-6b40a0ac175a,ac23b62a-e599-5a32-a399-e738c70ef864,182.3.13,182,2,3,13,"[49.0, 57.0, 933.0, 899.0]",List-Group,"Chouchotte, rue S.-Jacques, 174.  ",ENTRY,"<SUBJ>Chouchotte</SUBJ>, <ADDR>rue S.-Jacques, 174.</ADDR>",1,0,1,1.0000,,B-ENTRY,B-ENTRY,model,0.9935,2026-09-22 19:53:06
ac3ca496-f51e-5e69-b339-00c5dc0560e4,ac23b62a-e599-5a32-a399-e738c70ef864,182.3.14,182,2,3,14,"[49.0, 57.0, 933.0, 899.0]",List-Group,"Clavery, rue Neuve-S.-Augustin, 55.  ",ENTRY,"<SUBJ>Clavery</SUBJ>, <ADDR>rue Neuve-S.-Augustin, 55.</ADDR>",1,0,1,1.0000,,B-ENTRY,B-ENTRY,model,0.9915,2026-09-22 19:53:06
105459bd-d017-5a2b-b93d-d61c26fbc517,ac23b62a-e599-5a32-a399-e738c70ef864,182.3.15,182,2,3,15,"[49.0, 57.0, 933.0, 899.0]",List-Group,"Colon, rue du Temple, 57.  ",ENTRY,"<SUBJ>Colon</SUBJ>, <ADDR>rue du Temple, 57.</ADDR>",1,0,1,1.0000,,B-ENTRY,B-ENTRY,model,0.9872,2026-09-22 19:53:06
78820728-9960-594f-a238-7c9fcbd29dd9,ac23b62a-e599-5a32-a399-e738c70ef864,182.3.16,182,2,3,16,"[49.0, 57.0, 933.0, 899.0]",List-Group,"Cornilliau, au Grand-Charonne, 17.  ",ENTRY,"<SUBJ>Cornilliau</SUBJ>, <ADDR>au Grand-Charonne, 17.</ADDR>",1,0,1,1.0000,,B-ENTRY,B-ENTRY,model,0.9913,2026-09-22 19:53:06
58478f62-f807-552e-b7b6-51c5040ff0aa,ac23b62a-e599-5a32-a399-e738c70ef864,182.3.17,182,2,3,17,"[49.0, 57.0, 933.0, 899.0]",List-Group,"Coste (Louis), rue Bon-Conseil, 30.  ",ENTRY,"<SUBJ>Coste (Louis)</SUBJ>, <ADDR>rue Bon-Conseil, 30.</ADDR>",1,0,1,1.0000,,B-ENTRY,B-ENTRY,model,0.9997,2026-09-22 19:53:06
c98056c9-82a9-5e97-9f76-35789c655f81,ac23b62a-e599-5a32-a399-e738c70ef864,182.3.18,182,2,3,18,"[49.0, 57.0, 933.0, 899.0]",List-Group,"Coste (Th.), rue du Faub.-S.-Honoré, 14.  ",ENTRY,"<SUBJ>Coste (Th.)</SUBJ>, <ADDR>rue du Faub.-S.-Honoré, 14.</ADDR>",1,0,1,1.0000,,B-ENTRY,B-ENTRY,model,0.9997,2026-09-22 19:53:06
9183a491-06b0-5f41-898f-557f99b300e3,ac23b62a-e599-5a32-a399-e738c70ef864,182.3.19,182,2,3,19,"[49.0, 57.0, 933.0, 899.0]",List-Group,"Coutanceau, rue Thionville, 38.  ",ENTRY,"<SUBJ>Coutanceau</SUBJ>, <ADDR>rue Thionville, 38.</ADDR>",1,0,1,1.0000,,B-ENTRY,B-ENTRY,model,0.9853,2026-09-22 19:53:06
057ba607-631c-5bf5-b002-4a8ee50b909d,ac23b62a-e599-5a32-a399-e738c70ef864,182.3.20,182,2,3,20,"[49.0, 57.0, 933.0, 899.0]",List-Group,"Culleriez, rue du Chainp-des-Capucins, 39.  ",ENTRY,"<SUBJ>Culleriez</SUBJ>, <ADDR>rue du Chainp-des-Capucins, 39.</ADDR>",1,0,1,1.0000,,B-ENTRY,B-ENTRY,model,0.9921,2026-09-22 19:53:06
b6c9eef9-678a-51fa-9579-d4e82aae243b,ac23b62a-e599-5a32-a399-e738c70ef864,182.3.21,182,2,3,21,"[49.0, 57.0, 933.0, 899.0]",List-Group,"Dailliez, rue Pot-de-Fer. — Lux.  ",ENTRY,"<SUBJ>Dailliez</SUBJ>, <ADDR>rue Pot-de-Fer. — Lux.</ADDR>",1,0,1,1.0000,,B-ENTRY,B-ENTRY,model,0.9755,2026-09-22 19:53:06
1abd3034-e29a-5cf1-8a4c-b9cb53c328c5,ac23b62a-e599-5a32-a399-e738c70ef864,182.3.22,182,2,3,22,"[49.0, 57.0, 933.0, 899.0]",List-Group,"Dartigues, rue S.-Denis, près la porte.  ",ENTRY,"<SUBJ>Dartigues</SUBJ>, <ADDR>rue S.-Denis, près la porte.</ADDR>",1,0,1,1.0000,,B-ENTRY,B-ENTRY,human,1.0,2026-09-22 19:52:02
061b9625-f3f7-55ae-aafd-6e90d555e734,ac23b62a-e599-5a32-a399-e738c70ef864,182.3.23,182,2,3,23,"[49.0, 57.0, 933.0, 899.0]",List-Group,"D'Astruc, rue du Faub.-S.-Antoine, 215.  ",ENTRY,"<SUBJ>D'Astruc</SUBJ>, <ADDR>rue du Faub.-S.-Antoine, 215.</ADDR>",1,0,1,1.0000,,B-ENTRY,B-ENTRY,human,1.0,2026-09-22 19:52:02
91c0fc4d-f922-51bc-a682-7118eb90b50b,ac23b62a-e599-5a32-a399-e738c70ef864,182.3.24,182,2,3,24,"[49.0, 57.0, 933.0, 899.0]",List-Group,"Debray, passage de la Réunion, 4, rue S.-Martin.  ",ENTRY,"<SUBJ>Debray</SUBJ>, <ADDR>passage de la Réunion, 4, rue S.-Martin.</ADDR>",1,0,1,1.0000,,B-ENTRY,B-ENTRY,model,0.9584,2026-09-22 19:53:06
7673b721-e98e-54c6-8b3e-a481c30a47cb,ac23b62a-e599-5a32-a399-e738c70ef864,182.3.25,182,2,3,25,"[49.0, 57.0, 933.0, 899.0]",List-Group,"Decelles, rue des SS.-Pères, 41.  ",ENTRY,"<SUBJ>Decelles</SUBJ>, <ADDR>rue des SS.-Pères, 41.</ADDR>",1,0,1,1.0000,,B-ENTRY,B-ENTRY,model,0.9871,2026-09-22 19:53:06
5d169336-376c-5b68-9106-52a179167dff,ac23b62a-e599-5a32-a399-e738c70ef864,182.3.26,182,2,3,26,"[49.0, 57.0, 933.0, 899.0]",List-Group,"Delacoste, rue Neuve-du-Luxembourg, 16.  ",ENTRY,"<SUBJ>Delacoste</SUBJ>, <ADDR>rue Neuve-du-Luxembourg, 16.</ADDR>",1,0,1,1.0000,,B-ENTRY,B-ENTRY,model,0.9856,2026-09-22 19:53:06
b7b7a639-7828-57d3-951a-a6043c9f046d,ac23b62a-e599-5a32-a399-e738c70ef864,182.3.27,182,2,3,27,"[49.0, 57.0, 933.0, 899.0]",List-Group,"Delarue, rue du Mont-Blanc, 50.  ",ENTRY,"<SUBJ>Delarue</SUBJ>, <ADDR>rue du Mont-Blanc, 50.</ADDR>",1,0,1,1.0000,,B-ENTRY,B-ENTRY,model,0.9941,2026-09-22 19:53:06
4dfe76b2-173c-503c-b537-f34010f919da,ac23b62a-e599-5a32-a399-e738c70ef864,182.3.28,182,2,3,28,"[49.0, 57.0, 933.0, 899.0]",List-Group,"Delmas, rue S.-Lazare, 33.  ",ENTRY,"<SUBJ>Delmas</SUBJ>, <ADDR>rue S.-Lazare, 33.</ADDR>",1,0,1,1.0000,,B-ENTRY,B-ENTRY,model,0.9935,2026-09-22 19:53:06
3d823363-8f77-5c14-bc1f-8d8746537bc9,ac23b62a-e599-5a32-a399-e738c70ef864,182.3.29,182,2,3,29,"[49.0, 57.0, 933.0, 899.0]",List-Group,"Demontiguy, rue de la Monnaie, 19.  ",ENTRY,"<SUBJ>Demontiguy</SUBJ>, <ADDR>rue de la Monnaie, 19.</ADDR>",1,0,1,1.0000,,B-ENTRY,B-ENTRY,model,0.9923,2026-09-22 19:53:06
0db1528e-dd21-5175-9ede-5501b0ac8a90,ac23b62a-e599-5a32-a399-e738c70ef864,182.3.30,182,2,3,30,"[49.0, 57.0, 933.0, 899.0]",List-Group,"Deschamps, *chir. en chef de l'hospice de l'Unité*, rue des SS.-Pères, 45.  ",ENTRY,"<SUBJ>Deschamps</SUBJ>, *<DESC>chir. en chef de l'hospice de l'Unité</DESC>*, <ADDR>rue des SS.-Pères, 45.</ADDR>",1,1,1,1.0000,,B-ENTRY,B-ENTRY,model,0.9933,2026-09-22 19:53:06
08c319cc-4f06-50a1-8a22-9a74e494dfbf,ac23b62a-e599-5a32-a399-e738c70ef864,182.3.31,182,2,3,31,"[49.0, 57.0, 933.0, 899.0]",List-Group,"Descloche, rue Coquillière, 38.  ",ENTRY,"<SUBJ>Descloche</SUBJ>, <ADDR>rue Coquillière, 38.</ADDR>",1,0,1,1.0000,,B-ENTRY,B-ENTRY,model,0.9854,2026-09-22 19:53:06
089a29d0-47ec-56dc-a047-8a9d81ae8d9d,ac23b62a-e599-5a32-a399-e738c70ef864,182.3.32,182,2,3,32,"[49.0, 57.0, 933.0, 899.0]",List-Group,"Devilliers, rue S.-Jacques, 161.  ",ENTRY,"<SUBJ>Devilliers</SUBJ>, <ADDR>rue S.-Jacques, 161.</ADDR>",1,0,1,1.0000,,B-ENTRY,B-ENTRY,model,0.9935,2026-09-22 19:53:06
a5dbe59b-8bd3-57f7-988e-40de904f404b,ac23b62a-e599-5a32-a399-e738c70ef864,182.3.33,182,2,3,33,"[49.0, 57.0, 933.0, 899.0]",List-Group,"Dewaldt, *oculiste*, rue du Temple.  ",ENTRY,"<SUBJ>Dewaldt</SUBJ>, *<DESC>oculiste</DESC>*, <ADDR>rue du Temple.</ADDR>",1,1,1,1.0000,,B-ENTRY,B-ENTRY,model,0.9971,2026-09-22 19:53:06
5e9121e8-c93c-5499-ab26-b853dae834a0,ac23b62a-e599-5a32-a399-e738c70ef864,182.3.34,182,2,3,34,"[49.0, 57.0, 933.0, 899.0]",List-Group,"Didier, rue S.-Denis, 338.  ",ENTRY,"<SUBJ>Didier</SUBJ>, <ADDR>rue S.-Denis, 338.</ADDR>",1,0,1,1.0000,,B-ENTRY,B-ENTRY,model,0.9935,2026-09-22 19:53:06
c07d937b-9929-528b-81fe-18f4c2ca462f,ac23b62a-e599-5a32-a399-e738c70ef864,182.3.35,182,2,3,35,"[49.0, 57.0, 933.0, 899.0]",List-Group,"Dubertrand, rue du Temple, 85.  ",ENTRY,"<SUBJ>Dubertrand</SUBJ>, <ADDR>rue du Temple, 85.</ADDR>",1,0,1,1.0000,,B-ENTRY,B-ENTRY,model,0.9871,2026-09-22 19:53:06
a0887ad3-5fec-5f61-b3dc-e471d180ced7,ac23b62a-e599-5a32-a399-e738c70ef864,182.3.36,182,2,3,36,"[49.0, 57.0, 933.0, 899.0]",List-Group,"Dubois (Ant.), rue de l'Observance, 1.  ",ENTRY,"<SUBJ>Dubois (Ant.)</SUBJ>, <ADDR>rue de l'Observance, 1.</ADDR>",1,0,1,1.0000,,B-ENTRY,B-ENTRY,model,0.9997,2026-09-22 19:53:06
c83731eb-7325-5d06-8951-2b66706b81bf,ac23b62a-e599-5a32-a399-e738c70ef864,182.3.37,182,2,3,37,"[49.0, 57.0, 933.0, 899.0]",List-Group,"Dubois (Etienne), rue des Filles-du-Calvaire, 5.  ",ENTRY,"<SUBJ>Dubois (Etienne)</SUBJ>, <ADDR>rue des Filles-du-Calvaire, 5.</ADDR>",1,0,1,1.0000,,B-ENTRY,B-ENTRY,model,0.9997,2026-09-22 19:53:06
5c56817e-675b-5d00-bb52-52f7c3e7b9e3,ac23b62a-e599-5a32-a399-e738c70ef864,182.3.38,182,2,3,38,"[49.0, 57.0, 933.0, 899.0]",List-Group,"Dubois-Foucou, *dentiste*, rue des Bons-Enfants, 1.  ",ENTRY,"<SUBJ>Dubois-Foucou</SUBJ>, *<DESC>dentiste</DESC>*, <ADDR>rue des Bons-Enfants, 1.</ADDR>",1,1,1,1.0000,,B-ENTRY,B-ENTRY,model,0.9978,2026-09-22 19:53:06
2d77d3b2-32ea-57d0-b866-e5f9e6af709f,ac23b62a-e599-5a32-a399-e738c70ef864,182.3.39,182,2,3,39,"[49.0, 57.0, 933.0, 899.0]",List-Group,"Duchateau, cul-de-sac Sourdis, 3.  ",ENTRY,"<SUBJ>Duchateau</SUBJ>, <ADDR>cul-de-sac Sourdis, 3.</ADDR>",1,0,1,1.0000,,B-ENTRY,B-ENTRY,model,0.9854,2026-09-22 19:53:06
c869413c-2f80-5bc0-922b-befed94b2281,ac23b62a-e599-5a32-a399-e738c70ef864,182.3.40,182,2,3,40,"[49.0, 57.0, 933.0, 899.0]",List-Group,"Ducluzeau, rue S.-Nicaise, 8.  ",ENTRY,"<SUBJ>Ducluzeau</SUBJ>, <ADDR>rue S.-Nicaise, 8.</ADDR>",1,0,1,1.0000,,B-ENTRY,B-ENTRY,model,0.9935,2026-09-22 19:53:06
fef7dc00-560c-5870-ae38-647dc828e296,ac23b62a-e599-5a32-a399-e738c70ef864,182.3.41,182,2,3,41,"[49.0, 57.0, 933.0, 899.0]",List-Group,"Dufour, rue des Ecouvies, 22.  ",ENTRY,"<SUBJ>Dufour</SUBJ>, <ADDR>rue des Ecouvies, 22.</ADDR>",1,0,1,1.0000,,B-ENTRY,B-ENTRY,model,0.9872,2026-09-22 19:53:06
c5afae13-7b1e-5699-bb45-6804b92c9a22,ac23b62a-e599-5a32-a399-e738c70ef864,182.3.42,182,2,3,42,"[49.0, 57.0, 933.0, 899.0]",List-Group,"Dufoure, rue des Gravilliers, 18.  ",ENTRY,"<SUBJ>Dufoure</SUBJ>, <ADDR>rue des Gravilliers, 18.</ADDR>",1,0,1,1.0000,,B-ENTRY,B-ENTRY,model,0.9872,2026-09-22 19:53:06
a6d064c4-c42f-5418-88be-4f7d6e885aa8,ac23b62a-e599-5a32-a399-e738c70ef864,182.3.43,182,2,3,43,"[49.0, 57.0, 933.0, 899.0]",List-Group,"Dufouare, rue S.-Jacques, 279.  ",ENTRY,"<SUBJ>Dufouare</SUBJ>, <ADDR>rue S.-Jacques, 279.</ADDR>",1,0,1,1.0000,,B-ENTRY,B-ENTRY,model,0.9935,2026-09-22 19:53:06
1f96c856-134e-5d30-81b1-e0139b7f9c20,ac23b62a-e599-5a32-a399-e738c70ef864,182.3.44,182,2,3,44,"[49.0, 57.0, 933.0, 899.0]",List-Group,"Dupont Lamotte, rue (Charlot), 12.  ",ENTRY,"<SUBJ>Dupont Lamotte</SUBJ>, <ADDR>rue (Charlot), 12.</ADDR>",1,0,1,1.0000,,B-ENTRY,B-ENTRY,model,0.991,2026-09-22 19:53:06
7285db38-c75f-5192-856b-2285728b7ba8,ac23b62a-e599-5a32-a399-e738c70ef864,182.3.45,182,2,3,45,"[49.0, 57.0, 933.0, 899.0]",List-Group,"Dussault (Ant. Fél.), rue de Sèvres, 24.  ",ENTRY,"<SUBJ>Dussault (Ant. Fél.)</SUBJ>, <ADDR>rue de Sèvres, 24.</ADDR>",1,0,1,1.0000,,B-ENTRY,B-ENTRY,model,0.9997,2026-09-22 19:53:06
f090e8f9-a909-596e-9f77-a1d605224e46,ac23b62a-e599-5a32-a399-e738c70ef864,182.3.46,182,2,3,46,"[49.0, 57.0, 933.0, 899.0]",List-Group,"Dutaret, rue des Enfants-Rouges, 13.  ",ENTRY,"<SUBJ>Dutaret</SUBJ>, <ADDR>rue des Enfants-Rouges, 13.</ADDR>",1,0,1,1.0000,,B-ENTRY,B-ENTRY,model,0.994,2026-09-22 19:53:06
b5d68921-3506-5637-a747-768561e0bf36,ac23b62a-e599-5a32-a399-e738c70ef864,182.3.47,182,2,3,47,"[49.0, 57.0, 933.0, 899.0]",List-Group,"Duval, *dentiste*, place des Vosges, 5.  ",ENTRY,"<SUBJ>Duval</SUBJ>, *<DESC>dentiste</DESC>*, <ADDR>place des Vosges, 5.</ADDR>",1,1,1,1.0000,,B-ENTRY,B-ENTRY,model,0.9933,2026-09-22 19:53:06
14fef9dc-c212-5a65-9a09-9424cb1c4a32,ac23b62a-e599-5a32-a399-e738c70ef864,182.3.48,182,2,3,48,"[49.0, 57.0, 933.0, 899.0]",List-Group,"Eclancher, rue Christine, 7.  ",ENTRY,"<SUBJ>Eclancher</SUBJ>, <ADDR>rue Christine, 7.</ADDR>",1,0,1,1.0000,,B-ENTRY,B-ENTRY,model,0.9854,2026-09-22 19:53:06
faa0f24a-5625-5839-a1f3-f61ad0f4584f,ac23b62a-e599-5a32-a399-e738c70ef864,182.3.49,182,2,3,49,"[49.0, 57.0, 933.0, 899.0]",List-Group,"Elisse, *dentiste*, rue S.-Sauveur, 6.  ",ENTRY,"<SUBJ>Elisse</SUBJ>, *<DESC>dentiste</DESC>*, <ADDR>rue S.-Sauveur, 6.</ADDR>",1,1,1,1.0000,,B-ENTRY,B-ENTRY,model,0.9933,2026-09-22 19:53:06
b8fd60c1-7e6c-565e-98ae-92fe007ed841,ac23b62a-e599-5a32-a399-e738c70ef864,182.3.50,182,2,3,50,"[49.0, 57.0, 933.0, 899.0]",List-Group,"Evrat, *accoucheur*, rue de Sèvres, 23.  ",ENTRY,"<SUBJ>Evrat</SUBJ>, *<DESC>accoucheur</DESC>*, <ADDR>rue de Sèvres, 23.</ADDR>",1,1,1,1.0000,,B-ENTRY,B-ENTRY,model,0.9933,2026-09-22 19:53:06
d2db0877-6c2f-515b-96c7-12fd8e36a70a,ac23b62a-e599-5a32-a399-e738c70ef864,182.3.51,182,2,3,51,"[49.0, 57.0, 933.0, 899.0]",List-Group,"Fabre de Molène, rue du Faub.-S.-Laurent, 205.  ",ENTRY,"<SUBJ>Fabre de Molène</SUBJ>, <ADDR>rue du Faub.-S.-Laurent, 205.</ADDR>",1,0,1,1.0000,,B-ENTRY,B-ENTRY,model,0.9923,2026-09-22 19:53:06
593b6f30-3ab7-5af6-add3-239b2dd15175,ac23b62a-e599-5a32-a399-e738c70ef864,182.3.52,182,2,3,52,"[49.0, 57.0, 933.0, 899.0]",List-Group,"Faulcon, rue S.-Martin, 291.  ",ENTRY,"<SUBJ>Faulcon</SUBJ>, <ADDR>rue S.-Martin, 291.</ADDR>",1,0,1,1.0000,,B-ENTRY,B-ENTRY,model,0.9935,2026-09-22 19:53:06
be5bb697-508f-54c7-a94f-e850d8dda3aa,ac23b62a-e599-5a32-a399-e738c70ef864,182.3.53,182,2,3,53,"[49.0, 57.0, 933.0, 899.0]",List-Group,"Favrol, rue des Fossés-S.-Germain-l'Auxerrois, 6.  ",ENTRY,"<SUBJ>Favrol</SUBJ>, <ADDR>rue des Fossés-S.-Germain-l'Auxerrois, 6.</ADDR>",1,0,1,1.0000,,B-ENTRY,B-ENTRY,model,0.9923,2026-09-22 19:53:06
21e2d126-20b3-5c19-a970-dfcec20f3556,ac23b62a-e599-5a32-a399-e738c70ef864,182.3.54,182,2,3,54,"[49.0, 57.0, 933.0, 899.0]",List-Group,"Ferray, rue de Chaillot, 110.  ",ENTRY,"<SUBJ>Ferray</SUBJ>, <ADDR>rue de Chaillot, 110.</ADDR>",1,0,1,1.0000,,B-ENTRY,B-ENTRY,model,0.9872,2026-09-22 19:53:06
af8475bb-a6d0-5788-a118-acf5b4b91593,ac23b62a-e599-5a32-a399-e738c70ef864,182.3.55,182,2,3,55,"[49.0, 57.0, 933.0, 899.0]",List-Group,"Ferlus, rue de la Chaise, 8.  ",ENTRY,"<SUBJ>Ferlus</SUBJ>, <ADDR>rue de la Chaise, 8.</ADDR>",1,0,1,1.0000,,B-ENTRY,B-ENTRY,model,0.9924,2026-09-22 19:53:06
a4185084-d9a1-54e9-89b2-103f3da6129d,ac23b62a-e599-5a32-a399-e738c70ef864,182.3.56,182,2,3,56,"[49.0, 57.0, 933.0, 899.0]",List-Group,"Fievé, rue Neuve-des Petits-Champs, 79.  ",ENTRY,"<SUBJ>Fievé</SUBJ>, <ADDR>rue Neuve-des Petits-Champs, 79.</ADDR>",1,0,1,1.0000,,B-ENTRY,B-ENTRY,model,0.9915,2026-09-22 19:53:06
e6655d3c-2258-5e9d-9558-43737d2a0e28,ac23b62a-e599-5a32-a399-e738c70ef864,182.3.57,182,2,3,57,"[49.0, 57.0, 933.0, 899.0]",List-Group,"Filliet, cour de la Ste-Chapelle, 9.  ",ENTRY,"<SUBJ>Filliet</SUBJ>, <ADDR>cour de la Ste-Chapelle, 9.</ADDR>",1,0,1,1.0000,,B-ENTRY,B-ENTRY,model,0.9873,2026-09-22 19:53:06
c085d44a-0790-59f4-b56b-3218673ee755,ac23b62a-e599-5a32-a399-e738c70ef864,182.3.58,182,2,3,58,"[49.0, 57.0, 933.0, 899.0]",List-Group,"Fillot, rue Bon-Conseil, 14.  ",ENTRY,"<SUBJ>Fillot</SUBJ>, <ADDR>rue Bon-Conseil, 14.</ADDR>",1,0,1,1.0000,,B-ENTRY,B-ENTRY,model,0.9914,2026-09-22 19:53:06
6c532b02-4e6e-55bd-822a-e32b2d783989,ac23b62a-e599-5a32-a399-e738c70ef864,182.3.59,182,2,3,59,"[49.0, 57.0, 933.0, 899.0]",List-Group,"Fleury, rue du Temple, 71.  ",ENTRY,"<SUBJ>Fleury</SUBJ>, <ADDR>rue du Temple, 71.</ADDR>",1,0,1,1.0000,,B-ENTRY,B-ENTRY,model,0.987,2026-09-22 19:53:06
26596bbd-9553-5b8f-aea1-682abf67648b,ac23b62a-e599-5a32-a399-e738c70ef864,182.3.60,182,2,3,60,"[49.0, 57.0, 933.0, 899.0]",List-Group,"Fleury, à l'hospice de l'Ecole de Médecine.  ",ENTRY,"<SUBJ>Fleury</SUBJ>, <ADDR>à l'hospice de l'Ecole de Médecine.</ADDR>",1,0,1,1.0000,,B-ENTRY,B-ENTRY,model,0.9922,2026-09-22 19:53:06
6d0262c3-3845-5226-a296-33a269dfeb10,ac23b62a-e599-5a32-a399-e738c70ef864,182.3.61,182,2,3,61,"[49.0, 57.0, 933.0, 899.0]",List-Group,"Fluquay, rue S.-Christophe, 14.  ",ENTRY,"<SUBJ>Fluquay</SUBJ>, <ADDR>rue S.-Christophe, 14.</ADDR>",1,0,1,1.0000,,B-ENTRY,B-ENTRY,model,0.9934,2026-09-22 19:53:06
b1bb085f-9d97-51b3-b51f-a77a9b50bcf4,ac23b62a-e599-5a32-a399-e738c70ef864,182.3.62,182,2,3,62,"[49.0, 57.0, 933.0, 899.0]",List-Group,"Forestier, *accoucheur*, rue des Moulins, 1.  ",ENTRY,"<SUBJ>Forestier</SUBJ>, *<DESC>accoucheur</DESC>*, <ADDR>rue des Moulins, 1.</ADDR>",1,1,1,1.0000,,B-ENTRY,B-ENTRY,model,0.9933,2026-09-22 19:53:06
e24d1e78-0edc-545c-9697-42c56a3588f4,ac23b62a-e599-5a32-a399-e738c70ef864,182.3.63,182,2,3,63,"[49.0, 57.0, 933.0, 899.0]",List-Group,"Forlence, *oculiste*, rue des SS.-Pères, 46.  ",ENTRY,"<SUBJ>Forlence</SUBJ>, *<DESC>oculiste</DESC>*, <ADDR>rue des SS.-Pères, 46.</ADDR>",1,1,1,1.0000,,B-ENTRY,B-ENTRY,model,0.9933,2026-09-22 19:53:06
563904f5-30f0-5efe-ae25-1e10b0e1e23b,ac23b62a-e599-5a32-a399-e738c70ef864,182.3.64,182,2,3,64,"[49.0, 57.0, 933.0, 899.0]",List-Group,"Fouillot, rue Ste-Marguerite.  ",ENTRY,"<SUBJ>Fouillot</SUBJ>, <ADDR>rue Ste-Marguerite.</ADDR>",1,0,1,1.0000,,B-ENTRY,B-ENTRY,model,0.9788,2026-09-22 19:53:06
5136b18a-1b76-50c4-b716-81360004522a,ac23b62a-e599-5a32-a399-e738c70ef864,182.3.65,182,2,3,65,"[49.0, 57.0, 933.0, 899.0]",List-Group,"Gaillard (Lefèvre, dit), rue S.-Florentin, 10.  ",ENTRY,"<SUBJ>Gaillard (Lefèvre, dit)</SUBJ>, <ADDR>rue S.-Florentin, 10.</ADDR>",1,0,1,1.0000,,B-ENTRY,B-ENTRY,model,0.9997,2026-09-22 19:53:06
2e4a476e-4255-5d69-bb5f-40be471f6fbe,ac23b62a-e599-5a32-a399-e738c70ef864,182.3.66,182,2,3,66,"[49.0, 57.0, 933.0, 899.0]",List-Group,"Gardanne-Duport, rue du Mail, 29.  ",ENTRY,"<SUBJ>Gardanne-Duport</SUBJ>, <ADDR>rue du Mail, 29.</ADDR>",1,0,1,1.0000,,B-ENTRY,B-ENTRY,model,0.9983,2026-09-22 19:53:06
12967f0d-9234-5f2b-8ae4-8bc45afe4e48,ac23b62a-e599-5a32-a399-e738c70ef864,182.3.67,182,2,3,67,"[49.0, 57.0, 933.0, 899.0]",List-Group,"Gauthier, rue de Tracy, 14.  ",ENTRY,"<SUBJ>Gauthier</SUBJ>, <ADDR>rue de Tracy, 14.</ADDR>",1,0,1,1.0000,,B-ENTRY,B-ENTRY,model,0.9871,2026-09-22 19:53:06
2d3000f6-5167-5e83-b1a3-51783588b912,ac23b62a-e599-5a32-a399-e738c70ef864,182.3.68,182,2,3,68,"[49.0, 57.0, 933.0, 899.0]",List-Group,"Gauthier de Claubry, rue de l'Université, 4.  ",ENTRY,"<SUBJ>Gauthier de Claubry</SUBJ>, <ADDR>rue de l'Université, 4.</ADDR>",1,0,1,1.0000,,B-ENTRY,B-ENTRY,model,0.9923,2026-09-22 19:53:06
c3ba37ec-4c90-51f1-befe-cec2aab85ba3,ac23b62a-e599-5a32-a399-e738c70ef864,182.3.69,182,2,3,69,"[49.0, 57.0, 933.0, 899.0]",List-Group,"Gay, rue du Bacq., 14.  ",ENTRY,"<SUBJ>Gay</SUBJ>, <ADDR>rue du Bacq., 14.</ADDR>",1,0,1,1.0000,,B-ENTRY,B-ENTRY,model,0.9906,2026-09-22 19:53:06
03062b37-cfe4-5233-8f2e-cceb1ca48be7,ac23b62a-e599-5a32-a399-e738c70ef864,182.3.70,182,2,3,70,"[49.0, 57.0, 933.0, 899.0]",List-Group,"Gélède, rue S.-Pierre-aux-Boufs, 10.  ",ENTRY,"<SUBJ>Gélède</SUBJ>, <ADDR>rue S.-Pierre-aux-Boufs, 10.</ADDR>",1,0,1,1.0000,,B-ENTRY,B-ENTRY,model,0.9917,2026-09-22 19:53:06
79edcb44-3a91-5ade-9fec-116069ec92d2,ac23b62a-e599-5a32-a399-e738c70ef864,182.3.71,182,2,3,71,"[49.0, 57.0, 933.0, 899.0]",List-Group,"Génouville, rue du Cherche-Midi, 2.  ",ENTRY,"<SUBJ>Génouville</SUBJ>, <ADDR>rue du Cherche-Midi, 2.</ADDR>",1,0,1,1.0000,,B-ENTRY,B-ENTRY,model,0.994,2026-09-22 19:53:06
0d335cfd-b815-5601-8994-d396270e3311,ac23b62a-e599-5a32-a399-e738c70ef864,182.3.72,182,2,3,72,"[49.0, 57.0, 933.0, 899.0]",List-Group,"Gérard, rue des Bourdonnais.  ",ENTRY,"<SUBJ>Gérard</SUBJ>, <ADDR>rue des Bourdonnais.</ADDR>",1,0,1,1.0000,,B-ENTRY,B-ENTRY,model,0.9822,2026-09-22 19:53:06
46c4492d-3908-5a06-9b0f-792dfebba1c9,ac23b62a-e599-5a32-a399-e738c70ef864,182.3.73,182,2,3,73,"[49.0, 57.0, 933.0, 899.0]",List-Group,"Girard, rue du Fouare, 7.  ",ENTRY,"<SUBJ>Girard</SUBJ>, <ADDR>rue du Fouare, 7.</ADDR>",1,0,1,1.0000,,B-ENTRY,B-ENTRY,model,0.9872,2026-09-22 19:53:06
73b7e7d1-1ebc-5847-a1c3-0202174c5ca9,ac23b62a-e599-5a32-a399-e738c70ef864,182.3.74,182,2,3,74,"[49.0, 57.0, 933.0, 899.0]",List-Group,"Gobert, rue Git-le-Cœur, 12.  ",ENTRY,"<SUBJ>Gobert</SUBJ>, <ADDR>rue Git-le-Cœur, 12.</ADDR>",1,0,1,1.0000,,B-ENTRY,B-ENTRY,model,0.9856,2026-09-22 19:53:06
b9e75a81-d017-5cf0-a8e2-17f3263370d7,ac23b62a-e599-5a32-a399-e738c70ef864,182.3.75,182,2,3,75,"[49.0, 57.0, 933.0, 899.0]",List-Group,"Grandchand, rue des SS.-Pères, 24.  ",ENTRY,"<SUBJ>Grandchand</SUBJ>, <ADDR>rue des SS.-Pères, 24.</ADDR>",1,0,1,1.0000,,B-ENTRY,B-ENTRY,model,0.9873,2026-09-22 19:53:06
fa0c7014-92c8-58f1-ba0e-7617d53bcbb4,ac23b62a-e599-5a32-a399-e738c70ef864,182.3.76,182,2,3,76,"[49.0, 57.0, 933.0, 899.0]",List-Group,"Gratereau, *accouch.*, rue Baillette, 3.  ",ENTRY,"<SUBJ>Gratereau</SUBJ>, *<DESC>accouch.</DESC>*, <ADDR>rue Baillette, 3.</ADDR>",1,1,1,1.0000,,B-ENTRY,B-ENTRY,model,0.9933,2026-09-22 19:53:06
1d77b951-b220-5268-a80d-5f7f3f6535f8,ac23b62a-e599-5a32-a399-e738c70ef864,182.3.77,182,2,3,77,"[49.0, 57.0, 933.0, 899.0]",List-Group,"Gratty, rue des Filles-S.-Thomas, 9.  ",ENTRY,"<SUBJ>Gratty</SUBJ>, <ADDR>rue des Filles-S.-Thomas, 9.</ADDR>",1,0,1,1.0000,,B-ENTRY,B-ENTRY,model,0.9922,2026-09-22 19:53:06
1de930ab-504a-50d1-82b9-dd66266dac6b,ac23b62a-e599-5a32-a399-e738c70ef864,182.3.78,182,2,3,78,"[49.0, 57.0, 933.0, 899.0]",List-Group,"Guérin (Claude), *accoucheur*, rue du Montceau, 12.  ",ENTRY,"<SUBJ>Guérin (Claude)</SUBJ>, *<DESC>accoucheur</DESC>*, <ADDR>rue du Montceau, 12.</ADDR>",1,1,1,1.0000,,B-ENTRY,B-ENTRY,model,0.9997,2026-09-22 19:53:06
46556694-0345-5120-b5b5-cff02f289ee6,ac23b62a-e599-5a32-a399-e738c70ef864,182.3.79,182,2,3,79,"[49.0, 57.0, 933.0, 899.0]",List-Group,"Guérin (Pierre-Alex.), rue de Cléry, 45.  ",ENTRY,"<SUBJ>Guérin (Pierre-Alex.)</SUBJ>, <ADDR>rue de Cléry, 45.</ADDR>",1,0,1,1.0000,,B-ENTRY,B-ENTRY,model,0.9997,2026-09-22 19:53:06
3e0ba519-861b-52ad-b569-b7aa48c701ff,ac23b62a-e599-5a32-a399-e738c70ef864,182.3.80,182,2,3,80,"[49.0, 57.0, 933.0, 899.0]",List-Group,"Guilbart, rue Pierre-Sarazin, 10.  ",ENTRY,"<SUBJ>Guilbart</SUBJ>, <ADDR>rue Pierre-Sarazin, 10.</ADDR>",1,0,1,1.0000,,B-ENTRY,B-ENTRY,model,0.9913,2026-09-22 19:53:06
c0c410ed-7135-5f21-882e-db9d6ec5e01d,ac23b62a-e599-5a32-a399-e738c70ef864,182.3.81,182,2,3,81,"[49.0, 57.0, 933.0, 899.0]",List-Group,"Hévin, rue Notre-Dame-de-Nazareth, 52.  ",ENTRY,"<SUBJ>Hévin</SUBJ>, <ADDR>rue Notre-Dame-de-Nazareth, 52.</ADDR>",1,0,1,1.0000,,B-ENTRY,B-ENTRY,model,0.9915,2026-09-22 19:53:06
e930f871-205a-5082-b075-c36827a2ac4b,ac23b62a-e599-5a32-a399-e738c70ef864,182.3.82,182,2,3,82,"[49.0, 57.0, 933.0, 899.0]",List-Group,"Hubert, rue Vieille-du-Temple, 52.  ",ENTRY,"<SUBJ>Hubert</SUBJ>, <ADDR>rue Vieille-du-Temple, 52.</ADDR>",1,0,1,1.0000,,B-ENTRY,B-ENTRY,model,0.9856,2026-09-22 19:53:06
9e4121d1-b1be-54d4-a6c2-8d459a3eca99,ac23b62a-e599-5a32-a399-e738c70ef864,182.3.83,182,2,3,83,"[49.0, 57.0, 933.0, 899.0]",List-Group,"Hurel, rue Culture-Ste-Catherine, 14.  ",ENTRY,"<SUBJ>Hurel</SUBJ>, <ADDR>rue Culture-Ste-Catherine, 14.</ADDR>",1,0,1,1.0000,,B-ENTRY,B-ENTRY,model,0.9857,2026-09-22 19:53:06
24c5c4c8-f770-5782-8df8-220cf934cb85,ac23b62a-e599-5a32-a399-e738c70ef864,182.3.84,182,2,3,84,"[49.0, 57.0, 933.0, 899.0]",List-Group,"Huttier, rue Montmartre, 64.  ",ENTRY,"<SUBJ>Huttier</SUBJ>, <ADDR>rue Montmartre, 64.</ADDR>",1,0,1,1.0000,,B-ENTRY,B-ENTRY,model,0.9856,2026-09-22 19:53:06
67492777-7ff2-5b94-bdb5-6eefa6f2fb99,ac23b62a-e599-5a32-a399-e738c70ef864,182.3.85,182,2,3,85,"[49.0, 57.0, 933.0, 899.0]",List-Group,"Ibrelisle, rue Neuve-d'Orléans, 6.  ",ENTRY,"<SUBJ>Ibrelisle</SUBJ>, <ADDR>rue Neuve-d'Orléans, 6.</ADDR>",1,0,1,1.0000,,B-ENTRY,B-ENTRY,model,0.9854,2026-09-22 19:53:06
4f17b95b-c3ad-53f9-a67d-471509fc4a1f,ac23b62a-e599-5a32-a399-e738c70ef864,182.3.86,182,2,3,86,"[49.0, 57.0, 933.0, 899.0]",List-Group,"Jacques, rue du Coq, 13. — Gard.-Fr.  ",ENTRY,"<SUBJ>Jacques</SUBJ>, <ADDR>rue du Coq, 13. — Gard.-Fr</ADDR>.",1,0,1,1.0000,,B-ENTRY,B-ENTRY,model,0.9656,2026-09-22 19:53:06
249c7308-321b-5d04-8ca0-07032228d98c,ac23b62a-e599-5a32-a399-e738c70ef864,182.3.87,182,2,3,87,"[49.0, 57.0, 933.0, 899.0]",List-Group,"Jarry, rue de la Jussienne, 15.  ",ENTRY,"<SUBJ>Jarry</SUBJ>, <ADDR>rue de la Jussienne, 15.</ADDR>",1,0,1,1.0000,,B-ENTRY,B-ENTRY,model,0.9923,2026-09-22 19:53:06
7f532f4d-7c3b-533d-87ed-f0760335a7de,ac23b62a-e599-5a32-a399-e738c70ef864,182.3.88,182,2,3,88,"[49.0, 57.0, 933.0, 899.0]",List-Group,"Jourdain, *dentiste*, quai des Augustins, 37.  ",ENTRY,"<SUBJ>Jourdain</SUBJ>, *<DESC>dentiste</DESC>*, <ADDR>quai des Augustins, 37.</ADDR>",1,1,1,1.0000,,B-ENTRY,B-ENTRY,model,0.9933,2026-09-22 19:53:06
874a76a1-71bc-52f0-802c-9b5c509e9334,ac23b62a-e599-5a32-a399-e738c70ef864,182.3.89,182,2,3,89,"[49.0, 57.0, 933.0, 899.0]",List-Group,"Jouve, *dentiste*, rue Montmartre, 145.  ",ENTRY,"<SUBJ>Jouve</SUBJ>, *<DESC>dentiste</DESC>*, <ADDR>rue Montmartre, 145.</ADDR>",1,1,1,1.0000,,B-ENTRY,B-ENTRY,model,0.9887,2026-09-22 19:53:06
0212ceb5-b2e2-5454-a1ea-5698af117528,ac23b62a-e599-5a32-a399-e738c70ef864,182.3.90,182,2,3,90,"[49.0, 57.0, 933.0, 899.0]",List-Group,"Laboïde père, *accoucheur*, rue et île Saint-Louis, 74.  ",ENTRY,"<SUBJ>Laboïde père</SUBJ>, *<DESC>accoucheur</DESC>*, <ADDR>rue et île Saint-Louis, 74.</ADDR>",1,1,1,1.0000,,B-ENTRY,B-ENTRY,model,0.9826,2026-09-22 19:53:06
9f7edeb4-6ace-583f-8ea1-3476e718fcc2,ac23b62a-e599-5a32-a399-e738c70ef864,182.3.91,182,2,3,91,"[49.0, 57.0, 933.0, 899.0]",List-Group,"Laborie, rue de Grenelle, 6. — Inval.  ",ENTRY,"<SUBJ>Laborie</SUBJ>, <ADDR>rue de Grenelle, 6. — Inval.</ADDR>",1,0,1,1.0000,,B-ENTRY,B-ENTRY,model,0.9638,2026-09-22 19:53:06
cc98f8a0-774e-51cb-b92d-8ae05ed457db,ac23b62a-e599-5a32-a399-e738c70ef864,182.3.92,182,2,3,92,"[49.0, 57.0, 933.0, 899.0]",List-Group,"Lacaze-Pélarroy, *chir. en chef de l'hospice Baujon*, boulevard de la Magdeleine, 17.  ",ENTRY,"<SUBJ>Lacaze-Pélarroy</SUBJ>, *<DESC>chir. en chef de l'hospice Baujon</DESC>*, <ADDR>boulevard de la Magdeleine, 17.</ADDR>",1,1,1,1.0000,,B-ENTRY,B-ENTRY,model,0.9979,2026-09-22 19:53:06
e9e38cbd-530b-5e29-83ef-ffd36eaf1d9e,ac23b62a-e599-5a32-a399-e738c70ef864,182.3.93,182,2,3,93,"[49.0, 57.0, 933.0, 899.0]",List-Group,"Lacour, rue Montorgueil, 8.  ",ENTRY,"<SUBJ>Lacour</SUBJ>, <ADDR>rue Montorgueil, 8.</ADDR>",1,0,1,1.0000,,B-ENTRY,B-ENTRY,model,0.9854,2026-09-22 19:53:06
4e6196c8-0406-5f46-8139-8ece3642fc07,ac23b62a-e599-5a32-a399-e738c70ef864,182.3.94,182,2,3,94,"[49.0, 57.0, 933.0, 899.0]",List-Group,"Lacroix, rue Coq-Héron, 16.  ",ENTRY,"<SUBJ>Lacroix</SUBJ>, <ADDR>rue Coq-Héron, 16.</ADDR>",1,0,1,1.0000,,B-ENTRY,B-ENTRY,model,0.9913,2026-09-22 19:53:06
473e886b-2003-51de-823a-f8e325b80ac8,ac23b62a-e599-5a32-a399-e738c70ef864,182.3.95,182,2,3,95,"[49.0, 57.0, 933.0, 899.0]",List-Group,"Lafond, *herniaire*, palais du Tribunal, 72.  ",ENTRY,"<SUBJ>Lafond</SUBJ>, *<DESC>herniaire</DESC>*, <ADDR>palais du Tribunal, 72.</ADDR>",1,1,1,1.0000,,B-ENTRY,B-ENTRY,model,0.9933,2026-09-22 19:53:06
d05d0637-6ac4-5ce9-a465-ace67861f250,ac23b62a-e599-5a32-a399-e738c70ef864,182.3.96,182,2,3,96,"[49.0, 57.0, 933.0, 899.0]",List-Group,"Lafond, rue des Prouvaires, 18.  ",ENTRY,"<SUBJ>Lafond</SUBJ>, <ADDR>rue des Prouvaires, 18.</ADDR>",1,0,1,1.0000,,B-ENTRY,B-ENTRY,model,0.9872,2026-09-22 19:53:06
98e16253-cce5-5e1d-8610-e58755c137d5,ac23b62a-e599-5a32-a399-e738c70ef864,182.3.97,182,2,3,97,"[49.0, 57.0, 933.0, 899.0]",List-Group,"Laforgue, rue des Fossés-S.-Germain-des-Prés, 7.  ",ENTRY,"<SUBJ>Laforgue</SUBJ>, <ADDR>rue des Fossés-S.-Germain-des-Prés, 7.</ADDR>",1,0,1,1.0000,,B-ENTRY,B-ENTRY,model,0.9923,2026-09-22 19:53:06
da865e6d-42f7-5f49-877f-490f195642d7,ac23b62a-e599-5a32-a399-e738c70ef864,182.3.98,182,2,3,98,"[49.0, 57.0, 933.0, 899.0]",List-Group,"Lallemand, boulevard de l'Hôpital, 7.  ",ENTRY,"<SUBJ>Lallemand</SUBJ>, <ADDR>boulevard de l'Hôpital, 7.</ADDR>",1,0,1,1.0000,,B-ENTRY,B-ENTRY,model,0.9941,2026-09-22 19:53:06
43460109-8730-5163-9665-3d1c956d4025,ac23b62a-e599-5a32-a399-e738c70ef864,182.3.99,182,2,3,99,"[49.0, 57.0, 933.0, 899.0]",List-Group,"Lambert, rue Tiquetonne, 19.  ",ENTRY,"<SUBJ>Lambert</SUBJ>, <ADDR>rue Tiquetonne, 19.</ADDR>",1,0,1,1.0000,,B-ENTRY,B-ENTRY,model,0.9854,2026-09-22 19:53:06
def65037-5e4e-5d25-a5cd-ab29492b7c41,ac23b62a-e599-5a32-a399-e738c70ef864,182.3.100,182,2,3,100,"[49.0, 57.0, 933.0, 899.0]",List-Group,"Lamblin, *accouch.*, rue des SS.-Pères, 59.  ",ENTRY,"<SUBJ>Lamblin</SUBJ>, *<DESC>accouch.</DESC>*, <ADDR>rue des SS.-Pères, 59.</ADDR>",1,1,1,1.0000,,B-ENTRY,B-ENTRY,model,0.9933,2026-09-22 19:53:06
351c477b-ed18-52d7-9ae5-bcffa211eb4c,ac23b62a-e599-5a32-a399-e738c70ef864,182.3.101,182,2,3,101,"[49.0, 57.0, 933.0, 899.0]",List-Group,"Larrey, cul-de-sac de la Monnaie, 3.  ",ENTRY,"<SUBJ>Larrey</SUBJ>, <ADDR>cul-de-sac de la Monnaie, 3.</ADDR>",1,0,1,1.0000,,B-ENTRY,B-ENTRY,model,0.9914,2026-09-22 19:53:06
c5e51138-fab3-5da1-ba68-2727c81032be,ac23b62a-e599-5a32-a399-e738c70ef864,182.3.102,182,2,3,102,"[49.0, 57.0, 933.0, 899.0]",List-Group,"Lassimonie, rue S.-Denis, 241.  ",ENTRY,"<SUBJ>Lassimonie</SUBJ>, <ADDR>rue S.-Denis, 241.</ADDR>",1,0,1,1.0000,,B-ENTRY,B-ENTRY,model,0.9935,2026-09-22 19:53:06
fd73c0fc-30f7-57de-8556-7cba78720414,ac23b62a-e599-5a32-a399-e738c70ef864,182.3.103,182,2,3,103,"[49.0, 57.0, 933.0, 899.0]",List-Group,"Lassus, rue de Seine, 10. — Unité.  ",ENTRY,"<SUBJ>Lassus</SUBJ>, <ADDR>rue de Seine, 10. — Unité.</ADDR>",1,0,1,1.0000,,B-ENTRY,B-ENTRY,model,0.9639,2026-09-22 19:53:06
87e15f2a-831d-5472-abfa-a08d3979290e,ac23b62a-e599-5a32-a399-e738c70ef864,182.3.104,182,2,3,104,"[49.0, 57.0, 933.0, 899.0]",List-Group,"Latour de Fonpudie, rue du Faub.-S.-Antoine, 129.  ",ENTRY,"<SUBJ>Latour de Fonpudie</SUBJ>, <ADDR>rue du Faub.-S.-Antoine, 129.</ADDR>",1,0,1,1.0000,,B-ENTRY,B-ENTRY,model,0.9921,2026-09-22 19:53:06
7fa48052-e31c-56ac-86a2-fc187e22f232,ac23b62a-e599-5a32-a399-e738c70ef864,182.3.105,182,2,3,105,"[49.0, 57.0, 933.0, 899.0]",List-Group,"Layerau, quai de l'Ecole, 30.  ",ENTRY,"<SUBJ>Layerau</SUBJ>, <ADDR>quai de l'Ecole, 30.</ADDR>",1,0,1,1.0000,,B-ENTRY,B-ENTRY,model,0.9941,2026-09-22 19:53:06
9c463db0-8a76-5238-aa84-86d074e1f339,ac23b62a-e599-5a32-a399-e738c70ef864,182.3.106,182,2,3,106,"[49.0, 57.0, 933.0, 899.0]",List-Group,"Lebreton, rue des Vieux-Augustins, 40.  ",ENTRY,"<SUBJ>Lebreton</SUBJ>, <ADDR>rue des Vieux-Augustins, 40.</ADDR>",1,0,1,1.0000,,B-ENTRY,B-ENTRY,model,0.9941,2026-09-22 19:53:06
dbe3d240-9791-585c-b140-cc98458e23b6,ac23b62a-e599-5a32-a399-e738c70ef864,182.3.107,182,2,3,107,"[49.0, 57.0, 933.0, 899.0]",List-Group,"Lebrun, *dentiste*, rue des Fossés-S.-Germain-des-Prés, 18.  ",ENTRY,"<SUBJ>Lebrun</SUBJ>, *<DESC>dentiste</DESC>*, <ADDR>rue des Fossés-S.-Germain-des-Prés, 18.</ADDR>",1,1,1,1.0000,,B-ENTRY,B-ENTRY,model,0.9932,2026-09-22 19:53:06
3724d961-6a0e-5224-9d19-4d83b410e290,ac23b62a-e599-5a32-a399-e738c70ef864,182.3.108,182,2,3,108,"[49.0, 57.0, 933.0, 899.0]",List-Group,"Leclerc, hôtel des Invalides.  ",ENTRY,"<SUBJ>Leclerc</SUBJ>, <ADDR>hôtel des Invalides.</ADDR>",1,0,1,1.0000,,B-ENTRY,B-ENTRY,model,0.9822,2026-09-22 19:53:06
0d1f0b5b-a0fd-5a1f-aeed-fc608f79f245,ac23b62a-e599-5a32-a399-e738c70ef864,182.3.109,182,2,3,109,"[49.0, 57.0, 933.0, 899.0]",List-Group,"Legros, *dentiste*, rue de l'Arbre-Sec, 22.  ",ENTRY,"<SUBJ>Legros</SUBJ>, *<DESC>dentiste</DESC>*, <ADDR>rue de l'Arbre-Sec, 22.</ADDR>",1,1,1,1.0000,,B-ENTRY,B-ENTRY,model,0.9933,2026-09-22 19:53:06
35dd4eb5-0dce-5642-916f-9f3b3f047df9,ac23b62a-e599-5a32-a399-e738c70ef864,182.3.110,182,2,3,110,"[49.0, 57.0, 933.0, 899.0]",List-Group,"Lemaître, *dentiste*, rue Croix-des-Petits-Champs, 33.  ",ENTRY,"<SUBJ>Lemaître</SUBJ>, *<DESC>dentiste</DESC>*, <ADDR>rue Croix-des-Petits-Champs, 33.</ADDR>",1,1,1,1.0000,,B-ENTRY,B-ENTRY,model,0.9933,2026-09-22 19:53:06
c1236245-433f-5c20-8682-e8fdab33b253,ac23b62a-e599-5a32-a399-e738c70ef864,182.3.111,182,2,3,111,"[49.0, 57.0, 933.0, 899.0]",List-Group,"Lepelletier, place de l'Hôtel-de-Ville, 6.  ",ENTRY,"<SUBJ>Lepelletier</SUBJ>, <ADDR>place de l'Hôtel-de-Ville, 6.</ADDR>",1,0,1,1.0000,,B-ENTRY,B-ENTRY,human,1.0,2026-09-22 19:51:51
db636859-3e27-5d68-b4ac-a6dd033e5d39,ac23b62a-e599-5a32-a399-e738c70ef864,182.3.112,182,2,3,112,"[49.0, 57.0, 933.0, 899.0]",List-Group,"Lepere de Lapéreuse, rue du Faub.-S.-Antoine, 155.",ENTRY,"<SUBJ>Lepere de Lapéreuse</SUBJ>, <ADDR>rue du Faub.-S.-Antoine, 155.</ADDR>",1,0,1,1.0000,,B-ENTRY,B-ENTRY,human,1.0,2026-09-22 19:51:51
1c23240b-1bc5-590a-ad29-bff611a62914,ac23b62a-e599-5a32-a399-e738c70ef864,183.1.0,183,0,1,0,"[176.0, 47.0, 227.0, 66.0]",Page-Header,518,OUT OF SCOPE,,,,,,,OUT OF SCOPE,OUT OF SCOPE,human,1.0,2026-09-22 19:52:51
5c8c4ddb-0c3f-519f-b737-0d16c1fdbe72,ac23b62a-e599-5a32-a399-e738c70ef864,183.2.0,183,1,2,0,"[381.0, 45.0, 740.0, 67.0]",Page-Header,Officiers de santé. - PARIS.,OUT OF SCOPE,,,,,,,OUT OF SCOPE,OUT OF SCOPE,human,1.0,2026-09-22 19:52:51
9fb22011-b92b-56ad-94c5-53da8af7c41c,ac23b62a-e599-5a32-a399-e738c70ef864,183.3.0,183,2,3,0,"[172.0, 72.0, 952.0, 685.0]",List-Group,"Leroux, rue S.-Avoye, 12.  ",ENTRY,"<SUBJ>Leroux</SUBJ>, <ADDR>rue S.-Avoye, 12.</ADDR>",1,0,1,1.0000,,B-ENTRY,B-ENTRY,model,0.9931,2026-09-22 19:53:06
0d05a3b0-62d9-50c3-bf0b-4765fb6fb96c,ac23b62a-e599-5a32-a399-e738c70ef864,183.3.1,183,2,3,1,"[172.0, 72.0, 952.0, 685.0]",List-Group,"Leroy, rue des Lavandières, 4. — Mus.  ",ENTRY,"<SUBJ>Leroy</SUBJ>, <ADDR>rue des Lavandières, 4. — Mus.</ADDR>",1,0,1,1.0000,,B-ENTRY,B-ENTRY,model,0.9607,2026-09-22 19:53:06
aa8d13f7-49c1-5e95-b2d0-c096686f9206,ac23b62a-e599-5a32-a399-e738c70ef864,183.3.2,183,2,3,2,"[172.0, 72.0, 952.0, 685.0]",List-Group,"Lesclavy, rue ....  ",ENTRY,"<SUBJ>Lesclavy</SUBJ>, <ADDR>rue ....</ADDR>",1,0,1,1.0000,,B-ENTRY,B-ENTRY,model,0.98,2026-09-22 19:53:06
4c373a13-40c1-5f25-8902-e8554f0808cf,ac23b62a-e599-5a32-a399-e738c70ef864,183.3.3,183,2,3,3,"[172.0, 72.0, 952.0, 685.0]",List-Group,"Lioult, rue de l'Échelle, 13.  ",ENTRY,"<SUBJ>Lioult</SUBJ>, <ADDR>rue de l'Échelle, 13.</ADDR>",1,0,1,1.0000,,B-ENTRY,B-ENTRY,model,0.9941,2026-09-22 19:53:06
64dd1318-04d6-5942-a427-fcbd6dafa049,ac23b62a-e599-5a32-a399-e738c70ef864,183.3.4,183,2,3,4,"[172.0, 72.0, 952.0, 685.0]",List-Group,"Loquin, *dentiste*, place Maubert, 37.  ",ENTRY,"<SUBJ>Loquin</SUBJ>, *<DESC>dentiste</DESC>*, <ADDR>place Maubert, 37.</ADDR>",1,1,1,1.0000,,B-ENTRY,B-ENTRY,model,0.9887,2026-09-22 19:53:06
96c6bac2-b5b0-5c06-b63a-943605768b30,ac23b62a-e599-5a32-a399-e738c70ef864,183.3.5,183,2,3,5,"[172.0, 72.0, 952.0, 685.0]",List-Group,"Luxembourg, rue Quincampoix, 4.  ",ENTRY,"<SUBJ>Luxembourg</SUBJ>, <ADDR>rue Quincampoix, 4.</ADDR>",1,0,1,1.0000,,B-ENTRY,B-ENTRY,model,0.9855,2026-09-22 19:53:06
3129f7a6-698b-5dca-9dea-6caeb311a3d9,ac23b62a-e599-5a32-a399-e738c70ef864,183.3.6,183,2,3,6,"[172.0, 72.0, 952.0, 685.0]",List-Group,"Mahon, rue Ste-Croix-de-la-Bretonnerie, 47.  ",ENTRY,"<SUBJ>Mahon</SUBJ>, <ADDR>rue Ste-Croix-de-la-Bretonnerie, 47.</ADDR>",1,0,1,1.0000,,B-ENTRY,B-ENTRY,model,0.9915,2026-09-22 19:53:06
f72ed885-1a43-56c0-96cd-e8c31a1ed733,ac23b62a-e599-5a32-a399-e738c70ef864,183.3.7,183,2,3,7,"[172.0, 72.0, 952.0, 685.0]",List-Group,"Maison-Neuve, rue de Vendôme, 4.  ",ENTRY,"<SUBJ>Maison-Neuve</SUBJ>, <ADDR>rue de Vendôme, 4.</ADDR>",1,0,1,1.0000,,B-ENTRY,B-ENTRY,model,0.9983,2026-09-22 19:53:06
2a2b3cda-af60-5a3b-ae78-bc7d932ebb76,ac23b62a-e599-5a32-a399-e738c70ef864,183.3.8,183,2,3,8,"[172.0, 72.0, 952.0, 685.0]",List-Group,"Maret, rue de la Chaise, 28.  ",ENTRY,"<SUBJ>Maret</SUBJ>, <ADDR>rue de la Chaise, 28.</ADDR>",1,0,1,1.0000,,B-ENTRY,B-ENTRY,model,0.9923,2026-09-22 19:53:06
397d6167-a4d5-5a37-8fa9-b0a953b719aa,ac23b62a-e599-5a32-a399-e738c70ef864,183.3.9,183,2,3,9,"[172.0, 72.0, 952.0, 685.0]",List-Group,"Marie, rue des Noyers, 52.  ",ENTRY,"<SUBJ>Marie</SUBJ>, <ADDR>rue des Noyers, 52.</ADDR>",1,0,1,1.0000,,B-ENTRY,B-ENTRY,model,0.9872,2026-09-22 19:53:06
5846c07c-e5ed-5797-ad8a-95853daec4b2,ac23b62a-e599-5a32-a399-e738c70ef864,183.3.10,183,2,3,10,"[172.0, 72.0, 952.0, 685.0]",List-Group,"Marmont, *dentiste*, rue de Richelieu, 4.  ",ENTRY,"<SUBJ>Marmont</SUBJ>, *<DESC>dentiste</DESC>*, <ADDR>rue de Richelieu, 4.</ADDR>",1,1,1,1.0000,,B-ENTRY,B-ENTRY,model,0.9933,2026-09-22 19:53:06
4963a548-2af5-507a-b44d-c1587c79224a,ac23b62a-e599-5a32-a399-e738c70ef864,183.3.11,183,2,3,11,"[172.0, 72.0, 952.0, 685.0]",List-Group,"Marquais, rue de l'Université, 28.  ",ENTRY,"<SUBJ>Marquais</SUBJ>, <ADDR>rue de l'Université, 28.</ADDR>",1,0,1,1.0000,,B-ENTRY,B-ENTRY,model,0.9941,2026-09-22 19:53:06
79fd89f5-5d22-5dc4-b722-33d05df546ed,ac23b62a-e599-5a32-a399-e738c70ef864,183.3.12,183,2,3,12,"[172.0, 72.0, 952.0, 685.0]",List-Group,"Marque, rue S.-Martin, 77.  ",ENTRY,"<SUBJ>Marque</SUBJ>, <ADDR>rue S.-Martin, 77.</ADDR>",1,0,1,1.0000,,B-ENTRY,B-ENTRY,model,0.9935,2026-09-22 19:53:06
2ab7338d-30ad-57b0-b3df-a44a2df7693a,ac23b62a-e599-5a32-a399-e738c70ef864,183.3.13,183,2,3,13,"[172.0, 72.0, 952.0, 685.0]",List-Group,"Martin, au Lycée, rue S.-Jacques, 123.  ",ENTRY,"<SUBJ>Martin</SUBJ>, <ADDR>au Lycée, rue S.-Jacques, 123.</ADDR>",1,0,1,0.9999,,B-ENTRY,B-ENTRY,model,0.9914,2026-09-22 19:53:06
3dc3394d-9e24-56e4-ac85-09550a8b2270,ac23b62a-e599-5a32-a399-e738c70ef864,183.3.14,183,2,3,14,"[172.0, 72.0, 952.0, 685.0]",List-Group,"Marquis, dit Suigram, rue du Hasard.  ",ENTRY,"<SUBJ>Marquis, dit Suigram</SUBJ>, <ADDR>rue du Hasard.</ADDR>",1,0,1,1.0000,,B-ENTRY,B-ENTRY,model,0.9956,2026-09-22 19:53:06
4e717e06-2284-53d4-8389-bdf62fc9af6d,ac23b62a-e599-5a32-a399-e738c70ef864,183.3.15,183,2,3,15,"[172.0, 72.0, 952.0, 685.0]",List-Group,"Mativet, marché Neuf, 9.  ",ENTRY,"<SUBJ>Mativet</SUBJ>, <ADDR>marché Neuf, 9.</ADDR>",1,0,1,0.9999,,B-ENTRY,B-ENTRY,model,0.9854,2026-09-22 19:53:06
0ce2887c-5638-52f0-9e75-a3747130558b,ac23b62a-e599-5a32-a399-e738c70ef864,183.3.16,183,2,3,16,"[172.0, 72.0, 952.0, 685.0]",List-Group,"Mellet, rue Meslé, 35.  ",ENTRY,"<SUBJ>Mellet</SUBJ>, <ADDR>rue Meslé, 35.</ADDR>",1,0,1,1.0000,,B-ENTRY,B-ENTRY,model,0.9856,2026-09-22 19:53:06
6bef99ee-e10b-5ec7-9ade-84e6454e99da,ac23b62a-e599-5a32-a399-e738c70ef864,183.3.17,183,2,3,17,"[172.0, 72.0, 952.0, 685.0]",List-Group,"Mercadier, rue Beaurepaire, 24.  ",ENTRY,"<SUBJ>Mercadier</SUBJ>, <ADDR>rue Beaurepaire, 24.</ADDR>",1,0,1,1.0000,,B-ENTRY,B-ENTRY,model,0.9855,2026-09-22 19:53:06
e8c41364-89ae-58b1-b05a-170387296a81,ac23b62a-e599-5a32-a399-e738c70ef864,183.3.18,183,2,3,18,"[172.0, 72.0, 952.0, 685.0]",List-Group,"Mermier, rue du Faub.-du-Roule, 44.  ",ENTRY,"<SUBJ>Mermier</SUBJ>, <ADDR>rue du Faub.-du-Roule, 44.</ADDR>",1,0,1,1.0000,,B-ENTRY,B-ENTRY,model,0.9923,2026-09-22 19:53:06
7678f5ca-8d2c-5a03-89d4-dfc4e4621c3d,ac23b62a-e599-5a32-a399-e738c70ef864,183.3.19,183,2,3,19,"[172.0, 72.0, 952.0, 685.0]",List-Group,"Michaud (Ch. F.), rue Aumaire, 57.  ",ENTRY,"<SUBJ>Michaud (Ch. F.)</SUBJ>, <ADDR>rue Aumaire, 57.</ADDR>",1,0,1,1.0000,,B-ENTRY,B-ENTRY,model,0.9997,2026-09-22 19:53:06
d719a26e-252d-54e1-9d94-8b3c2758256c,ac23b62a-e599-5a32-a399-e738c70ef864,183.3.20,183,2,3,20,"[172.0, 72.0, 952.0, 685.0]",List-Group,"Michault, rue Aumaire, 29.  ",ENTRY,"<SUBJ>Michault</SUBJ>, <ADDR>rue Aumaire, 29.</ADDR>",1,0,1,1.0000,,B-ENTRY,B-ENTRY,model,0.9853,2026-09-22 19:53:06
f0587fc7-7f13-5b83-930d-b96a98a81895,ac23b62a-e599-5a32-a399-e738c70ef864,183.3.21,183,2,3,21,"[172.0, 72.0, 952.0, 685.0]",List-Group,"Millot, *accoucheur*, rue J.-J.-Rousseau, 5.  ",ENTRY,"<SUBJ>Millot</SUBJ>, *<DESC>accoucheur</DESC>*, <ADDR>rue J.-J.-Rousseau, 5.</ADDR>",1,1,1,1.0000,,B-ENTRY,B-ENTRY,model,0.9933,2026-09-22 19:53:06
a446309f-431c-5220-ab44-8ca3b64f3e09,ac23b62a-e599-5a32-a399-e738c70ef864,183.3.22,183,2,3,22,"[172.0, 72.0, 952.0, 685.0]",List-Group,"Monier (Etienne), rue S.-Martin, 297.  ",ENTRY,"<SUBJ>Monier (Etienne)</SUBJ>, <ADDR>rue S.-Martin, 297.</ADDR>",1,0,1,1.0000,,B-ENTRY,B-ENTRY,model,0.9997,2026-09-22 19:53:06
80da4eb9-f1a5-53cb-899a-c09e4c30aeb9,ac23b62a-e599-5a32-a399-e738c70ef864,183.3.23,183,2,3,23,"[172.0, 72.0, 952.0, 685.0]",List-Group,"Monier (J. J. B.), rue N.-Ste-Catherine, 3.  ",ENTRY,"<SUBJ>Monier (J. J. B.)</SUBJ>, <ADDR>rue N.-Ste-Catherine, 3.</ADDR>",1,0,1,1.0000,,B-ENTRY,B-ENTRY,model,0.9982,2026-09-22 19:53:06
e8743724-356f-5f10-8a3e-93c9deed2dbf,ac23b62a-e599-5a32-a399-e738c70ef864,183.3.24,183,2,3,24,"[172.0, 72.0, 952.0, 685.0]",List-Group,"Mossy, rue des Cinq-Diamans, 22.  ",ENTRY,"<SUBJ>Mossy</SUBJ>, <ADDR>rue des Cinq-Diamans, 22.</ADDR>",1,0,1,1.0000,,B-ENTRY,B-ENTRY,model,0.994,2026-09-22 19:53:06
2a1e63ec-834b-55df-81db-e206f1be2cf4,ac23b62a-e599-5a32-a399-e738c70ef864,183.3.25,183,2,3,25,"[172.0, 72.0, 952.0, 685.0]",List-Group,Mounier (François).  ,ENTRY,<SUBJ>Mounier (François)</SUBJ>.,1,0,0,1.0000,,B-ENTRY,B-ENTRY,model,0.999,2026-09-22 19:53:06
63501c6b-4cdb-5125-bc98-61ffbacd9446,ac23b62a-e599-5a32-a399-e738c70ef864,183.3.26,183,2,3,26,"[172.0, 72.0, 952.0, 685.0]",List-Group,"Morillon, rue Nerve-Egalité, 17.  ",ENTRY,"<SUBJ>Morillon</SUBJ>, <ADDR>rue Nerve-Egalité, 17.</ADDR>",1,0,1,1.0000,,B-ENTRY,B-ENTRY,model,0.9912,2026-09-22 19:53:06
a6b4ea21-2886-5197-bca0-cd4331227013,ac23b62a-e599-5a32-a399-e738c70ef864,183.3.27,183,2,3,27,"[172.0, 72.0, 952.0, 685.0]",List-Group,"Moulinet, rue de l'Oursine, 95.  ",ENTRY,"<SUBJ>Moulinet</SUBJ>, <ADDR>rue de l'Oursine, 95.</ADDR>",1,0,1,1.0000,,B-ENTRY,B-ENTRY,model,0.9941,2026-09-22 19:53:06
351f3228-85a4-5571-ba4f-dd3b1afa1c8d,ac23b62a-e599-5a32-a399-e738c70ef864,183.3.28,183,2,3,28,"[172.0, 72.0, 952.0, 685.0]",List-Group,"Naudin, cloître S.-Méry, 16.  ",ENTRY,"<SUBJ>Naudin</SUBJ>, <ADDR>cloître S.-Méry, 16.</ADDR>",1,0,1,1.0000,,B-ENTRY,B-ENTRY,model,0.9935,2026-09-22 19:53:06
e3fd8e76-a1b5-597d-b1c8-fbd523c94db6,ac23b62a-e599-5a32-a399-e738c70ef864,183.3.29,183,2,3,29,"[172.0, 72.0, 952.0, 685.0]",List-Group,"Nauray, rue Ste-Cr.-de-la-Bretonnerie, 38.  ",ENTRY,"<SUBJ>Nauray</SUBJ>, <ADDR>rue Ste-Cr.-de-la-Bretonnerie, 38.</ADDR>",1,0,1,1.0000,,B-ENTRY,B-ENTRY,model,0.9915,2026-09-22 19:53:06
995b46ad-b7db-582a-9e3b-a928a63d7371,ac23b62a-e599-5a32-a399-e738c70ef864,183.3.30,183,2,3,30,"[172.0, 72.0, 952.0, 685.0]",List-Group,"Neveu, rue des Lavandières, 21.  ",ENTRY,"<SUBJ>Neveu</SUBJ>, <ADDR>rue des Lavandières, 21.</ADDR>",1,0,1,1.0000,,B-ENTRY,B-ENTRY,model,0.9872,2026-09-22 19:53:06
6d32aa58-a62a-5d0a-89b1-d8661a38904d,ac23b62a-e599-5a32-a399-e738c70ef864,183.3.31,183,2,3,31,"[172.0, 72.0, 952.0, 685.0]",List-Group,"Nicolle, *accoucheur*, rue St.-Martin, 78.  ",ENTRY,"<SUBJ>Nicolle</SUBJ>, *<DESC>accoucheur</DESC>*, <ADDR>rue St.-Martin, 78.</ADDR>",1,1,1,1.0000,,B-ENTRY,B-ENTRY,human,1.0,2026-09-22 19:52:29
8c6b4f68-8396-57d1-b7a4-28dff16386fa,ac23b62a-e599-5a32-a399-e738c70ef864,183.3.32,183,2,3,32,"[172.0, 72.0, 952.0, 685.0]",List-Group,"Pé de la Borde, *dentiste*, rue J.-J.-Rousseau, 21.  ",ENTRY,"<SUBJ>Pé de la Borde</SUBJ>, *<DESC>dentiste</DESC>*, <ADDR>rue J.-J.-Rousseau, 21.</ADDR>",1,1,1,1.0000,,B-ENTRY,B-ENTRY,human,1.0,2026-09-22 19:52:29
0b323a68-160a-5f09-b6ca-42152f5166ee,ac23b62a-e599-5a32-a399-e738c70ef864,183.3.33,183,2,3,33,"[172.0, 72.0, 952.0, 685.0]",List-Group,"Pelletan, en chef de l'Hôtel-Dieu, rue S.-Christophe, 10.  ",ENTRY,"<SUBJ>Pelletan</SUBJ>, <DESC>en chef de l'Hôtel-Dieu</DESC>, <ADDR>rue S.-Christophe, 10.</ADDR>",1,1,1,1.0000,,B-ENTRY,B-ENTRY,model,0.9917,2026-09-22 19:53:06
27d09106-90ea-5b86-94e2-60436ebe3ce9,ac23b62a-e599-5a32-a399-e738c70ef864,183.3.34,183,2,3,34,"[172.0, 72.0, 952.0, 685.0]",List-Group,"Peltier, rue de l'Église, 1. — Inval.  ",ENTRY,"<SUBJ>Peltier</SUBJ>, <ADDR>rue de l'Église, 1. — Inval.</ADDR>",1,0,1,1.0000,,B-ENTRY,B-ENTRY,model,0.9654,2026-09-22 19:53:06
f9269c35-c986-557a-a98e-039ca2d9ac8e,ac23b62a-e599-5a32-a399-e738c70ef864,183.3.35,183,2,3,35,"[172.0, 72.0, 952.0, 685.0]",List-Group,"Peigot, rue Jacob, 3.  ",ENTRY,"<SUBJ>Peigot</SUBJ>, <ADDR>rue Jacob, 3.</ADDR>",1,0,1,1.0000,,B-ENTRY,B-ENTRY,model,0.9857,2026-09-22 19:53:06
122d26cd-3ad8-576e-9427-62a6b8ffc108,ac23b62a-e599-5a32-a399-e738c70ef864,183.3.36,183,2,3,36,"[172.0, 72.0, 952.0, 685.0]",List-Group,"Perron, rue Bon-Conseil.  ",ENTRY,"<SUBJ>Perron</SUBJ>, <ADDR>rue Bon-Conseil.</ADDR>",1,0,1,1.0000,,B-ENTRY,B-ENTRY,model,0.9789,2026-09-22 19:53:06
425929bc-d828-52aa-ba1c-652e2c6010a8,ac23b62a-e599-5a32-a399-e738c70ef864,183.3.37,183,2,3,37,"[172.0, 72.0, 952.0, 685.0]",List-Group,"Petit-Beau, rue S.-Honoré, 414.  ",ENTRY,"<SUBJ>Petit-Beau</SUBJ>, <ADDR>rue S.-Honoré, 414.</ADDR>",1,0,1,1.0000,,B-ENTRY,B-ENTRY,model,0.9979,2026-09-22 19:53:06
a66fcc43-6a53-5e9b-983c-692d494bc744,ac23b62a-e599-5a32-a399-e738c70ef864,183.3.38,183,2,3,38,"[172.0, 72.0, 952.0, 685.0]",List-Group,"Picard, *dentiste*, rue aux Fers, 18.  ",ENTRY,"<SUBJ>Picard</SUBJ>, *<DESC>dentiste</DESC>*, <ADDR>rue aux Fers, 18.</ADDR>",1,1,1,1.0000,,B-ENTRY,B-ENTRY,model,0.9933,2026-09-22 19:53:06
cbf0de5d-9cd6-5359-b635-6f2b3b77b818,ac23b62a-e599-5a32-a399-e738c70ef864,183.3.39,183,2,3,39,"[172.0, 72.0, 952.0, 685.0]",List-Group,"Piet, rue du Faub.-Montmartre, 33.  ",ENTRY,"<SUBJ>Piet</SUBJ>, <ADDR>rue du Faub.-Montmartre, 33.</ADDR>",1,0,1,1.0000,,B-ENTRY,B-ENTRY,human,1.0,2026-09-22 19:52:52
00593e61-ee11-57c5-93d2-8095721e682b,ac23b62a-e599-5a32-a399-e738c70ef864,183.3.40,183,2,3,40,"[172.0, 72.0, 952.0, 685.0]",List-Group,"Pipelet fils, rue Mazarine, 21.  ",ENTRY,"<SUBJ>Pipelet fils</SUBJ>, <ADDR>rue Mazarine, 21.</ADDR>",1,0,1,1.0000,,B-ENTRY,B-ENTRY,human,1.0,2026-09-22 19:52:52
96994465-9280-5f3f-8026-4bb827f07e4e,ac23b62a-e599-5a32-a399-e738c70ef864,183.3.41,183,2,3,41,"[172.0, 72.0, 952.0, 685.0]",List-Group,"Poisson, rue S.-Marc, 16.  ",ENTRY,"<SUBJ>Poisson</SUBJ>, <ADDR>rue S.-Marc, 16.</ADDR>",1,0,1,1.0000,,B-ENTRY,B-ENTRY,model,0.9937,2026-09-22 19:53:06
f2bc443b-55f4-54f6-a080-5ade6c5aea00,ac23b62a-e599-5a32-a399-e738c70ef864,183.3.42,183,2,3,42,"[172.0, 72.0, 952.0, 685.0]",List-Group,"Pommez, *dentiste*, rue Regnault-Lefevre, 6.  ",ENTRY,"<SUBJ>Pommez</SUBJ>, *<DESC>dentiste</DESC>*, <ADDR>rue Regnault-Lefevre, 6.</ADDR>",1,1,1,1.0000,,B-ENTRY,B-ENTRY,model,0.9933,2026-09-22 19:53:06
5b9f6925-99b2-5581-b07c-c7d812d90996,ac23b62a-e599-5a32-a399-e738c70ef864,183.3.43,183,2,3,43,"[172.0, 72.0, 952.0, 685.0]",List-Group,"Potain, rue S.-Antoine, 64.  ",ENTRY,"<SUBJ>Potain</SUBJ>, <ADDR>rue S.-Antoine, 64.</ADDR>",1,0,1,1.0000,,B-ENTRY,B-ENTRY,model,0.9935,2026-09-22 19:53:06
3d8876ee-c2bd-594d-a615-a593badc34a2,ac23b62a-e599-5a32-a399-e738c70ef864,183.3.44,183,2,3,44,"[172.0, 72.0, 952.0, 685.0]",List-Group,"Pujolle, rue Neuve-d'Orléans, 2.  ",ENTRY,"<SUBJ>Pujolle</SUBJ>, <ADDR>rue Neuve-d'Orléans, 2.</ADDR>",1,0,1,1.0000,,B-ENTRY,B-ENTRY,model,0.9855,2026-09-22 19:53:06
d0e5fadf-38ee-54f3-b973-a30512648b15,ac23b62a-e599-5a32-a399-e738c70ef864,183.3.45,183,2,3,45,"[172.0, 72.0, 952.0, 685.0]",List-Group,"Renaud, rue Gerard-Beauquet, 7.  ",ENTRY,"<SUBJ>Renaud</SUBJ>, <ADDR>rue Gerard-Beauquet, 7.</ADDR>",1,0,1,1.0000,,B-ENTRY,B-ENTRY,model,0.9914,2026-09-22 19:53:06
3c9d0576-3efb-5a31-8ee7-d8588f43e5e2,ac23b62a-e599-5a32-a399-e738c70ef864,183.3.46,183,2,3,46,"[172.0, 72.0, 952.0, 685.0]",List-Group,"Ribes, rue de Vaugirard, 11.  ",ENTRY,"<SUBJ>Ribes</SUBJ>, <ADDR>rue de Vaugirard, 11.</ADDR>",1,0,1,1.0000,,B-ENTRY,B-ENTRY,model,0.9872,2026-09-22 19:53:06
ec009669-cf16-5759-bfa3-5b1f3572368e,ac23b62a-e599-5a32-a399-e738c70ef864,183.3.47,183,2,3,47,"[172.0, 72.0, 952.0, 685.0]",List-Group,"Ricci, *dentiste*, r. des Fos.-Montmartre, 27.  ",ENTRY,"<SUBJ>Ricci</SUBJ>, *<DESC>dentiste</DESC>*, <ADDR>r. des Fos.-Montmartre, 27.</ADDR>",1,1,1,1.0000,,B-ENTRY,B-ENTRY,model,0.9932,2026-09-22 19:53:06
a6e75aec-5f4e-5866-aa6a-2ed1221a8ebf,ac23b62a-e599-5a32-a399-e738c70ef864,183.3.48,183,2,3,48,"[172.0, 72.0, 952.0, 685.0]",List-Group,"Richerand, à l'hôpital S.-Louis.  ",ENTRY,"<SUBJ>Richerand</SUBJ>, <ADDR>à l'hôpital S.-Louis.</ADDR>",1,0,1,1.0000,,B-ENTRY,B-ENTRY,model,0.9641,2026-09-22 19:53:06
9565ec9d-5436-5624-bfa7-9286b0cfe0e8,ac23b62a-e599-5a32-a399-e738c70ef864,183.3.49,183,2,3,49,"[172.0, 72.0, 952.0, 685.0]",List-Group,"Rivalier, rue Ste-Marguerite, 41.  ",ENTRY,"<SUBJ>Rivalier</SUBJ>, <ADDR>rue Ste-Marguerite, 41.</ADDR>",1,0,1,1.0000,,B-ENTRY,B-ENTRY,model,0.9914,2026-09-22 19:53:06
5e835a6c-e795-5aba-923f-95abe51e6c72,ac23b62a-e599-5a32-a399-e738c70ef864,183.3.50,183,2,3,50,"[172.0, 72.0, 952.0, 685.0]",List-Group,"Ricoombe, rue des Bons-Enfans, 21.  ",ENTRY,"<SUBJ>Ricoombe</SUBJ>, <ADDR>rue des Bons-Enfans, 21.</ADDR>",1,0,1,1.0000,,B-ENTRY,B-ENTRY,model,0.994,2026-09-22 19:53:06
dc0e066d-159b-576e-8c0a-25a32a807204,ac23b62a-e599-5a32-a399-e738c70ef864,183.3.51,183,2,3,51,"[172.0, 72.0, 952.0, 685.0]",List-Group,"Robillard, hôtel des Invalides.  ",ENTRY,"<SUBJ>Robillard</SUBJ>, <ADDR>hôtel des Invalides.</ADDR>",1,0,1,1.0000,,B-ENTRY,B-ENTRY,model,0.9822,2026-09-22 19:53:06
cff853d6-8ef7-514b-8347-643a4cd380f2,ac23b62a-e599-5a32-a399-e738c70ef864,183.3.52,183,2,3,52,"[172.0, 72.0, 952.0, 685.0]",List-Group,"Roblot, *dentiste*, palais du Tribunat, 45.  ",ENTRY,"<SUBJ>Roblot</SUBJ>, *<DESC>dentiste</DESC>*, <ADDR>palais du Tribunat, 45.</ADDR>",1,1,1,1.0000,,B-ENTRY,B-ENTRY,model,0.9933,2026-09-22 19:53:06
a08374d1-28e7-5516-9b64-97d2b8f40b84,ac23b62a-e599-5a32-a399-e738c70ef864,183.3.53,183,2,3,53,"[172.0, 72.0, 952.0, 685.0]",List-Group,"Ronsil, *herniaire*, rue Tiquetonne, 20.  ",ENTRY,"<SUBJ>Ronsil</SUBJ>, *<DESC>herniaire</DESC>*, <ADDR>rue Tiquetonne, 20.</ADDR>",1,1,1,1.0000,,B-ENTRY,B-ENTRY,model,0.9887,2026-09-22 19:53:06
362d4b05-4805-551e-adeb-2e33805cf9ad,ac23b62a-e599-5a32-a399-e738c70ef864,183.3.54,183,2,3,54,"[172.0, 72.0, 952.0, 685.0]",List-Group,"Roque, rue d'Orléans-S.-Honoré, 7.  ",ENTRY,"<SUBJ>Roque</SUBJ>, <ADDR>rue d'Orléans-S.-Honoré, 7.</ADDR>",1,0,1,1.0000,,B-ENTRY,B-ENTRY,model,0.9924,2026-09-22 19:53:06
5e821941-7edb-5444-b8af-7439e79ecbf1,ac23b62a-e599-5a32-a399-e738c70ef864,183.3.55,183,2,3,55,"[172.0, 72.0, 952.0, 685.0]",List-Group,"Roux, rue Christine, 9.  ",ENTRY,"<SUBJ>Roux</SUBJ>, <ADDR>rue Christine, 9.</ADDR>",1,0,1,1.0000,,B-ENTRY,B-ENTRY,model,0.9854,2026-09-22 19:53:06
ab02fdc5-f653-5e0e-8b8a-2a2f40b7b3fc,ac23b62a-e599-5a32-a399-e738c70ef864,183.3.56,183,2,3,56,"[172.0, 72.0, 952.0, 685.0]",List-Group,"Ruffin, rue d'Amboise, 7.  ",ENTRY,"<SUBJ>Ruffin</SUBJ>, <ADDR>rue d'Amboise, 7.</ADDR>",1,0,1,1.0000,,B-ENTRY,B-ENTRY,model,0.9923,2026-09-22 19:53:06
dc04f5d7-1497-5331-8e10-db2a7982e9ac,ac23b62a-e599-5a32-a399-e738c70ef864,183.3.57,183,2,3,57,"[172.0, 72.0, 952.0, 685.0]",List-Group,"Sabatier, aux Invalides.  ",ENTRY,"<SUBJ>Sabatier</SUBJ>, <ADDR>aux Invalides.</ADDR>",1,0,1,1.0000,,B-ENTRY,B-ENTRY,model,0.9884,2026-09-22 19:53:06
d7436caa-6313-5527-ac1c-a94c51ed5cbc,ac23b62a-e599-5a32-a399-e738c70ef864,183.3.58,183,2,3,58,"[172.0, 72.0, 952.0, 685.0]",List-Group,"Sallé, *bandagiste*, place Thionville, 5.  ",ENTRY,"<SUBJ>Sallé</SUBJ>, *<DESC>bandagiste</DESC>*, <ADDR>place Thionville, 5.</ADDR>",1,1,1,1.0000,,B-ENTRY,B-ENTRY,model,0.9887,2026-09-22 19:53:06
45cece08-a15e-5d65-afd2-ed207fdc5716,ac23b62a-e599-5a32-a399-e738c70ef864,183.3.59,183,2,3,59,"[172.0, 72.0, 952.0, 685.0]",List-Group,"Schoeck, rue Coquillière, 19.  ",ENTRY,"<SUBJ>Schoeck</SUBJ>, <ADDR>rue Coquillière, 19.</ADDR>",1,0,1,1.0000,,B-ENTRY,B-ENTRY,model,0.9855,2026-09-22 19:53:06
ad101b1e-a588-565d-9f4b-925d0934c797,ac23b62a-e599-5a32-a399-e738c70ef864,183.3.60,183,2,3,60,"[172.0, 72.0, 952.0, 685.0]",List-Group,"Segard, rue Thevenot, 63.  ",ENTRY,"<SUBJ>Segard</SUBJ>, <ADDR>rue Thevenot, 63.</ADDR>",1,0,1,1.0000,,B-ENTRY,B-ENTRY,model,0.9855,2026-09-22 19:53:06
920da226-bbdf-502a-8675-aea2912e3caf,ac23b62a-e599-5a32-a399-e738c70ef864,183.3.61,183,2,3,61,"[172.0, 72.0, 952.0, 685.0]",List-Group,"Sellez, *herniaire*, place du Carrousel, 22.  ",ENTRY,"<SUBJ>Sellez</SUBJ>, *<DESC>herniaire</DESC>*, <ADDR>place du Carrousel, 22.</ADDR>",1,1,1,1.0000,,B-ENTRY,B-ENTRY,model,0.9934,2026-09-22 19:53:06
f792f750-ad3f-5df3-a862-d2e47cf1d90d,ac23b62a-e599-5a32-a399-e738c70ef864,183.3.62,183,2,3,62,"[172.0, 72.0, 952.0, 685.0]",List-Group,"Senghuesse, rue Chabannais, 6.  ",ENTRY,"<SUBJ>Senghuesse</SUBJ>, <ADDR>rue Chabannais, 6.</ADDR>",1,0,1,1.0000,,B-ENTRY,B-ENTRY,model,0.9855,2026-09-22 19:53:06
0a1113d2-cf8a-5d35-bf50-79548816e69d,ac23b62a-e599-5a32-a399-e738c70ef864,183.3.63,183,2,3,63,"[172.0, 72.0, 952.0, 685.0]",List-Group,"Souberbielle, rue de Richelieu, 77.  ",ENTRY,"<SUBJ>Souberbielle</SUBJ>, <ADDR>rue de Richelieu, 77.</ADDR>",1,0,1,1.0000,,B-ENTRY,B-ENTRY,model,0.9872,2026-09-22 19:53:06
596ccdeb-de7e-5ff1-97ac-bd396efe6e4e,ac23b62a-e599-5a32-a399-e738c70ef864,183.3.64,183,2,3,64,"[172.0, 72.0, 952.0, 685.0]",List-Group,"Soupé, place du Pont-Neuf, 15.  ",ENTRY,"<SUBJ>Soupé</SUBJ>, <ADDR>place du Pont-Neuf, 15.</ADDR>",1,0,1,1.0000,,B-ENTRY,B-ENTRY,model,0.9941,2026-09-22 19:53:06
13dc7a64-b954-5622-88af-de42aec10781,ac23b62a-e599-5a32-a399-e738c70ef864,183.3.65,183,2,3,65,"[172.0, 72.0, 952.0, 685.0]",List-Group,"Stapart (L. C. Nic.), rue Helvétius, 13.  ",ENTRY,"<SUBJ>Stapart (L. C. Nic.)</SUBJ>, <ADDR>rue Helvétius, 13.</ADDR>",1,0,1,1.0000,,B-ENTRY,B-ENTRY,model,0.9983,2026-09-22 19:53:06
5757a361-09ca-5bb9-80eb-3ac904898960,ac23b62a-e599-5a32-a399-e738c70ef864,183.3.66,183,2,3,66,"[172.0, 72.0, 952.0, 685.0]",List-Group,"Stinville, *herniaire*, passage du Saumon, 46.  ",ENTRY,"<SUBJ>Stinville</SUBJ>, *<DESC>herniaire</DESC>*, <ADDR>passage du Saumon, 46.</ADDR>",1,1,1,1.0000,,B-ENTRY,B-ENTRY,model,0.9932,2026-09-22 19:53:06
46aa93a2-227f-5de4-88ee-8b05e103ab45,ac23b62a-e599-5a32-a399-e738c70ef864,183.3.67,183,2,3,67,"[172.0, 72.0, 952.0, 685.0]",List-Group,"Sue ainé, *professeur et bibliothécaire de l'École de Médecine*.  ",ENTRY,"<SUBJ>Sue ainé</SUBJ>, *<DESC>professeur et bibliothécaire de l'École de Médecine*.</DESC>",1,1,0,1.0000,,B-ENTRY,B-ENTRY,model,0.9931,2026-09-22 19:53:06
5873b54c-43df-50c0-a234-bd75bacdc37f,ac23b62a-e599-5a32-a399-e738c70ef864,183.3.68,183,2,3,68,"[172.0, 72.0, 952.0, 685.0]",List-Group,"Sureau, rue Quincampoix, 62.  ",ENTRY,"<SUBJ>Sureau</SUBJ>, <ADDR>rue Quincampoix, 62.</ADDR>",1,0,1,1.0000,,B-ENTRY,B-ENTRY,model,0.9854,2026-09-22 19:53:06
1fe8007f-5da7-5b30-b1c6-b981df0e3511,ac23b62a-e599-5a32-a399-e738c70ef864,183.3.69,183,2,3,69,"[172.0, 72.0, 952.0, 685.0]",List-Group,"Talma, *dentiste*, rue J.-J.-Rousseau, 3.  ",ENTRY,"<SUBJ>Talma</SUBJ>, *<DESC>dentiste</DESC>*, <ADDR>rue J.-J.-Rousseau, 3.</ADDR>",1,1,1,1.0000,,B-ENTRY,B-ENTRY,model,0.9933,2026-09-22 19:53:06
7a6f2d64-e9b3-577e-b46f-b83959bad481,ac23b62a-e599-5a32-a399-e738c70ef864,183.3.70,183,2,3,70,"[172.0, 72.0, 952.0, 685.0]",List-Group,"Teytaud, rue J.-J.-Rousseau, 18.  ",ENTRY,"<SUBJ>Teytaud</SUBJ>, <ADDR>rue J.-J.-Rousseau, 18.</ADDR>",1,0,1,1.0000,,B-ENTRY,B-ENTRY,model,0.9918,2026-09-22 19:53:06
6986e90b-0cda-5a8e-8afd-7217d11b5d4e,ac23b62a-e599-5a32-a399-e738c70ef864,183.3.71,183,2,3,71,"[172.0, 72.0, 952.0, 685.0]",List-Group,"Thebault, rue Boucher, 8.  ",ENTRY,"<SUBJ>Thebault</SUBJ>, <ADDR>rue Boucher, 8.</ADDR>",1,0,1,1.0000,,B-ENTRY,B-ENTRY,model,0.9854,2026-09-22 19:53:06
e498e760-b020-5cf9-a637-ae4e06a8eb11,ac23b62a-e599-5a32-a399-e738c70ef864,183.3.72,183,2,3,72,"[172.0, 72.0, 952.0, 685.0]",List-Group,"Thierry-Valdajou, rue du Petit-Musc, 9.  ",ENTRY,"<SUBJ>Thierry-Valdajou</SUBJ>, <ADDR>rue du Petit-Musc, 9.</ADDR>",1,0,1,1.0000,,B-ENTRY,B-ENTRY,model,0.9978,2026-09-22 19:53:06
e79766ff-ce11-59c7-92dd-54a2ed75c82f,ac23b62a-e599-5a32-a399-e738c70ef864,183.3.73,183,2,3,73,"[172.0, 72.0, 952.0, 685.0]",List-Group,"Thillaye, rue de l'École-de-Médecine.  ",ENTRY,"<SUBJ>Thillaye</SUBJ>, <ADDR>rue de l'École-de-Médecine.</ADDR>",1,0,1,1.0000,,B-ENTRY,B-ENTRY,model,0.9777,2026-09-22 19:53:06
3cfaad68-0023-565b-95fd-210a721a6428,ac23b62a-e599-5a32-a399-e738c70ef864,183.3.74,183,2,3,74,"[172.0, 72.0, 952.0, 685.0]",List-Group,"Thilhard, rue S.-Avoye, 31.  ",ENTRY,"<SUBJ>Thilhard</SUBJ>, <ADDR>rue S.-Avoye, 31.</ADDR>",1,0,1,1.0000,,B-ENTRY,B-ENTRY,model,0.9935,2026-09-22 19:53:06
146742f5-acbe-55f8-a8aa-0a8c79e15a80,ac23b62a-e599-5a32-a399-e738c70ef864,183.3.75,183,2,3,75,"[172.0, 72.0, 952.0, 685.0]",List-Group,"Trouillet, cour du palais de Justice, 17.  ",ENTRY,"<SUBJ>Trouillet</SUBJ>, <ADDR>cour du palais de Justice, 17.</ADDR>",1,0,1,1.0000,,B-ENTRY,B-ENTRY,model,0.9941,2026-09-22 19:53:06
055dc8c2-124a-5894-bb05-5dfd5b88c643,ac23b62a-e599-5a32-a399-e738c70ef864,183.3.76,183,2,3,76,"[172.0, 72.0, 952.0, 685.0]",List-Group,"Valette, rue Neuve-S.-Jean, 15.  ",ENTRY,"<SUBJ>Valette</SUBJ>, <ADDR>rue Neuve-S.-Jean, 15.</ADDR>",1,0,1,1.0000,,B-ENTRY,B-ENTRY,model,0.9914,2026-09-22 19:53:06
30678f56-9f70-5257-b9f5-71db920ee6d9,ac23b62a-e599-5a32-a399-e738c70ef864,183.3.77,183,2,3,77,"[172.0, 72.0, 952.0, 685.0]",List-Group,"Verdier, *bandagiste*, place de Grève, 3.  ",ENTRY,"<SUBJ>Verdier</SUBJ>, *<DESC>bandagiste</DESC>*, <ADDR>place de Grève, 3.</ADDR>",1,1,1,1.0000,,B-ENTRY,B-ENTRY,model,0.9933,2026-09-22 19:53:06
20b5d528-8b04-5470-8b2e-fb137b838a03,ac23b62a-e599-5a32-a399-e738c70ef864,183.3.78,183,2,3,78,"[172.0, 72.0, 952.0, 685.0]",List-Group,"Verdiguier, rue de Malte, 7.  ",ENTRY,"<SUBJ>Verdiguier</SUBJ>, <ADDR>rue de Malte, 7.</ADDR>",1,0,1,1.0000,,B-ENTRY,B-ENTRY,model,0.9871,2026-09-22 19:53:06
5c695ecc-1a64-50cf-aba2-03ee8ed691b2,ac23b62a-e599-5a32-a399-e738c70ef864,183.3.79,183,2,3,79,"[172.0, 72.0, 952.0, 685.0]",List-Group,"Vergez, rue des Filles-S.-Thomas, 23.  ",ENTRY,"<SUBJ>Vergez</SUBJ>, <ADDR>rue des Filles-S.-Thomas, 23.</ADDR>",1,0,1,1.0000,,B-ENTRY,B-ENTRY,model,0.9923,2026-09-22 19:53:06
28ed7a70-69ca-5152-8e88-5f48d27ffdc3,ac23b62a-e599-5a32-a399-e738c70ef864,183.3.80,183,2,3,80,"[172.0, 72.0, 952.0, 685.0]",List-Group,"Vert, rue des Bourdonnais, 13.  ",ENTRY,"<SUBJ>Vert</SUBJ>, <ADDR>rue des Bourdonnais, 13.</ADDR>",1,0,1,1.0000,,B-ENTRY,B-ENTRY,model,0.9868,2026-09-22 19:53:06
56409114-91ae-5310-8a10-0acd21713eed,ac23b62a-e599-5a32-a399-e738c70ef864,183.3.81,183,2,3,81,"[172.0, 72.0, 952.0, 685.0]",List-Group,"Vial, enclos de l'Arsenal, cour des Fonderies.  ",ENTRY,"<SUBJ>Vial</SUBJ>, <ADDR>enclos de l'Arsenal, cour des Fonderies.</ADDR>",1,0,1,1.0000,,B-ENTRY,B-ENTRY,model,0.9841,2026-09-22 19:53:06
8d3c6e7d-b3d0-56bb-b966-d90bd7beccb0,ac23b62a-e599-5a32-a399-e738c70ef864,183.3.82,183,2,3,82,"[172.0, 72.0, 952.0, 685.0]",List-Group,"Viguer, rue du Faub.-Poissonnière, 91.  ",ENTRY,"<SUBJ>Viguer</SUBJ>, <ADDR>rue du Faub.-Poissonnière, 91.</ADDR>",1,0,1,1.0000,,B-ENTRY,B-ENTRY,model,0.9871,2026-09-22 19:53:06
4a953674-0218-520e-a3d9-7a18c50c5afc,ac23b62a-e599-5a32-a399-e738c70ef864,183.3.83,183,2,3,83,"[172.0, 72.0, 952.0, 685.0]",List-Group,"Viguier, rue du Gros-Chenet, 2.  ",ENTRY,"<SUBJ>Viguier</SUBJ>, <ADDR>rue du Gros-Chenet, 2.</ADDR>",1,0,1,1.0000,,B-ENTRY,B-ENTRY,model,0.9941,2026-09-22 19:53:06
0d2581ed-583c-5ca1-b51a-bd76e200bb97,ac23b62a-e599-5a32-a399-e738c70ef864,183.3.84,183,2,3,84,"[172.0, 72.0, 952.0, 685.0]",List-Group,"Villette, rue N.-des-Petits-Champs, 65.  ",ENTRY,"<SUBJ>Villette</SUBJ>, <ADDR>rue N.-des-Petits-Champs, 65.</ADDR>",1,0,1,1.0000,,B-ENTRY,B-ENTRY,model,0.9917,2026-09-22 19:53:06
b0452104-ef9b-58ea-af61-074e9ea34514,ac23b62a-e599-5a32-a399-e738c70ef864,183.3.85,183,2,3,85,"[172.0, 72.0, 952.0, 685.0]",List-Group,"Wattier, rue du Champ-du-Repos, 8.  ",ENTRY,"<SUBJ>Wattier</SUBJ>, <ADDR>rue du Champ-du-Repos, 8.</ADDR>",1,0,1,1.0000,,B-ENTRY,B-ENTRY,model,0.9923,2026-09-22 19:53:06
cc4d6f3d-25b2-5c40-afc1-9829d15c3ef0,ac23b62a-e599-5a32-a399-e738c70ef864,183.3.86,183,2,3,86,"[172.0, 72.0, 952.0, 685.0]",List-Group,"Ybeliste, rue Neuve-d'Orléans, 6.  ",ENTRY,"<SUBJ>Ybeliste</SUBJ>, <ADDR>rue Neuve-d'Orléans, 6.</ADDR>",1,0,1,1.0000,,B-ENTRY,B-ENTRY,model,0.9854,2026-09-22 19:53:06
d9567fda-e320-5c29-9d02-44ebc5b9cfb0,ac23b62a-e599-5a32-a399-e738c70ef864,183.3.87,183,2,3,87,"[172.0, 72.0, 952.0, 685.0]",List-Group,"Yvan, premier *chir. ordinaire de l'Empereur*, hôtel des Invalides.",ENTRY,"<SUBJ>Yvan</SUBJ>, <DESC>premier *chir. ordinaire de l'Empereur</DESC>*, <ADDR>hôtel des Invalides.</ADDR>",1,1,1,1.0000,,B-ENTRY,B-ENTRY,human,1.0,2026-09-22 19:51:24
d0e12579-3dce-5d75-a17c-1abbef7ac136,00000000-0000-0000-0000-000000000000,183.4.0,183,3,4,0,"[348.0, 700.0, 777.0, 721.0]",Section-Header,## OFFICIERS DE SANTÉ.,TITLE,,,,,,,B-TITLE,B-TITLE,human,1.0,2026-09-22 19:51:24
e1998c71-6942-5c41-ba4e-107b6278d28a,d0e12579-3dce-5d75-a17c-1abbef7ac136,183.5.0,183,4,5,0,"[172.0, 724.0, 954.0, 924.0]",List-Group,"Absil, *bandagiste*, rue Mandar, 2.  ",ENTRY,"<SUBJ>Absil</SUBJ>, *<DESC>bandagiste</DESC>*, <ADDR>rue Mandar, 2.</ADDR>",1,1,1,1.0000,,B-ENTRY,B-ENTRY,model,0.9938,2026-09-22 19:53:06
0e77bac8-9f0c-53a5-9b4b-3fce75c7a5b5,d0e12579-3dce-5d75-a17c-1abbef7ac136,183.5.1,183,4,5,1,"[172.0, 724.0, 954.0, 924.0]",List-Group,"Absorty, rue S.-Germain-l'Auxerrois, 91.  ",ENTRY,"<SUBJ>Absorty</SUBJ>, <ADDR>rue S.-Germain-l'Auxerrois, 91.</ADDR>",1,0,1,1.0000,,B-ENTRY,B-ENTRY,model,0.9917,2026-09-22 19:53:06
502c0ff1-2aa2-59e0-9fd3-1164b383fb79,d0e12579-3dce-5d75-a17c-1abbef7ac136,183.5.2,183,4,5,2,"[172.0, 724.0, 954.0, 924.0]",List-Group,"Archidet, rue Neuve-S.-Eustache, 11.  ",ENTRY,"<SUBJ>Archidet</SUBJ>, <ADDR>rue Neuve-S.-Eustache, 11.</ADDR>",1,0,1,1.0000,,B-ENTRY,B-ENTRY,model,0.9915,2026-09-22 19:53:06
e4a0c7fb-9c83-59ee-aa5e-332bd0f96580,d0e12579-3dce-5d75-a17c-1abbef7ac136,183.5.3,183,4,5,3,"[172.0, 724.0, 954.0, 924.0]",List-Group,"Armengaud, rue Mesnilmontant, 72.  ",ENTRY,"<SUBJ>Armengaud</SUBJ>, <ADDR>rue Mesnilmontant, 72.</ADDR>",1,0,1,1.0000,,B-ENTRY,B-ENTRY,model,0.9854,2026-09-22 19:53:06
c975f0e0-8474-5160-998b-0da4b33ab443,d0e12579-3dce-5d75-a17c-1abbef7ac136,183.5.4,183,4,5,4,"[172.0, 724.0, 954.0, 924.0]",List-Group,"Arnaud, rue de la Tixérandierel, 9.  ",ENTRY,"<SUBJ>Arnaud</SUBJ>, <ADDR>rue de la Tixérandierel, 9.</ADDR>",1,0,1,1.0000,,B-ENTRY,B-ENTRY,model,0.9924,2026-09-22 19:53:06
4893242c-7c32-5b0b-beef-bf69e4bf8967,d0e12579-3dce-5d75-a17c-1abbef7ac136,183.5.5,183,4,5,5,"[172.0, 724.0, 954.0, 924.0]",List-Group,"Asselinot, rue des Deux-Écús, 33.  ",ENTRY,"<SUBJ>Asselinot</SUBJ>, <ADDR>rue des Deux-Écús, 33.</ADDR>",1,0,1,1.0000,,B-ENTRY,B-ENTRY,human,1.0,2026-09-22 19:52:35
0f28db6b-92d2-5e97-b79d-62a1ac7b20ad,d0e12579-3dce-5d75-a17c-1abbef7ac136,183.5.6,183,4,5,6,"[172.0, 724.0, 954.0, 924.0]",List-Group,"Avoine Duhamel, rue...  ",ENTRY,"<SUBJ>Avoine Duhamel</SUBJ>, <ADDR>rue...</ADDR>",1,0,1,1.0000,,B-ENTRY,B-ENTRY,human,1.0,2026-09-22 19:52:35
5e2a8214-62da-561d-b5ad-d083c1b0238e,d0e12579-3dce-5d75-a17c-1abbef7ac136,183.5.7,183,4,5,7,"[172.0, 724.0, 954.0, 924.0]",List-Group,"Audenet, rue des Noyers.  ",ENTRY,"<SUBJ>Audenet</SUBJ>, <ADDR>rue des Noyers.</ADDR>",1,0,1,1.0000,,B-ENTRY,B-ENTRY,model,0.9813,2026-09-22 19:53:06
0a2cea5e-aa4f-5ce5-a598-b9d1da8b6df6,d0e12579-3dce-5d75-a17c-1abbef7ac136,183.5.8,183,4,5,8,"[172.0, 724.0, 954.0, 924.0]",List-Group,"Audibran, *dentiste*, pal. du Tribunat, 101.  ",ENTRY,"<SUBJ>Audibran</SUBJ>, *<DESC>dentiste</DESC>*, <ADDR>pal. du Tribunat, 101.</ADDR>",1,1,1,1.0000,,B-ENTRY,B-ENTRY,model,0.9933,2026-09-22 19:53:06
afb0247d-f031-5b2e-99da-ba2ecc500281,d0e12579-3dce-5d75-a17c-1abbef7ac136,183.5.9,183,4,5,9,"[172.0, 724.0, 954.0, 924.0]",List-Group,"Baltazard, rue Git-le-Cœur, 9.  ",ENTRY,"<SUBJ>Baltazard</SUBJ>, <ADDR>rue Git-le-Cœur, 9.</ADDR>",1,0,1,1.0000,,B-ENTRY,B-ENTRY,model,0.9855,2026-09-22 19:53:06
2364f31e-a17e-5382-b69b-0333be2cf6e1,d0e12579-3dce-5d75-a17c-1abbef7ac136,183.5.10,183,4,5,10,"[172.0, 724.0, 954.0, 924.0]",List-Group,"Baraigne, quai de l'École, 10.  ",ENTRY,"<SUBJ>Baraigne</SUBJ>, <ADDR>quai de l'École, 10.</ADDR>",1,0,1,1.0000,,B-ENTRY,B-ENTRY,model,0.9941,2026-09-22 19:53:06
060253e8-7a5a-53bf-b55d-0c949ed2e4d7,d0e12579-3dce-5d75-a17c-1abbef7ac136,183.5.11,183,4,5,11,"[172.0, 724.0, 954.0, 924.0]",List-Group,"Barbes, rue de Varennes, 37.  ",ENTRY,"<SUBJ>Barbes</SUBJ>, <ADDR>rue de Varennes, 37.</ADDR>",1,0,1,1.0000,,B-ENTRY,B-ENTRY,model,0.9872,2026-09-22 19:53:06
83264241-15b8-5174-9cb5-3c435763cd69,d0e12579-3dce-5d75-a17c-1abbef7ac136,183.5.12,183,4,5,12,"[172.0, 724.0, 954.0, 924.0]",List-Group,"Bardet, quai des Augustins, 55.  ",ENTRY,"<SUBJ>Bardet</SUBJ>, <ADDR>quai des Augustins, 55.</ADDR>",1,0,1,1.0000,,B-ENTRY,B-ENTRY,model,0.9873,2026-09-22 19:53:06
17904ab1-4516-5ffb-b1ff-5bfe6b7d4c52,d0e12579-3dce-5d75-a17c-1abbef7ac136,183.5.13,183,4,5,13,"[172.0, 724.0, 954.0, 924.0]",List-Group,"Barry, rue Meslé, 56.  ",ENTRY,"<SUBJ>Barry</SUBJ>, <ADDR>rue Meslé, 56.</ADDR>",1,0,1,1.0000,,B-ENTRY,B-ENTRY,model,0.9854,2026-09-22 19:53:06
d35bbe48-b5a5-595a-b208-c39f27bcc772,d0e12579-3dce-5d75-a17c-1abbef7ac136,183.5.14,183,4,5,14,"[172.0, 724.0, 954.0, 924.0]",List-Group,"Bastier, rue de Montreuil.  ",ENTRY,"<SUBJ>Bastier</SUBJ>, <ADDR>rue de Montreuil.</ADDR>",1,0,1,1.0000,,B-ENTRY,B-ENTRY,model,0.9823,2026-09-22 19:53:06
d1457fc2-872f-52e4-aa43-d8bba39efa52,d0e12579-3dce-5d75-a17c-1abbef7ac136,183.5.15,183,4,5,15,"[172.0, 724.0, 954.0, 924.0]",List-Group,"Baudry de Balzac, rue Mouffetard, 219.  ",ENTRY,"<SUBJ>Baudry de Balzac</SUBJ>, <ADDR>rue Mouffetard, 219.</ADDR>",1,0,1,1.0000,,B-ENTRY,B-ENTRY,model,0.9923,2026-09-22 19:53:06
3c5f8ed0-0ed9-549f-89d8-0e48b8a6d7f2,d0e12579-3dce-5d75-a17c-1abbef7ac136,183.5.16,183,4,5,16,"[172.0, 724.0, 954.0, 924.0]",List-Group,"Beaufils, rue Saint-Martin, passage de la Réunion, 5.  ",ENTRY,"<SUBJ>Beaufils</SUBJ>, <ADDR>rue Saint-Martin, passage de la Réunion, 5.</ADDR>",1,0,1,1.0000,,B-ENTRY,B-ENTRY,model,0.9914,2026-09-22 19:53:06
fdbc0af9-1248-5420-ad8a-2f69ccb792c5,d0e12579-3dce-5d75-a17c-1abbef7ac136,183.5.17,183,4,5,17,"[172.0, 724.0, 954.0, 924.0]",List-Group,"Begon, rue du Petit-Heurleur, 7.  ",ENTRY,"<SUBJ>Begon</SUBJ>, <ADDR>rue du Petit-Heurleur, 7.</ADDR>",1,0,1,1.0000,,B-ENTRY,B-ENTRY,model,0.9941,2026-09-22 19:53:06
578d74e9-3ff7-5622-b9fc-b29257b23249,d0e12579-3dce-5d75-a17c-1abbef7ac136,183.5.18,183,4,5,18,"[172.0, 724.0, 954.0, 924.0]",List-Group,"Bellier, rue du Temple, 83.  ",ENTRY,"<SUBJ>Bellier</SUBJ>, <ADDR>rue du Temple, 83.</ADDR>",1,0,1,1.0000,,B-ENTRY,B-ENTRY,model,0.9872,2026-09-22 19:53:06
88075985-f9b6-52a7-93f6-02b8e99bebc8,d0e12579-3dce-5d75-a17c-1abbef7ac136,183.5.19,183,4,5,19,"[172.0, 724.0, 954.0, 924.0]",List-Group,"Bernard, rue Batave, 13.  ",ENTRY,"<SUBJ>Bernard</SUBJ>, <ADDR>rue Batave, 13.</ADDR>",1,0,1,1.0000,,B-ENTRY,B-ENTRY,model,0.9856,2026-09-22 19:53:06
1b518f24-7d8a-56aa-ba62-5751cdb3bfb5,d0e12579-3dce-5d75-a17c-1abbef7ac136,183.5.20,183,4,5,20,"[172.0, 724.0, 954.0, 924.0]",List-Group,"Bézian, rue Baillette, 7.  ",ENTRY,"<SUBJ>Bézian</SUBJ>, <ADDR>rue Baillette, 7.</ADDR>",1,0,1,1.0000,,B-ENTRY,B-ENTRY,model,0.9855,2026-09-22 19:53:06
95dce44c-b3e3-51e9-bff7-1e4853b6a463,d0e12579-3dce-5d75-a17c-1abbef7ac136,183.5.21,183,4,5,21,"[172.0, 724.0, 954.0, 924.0]",List-Group,"Biel, rue Saint-Magloire, 2.  ",ENTRY,"<SUBJ>Biel</SUBJ>, <ADDR>rue Saint-Magloire, 2.</ADDR>",1,0,1,1.0000,,B-ENTRY,B-ENTRY,model,0.9913,2026-09-22 19:53:06
e13d5812-e85c-5fe6-942c-cc6725e84eb8,d0e12579-3dce-5d75-a17c-1abbef7ac136,183.5.22,183,4,5,22,"[172.0, 724.0, 954.0, 924.0]",List-Group,"Blin, cour du Commerce. — Th.-Fr.  ",ENTRY,"<SUBJ>Blin</SUBJ>, <ADDR>cour du Commerce. — Th.-Fr</ADDR>.",1,0,1,1.0000,,B-ENTRY,B-ENTRY,model,0.9658,2026-09-22 19:53:06
413f154d-fe06-5962-9305-18beff49fbd1,d0e12579-3dce-5d75-a17c-1abbef7ac136,183.5.23,183,4,5,23,"[172.0, 724.0, 954.0, 924.0]",List-Group,"Boissière, cloître Notre-Dame, 14.  ",ENTRY,"<SUBJ>Boissière</SUBJ>, <ADDR>cloître Notre-Dame, 14.</ADDR>",1,0,1,1.0000,,B-ENTRY,B-ENTRY,model,0.9914,2026-09-22 19:53:06
4ed4d1e6-5305-51b1-a3ab-85938a35f644,d0e12579-3dce-5d75-a17c-1abbef7ac136,183.5.24,183,4,5,24,"[172.0, 724.0, 954.0, 924.0]",List-Group,"Boné, marché des Jacobins-S.-Honoré, 19.  ",ENTRY,"<SUBJ>Boné</SUBJ>, <ADDR>marché des Jacobins-S.-Honoré, 19.</ADDR>",1,0,1,0.9998,,B-ENTRY,B-ENTRY,model,0.9923,2026-09-22 19:53:06
0e84c564-ad35-5c00-baff-f0425c19ad4e,d0e12579-3dce-5d75-a17c-1abbef7ac136,183.5.25,183,4,5,25,"[172.0, 724.0, 954.0, 924.0]",List-Group,"Boverie, rue de la Bacherie, 9.  ",ENTRY,"<SUBJ>Boverie</SUBJ>, <ADDR>rue de la Bacherie, 9.</ADDR>",1,0,1,1.0000,,B-ENTRY,B-ENTRY,model,0.9924,2026-09-22 19:53:06
847e108a-61ea-5042-9df6-faeaf9f55c46,d0e12579-3dce-5d75-a17c-1abbef7ac136,183.5.26,183,4,5,26,"[172.0, 724.0, 954.0, 924.0]",List-Group,"Brenwer, rue du Sentier, 15.  ",ENTRY,"<SUBJ>Brenwer</SUBJ>, <ADDR>rue du Sentier, 15.</ADDR>",1,0,1,1.0000,,B-ENTRY,B-ENTRY,model,0.9872,2026-09-22 19:53:06
d7ddd334-416f-57be-9517-3ab9a28d6a94,d0e12579-3dce-5d75-a17c-1abbef7ac136,183.5.27,183,4,5,27,"[172.0, 724.0, 954.0, 924.0]",List-Group,"Brioussé, rue Poissonnière, 71.  ",ENTRY,"<SUBJ>Brioussé</SUBJ>, <ADDR>rue Poissonnière, 71.</ADDR>",1,0,1,1.0000,,B-ENTRY,B-ENTRY,model,0.9855,2026-09-22 19:53:06
0e25ce19-1955-50a4-8aab-fc2c35585c0b,d0e12579-3dce-5d75-a17c-1abbef7ac136,183.5.28,183,4,5,28,"[172.0, 724.0, 954.0, 924.0]",List-Group,"Brousson, rue Saint-Marc, 27.",ENTRY,"<SUBJ>Brousson</SUBJ>, <ADDR>rue Saint-Marc, 27.</ADDR>",1,0,1,1.0000,,B-ENTRY,B-ENTRY,model,0.9861,2026-09-22 19:53:06
33233de6-d75c-575d-b598-6265a0ba1b19,d0e12579-3dce-5d75-a17c-1abbef7ac136,184.1.0,184,0,1,0,"[212.0, 30.0, 567.0, 54.0]",Page-Header,Officiers de santé. - PARIS.,OUT OF SCOPE,,,,,,,OUT OF SCOPE,OUT OF SCOPE,model,0.9977,2026-09-22 19:53:06
e4db2f84-c249-54b9-b697-7c83a5c5aa06,d0e12579-3dce-5d75-a17c-1abbef7ac136,184.2.0,184,1,2,0,"[722.0, 30.0, 774.0, 52.0]",Page-Header,519,OUT OF SCOPE,,,,,,,OUT OF SCOPE,OUT OF SCOPE,model,0.9934,2026-09-22 19:53:06
4dc15dd4-36c6-54e4-9f2b-21d1e93f436e,d0e12579-3dce-5d75-a17c-1abbef7ac136,184.3.0,184,2,3,0,"[17.0, 58.0, 395.0, 904.0]",Text,"Brun, rue de l'Égalité, 1.  ",ENTRY,"<SUBJ>Brun</SUBJ>, <ADDR>rue de l'Égalité, 1.</ADDR>",1,0,1,1.0000,,B-ENTRY,B-ENTRY,model,0.9842,2026-09-22 19:53:06
c6a4cfbf-9871-53e0-8256-ce712aa219b4,d0e12579-3dce-5d75-a17c-1abbef7ac136,184.3.1,184,2,3,1,"[17.0, 58.0, 395.0, 904.0]",Text,"Bussière, enclos de la Cité, 14.  ",ENTRY,"<SUBJ>Bussière</SUBJ>, <ADDR>enclos de la Cité, 14.</ADDR>",1,0,1,1.0000,,B-ENTRY,B-ENTRY,model,0.9847,2026-09-22 19:53:06
839c9701-132d-513e-a842-004be119e385,d0e12579-3dce-5d75-a17c-1abbef7ac136,184.3.2,184,2,3,2,"[17.0, 58.0, 395.0, 904.0]",Text,"Cabarron, rue du Faub.-Poissonnière, 15.  ",ENTRY,"<SUBJ>Cabarron</SUBJ>, <ADDR>rue du Faub.-Poissonnière, 15.</ADDR>",1,0,1,1.0000,,B-ENTRY,B-ENTRY,model,0.9747,2026-09-22 19:53:06
c80eacf2-cab2-5832-8c90-6d007eefa4df,d0e12579-3dce-5d75-a17c-1abbef7ac136,184.3.3,184,2,3,3,"[17.0, 58.0, 395.0, 904.0]",Text,"Caillon, rue des Bons-Enfants, 16.  ",ENTRY,"<SUBJ>Caillon</SUBJ>, <ADDR>rue des Bons-Enfants, 16.</ADDR>",1,0,1,1.0000,,B-ENTRY,B-ENTRY,model,0.9882,2026-09-22 19:53:06
6cde9d82-e611-51e2-a78d-217c495a3ae3,d0e12579-3dce-5d75-a17c-1abbef7ac136,184.3.4,184,2,3,4,"[17.0, 58.0, 395.0, 904.0]",Text,"Canot, rue de la Feronnerie, 11.  ",ENTRY,"<SUBJ>Canot</SUBJ>, <ADDR>rue de la Feronnerie, 11.</ADDR>",1,0,1,1.0000,,B-ENTRY,B-ENTRY,model,0.9848,2026-09-22 19:53:06
a081c558-f6a1-5f59-8447-4352ec61a8e6,d0e12579-3dce-5d75-a17c-1abbef7ac136,184.3.5,184,2,3,5,"[17.0, 58.0, 395.0, 904.0]",Text,"Cartier, rue de Thionville, 24.  ",ENTRY,"<SUBJ>Cartier</SUBJ>, <ADDR>rue de Thionville, 24.</ADDR>",1,0,1,1.0000,,B-ENTRY,B-ENTRY,model,0.9745,2026-09-22 19:53:06
b281ee25-d151-5a8f-bb97-bbf78c0674cf,d0e12579-3dce-5d75-a17c-1abbef7ac136,184.3.6,184,2,3,6,"[17.0, 58.0, 395.0, 904.0]",Text,"Cartier, rue du Faub.-S.-Denis, 145.  ",ENTRY,"<SUBJ>Cartier</SUBJ>, <ADDR>rue du Faub.-S.-Denis, 145.</ADDR>",1,0,1,1.0000,,B-ENTRY,B-ENTRY,model,0.9845,2026-09-22 19:53:06
960d30f2-0ab1-5d64-a252-9a0f1653a464,d0e12579-3dce-5d75-a17c-1abbef7ac136,184.3.7,184,2,3,7,"[17.0, 58.0, 395.0, 904.0]",Text,"Castex, rue de la Montagne. — Panthéon.  ",ENTRY,"<SUBJ>Castex</SUBJ>, <ADDR>rue de la Montagne. — Panthéon.</ADDR>",1,0,1,1.0000,,B-ENTRY,B-ENTRY,model,0.971,2026-09-22 19:53:06
1143edcf-07c0-527a-b414-a2ddf0249f7b,d0e12579-3dce-5d75-a17c-1abbef7ac136,184.3.8,184,2,3,8,"[17.0, 58.0, 395.0, 904.0]",Text,"Chamant, rue Meslé, 52.  ",ENTRY,"<SUBJ>Chamant</SUBJ>, <ADDR>rue Meslé, 52.</ADDR>",1,0,1,1.0000,,B-ENTRY,B-ENTRY,model,0.9715,2026-09-22 19:53:06
eef8f643-ff12-5973-87fc-00d3670b5ba5,d0e12579-3dce-5d75-a17c-1abbef7ac136,184.3.9,184,2,3,9,"[17.0, 58.0, 395.0, 904.0]",Text,"Chataiger, rue Rochehouart, 9.  ",ENTRY,"<SUBJ>Chataiger</SUBJ>, <ADDR>rue Rochehouart, 9.</ADDR>",1,0,1,1.0000,,B-ENTRY,B-ENTRY,model,0.9715,2026-09-22 19:53:06
4fc8afe7-b5d1-524c-aff0-3cc3a49ef5a6,d0e12579-3dce-5d75-a17c-1abbef7ac136,184.3.10,184,2,3,10,"[17.0, 58.0, 395.0, 904.0]",Text,"Chirac, rue du Sépulcre, 21.  ",ENTRY,"<SUBJ>Chirac</SUBJ>, <ADDR>rue du Sépulcre, 21.</ADDR>",1,0,1,1.0000,,B-ENTRY,B-ENTRY,model,0.9748,2026-09-22 19:53:06
886bb4ee-7491-5d7c-9c84-f7e7953ed5cc,d0e12579-3dce-5d75-a17c-1abbef7ac136,184.3.11,184,2,3,11,"[17.0, 58.0, 395.0, 904.0]",Text,"Card de Beaulieux, rue Jean-Pain-Mollet, 15.  ",ENTRY,"<SUBJ>Card de Beaulieux</SUBJ>, <ADDR>rue Jean-Pain-Mollet, 15.</ADDR>",1,0,1,1.0000,,B-ENTRY,B-ENTRY,model,0.9852,2026-09-22 19:53:06
724fcb84-035e-56db-a1bb-89f4bf5cf4f1,d0e12579-3dce-5d75-a17c-1abbef7ac136,184.3.12,184,2,3,12,"[17.0, 58.0, 395.0, 904.0]",Text,"Clapier, rue des Lions, 6.  ",ENTRY,"<SUBJ>Clapier</SUBJ>, <ADDR>rue des Lions, 6.</ADDR>",1,0,1,1.0000,,B-ENTRY,B-ENTRY,model,0.9748,2026-09-22 19:53:06
64831e83-c847-51ce-bbb5-89edc890a9ab,d0e12579-3dce-5d75-a17c-1abbef7ac136,184.3.13,184,2,3,13,"[17.0, 58.0, 395.0, 904.0]",Text,"Clément, rue Neuve-Saint-Méry, 45.  ",ENTRY,"<SUBJ>Clément</SUBJ>, <ADDR>rue Neuve-Saint-Méry, 45.</ADDR>",1,0,1,1.0000,,B-ENTRY,B-ENTRY,model,0.9714,2026-09-22 19:53:06
e7cf46ea-9b6a-5146-962c-bf099c7555b8,d0e12579-3dce-5d75-a17c-1abbef7ac136,184.3.14,184,2,3,14,"[17.0, 58.0, 395.0, 904.0]",Text,"Cocquerel, rue de la Magdeleine, 8.  ",ENTRY,"<SUBJ>Cocquerel</SUBJ>, <ADDR>rue de la Magdeleine, 8.</ADDR>",1,0,1,1.0000,,B-ENTRY,B-ENTRY,model,0.9849,2026-09-22 19:53:06
c46ae82c-61e3-5d94-905a-64d962dd37ac,d0e12579-3dce-5d75-a17c-1abbef7ac136,184.3.15,184,2,3,15,"[17.0, 58.0, 395.0, 904.0]",Text,"Cognier, rue du Four-S.-Germain, 68.  ",ENTRY,"<SUBJ>Cognier</SUBJ>, <ADDR>rue du Four-S.-Germain, 68.</ADDR>",1,0,1,1.0000,,B-ENTRY,B-ENTRY,model,0.9843,2026-09-22 19:53:06
67c1395f-fbd1-542e-a65d-f4056deb0c3d,d0e12579-3dce-5d75-a17c-1abbef7ac136,184.3.16,184,2,3,16,"[17.0, 58.0, 395.0, 904.0]",Text,"Concelin, place du Châtelet.  ",ENTRY,"<SUBJ>Concelin</SUBJ>, <ADDR>place du Châtelet.</ADDR>",1,0,1,1.0000,,B-ENTRY,B-ENTRY,model,0.972,2026-09-22 19:53:06
328fdf6f-f45f-5999-b94f-6627c2d629b1,d0e12579-3dce-5d75-a17c-1abbef7ac136,184.3.17,184,2,3,17,"[17.0, 58.0, 395.0, 904.0]",Text,"Corafa, rue Gervais-Laurent, 1.  ",ENTRY,"<SUBJ>Corafa</SUBJ>, <ADDR>rue Gervais-Laurent, 1.</ADDR>",1,0,1,1.0000,,B-ENTRY,B-ENTRY,model,0.9828,2026-09-22 19:53:06
810626be-cc07-5e00-aba5-eac793be873b,d0e12579-3dce-5d75-a17c-1abbef7ac136,184.3.18,184,2,3,18,"[17.0, 58.0, 395.0, 904.0]",Text,"Corona, rue du Faub.-Poissonnière, 24.  ",ENTRY,"<SUBJ>Corona</SUBJ>, <ADDR>rue du Faub.-Poissonnière, 24.</ADDR>",1,0,1,1.0000,,B-ENTRY,B-ENTRY,model,0.9747,2026-09-22 19:53:06
85c3df56-21c7-57fe-9651-4219b3b230af,d0e12579-3dce-5d75-a17c-1abbef7ac136,184.3.19,184,2,3,19,"[17.0, 58.0, 395.0, 904.0]",Text,"Couergou, rue des Deux-Écus, 5.  ",ENTRY,"<SUBJ>Couergou</SUBJ>, <ADDR>rue des Deux-Écus, 5.</ADDR>",1,0,1,1.0000,,B-ENTRY,B-ENTRY,model,0.988,2026-09-22 19:53:06
4f25ff13-5bca-5f0a-b3d4-c09581b944a4,d0e12579-3dce-5d75-a17c-1abbef7ac136,184.3.20,184,2,3,20,"[17.0, 58.0, 395.0, 904.0]",Text,"Couserans, rue Notre-Dame-des-Victoires, aux Messageries.  ",ENTRY,"<SUBJ>Couserans</SUBJ>, <ADDR>rue Notre-Dame-des-Victoires, aux Messageries.</ADDR>",1,0,1,1.0000,,B-ENTRY,B-ENTRY,model,0.9801,2026-09-22 19:53:06
37dbd839-a103-5b2e-a57a-a7714bae7ca1,d0e12579-3dce-5d75-a17c-1abbef7ac136,184.3.21,184,2,3,21,"[17.0, 58.0, 395.0, 904.0]",Text,"Cressia, à Passy.  ",ENTRY,"<SUBJ>Cressia</SUBJ>, <ADDR>à Passy.</ADDR>",1,0,1,1.0000,,B-ENTRY,B-ENTRY,model,0.9774,2026-09-22 19:53:06
d6d70541-cb9c-5dae-a373-318049f9eb81,d0e12579-3dce-5d75-a17c-1abbef7ac136,184.3.22,184,2,3,22,"[17.0, 58.0, 395.0, 904.0]",Text,"Dailliez, rue du Pot-de-Fer, 4.  ",ENTRY,"<SUBJ>Dailliez</SUBJ>, <ADDR>rue du Pot-de-Fer, 4.</ADDR>",1,0,1,1.0000,,B-ENTRY,B-ENTRY,model,0.9845,2026-09-22 19:53:06
830f63c3-4b1d-5a33-98ce-61c309370f73,d0e12579-3dce-5d75-a17c-1abbef7ac136,184.3.23,184,2,3,23,"[17.0, 58.0, 395.0, 904.0]",Text,"Dalle, rue Saint-Avoye, 51.  ",ENTRY,"<SUBJ>Dalle</SUBJ>, <ADDR>rue Saint-Avoye, 51.</ADDR>",1,0,1,1.0000,,B-ENTRY,B-ENTRY,model,0.9826,2026-09-22 19:53:06
a23fdb6d-9f5f-595e-96fb-a5fab505b624,d0e12579-3dce-5d75-a17c-1abbef7ac136,184.3.24,184,2,3,24,"[17.0, 58.0, 395.0, 904.0]",Text,"Damart, rue Saint-Honoré, 250.  ",ENTRY,"<SUBJ>Damart</SUBJ>, <ADDR>rue Saint-Honoré, 250.</ADDR>",1,0,1,1.0000,,B-ENTRY,B-ENTRY,model,0.9824,2026-09-22 19:53:06
c47637fd-55c3-51fd-9c46-bece7bc2532a,d0e12579-3dce-5d75-a17c-1abbef7ac136,184.3.25,184,2,3,25,"[17.0, 58.0, 395.0, 904.0]",Text,"Dantreville, rue le Boulanger, à la Villette.  ",ENTRY,"<SUBJ>Dantreville</SUBJ>, <ADDR>rue le Boulanger, à la Villette.</ADDR>",1,0,1,1.0000,,B-ENTRY,B-ENTRY,model,0.9904,2026-09-22 19:53:06
374780b4-9dd7-5185-97a6-c46915454796,d0e12579-3dce-5d75-a17c-1abbef7ac136,184.3.26,184,2,3,26,"[17.0, 58.0, 395.0, 904.0]",Text,"Daste, rue Mouffetard, 107.  ",ENTRY,"<SUBJ>Daste</SUBJ>, <ADDR>rue Mouffetard, 107.</ADDR>",1,0,1,1.0000,,B-ENTRY,B-ENTRY,model,0.9707,2026-09-22 19:53:06
e0723633-721f-53dc-98cd-3ea8ffac6034,d0e12579-3dce-5d75-a17c-1abbef7ac136,184.3.27,184,2,3,27,"[17.0, 58.0, 395.0, 904.0]",Text,"Daurimont, rue du Faub.-S.-Honoré, 26.  ",ENTRY,"<SUBJ>Daurimont</SUBJ>, <ADDR>rue du Faub.-S.-Honoré, 26.</ADDR>",1,0,1,1.0000,,B-ENTRY,B-ENTRY,model,0.985,2026-09-22 19:53:06
1ffb0904-e010-5409-83f8-a7d1d33499db,d0e12579-3dce-5d75-a17c-1abbef7ac136,184.3.28,184,2,3,28,"[17.0, 58.0, 395.0, 904.0]",Text,"Dausse, rue Grange-Batehère, 26.  ",ENTRY,"<SUBJ>Dausse</SUBJ>, <ADDR>rue Grange-Batehère, 26.</ADDR>",1,0,1,1.0000,,B-ENTRY,B-ENTRY,model,0.9826,2026-09-22 19:53:06
70f46933-8424-527e-8ffe-492ced5b7d4b,d0e12579-3dce-5d75-a17c-1abbef7ac136,184.3.29,184,2,3,29,"[17.0, 58.0, 395.0, 904.0]",Text,"Davin, rue Saint-Honoré, 394.  ",ENTRY,"<SUBJ>Davin</SUBJ>, <ADDR>rue Saint-Honoré, 394.</ADDR>",1,0,1,1.0000,,B-ENTRY,B-ENTRY,model,0.9828,2026-09-22 19:53:06
f4c5425e-4fb2-536a-ab87-e872b8fcc0f8,d0e12579-3dce-5d75-a17c-1abbef7ac136,184.3.30,184,2,3,30,"[17.0, 58.0, 395.0, 904.0]",Text,"Debalz, rue Neuve-Saint-Eustache, 6.  ",ENTRY,"<SUBJ>Debalz</SUBJ>, <ADDR>rue Neuve-Saint-Eustache, 6.</ADDR>",1,0,1,1.0000,,B-ENTRY,B-ENTRY,human,1.0,2026-09-22 19:52:46
1c88df68-7336-5dac-bd1d-549eeeafb2a8,d0e12579-3dce-5d75-a17c-1abbef7ac136,184.3.31,184,2,3,31,"[17.0, 58.0, 395.0, 904.0]",Text,"Delamotte, rue...  ",ENTRY,"<SUBJ>Delamotte</SUBJ>, <ADDR>rue...</ADDR>",1,0,1,1.0000,,B-ENTRY,B-ENTRY,human,1.0,2026-09-22 19:52:46
8b91b2a9-f8c4-5367-8693-9d28eb5d7633,d0e12579-3dce-5d75-a17c-1abbef7ac136,184.3.32,184,2,3,32,"[17.0, 58.0, 395.0, 904.0]",Text,"Delavéronnière (Moyse et Soliyet), rue et enclos du Temple.  ",ENTRY,"<SUBJ>Delavéronnière (Moyse et Soliyet)</SUBJ>, <ADDR>rue et enclos du Temple.</ADDR>",1,0,1,1.0000,,B-ENTRY,B-ENTRY,model,0.9982,2026-09-22 19:53:06
97a44469-5c84-5897-9adc-c9adb5fa2a3f,d0e12579-3dce-5d75-a17c-1abbef7ac136,184.3.33,184,2,3,33,"[17.0, 58.0, 395.0, 904.0]",Text,"Desmaret, place de l'Hôtel-de-Ville, 55.  ",ENTRY,"<SUBJ>Desmaret</SUBJ>, <ADDR>place de l'Hôtel-de-Ville, 55.</ADDR>",1,0,1,1.0000,,B-ENTRY,B-ENTRY,model,0.9847,2026-09-22 19:53:06
915451d5-eeaf-5883-b2b7-5c72781f1c51,d0e12579-3dce-5d75-a17c-1abbef7ac136,184.3.34,184,2,3,34,"[17.0, 58.0, 395.0, 904.0]",Text,"Demerle, rue Barbette, 5.  ",ENTRY,"<SUBJ>Demerle</SUBJ>, <ADDR>rue Barbette, 5.</ADDR>",1,0,1,1.0000,,B-ENTRY,B-ENTRY,model,0.9712,2026-09-22 19:53:06
2d8dbe44-67f9-5138-9d01-a8b3786ef7fc,d0e12579-3dce-5d75-a17c-1abbef7ac136,184.3.35,184,2,3,35,"[17.0, 58.0, 395.0, 904.0]",Text,"Desplaces, quai des Ormes, 6.  ",ENTRY,"<SUBJ>Desplaces</SUBJ>, <ADDR>quai des Ormes, 6.</ADDR>",1,0,1,1.0000,,B-ENTRY,B-ENTRY,model,0.9749,2026-09-22 19:53:06
0e7fae50-8ebe-5284-9041-777833df02e1,d0e12579-3dce-5d75-a17c-1abbef7ac136,184.3.36,184,2,3,36,"[17.0, 58.0, 395.0, 904.0]",Text,"Details, rue Saint-Paul, 9.  ",ENTRY,"<SUBJ>Details</SUBJ>, <ADDR>rue Saint-Paul, 9.</ADDR>",1,0,1,1.0000,,B-ENTRY,B-ENTRY,model,0.9828,2026-09-22 19:53:06
72b76950-ff0b-52af-9420-f597f0221be2,d0e12579-3dce-5d75-a17c-1abbef7ac136,184.3.37,184,2,3,37,"[17.0, 58.0, 395.0, 904.0]",Text,"Dolivera, rue Saint-Martin, 149.  ",ENTRY,"<SUBJ>Dolivera</SUBJ>, <ADDR>rue Saint-Martin, 149.</ADDR>",1,0,1,1.0000,,B-ENTRY,B-ENTRY,model,0.9827,2026-09-22 19:53:06
642c887e-a09b-5f58-86e0-e03eb9e07b8a,d0e12579-3dce-5d75-a17c-1abbef7ac136,184.3.38,184,2,3,38,"[17.0, 58.0, 395.0, 904.0]",Text,"Dournel, rue Saint-Martin, 257.  ",ENTRY,"<SUBJ>Dournel</SUBJ>, <ADDR>rue Saint-Martin, 257.</ADDR>",1,0,1,1.0000,,B-ENTRY,B-ENTRY,model,0.9826,2026-09-22 19:53:06
a37468b8-ec5d-5925-934e-da5395f34956,d0e12579-3dce-5d75-a17c-1abbef7ac136,184.3.39,184,2,3,39,"[17.0, 58.0, 395.0, 904.0]",Text,"Ducasse, rue de l'Oursine, 94.  ",ENTRY,"<SUBJ>Ducasse</SUBJ>, <ADDR>rue de l'Oursine, 94.</ADDR>",1,0,1,1.0000,,B-ENTRY,B-ENTRY,model,0.9882,2026-09-22 19:53:06
e31a700a-4301-5cc0-b8f3-38bba8e00419,d0e12579-3dce-5d75-a17c-1abbef7ac136,184.3.40,184,2,3,40,"[17.0, 58.0, 395.0, 904.0]",Text,"Ducros, rue Neuve-S.-Eustache, 56.  ",ENTRY,"<SUBJ>Ducros</SUBJ>, <ADDR>rue Neuve-S.-Eustache, 56.</ADDR>",1,0,1,1.0000,,B-ENTRY,B-ENTRY,model,0.9829,2026-09-22 19:53:06
6888613f-2718-5b6c-b74a-d1e2a1d6dc41,d0e12579-3dce-5d75-a17c-1abbef7ac136,184.3.41,184,2,3,41,"[17.0, 58.0, 395.0, 904.0]",Text,"Dufay, rue Saint-Honoré, 92.  ",ENTRY,"<SUBJ>Dufay</SUBJ>, <ADDR>rue Saint-Honoré, 92.</ADDR>",1,0,1,1.0000,,B-ENTRY,B-ENTRY,human,1.0,2026-09-22 19:52:11
23bd81ba-28eb-5fcf-821a-527b57289580,d0e12579-3dce-5d75-a17c-1abbef7ac136,184.3.42,184,2,3,42,"[17.0, 58.0, 395.0, 904.0]",Text,"Dumas, rue Féron, 28.  ",ENTRY,"<SUBJ>Dumas</SUBJ>, <ADDR>rue Féron, 28.</ADDR>",1,0,1,1.0000,,B-ENTRY,B-ENTRY,human,1.0,2026-09-22 19:52:11
2d4ddc53-0b56-54bb-85c3-75c03778f66f,d0e12579-3dce-5d75-a17c-1abbef7ac136,184.3.43,184,2,3,43,"[17.0, 58.0, 395.0, 904.0]",Text,"Dumont, rue du Bouloy.  ",ENTRY,"<SUBJ>Dumont</SUBJ>, <ADDR>rue du Bouloy.</ADDR>",1,0,1,1.0000,,B-ENTRY,B-ENTRY,model,0.9726,2026-09-22 19:53:06
627032b9-0896-597c-92f5-383c358e1fb9,d0e12579-3dce-5d75-a17c-1abbef7ac136,184.3.44,184,2,3,44,"[17.0, 58.0, 395.0, 904.0]",Text,"Dupieux, rue Regratière, 17.  ",ENTRY,"<SUBJ>Dupieux</SUBJ>, <ADDR>rue Regratière, 17.</ADDR>",1,0,1,1.0000,,B-ENTRY,B-ENTRY,model,0.9714,2026-09-22 19:53:06
89e1b20f-8c87-5d61-a900-d9319c2ad2bf,d0e12579-3dce-5d75-a17c-1abbef7ac136,184.3.45,184,2,3,45,"[17.0, 58.0, 395.0, 904.0]",Text,"Écourbiac, rue Mouffetard, 252.  ",ENTRY,"<SUBJ>Écourbiac</SUBJ>, <ADDR>rue Mouffetard, 252.</ADDR>",1,0,1,1.0000,,B-ENTRY,B-ENTRY,model,0.9712,2026-09-22 19:53:06
25b3a780-eeab-57a7-932e-67f0b0c8084d,d0e12579-3dce-5d75-a17c-1abbef7ac136,184.3.46,184,2,3,46,"[17.0, 58.0, 395.0, 904.0]",Text,"Evesque, rue des Fossés-Montmartre, 14.  ",ENTRY,"<SUBJ>Evesque</SUBJ>, <ADDR>rue des Fossés-Montmartre, 14.</ADDR>",1,0,1,1.0000,,B-ENTRY,B-ENTRY,model,0.9882,2026-09-22 19:53:06
fb98470d-1577-53f1-891d-b446556607e0,d0e12579-3dce-5d75-a17c-1abbef7ac136,184.3.47,184,2,3,47,"[17.0, 58.0, 395.0, 904.0]",Text,"Favareille Placial (Élie), quai des Célestins.  ",ENTRY,"<SUBJ>Favareille Placial (Élie)</SUBJ>, <ADDR>quai des Célestins.</ADDR>",1,0,1,1.0000,,B-ENTRY,B-ENTRY,model,0.9919,2026-09-22 19:53:06
0a4ba0cc-7f20-5efe-976b-3927b10ca20b,d0e12579-3dce-5d75-a17c-1abbef7ac136,184.3.48,184,2,3,48,"[17.0, 58.0, 395.0, 904.0]",Text,"Favro, rue des Fossés-S.-Germain, 6.  ",ENTRY,"<SUBJ>Favro</SUBJ>, <ADDR>rue des Fossés-S.-Germain, 6.</ADDR>",1,0,1,1.0000,,B-ENTRY,B-ENTRY,model,0.9845,2026-09-22 19:53:06
588e435d-460b-5f6a-936a-4269c5ddf21c,d0e12579-3dce-5d75-a17c-1abbef7ac136,184.3.49,184,2,3,49,"[17.0, 58.0, 395.0, 904.0]",Text,Ferrand (Arnauld).  ,ENTRY,<SUBJ>Ferrand (Arnauld)</SUBJ>.,1,0,0,1.0000,,B-ENTRY,B-ENTRY,model,0.9983,2026-09-22 19:53:06
295dbdfd-32f6-5074-9f36-53dea5cccef5,d0e12579-3dce-5d75-a17c-1abbef7ac136,184.3.50,184,2,3,50,"[17.0, 58.0, 395.0, 904.0]",Text,"Ferrand (Jean-Baptiste), rue Batave, 10.  ",ENTRY,"<SUBJ>Ferrand (Jean-Baptiste)</SUBJ>, <ADDR>rue Batave, 10.</ADDR>",1,0,1,1.0000,,B-ENTRY,B-ENTRY,model,0.9994,2026-09-22 19:53:06
f5fe9f4c-0428-5df3-a067-a44f1e676063,d0e12579-3dce-5d75-a17c-1abbef7ac136,184.3.51,184,2,3,51,"[17.0, 58.0, 395.0, 904.0]",Text,"Fleury, cour S.-Guillaume, 15. — B. des M. Foutaine, rue Neuve-Égalité, 2.  ",ENTRY,"<SUBJ>Fleury</SUBJ>, <ADDR>cour S.-Guillaume, 15. — B. des M. Foutaine, rue Neuve-Égalité, 2.</ADDR>",1,0,1,1.0000,,B-ENTRY,B-ENTRY,model,0.9833,2026-09-22 19:53:06
b7918e64-843e-5b24-9193-f32258c350d0,d0e12579-3dce-5d75-a17c-1abbef7ac136,184.3.52,184,2,3,52,"[17.0, 58.0, 395.0, 904.0]",Text,"Foutaine, rue Notre-Dame-des-Victoires, 16.  ",ENTRY,"<SUBJ>Foutaine</SUBJ>, <ADDR>rue Notre-Dame-des-Victoires, 16.</ADDR>",1,0,1,1.0000,,B-ENTRY,B-ENTRY,model,0.9829,2026-09-22 19:53:06
ef2093b4-ea5b-5f09-8d23-377b0e0bb0c5,d0e12579-3dce-5d75-a17c-1abbef7ac136,184.3.53,184,2,3,53,"[17.0, 58.0, 395.0, 904.0]",Text,"Fosse, rue Saint-Dominique, 48. — Inv.  ",ENTRY,"<SUBJ>Fosse</SUBJ>, <ADDR>rue Saint-Dominique, 48. — Inv.</ADDR>",1,0,1,1.0000,,B-ENTRY,B-ENTRY,model,0.9638,2026-09-22 19:53:06
5bc36fda-9425-5a6b-bf22-73f5cee10ecb,d0e12579-3dce-5d75-a17c-1abbef7ac136,184.3.54,184,2,3,54,"[17.0, 58.0, 395.0, 904.0]",Text,"France, rue du Faub.-Poissonnière, 42.  ",ENTRY,"<SUBJ>France</SUBJ>, <ADDR>rue du Faub.-Poissonnière, 42.</ADDR>",1,0,1,1.0000,,B-ENTRY,B-ENTRY,model,0.9748,2026-09-22 19:53:06
6f3d1632-d438-5245-aa26-e20e1fa23c88,d0e12579-3dce-5d75-a17c-1abbef7ac136,184.3.55,184,2,3,55,"[17.0, 58.0, 395.0, 904.0]",Text,"Gaillard, rue de l'Anery, 28.  ",ENTRY,"<SUBJ>Gaillard</SUBJ>, <ADDR>rue de l'Anery, 28.</ADDR>",1,0,1,1.0000,,B-ENTRY,B-ENTRY,model,0.9883,2026-09-22 19:53:06
b51fc672-7c3e-5246-ba9c-2deefb692620,d0e12579-3dce-5d75-a17c-1abbef7ac136,184.3.56,184,2,3,56,"[17.0, 58.0, 395.0, 904.0]",Text,"Camas, rue du Montmorency, 1.",ENTRY,"<SUBJ>Camas</SUBJ>, <ADDR>rue du Montmorency, 1.</ADDR>",1,0,1,1.0000,,B-ENTRY,B-ENTRY,model,0.9742,2026-09-22 19:53:06
fd55b809-9c7a-51ea-b667-684770635e4c,d0e12579-3dce-5d75-a17c-1abbef7ac136,184.4.0,184,3,4,0,"[395.0, 56.0, 787.0, 904.0]",Text,"Gauthier (Hyacinthe - Gabriel), rue des Prouvaires, 55.  ",ENTRY,"<SUBJ>Gauthier (Hyacinthe - Gabriel)</SUBJ>, <ADDR>rue des Prouvaires, 55.</ADDR>",1,0,1,1.0000,,B-ENTRY,B-ENTRY,model,0.9994,2026-09-22 19:53:06
ad2d7042-9abc-5e32-bfff-4d622ae0075d,d0e12579-3dce-5d75-a17c-1abbef7ac136,184.4.1,184,3,4,1,"[395.0, 56.0, 787.0, 904.0]",Text,"Gigon, rue S.-Germain-l'Auxerrois, 87.  ",ENTRY,"<SUBJ>Gigon</SUBJ>, <ADDR>rue S.-Germain-l'Auxerrois, 87.</ADDR>",1,0,1,1.0000,,B-ENTRY,B-ENTRY,model,0.983,2026-09-22 19:53:06
45b477b8-92d7-5025-be3f-2302ae1b4f75,d0e12579-3dce-5d75-a17c-1abbef7ac136,184.4.2,184,3,4,2,"[395.0, 56.0, 787.0, 904.0]",Text,"Giot, à Charonne, rue Ribelette.  ",ENTRY,"<SUBJ>Giot</SUBJ>, <ADDR>à Charonne, rue Ribelette.</ADDR>",1,0,1,1.0000,,B-ENTRY,B-ENTRY,human,1.0,2026-09-22 19:52:20
1b027228-5c2a-513d-ad6a-a9039d46be98,d0e12579-3dce-5d75-a17c-1abbef7ac136,184.4.3,184,3,4,3,"[395.0, 56.0, 787.0, 904.0]",Text,"Girardot, rue du Harlay, 27. — P.-N.  ",ENTRY,"<SUBJ>Girardot</SUBJ>, <ADDR>rue du Harlay, 27. — P.-N.</ADDR>",1,0,1,1.0000,,B-ENTRY,B-ENTRY,human,1.0,2026-09-22 19:52:20
931155de-0ce1-584a-8b2a-0427688c667a,d0e12579-3dce-5d75-a17c-1abbef7ac136,184.4.4,184,3,4,4,"[395.0, 56.0, 787.0, 904.0]",Text,"Gontier (Ét.), rue de la Mortellerie, 156.  ",ENTRY,"<SUBJ>Gontier (Ét.)</SUBJ>, <ADDR>rue de la Mortellerie, 156.</ADDR>",1,0,1,1.0000,,B-ENTRY,B-ENTRY,model,0.9994,2026-09-22 19:53:06
6d3466a1-ec23-55c4-b625-1771d620a031,d0e12579-3dce-5d75-a17c-1abbef7ac136,184.4.5,184,3,4,5,"[395.0, 56.0, 787.0, 904.0]",Text,"Gontier (Jean), rue....  ",ENTRY,"<SUBJ>Gontier (Jean)</SUBJ>, <ADDR>rue....</ADDR>",1,0,1,1.0000,,B-ENTRY,B-ENTRY,model,0.9992,2026-09-22 19:53:06
74ab894b-0b4d-5efb-948c-5a170fbf5816,d0e12579-3dce-5d75-a17c-1abbef7ac136,184.4.6,184,3,4,6,"[395.0, 56.0, 787.0, 904.0]",Text,"Goyon, rue de Cléry, 62.  ",ENTRY,"<SUBJ>Goyon</SUBJ>, <ADDR>rue de Cléry, 62.</ADDR>",1,0,1,1.0000,,B-ENTRY,B-ENTRY,model,0.9746,2026-09-22 19:53:06
e0153e23-af86-5e7f-8d96-bf663b5ca7c2,d0e12579-3dce-5d75-a17c-1abbef7ac136,184.4.7,184,3,4,7,"[395.0, 56.0, 787.0, 904.0]",Text,"Guillaume, rue Neuve-Notre-Dame, 2.  ",ENTRY,"<SUBJ>Guillaume</SUBJ>, <ADDR>rue Neuve-Notre-Dame, 2.</ADDR>",1,0,1,1.0000,,B-ENTRY,B-ENTRY,model,0.9718,2026-09-22 19:53:06
65729a65-b80a-5049-b5f8-653cfcff38f4,d0e12579-3dce-5d75-a17c-1abbef7ac136,184.4.8,184,3,4,8,"[395.0, 56.0, 787.0, 904.0]",Text,"Guillot Masson, rue Galande, 9.  ",ENTRY,"<SUBJ>Guillot Masson</SUBJ>, <ADDR>rue Galande, 9.</ADDR>",1,0,1,1.0000,,B-ENTRY,B-ENTRY,model,0.9694,2026-09-22 19:53:06
aca98056-0f9f-535b-8399-304cdfb4168b,d0e12579-3dce-5d75-a17c-1abbef7ac136,184.4.9,184,3,4,9,"[395.0, 56.0, 787.0, 904.0]",Text,"Hernu, rue Neuve-Saint-Méry, 50.  ",ENTRY,"<SUBJ>Hernu</SUBJ>, <ADDR>rue Neuve-Saint-Méry, 50.</ADDR>",1,0,1,1.0000,,B-ENTRY,B-ENTRY,model,0.9712,2026-09-22 19:53:06
3431a191-f760-565a-a514-3fb28b405e90,d0e12579-3dce-5d75-a17c-1abbef7ac136,184.4.10,184,3,4,10,"[395.0, 56.0, 787.0, 904.0]",Text,"Honoré (Bernard), rue Boucheraf, 20.  ",ENTRY,"<SUBJ>Honoré (Bernard)</SUBJ>, <ADDR>rue Boucheraf, 20.</ADDR>",1,0,1,1.0000,,B-ENTRY,B-ENTRY,model,0.9995,2026-09-22 19:53:06
f3888548-b11f-5299-94f2-5f3c326e0486,d0e12579-3dce-5d75-a17c-1abbef7ac136,184.4.11,184,3,4,11,"[395.0, 56.0, 787.0, 904.0]",Text,"Hubert, rue Vieille-du-Temple, 52.  ",ENTRY,"<SUBJ>Hubert</SUBJ>, <ADDR>rue Vieille-du-Temple, 52.</ADDR>",1,0,1,1.0000,,B-ENTRY,B-ENTRY,model,0.9708,2026-09-22 19:53:06
67169d25-4e3b-5b2c-8048-8ce51055f694,d0e12579-3dce-5d75-a17c-1abbef7ac136,184.4.12,184,3,4,12,"[395.0, 56.0, 787.0, 904.0]",Text,"Jacinthe, rue Saint-Louis, 9. — P.-N.  ",ENTRY,"<SUBJ>Jacinthe</SUBJ>, <ADDR>rue Saint-Louis, 9. — P.-N.</ADDR>",1,0,1,1.0000,,B-ENTRY,B-ENTRY,model,0.9751,2026-09-22 19:53:06
8917c463-3a2e-534c-a248-6d3140a477c3,d0e12579-3dce-5d75-a17c-1abbef7ac136,184.4.13,184,3,4,13,"[395.0, 56.0, 787.0, 904.0]",Text,"Jacob, rue du Petit-Carreau, 50.  ",ENTRY,"<SUBJ>Jacob</SUBJ>, <ADDR>rue du Petit-Carreau, 50.</ADDR>",1,0,1,1.0000,,B-ENTRY,B-ENTRY,model,0.9881,2026-09-22 19:53:06
a0866f9e-73e1-58fb-a252-81948354969d,d0e12579-3dce-5d75-a17c-1abbef7ac136,184.4.14,184,3,4,14,"[395.0, 56.0, 787.0, 904.0]",Text,"Janceau, rue de la Bûcherie, 14.  ",ENTRY,"<SUBJ>Janceau</SUBJ>, <ADDR>rue de la Bûcherie, 14.</ADDR>",1,0,1,1.0000,,B-ENTRY,B-ENTRY,model,0.9848,2026-09-22 19:53:06
d80cbc5f-3007-5612-b836-089771008167,d0e12579-3dce-5d75-a17c-1abbef7ac136,184.4.15,184,3,4,15,"[395.0, 56.0, 787.0, 904.0]",Text,"Jaume Préval, rue des Deux-Portes-Saint-Sauveur, 16.  ",ENTRY,"<SUBJ>Jaume Préval</SUBJ>, <ADDR>rue des Deux-Portes-Saint-Sauveur, 16.</ADDR>",1,0,1,1.0000,,B-ENTRY,B-ENTRY,model,0.9814,2026-09-22 19:53:06
2a7de472-2e4d-5904-ad26-20bdd9e3c09e,d0e12579-3dce-5d75-a17c-1abbef7ac136,184.4.16,184,3,4,16,"[395.0, 56.0, 787.0, 904.0]",Text,"Joliet, rue de la Roquette, 5.  ",ENTRY,"<SUBJ>Joliet</SUBJ>, <ADDR>rue de la Roquette, 5.</ADDR>",1,0,1,1.0000,,B-ENTRY,B-ENTRY,model,0.9848,2026-09-22 19:53:06
cfc2631b-60af-5f3d-8784-3ffa8c45f27f,d0e12579-3dce-5d75-a17c-1abbef7ac136,184.4.17,184,3,4,17,"[395.0, 56.0, 787.0, 904.0]",Text,"Joussecaume, rue du Mont-Blanc, 22.  ",ENTRY,"<SUBJ>Joussecaume</SUBJ>, <ADDR>rue du Mont-Blanc, 22.</ADDR>",1,0,1,1.0000,,B-ENTRY,B-ENTRY,model,0.9877,2026-09-22 19:53:06
5bd41c67-4691-5f31-9882-5ecf6baf442e,d0e12579-3dce-5d75-a17c-1abbef7ac136,184.4.18,184,3,4,18,"[395.0, 56.0, 787.0, 904.0]",Text,"Julien, rue de Grenelle, 14. — H. au Blé.  ",ENTRY,"<SUBJ>Julien</SUBJ>, <ADDR>rue de Grenelle, 14. — H. au Blé.</ADDR>",1,0,1,1.0000,,B-ENTRY,B-ENTRY,model,0.9644,2026-09-22 19:53:06
2faf51ae-a88b-57d2-b17a-c041ee347ca7,d0e12579-3dce-5d75-a17c-1abbef7ac136,184.4.19,184,3,4,19,"[395.0, 56.0, 787.0, 904.0]",Text,"Labadens, rue Ticquetonne, 9.  ",ENTRY,"<SUBJ>Labadens</SUBJ>, <ADDR>rue Ticquetonne, 9.</ADDR>",1,0,1,1.0000,,B-ENTRY,B-ENTRY,model,0.9708,2026-09-22 19:53:06
b50cdd45-d878-510c-a2bb-0ebf9764edb6,d0e12579-3dce-5d75-a17c-1abbef7ac136,184.4.20,184,3,4,20,"[395.0, 56.0, 787.0, 904.0]",Text,"Laborde (J.), rue des Bernardins, 26.  ",ENTRY,"<SUBJ>Laborde (J.)</SUBJ>, <ADDR>rue des Bernardins, 26.</ADDR>",1,0,1,1.0000,,B-ENTRY,B-ENTRY,model,0.9966,2026-09-22 19:53:06
61580e5d-0b4e-5f36-8f71-1531603e7573,d0e12579-3dce-5d75-a17c-1abbef7ac136,184.4.21,184,3,4,21,"[395.0, 56.0, 787.0, 904.0]",Text,"Laborde (L.), rue et île Saint-Louis, 74.  ",ENTRY,"<SUBJ>Laborde (L.)</SUBJ>, <ADDR>rue et île Saint-Louis, 74.</ADDR>",1,0,1,1.0000,,B-ENTRY,B-ENTRY,model,0.9966,2026-09-22 19:53:06
317d818d-3af5-545e-9c42-26e98aa70556,d0e12579-3dce-5d75-a17c-1abbef7ac136,184.4.22,184,3,4,22,"[395.0, 56.0, 787.0, 904.0]",Text,"Laccoua, rue Bordet, 47.  ",ENTRY,"<SUBJ>Laccoua</SUBJ>, <ADDR>rue Bordet, 47.</ADDR>",1,0,1,1.0000,,B-ENTRY,B-ENTRY,model,0.9707,2026-09-22 19:53:06
b5476d67-8389-569f-8fcc-650ec8cbc66d,d0e12579-3dce-5d75-a17c-1abbef7ac136,184.4.23,184,3,4,23,"[395.0, 56.0, 787.0, 904.0]",Text,"Lacroix, rue Coq-Héron, 16.  ",ENTRY,"<SUBJ>Lacroix</SUBJ>, <ADDR>rue Coq-Héron, 16.</ADDR>",1,0,1,1.0000,,B-ENTRY,B-ENTRY,model,0.9827,2026-09-22 19:53:06
b7b44f45-d750-5ae0-80ad-06d07d8f4c03,d0e12579-3dce-5d75-a17c-1abbef7ac136,184.4.24,184,3,4,24,"[395.0, 56.0, 787.0, 904.0]",Text,"Lagrave, rue de l'Oursine, 79.  ",ENTRY,"<SUBJ>Lagrave</SUBJ>, <ADDR>rue de l'Oursine, 79.</ADDR>",1,0,1,1.0000,,B-ENTRY,B-ENTRY,model,0.9881,2026-09-22 19:53:06
c4e7e9bd-80f3-5587-9b9d-6a1d9f7763fb,d0e12579-3dce-5d75-a17c-1abbef7ac136,184.4.25,184,3,4,25,"[395.0, 56.0, 787.0, 904.0]",Text,"Lagueule, rue du Monceau-S.-Gervais.  ",ENTRY,"<SUBJ>Lagueule</SUBJ>, <ADDR>rue du Monceau-S.-Gervais.</ADDR>",1,0,1,1.0000,,B-ENTRY,B-ENTRY,model,0.9387,2026-09-22 19:53:06
77169799-7c84-5de2-ade8-1d08a51832d3,d0e12579-3dce-5d75-a17c-1abbef7ac136,184.4.26,184,3,4,26,"[395.0, 56.0, 787.0, 904.0]",Text,"Lairle dit Leguerle, rue Neuve-des-Peits-Champs, 81.  ",ENTRY,"<SUBJ>Lairle dit Leguerle</SUBJ>, <ADDR>rue Neuve-des-Peits-Champs, 81.</ADDR>",1,0,1,1.0000,,B-ENTRY,B-ENTRY,model,0.9849,2026-09-22 19:53:06
d35de631-9b94-5b24-b8c6-486250e55019,d0e12579-3dce-5d75-a17c-1abbef7ac136,184.4.27,184,3,4,27,"[395.0, 56.0, 787.0, 904.0]",Text,"Lambert, cour des Fontaines, 5.  ",ENTRY,"<SUBJ>Lambert</SUBJ>, <ADDR>cour des Fontaines, 5.</ADDR>",1,0,1,1.0000,,B-ENTRY,B-ENTRY,model,0.9742,2026-09-22 19:53:06
511cbaa7-a756-5c8b-9890-b79704b9c8f7,d0e12579-3dce-5d75-a17c-1abbef7ac136,184.4.28,184,3,4,28,"[395.0, 56.0, 787.0, 904.0]",Text,"Lambert (Pierre), rue d'Anjou, au Marais, 10.  ",ENTRY,"<SUBJ>Lambert (Pierre)</SUBJ>, <ADDR>rue d'Anjou, au Marais, 10.</ADDR>",1,0,1,1.0000,,B-ENTRY,B-ENTRY,model,0.9994,2026-09-22 19:53:06
9a290e67-d0a2-5af6-ab87-b703ab555058,d0e12579-3dce-5d75-a17c-1abbef7ac136,184.4.29,184,3,4,29,"[395.0, 56.0, 787.0, 904.0]",Text,"Laribeau, rue Saint-Jacques, 187.  ",ENTRY,"<SUBJ>Laribeau</SUBJ>, <ADDR>rue Saint-Jacques, 187.</ADDR>",1,0,1,1.0000,,B-ENTRY,B-ENTRY,model,0.9824,2026-09-22 19:53:06
4a42623b-21df-505b-816d-cb91040f453d,d0e12579-3dce-5d75-a17c-1abbef7ac136,184.4.30,184,3,4,30,"[395.0, 56.0, 787.0, 904.0]",Text,"Laroque, cloître Notre-Dame, 14.  ",ENTRY,"<SUBJ>Laroque</SUBJ>, <ADDR>cloître Notre-Dame, 14.</ADDR>",1,0,1,1.0000,,B-ENTRY,B-ENTRY,model,0.9826,2026-09-22 19:53:06
56923dac-0a70-550e-9d06-7fe93c1f4105,d0e12579-3dce-5d75-a17c-1abbef7ac136,184.4.31,184,3,4,31,"[395.0, 56.0, 787.0, 904.0]",Text,"Latappy, rue du Faub.-S.-Autoine, 157.  ",ENTRY,"<SUBJ>Latappy</SUBJ>, <ADDR>rue du Faub.-S.-Autoine, 157.</ADDR>",1,0,1,1.0000,,B-ENTRY,B-ENTRY,model,0.9849,2026-09-22 19:53:06
29199a3f-eed4-5fd9-9a4d-50662c707479,d0e12579-3dce-5d75-a17c-1abbef7ac136,184.4.32,184,3,4,32,"[395.0, 56.0, 787.0, 904.0]",Text,"Laudumier, rue de Richelieu, 7.  ",ENTRY,"<SUBJ>Laudumier</SUBJ>, <ADDR>rue de Richelieu, 7.</ADDR>",1,0,1,1.0000,,B-ENTRY,B-ENTRY,model,0.9745,2026-09-22 19:53:06
144c6fee-8117-5b4c-90c1-79c3ba71ef85,d0e12579-3dce-5d75-a17c-1abbef7ac136,184.4.33,184,3,4,33,"[395.0, 56.0, 787.0, 904.0]",Text,"Laval, quai d'Anjou, 5.  ",ENTRY,"<SUBJ>Laval</SUBJ>, <ADDR>quai d'Anjou, 5.</ADDR>",1,0,1,1.0000,,B-ENTRY,B-ENTRY,model,0.9851,2026-09-22 19:53:06
b7037bd8-1315-55c9-bbe9-71bddd106a82,d0e12579-3dce-5d75-a17c-1abbef7ac136,184.4.34,184,3,4,34,"[395.0, 56.0, 787.0, 904.0]",Text,"Leblanc, rue Férou, 24.  ",ENTRY,"<SUBJ>Leblanc</SUBJ>, <ADDR>rue Férou, 24.</ADDR>",1,0,1,1.0000,,B-ENTRY,B-ENTRY,model,0.971,2026-09-22 19:53:06
66089afc-3281-570f-a626-17c519d6f30b,d0e12579-3dce-5d75-a17c-1abbef7ac136,184.4.35,184,3,4,35,"[395.0, 56.0, 787.0, 904.0]",Text,"Lebrun, rue Saint-Honoré, 67.  ",ENTRY,"<SUBJ>Lebrun</SUBJ>, <ADDR>rue Saint-Honoré, 67.</ADDR>",1,0,1,1.0000,,B-ENTRY,B-ENTRY,model,0.9829,2026-09-22 19:53:06
70fd320f-81cf-5f09-b513-23a6e6a52311,d0e12579-3dce-5d75-a17c-1abbef7ac136,184.4.36,184,3,4,36,"[395.0, 56.0, 787.0, 904.0]",Text,"Leduc, rue de Limoges, 5.  ",ENTRY,"<SUBJ>Leduc</SUBJ>, <ADDR>rue de Limoges, 5.</ADDR>",1,0,1,1.0000,,B-ENTRY,B-ENTRY,human,1.0,2026-09-22 19:50:12
ec0026e8-4fe1-527b-a667-cbdd27ff0435,d0e12579-3dce-5d75-a17c-1abbef7ac136,184.4.37,184,3,4,37,"[395.0, 56.0, 787.0, 904.0]",Text,"Lefevre (J. Jos.), rue Saint-Martin, 112.  ",ENTRY,"<SUBJ>Lefevre (J. Jos.)</SUBJ>, <ADDR>rue Saint-Martin, 112.</ADDR>",1,0,1,1.0000,,B-ENTRY,B-ENTRY,human,1.0,2026-09-22 19:50:12
3769fdfd-5f6e-5369-b3ea-d6b4e3cfa72f,d0e12579-3dce-5d75-a17c-1abbef7ac136,184.4.38,184,3,4,38,"[395.0, 56.0, 787.0, 904.0]",Text,"Lefevre (Paul), rue S.-Maur, 7. — Ouesi.  ",ENTRY,"<SUBJ>Lefevre (Paul)</SUBJ>, <ADDR>rue S.-Maur, 7. — Ouesi.</ADDR>",1,0,1,1.0000,,B-ENTRY,B-ENTRY,model,0.9981,2026-09-22 19:53:06
a8d42888-132a-50c8-afdd-a28f002c8b11,d0e12579-3dce-5d75-a17c-1abbef7ac136,184.4.39,184,3,4,39,"[395.0, 56.0, 787.0, 904.0]",Text,"Legaulle, rue du Monceau-S.-Gervais, 15.  ",ENTRY,"<SUBJ>Legaulle</SUBJ>, <ADDR>rue du Monceau-S.-Gervais, 15.</ADDR>",1,0,1,1.0000,,B-ENTRY,B-ENTRY,model,0.9847,2026-09-22 19:53:06
4690e14c-afc2-560b-8907-713eb91061b3,d0e12579-3dce-5d75-a17c-1abbef7ac136,184.4.40,184,3,4,40,"[395.0, 56.0, 787.0, 904.0]",Text,"Legras, rue de Marivaux, 11.  ",ENTRY,"<SUBJ>Legras</SUBJ>, <ADDR>rue de Marivaux, 11.</ADDR>",1,0,1,1.0000,,B-ENTRY,B-ENTRY,model,0.9746,2026-09-22 19:53:06
b75a5428-6823-5341-a2d1-22189c81790c,d0e12579-3dce-5d75-a17c-1abbef7ac136,184.4.41,184,3,4,41,"[395.0, 56.0, 787.0, 904.0]",Text,"Lemaitre, rue Saint-Magloire, 2.  ",ENTRY,"<SUBJ>Lemaitre</SUBJ>, <ADDR>rue Saint-Magloire, 2.</ADDR>",1,0,1,1.0000,,B-ENTRY,B-ENTRY,model,0.983,2026-09-22 19:53:06
5322d874-b112-556d-bdbc-0c8de030ffce,d0e12579-3dce-5d75-a17c-1abbef7ac136,184.4.42,184,3,4,42,"[395.0, 56.0, 787.0, 904.0]",Text,"Lemercier, rue...  ",ENTRY,"<SUBJ>Lemercier</SUBJ>, <ADDR>rue...</ADDR>",1,0,1,1.0000,,B-ENTRY,B-ENTRY,model,0.9626,2026-09-22 19:53:06
5b1497df-73bb-5ead-a4c7-db417ede309f,d0e12579-3dce-5d75-a17c-1abbef7ac136,184.4.43,184,3,4,43,"[395.0, 56.0, 787.0, 904.0]",Text,"Le Moussu, rue de l'École-de-Médecine, 55.  ",ENTRY,"<SUBJ>Le Moussu</SUBJ>, <ADDR>rue de l'École-de-Médecine, 55.</ADDR>",1,0,1,1.0000,,B-ENTRY,B-ENTRY,model,0.9819,2026-09-22 19:53:06
660d6ebc-a560-5aea-9516-18a07acca0f2,d0e12579-3dce-5d75-a17c-1abbef7ac136,184.4.44,184,3,4,44,"[395.0, 56.0, 787.0, 904.0]",Text,"Leproust, rue Montmartre, 80.  ",ENTRY,"<SUBJ>Leproust</SUBJ>, <ADDR>rue Montmartre, 80.</ADDR>",1,0,1,1.0000,,B-ENTRY,B-ENTRY,model,0.9711,2026-09-22 19:53:06
b203f17c-a3a6-5fb0-b663-9685d554273b,d0e12579-3dce-5d75-a17c-1abbef7ac136,184.4.45,184,3,4,45,"[395.0, 56.0, 787.0, 904.0]",Text,"Lesfilles, rue Saint-Jacques, 5.  ",ENTRY,"<SUBJ>Lesfilles</SUBJ>, <ADDR>rue Saint-Jacques, 5.</ADDR>",1,0,1,1.0000,,B-ENTRY,B-ENTRY,model,0.983,2026-09-22 19:53:06
1e374a46-999b-5d61-a412-614d7ba5b7f4,d0e12579-3dce-5d75-a17c-1abbef7ac136,184.4.46,184,3,4,46,"[395.0, 56.0, 787.0, 904.0]",Text,"Mackers, rue Salle-au-Comte, 7.  ",ENTRY,"<SUBJ>Mackers</SUBJ>, <ADDR>rue Salle-au-Comte, 7.</ADDR>",1,0,1,1.0000,,B-ENTRY,B-ENTRY,model,0.9715,2026-09-22 19:53:06
3115e909-81ff-5ccf-b64a-5e5f6be112d5,d0e12579-3dce-5d75-a17c-1abbef7ac136,184.4.47,184,3,4,47,"[395.0, 56.0, 787.0, 904.0]",Text,"Magendie, rue de Verneuil, 52.  ",ENTRY,"<SUBJ>Magendie</SUBJ>, <ADDR>rue de Verneuil, 52.</ADDR>",1,0,1,1.0000,,B-ENTRY,B-ENTRY,model,0.9749,2026-09-22 19:53:06
c2eedfbc-fa85-5998-86d3-3564fc8b9820,d0e12579-3dce-5d75-a17c-1abbef7ac136,184.4.48,184,3,4,48,"[395.0, 56.0, 787.0, 904.0]",Text,"Maglier, rue J.-J.-Rousseau, 7.  ",ENTRY,"<SUBJ>Maglier</SUBJ>, <ADDR>rue J.-J.-Rousseau, 7.</ADDR>",1,0,1,1.0000,,B-ENTRY,B-ENTRY,model,0.9838,2026-09-22 19:53:06
78b8f989-aa4e-52af-98ca-23f59b7ba63e,d0e12579-3dce-5d75-a17c-1abbef7ac136,184.4.49,184,3,4,49,"[395.0, 56.0, 787.0, 904.0]",Text,"Magné, rue Traversière, 2.  ",ENTRY,"<SUBJ>Magné</SUBJ>, <ADDR>rue Traversière, 2.</ADDR>",1,0,1,1.0000,,B-ENTRY,B-ENTRY,model,0.9712,2026-09-22 19:53:06
95c878f8-03bd-5b4c-b9c1-c0cfcbe17607,d0e12579-3dce-5d75-a17c-1abbef7ac136,184.4.50,184,3,4,50,"[395.0, 56.0, 787.0, 904.0]",Text,"Malaese, rue du Mail, 19.  ",ENTRY,"<SUBJ>Malaese</SUBJ>, <ADDR>rue du Mail, 19.</ADDR>",1,0,1,1.0000,,B-ENTRY,B-ENTRY,model,0.9746,2026-09-22 19:53:06
86841c5a-0550-5e1e-8a8e-5cbb41cd2fc3,d0e12579-3dce-5d75-a17c-1abbef7ac136,184.4.51,184,3,4,51,"[395.0, 56.0, 787.0, 904.0]",Text,"Martin (Cl. Mich.), rue de Savoie, 9.  ",ENTRY,"<SUBJ>Martin (Cl. Mich.)</SUBJ>, <ADDR>rue de Savoie, 9.</ADDR>",1,0,1,1.0000,,B-ENTRY,B-ENTRY,model,0.9994,2026-09-22 19:53:06
65c33c12-ba84-525c-acbd-73a48f63a587,d0e12579-3dce-5d75-a17c-1abbef7ac136,184.4.52,184,3,4,52,"[395.0, 56.0, 787.0, 904.0]",Text,"Marye (Ant. Jos.), rue des Noyers, 52.  ",ENTRY,"<SUBJ>Marye (Ant. Jos.)</SUBJ>, <ADDR>rue des Noyers, 52.</ADDR>",1,0,1,1.0000,,B-ENTRY,B-ENTRY,model,0.9994,2026-09-22 19:53:06
a39ab5ab-11c3-5c8f-a1d8-586a39f1f0e5,d0e12579-3dce-5d75-a17c-1abbef7ac136,184.4.53,184,3,4,53,"[395.0, 56.0, 787.0, 904.0]",Text,"Masse, rue Saint-Martin, 59.  ",ENTRY,"<SUBJ>Masse</SUBJ>, <ADDR>rue Saint-Martin, 59.</ADDR>",1,0,1,1.0000,,B-ENTRY,B-ENTRY,model,0.9824,2026-09-22 19:53:06
35dbe9a1-304f-5d32-96c5-1cd3e2cd41e8,d0e12579-3dce-5d75-a17c-1abbef7ac136,184.4.54,184,3,4,54,"[395.0, 56.0, 787.0, 904.0]",Text,"Masson, rue Saint-Denis, 244.  ",ENTRY,"<SUBJ>Masson</SUBJ>, <ADDR>rue Saint-Denis, 244.</ADDR>",1,0,1,1.0000,,B-ENTRY,B-ENTRY,model,0.9826,2026-09-22 19:53:06
4570ff1f-9759-5cbf-b546-b8d601e6aaab,d0e12579-3dce-5d75-a17c-1abbef7ac136,184.4.55,184,3,4,55,"[395.0, 56.0, 787.0, 904.0]",Text,"Maury, rue Ste.-Croix-de-la-Bretonnerie, 58.  ",ENTRY,"<SUBJ>Maury</SUBJ>, <ADDR>rue Ste.-Croix-de-la-Bretonnerie, 58.</ADDR>",1,0,1,1.0000,,B-ENTRY,B-ENTRY,model,0.983,2026-09-22 19:53:06
c0aedd02-ff59-5067-8294-019a9cc78d61,d0e12579-3dce-5d75-a17c-1abbef7ac136,184.4.56,184,3,4,56,"[395.0, 56.0, 787.0, 904.0]",Text,"Meillard, rue de Thionville, 40.  ",ENTRY,"<SUBJ>Meillard</SUBJ>, <ADDR>rue de Thionville, 40.</ADDR>",1,0,1,1.0000,,B-ENTRY,B-ENTRY,human,1.0,2026-09-22 19:51:50
430c552d-4a9a-510d-8697-d0648133cfcf,d0e12579-3dce-5d75-a17c-1abbef7ac136,"184.4.57,185.3.0","184,185","3,2","4,3","57,0","[395.0, 56.0, 787.0, 904.0],[215.0, 70.0, 986.0, 475.0]","Text,List-Group","Mettenberg, officier de santé de la garde et de la maison du Sénat conservateur, rue Saint-Dominique-d'Enfer, 20.",ENTRY,"<SUBJ>Mettenberg</SUBJ>, <DESC>officier de santé de la garde et de la maison du Sénat conservateur</DESC>, <ADDR>rue Saint-Dominique-d'Enfer, 20.</ADDR>",1,1,1,1.0000,,"B-ENTRY,I-ENTRY","B-ENTRY,I-ENTRY","human,human","1.0,1.0","2026-09-22 19:51:50,2026-09-22 19:49:59"
094321e6-12fd-5933-ac84-c0b36c79a82e,d0e12579-3dce-5d75-a17c-1abbef7ac136,185.1.0,185,0,1,0,"[219.0, 47.0, 271.0, 66.0]",Page-Header,520,OUT OF SCOPE,,,,,,,OUT OF SCOPE,OUT OF SCOPE,model,0.9893,2026-09-22 19:53:06
717d51c9-3b15-5125-8b1e-af522244d2df,d0e12579-3dce-5d75-a17c-1abbef7ac136,185.2.0,185,1,2,0,"[338.0, 43.0, 871.0, 66.0]",Page-Header,"Académ. de méd., Société galv. - PARIS.",OUT OF SCOPE,,,,,,,OUT OF SCOPE,OUT OF SCOPE,human,1.0,2026-09-22 19:49:59
af4a8b94-40ca-5063-8480-35c9e5d86dd5,d0e12579-3dce-5d75-a17c-1abbef7ac136,185.3.1,185,2,3,1,"[215.0, 70.0, 986.0, 475.0]",List-Group,"Millet (J. F.), *hermétique*, quai Le Pelletier, 28.  ",ENTRY,"<SUBJ>Millet (J. F.)</SUBJ>, *<DESC>hermétique</DESC>*, <ADDR>quai Le Pelletier, 28.</ADDR>",1,1,1,1.0000,,B-ENTRY,B-ENTRY,model,0.9995,2026-09-22 19:53:06
694df8da-f8ff-545c-807f-712943315849,d0e12579-3dce-5d75-a17c-1abbef7ac136,185.3.2,185,2,3,2,"[215.0, 70.0, 986.0, 475.0]",List-Group,"Millet (Pierre), rue Saint-Victor, 156.  ",ENTRY,"<SUBJ>Millet (Pierre)</SUBJ>, <ADDR>rue Saint-Victor, 156.</ADDR>",1,0,1,1.0000,,B-ENTRY,B-ENTRY,model,0.9997,2026-09-22 19:53:06
9b854c7a-5e83-53e2-823f-0f138c1d71b7,d0e12579-3dce-5d75-a17c-1abbef7ac136,185.3.3,185,2,3,3,"[215.0, 70.0, 986.0, 475.0]",List-Group,"Moudet, rue des Déchargeurs, 9.  ",ENTRY,"<SUBJ>Moudet</SUBJ>, <ADDR>rue des Déchargeurs, 9.</ADDR>",1,0,1,1.0000,,B-ENTRY,B-ENTRY,model,0.9871,2026-09-22 19:53:06
d4042d70-0312-5177-8c82-d999c6e9b7e6,d0e12579-3dce-5d75-a17c-1abbef7ac136,185.3.4,185,2,3,4,"[215.0, 70.0, 986.0, 475.0]",List-Group,"Monet, rue des Vieux-Augustins, 18.  ",ENTRY,"<SUBJ>Monet</SUBJ>, <ADDR>rue des Vieux-Augustins, 18.</ADDR>",1,0,1,1.0000,,B-ENTRY,B-ENTRY,model,0.9941,2026-09-22 19:53:06
c8ae106d-bafd-5867-af65-69f3254eeb69,d0e12579-3dce-5d75-a17c-1abbef7ac136,185.3.5,185,2,3,5,"[215.0, 70.0, 986.0, 475.0]",List-Group,"Montaudou, rue Saint-Denis, 395.  ",ENTRY,"<SUBJ>Montaudou</SUBJ>, <ADDR>rue Saint-Denis, 395.</ADDR>",1,0,1,1.0000,,B-ENTRY,B-ENTRY,model,0.9913,2026-09-22 19:53:06
aed253a3-d77f-55b5-be27-78958dec3f77,d0e12579-3dce-5d75-a17c-1abbef7ac136,185.3.6,185,2,3,6,"[215.0, 70.0, 986.0, 475.0]",List-Group,"Morais, rue du Faub. Saint-Martin, 187.  ",ENTRY,"<SUBJ>Morais</SUBJ>, <ADDR>rue du Faub. Saint-Martin, 187.</ADDR>",1,0,1,1.0000,,B-ENTRY,B-ENTRY,model,0.9923,2026-09-22 19:53:06
1b482898-1fb7-55b6-8ce9-6357e2769394,d0e12579-3dce-5d75-a17c-1abbef7ac136,185.3.7,185,2,3,7,"[215.0, 70.0, 986.0, 475.0]",List-Group,"Moutardon, rue de la Juiverie, 1.  ",ENTRY,"<SUBJ>Moutardon</SUBJ>, <ADDR>rue de la Juiverie, 1.</ADDR>",1,0,1,1.0000,,B-ENTRY,B-ENTRY,model,0.9924,2026-09-22 19:53:06
d0ab3016-1e60-50bd-836e-ec1a8cd4f592,d0e12579-3dce-5d75-a17c-1abbef7ac136,185.3.8,185,2,3,8,"[215.0, 70.0, 986.0, 475.0]",List-Group,"Morel, rue Beauregard, 17.  ",ENTRY,"<SUBJ>Morel</SUBJ>, <ADDR>rue Beauregard, 17.</ADDR>",1,0,1,1.0000,,B-ENTRY,B-ENTRY,model,0.9855,2026-09-22 19:53:06
5dc8a08e-3918-5fa9-9c66-db60812c0194,d0e12579-3dce-5d75-a17c-1abbef7ac136,185.3.9,185,2,3,9,"[215.0, 70.0, 986.0, 475.0]",List-Group,"Morizot, rue de Bourgogne, 51.  ",ENTRY,"<SUBJ>Morizot</SUBJ>, <ADDR>rue de Bourgogne, 51.</ADDR>",1,0,1,1.0000,,B-ENTRY,B-ENTRY,model,0.9873,2026-09-22 19:53:06
813892b0-a080-5c44-97a3-f1e084096e43,d0e12579-3dce-5d75-a17c-1abbef7ac136,185.3.10,185,2,3,10,"[215.0, 70.0, 986.0, 475.0]",List-Group,"Morgon, rue de la Grande-Truanderie, 55.  ",ENTRY,"<SUBJ>Morgon</SUBJ>, <ADDR>rue de la Grande-Truanderie, 55.</ADDR>",1,0,1,1.0000,,B-ENTRY,B-ENTRY,model,0.9874,2026-09-22 19:53:06
ad1af43b-7871-5c8e-9984-b935fa45f77d,d0e12579-3dce-5d75-a17c-1abbef7ac136,185.3.11,185,2,3,11,"[215.0, 70.0, 986.0, 475.0]",List-Group,"Morlière, rue Aumaire, 25.  ",ENTRY,"<SUBJ>Morlière</SUBJ>, <ADDR>rue Aumaire, 25.</ADDR>",1,0,1,1.0000,,B-ENTRY,B-ENTRY,model,0.9855,2026-09-22 19:53:06
695dc9d6-0641-5b5e-900f-c70caf690ebd,d0e12579-3dce-5d75-a17c-1abbef7ac136,185.3.12,185,2,3,12,"[215.0, 70.0, 986.0, 475.0]",List-Group,"Moulin, rue du Faub. du-Roule, 22.  ",ENTRY,"<SUBJ>Moulin</SUBJ>, <ADDR>rue du Faub. du-Roule, 22.</ADDR>",1,0,1,1.0000,,B-ENTRY,B-ENTRY,model,0.9923,2026-09-22 19:53:06
bb75d53f-3e7e-5161-8dc2-715520eaf510,d0e12579-3dce-5d75-a17c-1abbef7ac136,185.3.13,185,2,3,13,"[215.0, 70.0, 986.0, 475.0]",List-Group,"Nunnia, rue de la Monnaie, 14.  ",ENTRY,"<SUBJ>Nunnia</SUBJ>, <ADDR>rue de la Monnaie, 14.</ADDR>",1,0,1,1.0000,,B-ENTRY,B-ENTRY,model,0.9924,2026-09-22 19:53:06
94039bf3-d6ea-5e95-b113-3e1a0b2626b8,d0e12579-3dce-5d75-a17c-1abbef7ac136,185.3.14,185,2,3,14,"[215.0, 70.0, 986.0, 475.0]",List-Group,"Pajot Laforest, rue de l'Université, 75.  ",ENTRY,"<SUBJ>Pajot Laforest</SUBJ>, <ADDR>rue de l'Université, 75.</ADDR>",1,0,1,1.0000,,B-ENTRY,B-ENTRY,model,0.9844,2026-09-22 19:53:06
cad18aa5-4330-5fbd-b603-a98daac7154d,d0e12579-3dce-5d75-a17c-1abbef7ac136,185.3.15,185,2,3,15,"[215.0, 70.0, 986.0, 475.0]",List-Group,"Pailhiès, rue du Temple, 65.  ",ENTRY,"<SUBJ>Pailhiès</SUBJ>, <ADDR>rue du Temple, 65.</ADDR>",1,0,1,1.0000,,B-ENTRY,B-ENTRY,model,0.9873,2026-09-22 19:53:06
750678ef-8dd6-5982-8143-a58c958f2687,d0e12579-3dce-5d75-a17c-1abbef7ac136,185.3.16,185,2,3,16,"[215.0, 70.0, 986.0, 475.0]",List-Group,"Perrier, rue Pastourelle, 9.  ",ENTRY,"<SUBJ>Perrier</SUBJ>, <ADDR>rue Pastourelle, 9.</ADDR>",1,0,1,1.0000,,B-ENTRY,B-ENTRY,model,0.9856,2026-09-22 19:53:06
2db36664-00e8-51c4-b704-eb62b9b06fe4,d0e12579-3dce-5d75-a17c-1abbef7ac136,185.3.17,185,2,3,17,"[215.0, 70.0, 986.0, 475.0]",List-Group,"Piory, rue Coquillière, 35.  ",ENTRY,"<SUBJ>Piory</SUBJ>, <ADDR>rue Coquillière, 35.</ADDR>",1,0,1,1.0000,,B-ENTRY,B-ENTRY,model,0.9855,2026-09-22 19:53:06
97349828-25de-5e7f-916b-ee9f47a4a457,d0e12579-3dce-5d75-a17c-1abbef7ac136,185.3.18,185,2,3,18,"[215.0, 70.0, 986.0, 475.0]",List-Group,"Pissardy, rue du Faub. S.-Antoine, 89.  ",ENTRY,"<SUBJ>Pissardy</SUBJ>, <ADDR>rue du Faub. S.-Antoine, 89.</ADDR>",1,0,1,1.0000,,B-ENTRY,B-ENTRY,model,0.9923,2026-09-22 19:53:06
9600723c-927b-5db0-98a3-c90d27648015,d0e12579-3dce-5d75-a17c-1abbef7ac136,185.3.19,185,2,3,19,"[215.0, 70.0, 986.0, 475.0]",List-Group,"Potel, rue Neuve-S.-Eustache, 56.  ",ENTRY,"<SUBJ>Potel</SUBJ>, <ADDR>rue Neuve-S.-Eustache, 56.</ADDR>",1,0,1,1.0000,,B-ENTRY,B-ENTRY,model,0.9915,2026-09-22 19:53:06
198f26d7-aaa0-5bfe-a8c0-9e1d02c11505,d0e12579-3dce-5d75-a17c-1abbef7ac136,185.3.20,185,2,3,20,"[215.0, 70.0, 986.0, 475.0]",List-Group,"Pressal, rue Bourtibourg, 25.  ",ENTRY,"<SUBJ>Pressal</SUBJ>, <ADDR>rue Bourtibourg, 25.</ADDR>",1,0,1,1.0000,,B-ENTRY,B-ENTRY,model,0.9854,2026-09-22 19:53:06
a881b06e-7237-5d5a-9bba-85326c89285c,d0e12579-3dce-5d75-a17c-1abbef7ac136,185.3.21,185,2,3,21,"[215.0, 70.0, 986.0, 475.0]",List-Group,"Proteau, rue du Petit-Carreau, 32.  ",ENTRY,"<SUBJ>Proteau</SUBJ>, <ADDR>rue du Petit-Carreau, 32.</ADDR>",1,0,1,1.0000,,B-ENTRY,B-ENTRY,model,0.9941,2026-09-22 19:53:06
47142dc0-ee69-5dbe-9cdc-3d15ac93c531,d0e12579-3dce-5d75-a17c-1abbef7ac136,185.3.22,185,2,3,22,"[215.0, 70.0, 986.0, 475.0]",List-Group,"Rapeau, rue des Fossés-Saint-Germain, 18.  ",ENTRY,"<SUBJ>Rapeau</SUBJ>, <ADDR>rue des Fossés-Saint-Germain, 18.</ADDR>",1,0,1,1.0000,,B-ENTRY,B-ENTRY,model,0.9923,2026-09-22 19:53:06
252df15f-2128-52ec-9e2a-6af06f061383,d0e12579-3dce-5d75-a17c-1abbef7ac136,185.3.23,185,2,3,23,"[215.0, 70.0, 986.0, 475.0]",List-Group,"Regent, *occultiste*, rue Saint-Denis, 247.  ",ENTRY,"<SUBJ>Regent</SUBJ>, *<DESC>occultiste</DESC>*, <ADDR>rue Saint-Denis, 247.</ADDR>",1,1,1,1.0000,,B-ENTRY,B-ENTRY,model,0.9933,2026-09-22 19:53:06
ce70e57b-9951-5191-ba1e-76a20bf09306,d0e12579-3dce-5d75-a17c-1abbef7ac136,185.3.24,185,2,3,24,"[215.0, 70.0, 986.0, 475.0]",List-Group,"Regnard, rue Taranne, 18.  ",ENTRY,"<SUBJ>Regnard</SUBJ>, <ADDR>rue Taranne, 18.</ADDR>",1,0,1,1.0000,,B-ENTRY,B-ENTRY,model,0.9854,2026-09-22 19:53:06
249bb0a1-2026-5c04-84a4-f7b9eb95481b,d0e12579-3dce-5d75-a17c-1abbef7ac136,185.3.25,185,2,3,25,"[215.0, 70.0, 986.0, 475.0]",List-Group,"Révérand, rue de la Tonnelierie, 49.",ENTRY,"<SUBJ>Révérand</SUBJ>, <ADDR>rue de la Tonnelierie, 49.</ADDR>",1,0,1,1.0000,,B-ENTRY,B-ENTRY,model,0.9945,2026-09-22 19:53:06
d2269199-0782-5b49-a4a5-b8e79aaf9188,d0e12579-3dce-5d75-a17c-1abbef7ac136,185.3.26,185,2,3,26,"[215.0, 70.0, 986.0, 475.0]",List-Group,,OUT OF SCOPE,,,,,,,,,,,
89ef1325-1493-5e0e-9e2e-e0d601c82aab,d0e12579-3dce-5d75-a17c-1abbef7ac136,"185.3.27,185.3.28","185,185","2,2","3,3","27,28","[215.0, 70.0, 986.0, 475.0],[215.0, 70.0, 986.0, 475.0]","List-Group,List-Group","### *Fabricans d'instrument de gomme* *élastique pour la chirurgie, {*",TITLE,,,,,,,"B-TITLE,I-TITLE","B-TITLE,I-TITLE","human,human","1.0,1.0","2026-09-22 19:50:06,2026-09-22 19:50:06"
837c193f-f579-5769-9f75-75819fd6d389,89ef1325-1493-5e0e-9e2e-e0d601c82aab,185.3.29,185,2,3,29,"[215.0, 70.0, 986.0, 475.0]",List-Group,"Rigal (J.), rue de Thionville, 20.  ",ENTRY,"<SUBJ>Rigal (J.)</SUBJ>, <ADDR>rue de Thionville, 20.</ADDR>",1,0,1,1.0000,,B-ENTRY,B-ENTRY,human,1.0,2026-09-22 19:50:15
3fc86b76-3c7c-5410-91d6-d2e428c5997e,89ef1325-1493-5e0e-9e2e-e0d601c82aab,185.3.30,185,2,3,30,"[215.0, 70.0, 986.0, 475.0]",List-Group,Rioland Morin.  ,ENTRY,<SUBJ>Rioland Morin.</SUBJ>,1,0,0,1.0000,,B-ENTRY,B-ENTRY,human,1.0,2026-09-22 19:50:15
eb6d4ed1-21eb-5619-8f52-ec81de76e551,89ef1325-1493-5e0e-9e2e-e0d601c82aab,185.3.31,185,2,3,31,"[215.0, 70.0, 986.0, 475.0]",List-Group,"Rimoneau, cloître Saint-Jacques, —B.—C.  ",ENTRY,"<SUBJ>Rimoneau</SUBJ>, <ADDR>cloître Saint-Jacques, —B.—C.</ADDR>",1,0,1,1.0000,,B-ENTRY,B-ENTRY,model,0.9844,2026-09-22 19:53:06
f5cdde0f-25b7-5be8-bf4a-f0e5d70a67ac,89ef1325-1493-5e0e-9e2e-e0d601c82aab,185.3.32,185,2,3,32,"[215.0, 70.0, 986.0, 475.0]",List-Group,"Rodier, rue Saint-Martin, 50.  ",ENTRY,"<SUBJ>Rodier</SUBJ>, <ADDR>rue Saint-Martin, 50.</ADDR>",1,0,1,1.0000,,B-ENTRY,B-ENTRY,model,0.9914,2026-09-22 19:53:06
b9f2dbb0-decd-5cf4-b185-a6075ccdecfa,89ef1325-1493-5e0e-9e2e-e0d601c82aab,185.3.33,185,2,3,33,"[215.0, 70.0, 986.0, 475.0]",List-Group,"Rossignol, rue des Vieilles-Tuilleries.  ",ENTRY,"<SUBJ>Rossignol</SUBJ>, <ADDR>rue des Vieilles-Tuilleries.</ADDR>",1,0,1,1.0000,,B-ENTRY,B-ENTRY,model,0.9789,2026-09-22 19:53:06
c5b26e70-35bb-50ed-9999-2dca57261d28,89ef1325-1493-5e0e-9e2e-e0d601c82aab,185.3.34,185,2,3,34,"[215.0, 70.0, 986.0, 475.0]",List-Group,"Rouviere, rue Neuve-des-Pet.-Champs, 83.  ",ENTRY,"<SUBJ>Rouviere</SUBJ>, <ADDR>rue Neuve-des-Pet.-Champs, 83.</ADDR>",1,0,1,1.0000,,B-ENTRY,B-ENTRY,model,0.9915,2026-09-22 19:53:06
bb106bbe-5759-5863-a695-f1a3399037f9,89ef1325-1493-5e0e-9e2e-e0d601c82aab,185.3.35,185,2,3,35,"[215.0, 70.0, 986.0, 475.0]",List-Group,"Ruette, rue des Champs-Elysées.  ",ENTRY,"<SUBJ>Ruette</SUBJ>, <ADDR>rue des Champs-Elysées.</ADDR>",1,0,1,1.0000,,B-ENTRY,B-ENTRY,model,0.9789,2026-09-22 19:53:06
07a95009-20f5-5e31-bbf2-9d894c71f463,89ef1325-1493-5e0e-9e2e-e0d601c82aab,185.3.36,185,2,3,36,"[215.0, 70.0, 986.0, 475.0]",List-Group,"Salade Lafond, rue de Richelieu, 46.  ",ENTRY,"<SUBJ>Salade Lafond</SUBJ>, <ADDR>rue de Richelieu, 46.</ADDR>",1,0,1,1.0000,,B-ENTRY,B-ENTRY,model,0.9907,2026-09-22 19:53:06
1826e42d-9840-5f37-971b-38351154779e,89ef1325-1493-5e0e-9e2e-e0d601c82aab,185.3.37,185,2,3,37,"[215.0, 70.0, 986.0, 475.0]",List-Group,"Salvage, rue de Lille, 11.  ",ENTRY,"<SUBJ>Salvage</SUBJ>, <ADDR>rue de Lille, 11.</ADDR>",1,0,1,1.0000,,B-ENTRY,B-ENTRY,model,0.9872,2026-09-22 19:53:06
985115a3-1e36-5168-a4cc-1ce6238be8a4,89ef1325-1493-5e0e-9e2e-e0d601c82aab,185.3.38,185,2,3,38,"[215.0, 70.0, 986.0, 475.0]",List-Group,"Sarrade, rue du Faub. Poissonnière, 15.  ",ENTRY,"<SUBJ>Sarrade</SUBJ>, <ADDR>rue du Faub. Poissonnière, 15.</ADDR>",1,0,1,1.0000,,B-ENTRY,B-ENTRY,model,0.9941,2026-09-22 19:53:06
8058752a-4838-53a2-870e-9844cdb82a01,89ef1325-1493-5e0e-9e2e-e0d601c82aab,185.3.39,185,2,3,39,"[215.0, 70.0, 986.0, 475.0]",List-Group,"Sarrazin, rue Saint-Honoré, 218.  ",ENTRY,"<SUBJ>Sarrazin</SUBJ>, <ADDR>rue Saint-Honoré, 218.</ADDR>",1,0,1,1.0000,,B-ENTRY,B-ENTRY,model,0.9912,2026-09-22 19:53:06
c14dd209-7ef1-5384-9938-adc23f056a09,89ef1325-1493-5e0e-9e2e-e0d601c82aab,185.3.40,185,2,3,40,"[215.0, 70.0, 986.0, 475.0]",List-Group,"Sibilat, rue de la Lune.  ",ENTRY,"<SUBJ>Sibilat</SUBJ>, <ADDR>rue de la Lune.</ADDR>",1,0,1,1.0000,,B-ENTRY,B-ENTRY,model,0.9863,2026-09-22 19:53:06
5bfe2b6f-3018-57f5-b973-87519c06d377,89ef1325-1493-5e0e-9e2e-e0d601c82aab,185.3.41,185,2,3,41,"[215.0, 70.0, 986.0, 475.0]",List-Group,"Solirène, rue des Pouilles, 9.  ",ENTRY,"<SUBJ>Solirène</SUBJ>, <ADDR>rue des Pouilles, 9.</ADDR>",1,0,1,1.0000,,B-ENTRY,B-ENTRY,model,0.9867,2026-09-22 19:53:06
20921d88-796e-53a6-9c8e-7968b0c6fa86,89ef1325-1493-5e0e-9e2e-e0d601c82aab,185.3.42,185,2,3,42,"[215.0, 70.0, 986.0, 475.0]",List-Group,"Sollier, rue de Seine, 12.—Unité.  ",ENTRY,"<SUBJ>Sollier</SUBJ>, <ADDR>rue de Seine, 12.—Unité.</ADDR>",1,0,1,1.0000,,B-ENTRY,B-ENTRY,model,0.964,2026-09-22 19:53:06
72b5124d-216b-559d-b115-dd7ee470a2c1,89ef1325-1493-5e0e-9e2e-e0d601c82aab,185.3.43,185,2,3,43,"[215.0, 70.0, 986.0, 475.0]",List-Group,"Swediaur, rue Jacob, 11.  ",ENTRY,"<SUBJ>Swediaur</SUBJ>, <ADDR>rue Jacob, 11.</ADDR>",1,0,1,1.0000,,B-ENTRY,B-ENTRY,model,0.9857,2026-09-22 19:53:06
56ff6d4a-998d-5696-bbfe-a03b5ff4182e,89ef1325-1493-5e0e-9e2e-e0d601c82aab,185.3.44,185,2,3,44,"[215.0, 70.0, 986.0, 475.0]",List-Group,"Tanazac, cloître Saint-Jean-de-Latranc.  ",ENTRY,"<SUBJ>Tanazac</SUBJ>, <ADDR>cloître Saint-Jean-de-Latranc.</ADDR>",1,0,1,1.0000,,B-ENTRY,B-ENTRY,model,0.9819,2026-09-22 19:53:06
2e5d95d8-0889-5c26-9cc5-7789d6ec3e39,89ef1325-1493-5e0e-9e2e-e0d601c82aab,185.3.45,185,2,3,45,"[215.0, 70.0, 986.0, 475.0]",List-Group,"Tap, rue Michel-le-Pelletier, 27.  ",ENTRY,"<SUBJ>Tap</SUBJ>, <ADDR>rue Michel-le-Pelletier, 27.</ADDR>",1,0,1,1.0000,,B-ENTRY,B-ENTRY,model,0.9857,2026-09-22 19:53:06
2d4841cb-e251-544a-bba8-89ebc4ad57f9,89ef1325-1493-5e0e-9e2e-e0d601c82aab,185.3.46,185,2,3,46,"[215.0, 70.0, 986.0, 475.0]",List-Group,"Tartra, rue Gaillon, 5.  ",ENTRY,"<SUBJ>Tartra</SUBJ>, <ADDR>rue Gaillon, 5.</ADDR>",1,0,1,1.0000,,B-ENTRY,B-ENTRY,model,0.9855,2026-09-22 19:53:06
fe4dfc2e-c159-5c00-b88c-39f0e83d45df,89ef1325-1493-5e0e-9e2e-e0d601c82aab,185.3.47,185,2,3,47,"[215.0, 70.0, 986.0, 475.0]",List-Group,"Thibault, rue Saint-Jacques, 187.  ",ENTRY,"<SUBJ>Thibault</SUBJ>, <ADDR>rue Saint-Jacques, 187.</ADDR>",1,0,1,1.0000,,B-ENTRY,B-ENTRY,model,0.9913,2026-09-22 19:53:06
b7a63472-321a-5f04-829c-67b21e27ab1a,89ef1325-1493-5e0e-9e2e-e0d601c82aab,185.3.48,185,2,3,48,"[215.0, 70.0, 986.0, 475.0]",List-Group,"Thomas, rue de l'Arbre-Sec, 4.  ",ENTRY,"<SUBJ>Thomas</SUBJ>, <ADDR>rue de l'Arbre-Sec, 4.</ADDR>",1,0,1,1.0000,,B-ENTRY,B-ENTRY,model,0.9923,2026-09-22 19:53:06
a1b632c2-9425-5bb3-af19-0294f929bee1,89ef1325-1493-5e0e-9e2e-e0d601c82aab,185.3.49,185,2,3,49,"[215.0, 70.0, 986.0, 475.0]",List-Group,"Vallet, rue Saint-Benoit, 12.  ",ENTRY,"<SUBJ>Vallet</SUBJ>, <ADDR>rue Saint-Benoit, 12.</ADDR>",1,0,1,1.0000,,B-ENTRY,B-ENTRY,model,0.9913,2026-09-22 19:53:06
0fecb599-7bd7-5aad-b690-7bbf93a5bc90,89ef1325-1493-5e0e-9e2e-e0d601c82aab,185.3.50,185,2,3,50,"[215.0, 70.0, 986.0, 475.0]",List-Group,"Vanvalsenaeur, rue du Mouton, 1.  ",ENTRY,"<SUBJ>Vanvalsenaeur</SUBJ>, <ADDR>rue du Mouton, 1.</ADDR>",1,0,1,1.0000,,B-ENTRY,B-ENTRY,model,0.9873,2026-09-22 19:53:06
31fa5859-9591-580a-8fa3-41618fedf58c,89ef1325-1493-5e0e-9e2e-e0d601c82aab,185.3.51,185,2,3,51,"[215.0, 70.0, 986.0, 475.0]",List-Group,"Vassal, rue Grenier-Saint-Lazare, 5.  ",ENTRY,"<SUBJ>Vassal</SUBJ>, <ADDR>rue Grenier-Saint-Lazare, 5.</ADDR>",1,0,1,1.0000,,B-ENTRY,B-ENTRY,model,0.9856,2026-09-22 19:53:06
bcdf267a-3b65-5192-b7e5-3adc46c5a0de,89ef1325-1493-5e0e-9e2e-e0d601c82aab,185.3.52,185,2,3,52,"[215.0, 70.0, 986.0, 475.0]",List-Group,"Verdier, rue d'Argenteuil, 19.  ",ENTRY,"<SUBJ>Verdier</SUBJ>, <ADDR>rue d'Argenteuil, 19.</ADDR>",1,0,1,1.0000,,B-ENTRY,B-ENTRY,model,0.9924,2026-09-22 19:53:06
8bcd41c6-1665-5db4-a00e-96a03bf4737c,89ef1325-1493-5e0e-9e2e-e0d601c82aab,185.3.53,185,2,3,53,"[215.0, 70.0, 986.0, 475.0]",List-Group,"Viillard, rue de la Verrerie, 2.  ",ENTRY,"<SUBJ>Viillard</SUBJ>, <ADDR>rue de la Verrerie, 2.</ADDR>",1,0,1,1.0000,,B-ENTRY,B-ENTRY,model,0.9924,2026-09-22 19:53:06
b745e00b-3eeb-57fc-b613-a3b6eabd0c06,89ef1325-1493-5e0e-9e2e-e0d601c82aab,185.3.54,185,2,3,54,"[215.0, 70.0, 986.0, 475.0]",List-Group,"Vitel, rue Saint-Roch, 10.  ",ENTRY,"<SUBJ>Vitel</SUBJ>, <ADDR>rue Saint-Roch, 10.</ADDR>",1,0,1,1.0000,,B-ENTRY,B-ENTRY,model,0.9913,2026-09-22 19:53:06
929d1eeb-7979-5a39-8d3b-7551148fce73,89ef1325-1493-5e0e-9e2e-e0d601c82aab,185.3.55,185,2,3,55,"[215.0, 70.0, 986.0, 475.0]",List-Group,"Wagner, rue de la Bûcherie, 14.  ",ENTRY,"<SUBJ>Wagner</SUBJ>, <ADDR>rue de la Bûcherie, 14.</ADDR>",1,0,1,1.0000,,B-ENTRY,B-ENTRY,model,0.9924,2026-09-22 19:53:06
30a829a2-cab0-570b-99c0-fca61c8fe394,89ef1325-1493-5e0e-9e2e-e0d601c82aab,185.3.56,185,2,3,56,"[215.0, 70.0, 986.0, 475.0]",List-Group,"Bernard, rue des Fossés-Saint-Germain, 21.  ",ENTRY,"<SUBJ>Bernard</SUBJ>, <ADDR>rue des Fossés-Saint-Germain, 21.</ADDR>",1,0,1,1.0000,,B-ENTRY,B-ENTRY,model,0.9923,2026-09-22 19:53:06
19f89942-c4f9-54c1-9d3f-c3f0ef3e65fd,89ef1325-1493-5e0e-9e2e-e0d601c82aab,185.3.57,185,2,3,57,"[215.0, 70.0, 986.0, 475.0]",List-Group,"Salmer, rue Pierre-Sarrazin, 6.  ",ENTRY,"<SUBJ>Salmer</SUBJ>, <ADDR>rue Pierre-Sarrazin, 6.</ADDR>",1,0,1,1.0000,,B-ENTRY,B-ENTRY,model,0.9913,2026-09-22 19:53:06
1ed2de51-8a56-54b2-ab58-607209837d57,89ef1325-1493-5e0e-9e2e-e0d601c82aab,185.3.58,185,2,3,58,"[215.0, 70.0, 986.0, 475.0]",List-Group,"Vangameren, bougies élastiques, rue....",ENTRY,"<SUBJ>Vangameren</SUBJ>, <DESC>bougies élastiques</DESC>, <ADDR>rue....</ADDR>",1,1,1,1.0000,,B-ENTRY,B-ENTRY,human,1.0,2026-09-22 19:49:53
2a3c199b-0d07-5fb8-bdbe-ef23c79980cd,00000000-0000-0000-0000-000000000000,185.4.0,185,3,4,0,"[349.0, 488.0, 848.0, 508.0]",Section-Header,## ACADÉMIE DE MÉDECINE DE PARIS.,TITLE,,,,,,,B-TITLE,B-TITLE,human,1.0,2026-09-22 19:49:53
a6015cd5-058f-51f8-a09e-a6f6b3010234,2a3c199b-0d07-5fb8-bdbe-ef23c79980cd,185.5.0,185,4,5,0,"[510.0, 518.0, 675.0, 533.0]",Section-Header,### *Administrateurs.*,TITLE,,,,,,,B-TITLE,B-TITLE,human,1.0,2026-09-22 19:51:31
ab630591-6205-55ff-ba68-72297cc5a0c4,a6015cd5-058f-51f8-a09e-a6f6b3010234,185.6.0,185,5,6,0,"[213.0, 537.0, 452.0, 593.0]",Text,"Bourru, *président*.  ",ENTRY,"<SUBJ>Bourru</SUBJ>, *<DESC>président*.</DESC>",1,1,0,1.0000,,B-ENTRY,B-ENTRY,human,1.0,2026-09-22 19:51:31
7026e188-8e28-55c6-bde8-7be5c1c5b116,a6015cd5-058f-51f8-a09e-a6f6b3010234,185.6.1,185,5,6,1,"[213.0, 537.0, 452.0, 593.0]",Text,"Guillotin, *directeur*.  ",ENTRY,"<SUBJ>Guillotin</SUBJ>, *<DESC>directeur*.</DESC>",1,1,0,1.0000,,B-ENTRY,B-ENTRY,model,0.9938,2026-09-22 19:53:06
215c3371-59e0-5a7e-b293-40be36cb64c3,a6015cd5-058f-51f8-a09e-a6f6b3010234,185.6.2,185,5,6,2,"[213.0, 537.0, 452.0, 593.0]",Text,"Descemet, *vice-président*.  ",ENTRY,"<SUBJ>Descemet</SUBJ>, *<DESC>vice-président*.</DESC>",1,1,0,1.0000,,B-ENTRY,B-ENTRY,model,0.9966,2026-09-22 19:53:06
2f0c6c7e-ef82-5664-946f-7a159cfdf982,a6015cd5-058f-51f8-a09e-a6f6b3010234,185.6.3,185,5,6,3,"[213.0, 537.0, 452.0, 593.0]",Text,"Menuet, *vice-directeur*.",ENTRY,"<SUBJ>Menuet</SUBJ>, *<DESC>vice-directeur*.</DESC>",1,1,0,1.0000,,B-ENTRY,B-ENTRY,model,0.9966,2026-09-22 19:53:06
70a6937c-08af-5364-83c9-53fd2d5a3630,a6015cd5-058f-51f8-a09e-a6f6b3010234,185.7.0,185,6,7,0,"[600.0, 537.0, 851.0, 593.0]",Text,"Petit (M. A.), *secrétaire*.  ",ENTRY,"<SUBJ>Petit (M. A.)</SUBJ>, *<DESC>secrétaire*.</DESC>",1,1,0,1.0000,,B-ENTRY,B-ENTRY,model,0.9989,2026-09-22 19:53:06
e32b5d9d-6f5c-54b8-a094-581d350a23d7,a6015cd5-058f-51f8-a09e-a6f6b3010234,185.7.1,185,6,7,1,"[600.0, 537.0, 851.0, 593.0]",Text,"Fabrè, *secrétaire-adjoint*.  ",ENTRY,"<SUBJ>Fabrè</SUBJ>, *<DESC>secrétaire-adjoint*.</DESC>",1,1,0,1.0000,,B-ENTRY,B-ENTRY,model,0.9966,2026-09-22 19:53:06
f170ca96-0af5-5ab0-b3ca-582171193892,a6015cd5-058f-51f8-a09e-a6f6b3010234,185.7.2,185,6,7,2,"[600.0, 537.0, 851.0, 593.0]",Text,"Ledru, *trésorier*.  ",ENTRY,"<SUBJ>Ledru</SUBJ>, *<DESC>trésorier*.</DESC>",1,1,0,1.0000,,B-ENTRY,B-ENTRY,model,0.9939,2026-09-22 19:53:06
2fcc8734-3e9a-5a4f-8574-106781d5a0f2,a6015cd5-058f-51f8-a09e-a6f6b3010234,185.7.3,185,6,7,3,"[600.0, 537.0, 851.0, 593.0]",Text,"Bonnet, *archiv.*",ENTRY,"<SUBJ>Bonnet</SUBJ>, *<DESC>archiv.</DESC>*",1,1,0,1.0000,,B-ENTRY,B-ENTRY,model,0.9798,2026-09-22 19:53:06
7e0d3e0b-69bf-5181-8688-0bb80c9e3084,2a3c199b-0d07-5fb8-bdbe-ef23c79980cd,185.8.0,185,7,8,0,"[470.0, 600.0, 715.0, 615.0]",Section-Header,### *Commission des travaux.*,TITLE,,,,,,,B-TITLE,B-TITLE,model,0.9843,2026-09-22 19:53:06
c26b314e-df8a-55a9-96ba-e5e05a7e5857,7e0d3e0b-69bf-5181-8688-0bb80c9e3084,185.9.0,185,8,9,0,"[232.0, 620.0, 710.0, 637.0]",Text,Desessart.—Delaporte.—Legallois.—Léveillé.—Pagès.,ENTRY,<SUBJ>Desessart</SUBJ>.—Delaporte.—Legallois.—Léveillé.—Pagès.,1,0,0,1.0000,texte non couvert,B-ENTRY,B-ENTRY,human,1.0,2026-09-22 19:51:46
756c18e5-25bb-5a89-af71-cefc6037c29b,2a3c199b-0d07-5fb8-bdbe-ef23c79980cd,185.10.0,185,9,10,0,"[455.0, 643.0, 740.0, 658.0]",Section-Header,### *Commission des consultations.*,TITLE,,,,,,,B-TITLE,B-TITLE,human,1.0,2026-09-22 19:51:46
0ef50ba2-b633-5d78-a1d8-fe622d10ffe8,756c18e5-25bb-5a89-af71-cefc6037c29b,185.11.0,185,10,11,0,"[213.0, 663.0, 980.0, 693.0]",Text,Elle est composée de quatre honoraires et de huit titulaires. Tous les Académiciens y sont appelés successivement dans l'ordre de leur inscription au tableau.,OUT OF SCOPE,,,,,,,OUT OF SCOPE,OUT OF SCOPE,human,1.0,2026-09-22 19:51:58
e41ac3d8-3466-5ed2-829c-cbfe41315c57,756c18e5-25bb-5a89-af71-cefc6037c29b,185.12.0,185,11,12,0,"[232.0, 692.0, 870.0, 739.0]",Text,"Gondret et Ferey, *secrétaires annuels de cette commission*.  ",ENTRY,"<SUBJ>Gondret et Ferey</SUBJ>, *<DESC>secrétaires annuels de cette commission*.</DESC>",1,1,0,1.0000,,B-ENTRY,B-ENTRY,human,1.0,2026-09-22 19:51:58
6c4e5b3b-09a8-5ef3-927e-5938355d66b7,756c18e5-25bb-5a89-af71-cefc6037c29b,185.12.1,185,11,12,1,"[232.0, 692.0, 870.0, 739.0]",Text,"Venier, *greffier de l'académie*, rue Saint-Roch-Poissonnière, 12.  ",ENTRY,"<SUBJ>Venier</SUBJ>, *<DESC>greffier de l'académie</DESC>*, <ADDR>rue Saint-Roch-Poissonnière, 12.</ADDR>",1,1,1,1.0000,,B-ENTRY,B-ENTRY,model,0.9858,2026-09-22 19:53:06
b6a93138-c6f8-59e6-9abb-7c9428ddb2f2,756c18e5-25bb-5a89-af71-cefc6037c29b,185.12.2,185,11,12,2,"[232.0, 692.0, 870.0, 739.0]",Text,"Ougier, *imprimeur de l'académie*, rue Saint-Louis-Saint-Honoré, 6.",ENTRY,"<SUBJ>Ougier</SUBJ>, *<DESC>imprimeur de l'académie</DESC>*, <ADDR>rue Saint-Louis-Saint-Honoré, 6.</ADDR>",1,1,1,1.0000,,B-ENTRY,B-ENTRY,human,1.0,2026-09-22 19:51:15
e3f2dad1-8d98-5f55-8519-b2d94191d26d,756c18e5-25bb-5a89-af71-cefc6037c29b,185.13.0,185,12,13,0,"[437.0, 754.0, 751.0, 773.0]",Section-Header,SOCIÉTÉ GALVANIQUE.,OUT OF SCOPE,,,,,,,OUT OF SCOPE,OUT OF SCOPE,human,1.0,2026-09-22 19:51:15
a0fe0eb1-eec8-58bb-ad38-33ad7dfc9cab,756c18e5-25bb-5a89-af71-cefc6037c29b,185.14.0,185,13,14,0,"[211.0, 785.0, 980.0, 830.0]",Text,"Cette société tient ses séances le premier et le troisième lundi de chaque mois, à une heure de l'après-midi, à l'Oratoire. Elle fait ses expériences à l'Arsenal, chez M. Riffault, administrateur des poudres et salpêtres.",OUT OF SCOPE,,,,,,,OUT OF SCOPE,OUT OF SCOPE,human,1.0,2026-09-22 19:51:22
74b1e160-0ea5-54b1-913b-5eedc61b8f1b,756c18e5-25bb-5a89-af71-cefc6037c29b,185.15.0,185,14,15,0,"[549.0, 838.0, 638.0, 854.0]",Section-Header,Bureau.,OUT OF SCOPE,,,,,,,OUT OF SCOPE,OUT OF SCOPE,human,1.0,2026-09-22 19:51:22
2f21edef-4055-5b33-bfaa-c59cb3fa3a7f,756c18e5-25bb-5a89-af71-cefc6037c29b,185.16.0,185,15,16,0,"[227.0, 864.0, 858.0, 923.0]",Text,"MM. Abrial, *sénateur, président*, rue Plumet, au coin du boulevard.  ",OUT OF SCOPE,,,,,,,OUT OF SCOPE,OUT OF SCOPE,human,1.0,2026-09-22 19:52:07
af77533b-c698-57ce-9ece-1f53cd8b8071,756c18e5-25bb-5a89-af71-cefc6037c29b,185.16.1,185,15,16,1,"[227.0, 864.0, 858.0, 923.0]",Text,"Nauche, *vice-président*, rue du Bouloy, 8.  ",ENTRY,"<SUBJ>Nauche</SUBJ>, *<DESC>vice-président</DESC>*, <ADDR>rue du Bouloy, 8.</ADDR>",1,1,1,1.0000,,B-ENTRY,B-ENTRY,human,1.0,2026-09-22 19:52:00
b114cd8b-35e8-5e95-8498-dd27adeee040,756c18e5-25bb-5a89-af71-cefc6037c29b,185.16.2,185,15,16,2,"[227.0, 864.0, 858.0, 923.0]",Text,"Forestier jeune, *secrétaire*, rue de Richelieu, près la fontaine.  ",ENTRY,"<SUBJ>Forestier jeune</SUBJ>, *<DESC>secrétaire</DESC>*, <ADDR>rue de Richelieu, près la fontaine.</ADDR>",1,1,1,1.0000,,B-ENTRY,B-ENTRY,human,1.0,2026-09-22 19:52:00
223a209c-1c98-5790-927e-817cdae15d15,756c18e5-25bb-5a89-af71-cefc6037c29b,185.16.3,185,15,16,3,"[227.0, 864.0, 858.0, 923.0]",Text,"Bouquet, *secrétaire perpétuel*, rue Christine, 3.",ENTRY,"<SUBJ>Bouquet</SUBJ>, *<DESC>secrétaire perpétuel</DESC>*, <ADDR>rue Christine, 3.</ADDR>",1,1,1,1.0000,,B-ENTRY,B-ENTRY,model,0.993,2026-09-22 19:53:06
